word_id,screeve,person,split_form,has_swap
da828a3a-fe5c-457a-ba5d-6b71fdf1425f,pres,1s,შე-მი-ძლ-ი-ა,n
da828a3a-fe5c-457a-ba5d-6b71fdf1425f,pres,2s,შე-გი-ძლ-ი-ა,n
da828a3a-fe5c-457a-ba5d-6b71fdf1425f,pres,3s,შე-უ-ძლ-ი-ა,n
da828a3a-fe5c-457a-ba5d-6b71fdf1425f,pres,1p,შე-გვი-ძლ-ი-ა,n
da828a3a-fe5c-457a-ba5d-6b71fdf1425f,pres,2p,შე-გი-ძლ-ი-ათ,n
da828a3a-fe5c-457a-ba5d-6b71fdf1425f,pres,3p,შე-უ-ძლ-ი-ათ,n
da828a3a-fe5c-457a-ba5d-6b71fdf1425f,pres-subj,1s,შე-ვ-ძლ-ებ-დეს,n
da828a3a-fe5c-457a-ba5d-6b71fdf1425f,pres-subj,2s,შე--ძლ-ებ-დეს,n
da828a3a-fe5c-457a-ba5d-6b71fdf1425f,pres-subj,3s,შე--ძლ-ებ-დეს,n
da828a3a-fe5c-457a-ba5d-6b71fdf1425f,pres-subj,1p,შე-ვ-ძლ-ებ-დეს,n
da828a3a-fe5c-457a-ba5d-6b71fdf1425f,pres-subj,2p,შე--ძლ-ებ-დეთ,n
da828a3a-fe5c-457a-ba5d-6b71fdf1425f,pres-subj,3p,შე--ძლ-ებ-დეთ,n
da828a3a-fe5c-457a-ba5d-6b71fdf1425f,fut,1s,შე-მ-ეძლ-ებ-ა,n
da828a3a-fe5c-457a-ba5d-6b71fdf1425f,fut,2s,შე-გ-ეძლ-ებ-ა,n
da828a3a-fe5c-457a-ba5d-6b71fdf1425f,fut,3s,შე--ეძლ-ებ-ა,n
da828a3a-fe5c-457a-ba5d-6b71fdf1425f,fut,1p,შე-გვ-ეძლ-ებ-ა,n
da828a3a-fe5c-457a-ba5d-6b71fdf1425f,fut,2p,შე-გ-ეძლ-ებ-ათ,n
da828a3a-fe5c-457a-ba5d-6b71fdf1425f,fut,3p,შე--ეძლ-ებ-ათ,n
da828a3a-fe5c-457a-ba5d-6b71fdf1425f,cond,1s,შე-ვ-ძლ-ებ-დი,n
da828a3a-fe5c-457a-ba5d-6b71fdf1425f,cond,2s,შე--ძლ-ებ-დი,n
da828a3a-fe5c-457a-ba5d-6b71fdf1425f,cond,3s,შე--ძლ-ებ-და,n
da828a3a-fe5c-457a-ba5d-6b71fdf1425f,cond,1p,შე-ვ-ძლ-ებ-დით,n
da828a3a-fe5c-457a-ba5d-6b71fdf1425f,cond,2p,შე--ძლ-ებ-დით,n
da828a3a-fe5c-457a-ba5d-6b71fdf1425f,cond,3p,შე--ძლ-ებ-დნენ,n
da828a3a-fe5c-457a-ba5d-6b71fdf1425f,aor,1s,შე-მ-ეძლ--ო,n
da828a3a-fe5c-457a-ba5d-6b71fdf1425f,aor,2s,შე-გ-ეძლ--ო,n
da828a3a-fe5c-457a-ba5d-6b71fdf1425f,aor,3s,შე--ეძლ--ო,n
da828a3a-fe5c-457a-ba5d-6b71fdf1425f,aor,1p,შე-გვ-ეძლ--ო,n
da828a3a-fe5c-457a-ba5d-6b71fdf1425f,aor,2p,შე-გ-ეძლ--ოთ,n
da828a3a-fe5c-457a-ba5d-6b71fdf1425f,aor,3p,შე--ეძლ--ოთ,n
da828a3a-fe5c-457a-ba5d-6b71fdf1425f,opt,1s,შე-მ-ეძლ--ოს,n
da828a3a-fe5c-457a-ba5d-6b71fdf1425f,opt,2s,შე-გ-ეძლ--ოს,n
da828a3a-fe5c-457a-ba5d-6b71fdf1425f,opt,3s,შე--ეძლ--ოს,n
da828a3a-fe5c-457a-ba5d-6b71fdf1425f,opt,1p,შე-გვ-ეძლ--ოს,n
da828a3a-fe5c-457a-ba5d-6b71fdf1425f,opt,2p,შე-გ-ეძლ--ოთ,n
da828a3a-fe5c-457a-ba5d-6b71fdf1425f,opt,3p,შე--ეძლ--ოთ,n
80104cc2-1bd0-4831-92a0-c7fe4e30fea4,pres,1s,-ვ-აუქმ-ებ-,n
80104cc2-1bd0-4831-92a0-c7fe4e30fea4,pres,2s,--აუქმ-ებ-,n
80104cc2-1bd0-4831-92a0-c7fe4e30fea4,pres,3s,--აუქმ-ებ-ს,n
80104cc2-1bd0-4831-92a0-c7fe4e30fea4,pres,1p,-ვ-აუქმ-ებ-თ,n
80104cc2-1bd0-4831-92a0-c7fe4e30fea4,pres,2p,--აუქმ-ებ-თ,n
80104cc2-1bd0-4831-92a0-c7fe4e30fea4,pres,3p,--აუქმ-ებ-ენ,n
80104cc2-1bd0-4831-92a0-c7fe4e30fea4,imp,1s,-ვ-აუქმ-ებ-დი,n
80104cc2-1bd0-4831-92a0-c7fe4e30fea4,imp,2s,--აუქმ-ებ-დი,n
80104cc2-1bd0-4831-92a0-c7fe4e30fea4,imp,3s,--აუქმ-ებ-და,n
80104cc2-1bd0-4831-92a0-c7fe4e30fea4,imp,1p,-ვ-აუქმ-ებ-დით,n
80104cc2-1bd0-4831-92a0-c7fe4e30fea4,imp,2p,--აუქმ-ებ-დით,n
80104cc2-1bd0-4831-92a0-c7fe4e30fea4,imp,3p,--აუქმ-ებ-დნენ,n
80104cc2-1bd0-4831-92a0-c7fe4e30fea4,pres-subj,1s,-ვ-აუქმ-ებ-დე,n
80104cc2-1bd0-4831-92a0-c7fe4e30fea4,pres-subj,2s,--აუქმ-ებ-დე,n
80104cc2-1bd0-4831-92a0-c7fe4e30fea4,pres-subj,3s,--აუქმ-ებ-დეს,n
80104cc2-1bd0-4831-92a0-c7fe4e30fea4,pres-subj,1p,-ვ-აუქმ-ებ-დეთ,n
80104cc2-1bd0-4831-92a0-c7fe4e30fea4,pres-subj,2p,--აუქმ-ებ-დეთ,n
80104cc2-1bd0-4831-92a0-c7fe4e30fea4,pres-subj,3p,--აუქმ-ებ-დნენ,n
80104cc2-1bd0-4831-92a0-c7fe4e30fea4,fut,1s,გა-ვ-აუქმ-ებ-,n
80104cc2-1bd0-4831-92a0-c7fe4e30fea4,fut,2s,გა--აუქმ-ებ-,n
80104cc2-1bd0-4831-92a0-c7fe4e30fea4,fut,3s,გა--აუქმ-ებ-ს,n
80104cc2-1bd0-4831-92a0-c7fe4e30fea4,fut,1p,გა-ვ-აუქმ-ებ-თ,n
80104cc2-1bd0-4831-92a0-c7fe4e30fea4,fut,2p,გა--აუქმ-ებ-თ,n
80104cc2-1bd0-4831-92a0-c7fe4e30fea4,fut,3p,გა--აუქმ-ებ-ენ,n
80104cc2-1bd0-4831-92a0-c7fe4e30fea4,cond,1s,გა-ვ-აუქმ-ებ-დი,n
80104cc2-1bd0-4831-92a0-c7fe4e30fea4,cond,2s,გა--აუქმ-ებ-დი,n
80104cc2-1bd0-4831-92a0-c7fe4e30fea4,cond,3s,გა--აუქმ-ებ-და,n
80104cc2-1bd0-4831-92a0-c7fe4e30fea4,cond,1p,გა-ვ-აუქმ-ებ-დით,n
80104cc2-1bd0-4831-92a0-c7fe4e30fea4,cond,2p,გა--აუქმ-ებ-დით,n
80104cc2-1bd0-4831-92a0-c7fe4e30fea4,cond,3p,გა--აუქმ-ებ-დნენ,n
80104cc2-1bd0-4831-92a0-c7fe4e30fea4,aor,1s,გა-ვ-აუქმ--ე,n
80104cc2-1bd0-4831-92a0-c7fe4e30fea4,aor,2s,გა--აუქმ--ე,n
80104cc2-1bd0-4831-92a0-c7fe4e30fea4,aor,3s,გა--აუქმ--ა,n
80104cc2-1bd0-4831-92a0-c7fe4e30fea4,aor,1p,გა-ვ-აუქმ--ეთ,n
80104cc2-1bd0-4831-92a0-c7fe4e30fea4,aor,2p,გა--აუქმ--ეთ,n
80104cc2-1bd0-4831-92a0-c7fe4e30fea4,aor,3p,გა--აუქმ--ეს,n
80104cc2-1bd0-4831-92a0-c7fe4e30fea4,opt,1s,გა-ვ-აუქმ--,n
80104cc2-1bd0-4831-92a0-c7fe4e30fea4,opt,2s,გა--აუქმ--,n
80104cc2-1bd0-4831-92a0-c7fe4e30fea4,opt,3s,გა--აუქმ--ოს,n
80104cc2-1bd0-4831-92a0-c7fe4e30fea4,opt,1p,გა-ვ-აუქმ--ოთ,n
80104cc2-1bd0-4831-92a0-c7fe4e30fea4,opt,2p,გა--აუქმ--ოთ,n
80104cc2-1bd0-4831-92a0-c7fe4e30fea4,opt,3p,გა--აუქმ--ონ,n
994f09c9-189b-4d9b-bb61-e2e3171d1802,pres,1s,-ვ-ეჩვ-ევ-ი,n
994f09c9-189b-4d9b-bb61-e2e3171d1802,pres,2s,--ეჩვ-ევ-ი,n
994f09c9-189b-4d9b-bb61-e2e3171d1802,pres,3s,--ეჩვ-ევ-ა,n
994f09c9-189b-4d9b-bb61-e2e3171d1802,pres,1p,-ვ-ეჩვ-ევ-ით,n
994f09c9-189b-4d9b-bb61-e2e3171d1802,pres,2p,--ეჩვ-ევ-ით,n
994f09c9-189b-4d9b-bb61-e2e3171d1802,pres,3p,--ეჩვ-ევ-იან,n
994f09c9-189b-4d9b-bb61-e2e3171d1802,imp,1s,-ვ-ეჩვ-ევ-ოდი,n
994f09c9-189b-4d9b-bb61-e2e3171d1802,imp,2s,--ეჩვ-ევ-ოდი,n
994f09c9-189b-4d9b-bb61-e2e3171d1802,imp,3s,--ეჩვ-ევ-ოდა,n
994f09c9-189b-4d9b-bb61-e2e3171d1802,imp,1p,-ვ-ეჩვ-ევ-ოდით,n
994f09c9-189b-4d9b-bb61-e2e3171d1802,imp,2p,--ეჩვ-ევ-ოდით,n
994f09c9-189b-4d9b-bb61-e2e3171d1802,imp,3p,--ეჩვ-ევ-ოდნენ,n
994f09c9-189b-4d9b-bb61-e2e3171d1802,pres-subj,1s,-ვ-ეჩვ-ევ-დე,n
994f09c9-189b-4d9b-bb61-e2e3171d1802,pres-subj,2s,--ეჩვ-ევ-დე,n
994f09c9-189b-4d9b-bb61-e2e3171d1802,pres-subj,3s,--ეჩვ-ევ-დეს,n
994f09c9-189b-4d9b-bb61-e2e3171d1802,pres-subj,1p,-ვ-ეჩვ-ევ-დეთ,n
994f09c9-189b-4d9b-bb61-e2e3171d1802,pres-subj,2p,--ეჩვ-ევ-დეთ,n
994f09c9-189b-4d9b-bb61-e2e3171d1802,pres-subj,3p,--ეჩვ-ევ-დნენ,n
994f09c9-189b-4d9b-bb61-e2e3171d1802,fut,1s,შე-ვ-ეჩვ-ევ-ი,n
994f09c9-189b-4d9b-bb61-e2e3171d1802,fut,2s,შე--ეჩვ-ევ-ი,n
994f09c9-189b-4d9b-bb61-e2e3171d1802,fut,3s,შე--ეჩვ-ევ-ა,n
994f09c9-189b-4d9b-bb61-e2e3171d1802,fut,1p,შე-ვ-ეჩვ-ევ-ით,n
994f09c9-189b-4d9b-bb61-e2e3171d1802,fut,2p,შე--ეჩვ-ევ-ით,n
994f09c9-189b-4d9b-bb61-e2e3171d1802,fut,3p,შე--ეჩვ-ევ-იან,n
994f09c9-189b-4d9b-bb61-e2e3171d1802,cond,1s,შე-ვ-ეჩვ-ევ-ოდი,n
994f09c9-189b-4d9b-bb61-e2e3171d1802,cond,2s,შე--ეჩვ-ევ-ოდი,n
994f09c9-189b-4d9b-bb61-e2e3171d1802,cond,3s,შე--ეჩვ-ევ-ოდა,n
994f09c9-189b-4d9b-bb61-e2e3171d1802,cond,1p,შე-ვ-ეჩვ-ევ-ოდით,n
994f09c9-189b-4d9b-bb61-e2e3171d1802,cond,2p,შე--ეჩვ-ევ-ოდით,n
994f09c9-189b-4d9b-bb61-e2e3171d1802,cond,3p,შე--ეჩვ-ევ-ოდნენ,n
994f09c9-189b-4d9b-bb61-e2e3171d1802,aor,1s,შე-ვ-ეჩვი--ე,n
994f09c9-189b-4d9b-bb61-e2e3171d1802,aor,2s,შე--ეჩვი--ე,n
994f09c9-189b-4d9b-bb61-e2e3171d1802,aor,3s,შე--ეჩვი--ა,n
994f09c9-189b-4d9b-bb61-e2e3171d1802,aor,1p,შე-ვ-ეჩვი--ეთ,n
994f09c9-189b-4d9b-bb61-e2e3171d1802,aor,2p,შე--ეჩვი--ეთ,n
994f09c9-189b-4d9b-bb61-e2e3171d1802,aor,3p,შე--ეჩვი--ეს,n
994f09c9-189b-4d9b-bb61-e2e3171d1802,opt,1s,შე-ვ-ეჩვი--,n
994f09c9-189b-4d9b-bb61-e2e3171d1802,opt,2s,შე--ეჩვი--,n
994f09c9-189b-4d9b-bb61-e2e3171d1802,opt,3s,შე--ეჩვი--ოს,n
994f09c9-189b-4d9b-bb61-e2e3171d1802,opt,1p,შე-ვ-ეჩვი--ოთ,n
994f09c9-189b-4d9b-bb61-e2e3171d1802,opt,2p,შე--ეჩვი--ოთ,n
994f09c9-189b-4d9b-bb61-e2e3171d1802,opt,3p,შე--ეჩვი--ონ,n
c76b4a94-2b81-443a-94ca-329615d984f1,pres,1s,-ვ-ამატ-ებ-,n
c76b4a94-2b81-443a-94ca-329615d984f1,pres,2s,--ამატ-ებ-,n
c76b4a94-2b81-443a-94ca-329615d984f1,pres,3s,--ამატ-ებ-ს,n
c76b4a94-2b81-443a-94ca-329615d984f1,pres,1p,-ვ-ამატ-ებ-თ,n
c76b4a94-2b81-443a-94ca-329615d984f1,pres,2p,--ამატ-ებ-თ,n
c76b4a94-2b81-443a-94ca-329615d984f1,pres,3p,--ამატ-ებ-ენ,n
c76b4a94-2b81-443a-94ca-329615d984f1,imp,1s,-ვ-ამატ-ებ-დი,n
c76b4a94-2b81-443a-94ca-329615d984f1,imp,2s,--ამატ-ებ-დი,n
c76b4a94-2b81-443a-94ca-329615d984f1,imp,3s,--ამატ-ებ-და,n
c76b4a94-2b81-443a-94ca-329615d984f1,imp,1p,-ვ-ამატ-ებ-დით,n
c76b4a94-2b81-443a-94ca-329615d984f1,imp,2p,--ამატ-ებ-დით,n
c76b4a94-2b81-443a-94ca-329615d984f1,imp,3p,--ამატ-ებ-დნენ,n
c76b4a94-2b81-443a-94ca-329615d984f1,pres-subj,1s,-ვ-ამატ-ებ-დე,n
c76b4a94-2b81-443a-94ca-329615d984f1,pres-subj,2s,--ამატ-ებ-დე,n
c76b4a94-2b81-443a-94ca-329615d984f1,pres-subj,3s,--ამატ-ებ-დეს,n
c76b4a94-2b81-443a-94ca-329615d984f1,pres-subj,1p,-ვ-ამატ-ებ-დეთ,n
c76b4a94-2b81-443a-94ca-329615d984f1,pres-subj,2p,--ამატ-ებ-დეთ,n
c76b4a94-2b81-443a-94ca-329615d984f1,pres-subj,3p,--ამატ-ებ-დნენ,n
c76b4a94-2b81-443a-94ca-329615d984f1,fut,1s,და-ვ-ამატ-ებ-,n
c76b4a94-2b81-443a-94ca-329615d984f1,fut,2s,და--ამატ-ებ-,n
c76b4a94-2b81-443a-94ca-329615d984f1,fut,3s,და--ამატ-ებ-ს,n
c76b4a94-2b81-443a-94ca-329615d984f1,fut,1p,და-ვ-ამატ-ებ-თ,n
c76b4a94-2b81-443a-94ca-329615d984f1,fut,2p,და--ამატ-ებ-თ,n
c76b4a94-2b81-443a-94ca-329615d984f1,fut,3p,და--ამატ-ებ-ენ,n
c76b4a94-2b81-443a-94ca-329615d984f1,cond,1s,და-ვ-ამატ-ებ-დი,n
c76b4a94-2b81-443a-94ca-329615d984f1,cond,2s,და--ამატ-ებ-დი,n
c76b4a94-2b81-443a-94ca-329615d984f1,cond,3s,და--ამატ-ებ-და,n
c76b4a94-2b81-443a-94ca-329615d984f1,cond,1p,და-ვ-ამატ-ებ-დით,n
c76b4a94-2b81-443a-94ca-329615d984f1,cond,2p,და--ამატ-ებ-დით,n
c76b4a94-2b81-443a-94ca-329615d984f1,cond,3p,და--ამატ-ებ-დნენ,n
c76b4a94-2b81-443a-94ca-329615d984f1,aor,1s,და-ვ-ამატ--ე,n
c76b4a94-2b81-443a-94ca-329615d984f1,aor,2s,და--ამატ--ე,n
c76b4a94-2b81-443a-94ca-329615d984f1,aor,3s,და--ამატ--ა,n
c76b4a94-2b81-443a-94ca-329615d984f1,aor,1p,და-ვ-ამატ--ეთ,n
c76b4a94-2b81-443a-94ca-329615d984f1,aor,2p,და--ამატ--ეთ,n
c76b4a94-2b81-443a-94ca-329615d984f1,aor,3p,და--ამატ--ეს,n
c76b4a94-2b81-443a-94ca-329615d984f1,opt,1s,და-ვ-ამატ--,n
c76b4a94-2b81-443a-94ca-329615d984f1,opt,2s,და--ამატ--,n
c76b4a94-2b81-443a-94ca-329615d984f1,opt,3s,და--ამატ--ოს,n
c76b4a94-2b81-443a-94ca-329615d984f1,opt,1p,და-ვ-ამატ--ოთ,n
c76b4a94-2b81-443a-94ca-329615d984f1,opt,2p,და--ამატ--ოთ,n
c76b4a94-2b81-443a-94ca-329615d984f1,opt,3p,და--ამატ--ონ,n
7ee7c23d-5a76-44b3-ab42-a2603b75ebca,pres,1s,-მ-ეშინი--ა,n
7ee7c23d-5a76-44b3-ab42-a2603b75ebca,pres,2s,-გ-ეშინი--ა,n
7ee7c23d-5a76-44b3-ab42-a2603b75ebca,pres,3s,--ეშინი--ა,n
7ee7c23d-5a76-44b3-ab42-a2603b75ebca,pres,1p,-გვ-ეშინი--ა,n
7ee7c23d-5a76-44b3-ab42-a2603b75ebca,pres,2p,-გ-ეშინი--ათ,n
7ee7c23d-5a76-44b3-ab42-a2603b75ebca,pres,3p,--ეშინი--ათ,n
7ee7c23d-5a76-44b3-ab42-a2603b75ebca,imp,1s,შე-მ-ეშინდ--ა,n
7ee7c23d-5a76-44b3-ab42-a2603b75ebca,imp,2s,შე-გ-ეშინდ--ა,n
7ee7c23d-5a76-44b3-ab42-a2603b75ebca,imp,3s,შე--ეშინდ--ა,n
7ee7c23d-5a76-44b3-ab42-a2603b75ebca,imp,1p,შე-გვ-ეშინდ--ა,n
7ee7c23d-5a76-44b3-ab42-a2603b75ebca,imp,2p,შე-გ-ეშინდ--ათ,n
7ee7c23d-5a76-44b3-ab42-a2603b75ebca,imp,3p,შე--ეშინდ--ათ,n
7ee7c23d-5a76-44b3-ab42-a2603b75ebca,pres-subj,1s,-მ-ეშინი--დეს,n
7ee7c23d-5a76-44b3-ab42-a2603b75ebca,pres-subj,2s,-გ-ეშინი--დეს,n
7ee7c23d-5a76-44b3-ab42-a2603b75ebca,pres-subj,3s,--ეშინი--დეს,n
7ee7c23d-5a76-44b3-ab42-a2603b75ebca,pres-subj,1p,-გვ-ეშინი--დეს,n
7ee7c23d-5a76-44b3-ab42-a2603b75ebca,pres-subj,2p,-გ-ეშინი--დეთ,n
7ee7c23d-5a76-44b3-ab42-a2603b75ebca,pres-subj,3p,--ეშინი--დეთ,n
7ee7c23d-5a76-44b3-ab42-a2603b75ebca,fut,1s,შე-მ-ეშინდ--ება,n
7ee7c23d-5a76-44b3-ab42-a2603b75ebca,fut,2s,შე-გ-ეშინდ--ება,n
7ee7c23d-5a76-44b3-ab42-a2603b75ebca,fut,3s,შე--ეშინდ--ება,n
7ee7c23d-5a76-44b3-ab42-a2603b75ebca,fut,1p,შე-გვ-ეშინდ--ება,n
7ee7c23d-5a76-44b3-ab42-a2603b75ebca,fut,2p,შე-გ-ეშინდ--ებათ,n
7ee7c23d-5a76-44b3-ab42-a2603b75ebca,fut,3p,შე--ეშინდ--ებათ,n
7ee7c23d-5a76-44b3-ab42-a2603b75ebca,cond,1s,შე-მ-ეშინდ--და,n
7ee7c23d-5a76-44b3-ab42-a2603b75ebca,cond,2s,შე-გ-ეშინდ--და,n
7ee7c23d-5a76-44b3-ab42-a2603b75ebca,cond,3s,შე--ეშინდ--და,n
7ee7c23d-5a76-44b3-ab42-a2603b75ebca,cond,1p,შე-გვ-ეშინდ--და,n
7ee7c23d-5a76-44b3-ab42-a2603b75ebca,cond,2p,შე-გ-ეშინდ--დათ,n
7ee7c23d-5a76-44b3-ab42-a2603b75ebca,cond,3p,შე--ეშინდ--დათ,n
7ee7c23d-5a76-44b3-ab42-a2603b75ebca,aor,1s,შე-მ-ეშინდ--ა,n
7ee7c23d-5a76-44b3-ab42-a2603b75ebca,aor,2s,შე-გ-ეშინდ--ა,n
7ee7c23d-5a76-44b3-ab42-a2603b75ebca,aor,3s,შე--ეშინდ--ა,n
7ee7c23d-5a76-44b3-ab42-a2603b75ebca,aor,1p,შე-გვ-ეშინდ--ა,n
7ee7c23d-5a76-44b3-ab42-a2603b75ebca,aor,2p,შე-გ-ეშინდ--ათ,n
7ee7c23d-5a76-44b3-ab42-a2603b75ebca,aor,3p,შე--ეშინდ--ათ,n
7ee7c23d-5a76-44b3-ab42-a2603b75ebca,opt,1s,შე-მ-ეშინდ--ოს,n
7ee7c23d-5a76-44b3-ab42-a2603b75ebca,opt,2s,შე-გ-ეშინდ--ოს,n
7ee7c23d-5a76-44b3-ab42-a2603b75ebca,opt,3s,შე--ეშინდ--ოს,n
7ee7c23d-5a76-44b3-ab42-a2603b75ebca,opt,1p,შე-გვ-ეშინდ--ოს,n
7ee7c23d-5a76-44b3-ab42-a2603b75ebca,opt,2p,შე-გ-ეშინდ--ოთ,n
7ee7c23d-5a76-44b3-ab42-a2603b75ebca,opt,3p,შე--ეშინდ--ოთ,n
5099affa-13ee-47f3-a737-97dccbd8b652,pres,1s,-ვ-აშინ-ებ-,n
5099affa-13ee-47f3-a737-97dccbd8b652,pres,2s,--აშინ-ებ-,n
5099affa-13ee-47f3-a737-97dccbd8b652,pres,3s,--აშინ-ებ-ს,n
5099affa-13ee-47f3-a737-97dccbd8b652,pres,1p,-ვ-აშინ-ებ-თ,n
5099affa-13ee-47f3-a737-97dccbd8b652,pres,2p,--აშინ-ებ-თ,n
5099affa-13ee-47f3-a737-97dccbd8b652,pres,3p,--აშინ-ებ-ენ,n
5099affa-13ee-47f3-a737-97dccbd8b652,imp,1s,-ვ-აშინ-ებ-დი,n
5099affa-13ee-47f3-a737-97dccbd8b652,imp,2s,--აშინ-ებ-დი,n
5099affa-13ee-47f3-a737-97dccbd8b652,imp,3s,--აშინ-ებ-და,n
5099affa-13ee-47f3-a737-97dccbd8b652,imp,1p,-ვ-აშინ-ებ-დით,n
5099affa-13ee-47f3-a737-97dccbd8b652,imp,2p,--აშინ-ებ-დით,n
5099affa-13ee-47f3-a737-97dccbd8b652,imp,3p,--აშინ-ებ-დნენ,n
5099affa-13ee-47f3-a737-97dccbd8b652,pres-subj,1s,-ვ-აშინ-ებ-დე,n
5099affa-13ee-47f3-a737-97dccbd8b652,pres-subj,2s,--აშინ-ებ-დე,n
5099affa-13ee-47f3-a737-97dccbd8b652,pres-subj,3s,--აშინ-ებ-დეს,n
5099affa-13ee-47f3-a737-97dccbd8b652,pres-subj,1p,-ვ-აშინ-ებ-დეთ,n
5099affa-13ee-47f3-a737-97dccbd8b652,pres-subj,2p,--აშინ-ებ-დეთ,n
5099affa-13ee-47f3-a737-97dccbd8b652,pres-subj,3p,--აშინ-ებ-დნენ,n
5099affa-13ee-47f3-a737-97dccbd8b652,fut,1s,და-ვ-აშინ-ებ-,n
5099affa-13ee-47f3-a737-97dccbd8b652,fut,2s,და--აშინ-ებ-,n
5099affa-13ee-47f3-a737-97dccbd8b652,fut,3s,და--აშინ-ებ-ს,n
5099affa-13ee-47f3-a737-97dccbd8b652,fut,1p,და-ვ-აშინ-ებ-თ,n
5099affa-13ee-47f3-a737-97dccbd8b652,fut,2p,და--აშინ-ებ-თ,n
5099affa-13ee-47f3-a737-97dccbd8b652,fut,3p,და--აშინ-ებ-ენ,n
5099affa-13ee-47f3-a737-97dccbd8b652,cond,1s,და-ვ-აშინ-ებ-დი,n
5099affa-13ee-47f3-a737-97dccbd8b652,cond,2s,და--აშინ-ებ-დი,n
5099affa-13ee-47f3-a737-97dccbd8b652,cond,3s,და--აშინ-ებ-და,n
5099affa-13ee-47f3-a737-97dccbd8b652,cond,1p,და-ვ-აშინ-ებ-დით,n
5099affa-13ee-47f3-a737-97dccbd8b652,cond,2p,და--აშინ-ებ-დით,n
5099affa-13ee-47f3-a737-97dccbd8b652,cond,3p,და--აშინ-ებ-დნენ,n
5099affa-13ee-47f3-a737-97dccbd8b652,aor,1s,და-ვ-აშინ--ე,n
5099affa-13ee-47f3-a737-97dccbd8b652,aor,2s,და--აშინ--ე,n
5099affa-13ee-47f3-a737-97dccbd8b652,aor,3s,და--აშინ--ა,n
5099affa-13ee-47f3-a737-97dccbd8b652,aor,1p,და-ვ-აშინ--ეთ,n
5099affa-13ee-47f3-a737-97dccbd8b652,aor,2p,და--აშინ--ეთ,n
5099affa-13ee-47f3-a737-97dccbd8b652,aor,3p,და--აშინ--ეს,n
5099affa-13ee-47f3-a737-97dccbd8b652,opt,1s,და-ვ-აშინ--,n
5099affa-13ee-47f3-a737-97dccbd8b652,opt,2s,და--აშინ--,n
5099affa-13ee-47f3-a737-97dccbd8b652,opt,3s,და--აშინ--ოს,n
5099affa-13ee-47f3-a737-97dccbd8b652,opt,1p,და-ვ-აშინ--ოთ,n
5099affa-13ee-47f3-a737-97dccbd8b652,opt,2p,და--აშინ--ოთ,n
5099affa-13ee-47f3-a737-97dccbd8b652,opt,3p,და--აშინ--ონ,n
38399dc9-d3c6-4469-bb10-27866db0424d,pres,1s,-ვ-ეთანხმ-ებ-ი,n
38399dc9-d3c6-4469-bb10-27866db0424d,pres,2s,--ეთანხმ-ებ-ი,n
38399dc9-d3c6-4469-bb10-27866db0424d,pres,3s,--ეთანხმ-ებ-ა,n
38399dc9-d3c6-4469-bb10-27866db0424d,pres,1p,-ვ-ეთანხმ-ებ-ით,n
38399dc9-d3c6-4469-bb10-27866db0424d,pres,2p,--ეთანხმ-ებ-ით,n
38399dc9-d3c6-4469-bb10-27866db0424d,pres,3p,--ეთანხმ-ებ-იან,n
38399dc9-d3c6-4469-bb10-27866db0424d,imp,1s,-ვ-ეთანხმ-ებ-ოდი,n
38399dc9-d3c6-4469-bb10-27866db0424d,imp,2s,--ეთანხმ-ებ-ოდი,n
38399dc9-d3c6-4469-bb10-27866db0424d,imp,3s,--ეთანხმ-ებ-ოდა,n
38399dc9-d3c6-4469-bb10-27866db0424d,imp,1p,-ვ-ეთანხმ-ებ-ოდით,n
38399dc9-d3c6-4469-bb10-27866db0424d,imp,2p,--ეთანხმ-ებ-ოდით,n
38399dc9-d3c6-4469-bb10-27866db0424d,imp,3p,--ეთანხმ-ებ-ოდნენ,n
38399dc9-d3c6-4469-bb10-27866db0424d,pres-subj,1s,-ვ-ეთანხმ-ებ-დე,n
38399dc9-d3c6-4469-bb10-27866db0424d,pres-subj,2s,--ეთანხმ-ებ-დე,n
38399dc9-d3c6-4469-bb10-27866db0424d,pres-subj,3s,--ეთანხმ-ებ-დეს,n
38399dc9-d3c6-4469-bb10-27866db0424d,pres-subj,1p,-ვ-ეთანხმ-ებ-დეთ,n
38399dc9-d3c6-4469-bb10-27866db0424d,pres-subj,2p,--ეთანხმ-ებ-დეთ,n
38399dc9-d3c6-4469-bb10-27866db0424d,pres-subj,3p,--ეთანხმ-ებ-დნენ,n
38399dc9-d3c6-4469-bb10-27866db0424d,fut,1s,და-ვ-ეთანხმ-ებ-ი,n
38399dc9-d3c6-4469-bb10-27866db0424d,fut,2s,და--ეთანხმ-ებ-ი,n
38399dc9-d3c6-4469-bb10-27866db0424d,fut,3s,და--ეთანხმ-ებ-ა,n
38399dc9-d3c6-4469-bb10-27866db0424d,fut,1p,და-ვ-ეთანხმ-ებ-ით,n
38399dc9-d3c6-4469-bb10-27866db0424d,fut,2p,და--ეთანხმ-ებ-ით,n
38399dc9-d3c6-4469-bb10-27866db0424d,fut,3p,და--ეთანხმ-ებ-იან,n
38399dc9-d3c6-4469-bb10-27866db0424d,cond,1s,და-ვ-ეთანხმ-ებ-ოდი,n
38399dc9-d3c6-4469-bb10-27866db0424d,cond,2s,და--ეთანხმ-ებ-ოდი,n
38399dc9-d3c6-4469-bb10-27866db0424d,cond,3s,და--ეთანხმ-ებ-ოდა,n
38399dc9-d3c6-4469-bb10-27866db0424d,cond,1p,და-ვ-ეთანხმ-ებ-ოდით,n
38399dc9-d3c6-4469-bb10-27866db0424d,cond,2p,და--ეთანხმ-ებ-ოდით,n
38399dc9-d3c6-4469-bb10-27866db0424d,cond,3p,და--ეთანხმ-ებ-ოდნენ,n
38399dc9-d3c6-4469-bb10-27866db0424d,aor,1s,და-ვ-ეთანხმ--ე,n
38399dc9-d3c6-4469-bb10-27866db0424d,aor,2s,და--ეთანხმ--ე,n
38399dc9-d3c6-4469-bb10-27866db0424d,aor,3s,და--ეთანხმ--ა,n
38399dc9-d3c6-4469-bb10-27866db0424d,aor,1p,და-ვ-ეთანხმ--ეთ,n
38399dc9-d3c6-4469-bb10-27866db0424d,aor,2p,და--ეთანხმ--ეთ,n
38399dc9-d3c6-4469-bb10-27866db0424d,aor,3p,და--ეთანხმ--ნენ,n
38399dc9-d3c6-4469-bb10-27866db0424d,opt,1s,და-ვ-ეთანხმ--,n
38399dc9-d3c6-4469-bb10-27866db0424d,opt,2s,და--ეთანხმ--,n
38399dc9-d3c6-4469-bb10-27866db0424d,opt,3s,და--ეთანხმ--ოს,n
38399dc9-d3c6-4469-bb10-27866db0424d,opt,1p,და-ვ-ეთანხმ--ოთ,n
38399dc9-d3c6-4469-bb10-27866db0424d,opt,2p,და--ეთანხმ--ოთ,n
38399dc9-d3c6-4469-bb10-27866db0424d,opt,3p,და--ეთანხმ--ონ,n
6748661a-54b9-4727-8c9f-1f82b9c3af84,pres,1s,-ვ-ყოფ--,n
6748661a-54b9-4727-8c9f-1f82b9c3af84,pres,2s,--ყოფ--,n
6748661a-54b9-4727-8c9f-1f82b9c3af84,pres,3s,--ყოფ--ს,n
6748661a-54b9-4727-8c9f-1f82b9c3af84,pres,1p,-ვ-ყოფ--თ,n
6748661a-54b9-4727-8c9f-1f82b9c3af84,pres,2p,--ყოფ--თ,n
6748661a-54b9-4727-8c9f-1f82b9c3af84,pres,3p,--ყოფ--ენ,n
6748661a-54b9-4727-8c9f-1f82b9c3af84,imp,1s,-ვ-ყოფ--დი,n
6748661a-54b9-4727-8c9f-1f82b9c3af84,imp,2s,--ყოფ--დი,n
6748661a-54b9-4727-8c9f-1f82b9c3af84,imp,3s,--ყოფ--და,n
6748661a-54b9-4727-8c9f-1f82b9c3af84,imp,1p,-ვ-ყოფ--დით,n
6748661a-54b9-4727-8c9f-1f82b9c3af84,imp,2p,--ყოფ--დით,n
6748661a-54b9-4727-8c9f-1f82b9c3af84,imp,3p,--ყოფ--დნენ,n
6748661a-54b9-4727-8c9f-1f82b9c3af84,pres-subj,1s,-ვ-ყოფ--დე,n
6748661a-54b9-4727-8c9f-1f82b9c3af84,pres-subj,2s,--ყოფ--დე,n
6748661a-54b9-4727-8c9f-1f82b9c3af84,pres-subj,3s,--ყოფ--დეს,n
6748661a-54b9-4727-8c9f-1f82b9c3af84,pres-subj,1p,-ვ-ყოფ--დეთ,n
6748661a-54b9-4727-8c9f-1f82b9c3af84,pres-subj,2p,--ყოფ--დეთ,n
6748661a-54b9-4727-8c9f-1f82b9c3af84,pres-subj,3p,--ყოფ--დნენ,n
6748661a-54b9-4727-8c9f-1f82b9c3af84,fut,1s,გა-ვ-ყოფ--,n
6748661a-54b9-4727-8c9f-1f82b9c3af84,fut,2s,გა--ყოფ--,n
6748661a-54b9-4727-8c9f-1f82b9c3af84,fut,3s,გა--ყოფ--ს,n
6748661a-54b9-4727-8c9f-1f82b9c3af84,fut,1p,გა-ვ-ყოფ--თ,n
6748661a-54b9-4727-8c9f-1f82b9c3af84,fut,2p,გა--ყოფ--თ,n
6748661a-54b9-4727-8c9f-1f82b9c3af84,fut,3p,გა--ყოფ--ენ,n
6748661a-54b9-4727-8c9f-1f82b9c3af84,cond,1s,გა-ვ-ყოფ--დი,n
6748661a-54b9-4727-8c9f-1f82b9c3af84,cond,2s,გა--ყოფ--დი,n
6748661a-54b9-4727-8c9f-1f82b9c3af84,cond,3s,გა--ყოფ--და,n
6748661a-54b9-4727-8c9f-1f82b9c3af84,cond,1p,გა-ვ-ყოფ--დით,n
6748661a-54b9-4727-8c9f-1f82b9c3af84,cond,2p,გა--ყოფ--დით,n
6748661a-54b9-4727-8c9f-1f82b9c3af84,cond,3p,გა--ყოფ--დნენ,n
6748661a-54b9-4727-8c9f-1f82b9c3af84,aor,1s,გა-ვ-ყავ--ი,n
6748661a-54b9-4727-8c9f-1f82b9c3af84,aor,2s,გა--ყავ--ი,n
6748661a-54b9-4727-8c9f-1f82b9c3af84,aor,3s,გა--ყ--ო,n
6748661a-54b9-4727-8c9f-1f82b9c3af84,aor,1p,გა-ვ-ყავ--ით,n
6748661a-54b9-4727-8c9f-1f82b9c3af84,aor,2p,გა--ყავ--ით,n
6748661a-54b9-4727-8c9f-1f82b9c3af84,aor,3p,გა--ყვ--ეს,n
6748661a-54b9-4727-8c9f-1f82b9c3af84,opt,1s,გა-ვ-ყავ--,n
6748661a-54b9-4727-8c9f-1f82b9c3af84,opt,2s,გა--ყავ--,n
6748661a-54b9-4727-8c9f-1f82b9c3af84,opt,3s,გა--ყ--ოს,n
6748661a-54b9-4727-8c9f-1f82b9c3af84,opt,1p,გა-ვ-ყავ--ოთ,n
6748661a-54b9-4727-8c9f-1f82b9c3af84,opt,2p,გა--ყავ--ოთ,n
6748661a-54b9-4727-8c9f-1f82b9c3af84,opt,3p,გა--ყვ--ონ,n
db703828-f4d1-4f28-bed1-867098579e92,pres,1s,-ვ-ბრაზდ-ებ-ი,n
db703828-f4d1-4f28-bed1-867098579e92,pres,2s,--ბრაზდ-ებ-ი,n
db703828-f4d1-4f28-bed1-867098579e92,pres,3s,--ბრაზდ-ებ-ა,n
db703828-f4d1-4f28-bed1-867098579e92,pres,1p,-ვ-ბრაზდ-ებ-ით,n
db703828-f4d1-4f28-bed1-867098579e92,pres,2p,--ბრაზდ-ებ-ით,n
db703828-f4d1-4f28-bed1-867098579e92,pres,3p,--ბრაზდ-ებ-იან,n
db703828-f4d1-4f28-bed1-867098579e92,imp,1s,-ვ-ბრაზდ-ებ-ოდი,n
db703828-f4d1-4f28-bed1-867098579e92,imp,2s,--ბრაზდ-ებ-ოდი,n
db703828-f4d1-4f28-bed1-867098579e92,imp,3s,--ბრაზდ-ებ-ოდა,n
db703828-f4d1-4f28-bed1-867098579e92,imp,1p,-ვ-ბრაზდ-ებ-ოდით,n
db703828-f4d1-4f28-bed1-867098579e92,imp,2p,--ბრაზდ-ებ-ოდით,n
db703828-f4d1-4f28-bed1-867098579e92,imp,3p,--ბრაზდ-ებ-ოდნენ,n
db703828-f4d1-4f28-bed1-867098579e92,pres-subj,1s,-ვ-ბრაზდ-ებ-ოდე,n
db703828-f4d1-4f28-bed1-867098579e92,pres-subj,2s,--ბრაზდ-ებ-ოდე,n
db703828-f4d1-4f28-bed1-867098579e92,pres-subj,3s,--ბრაზდ-ებ-ოდეს,n
db703828-f4d1-4f28-bed1-867098579e92,pres-subj,1p,-ვ-ბრაზდ-ებ-ოდეთ,n
db703828-f4d1-4f28-bed1-867098579e92,pres-subj,2p,--ბრაზდ-ებ-ოდეთ,n
db703828-f4d1-4f28-bed1-867098579e92,pres-subj,3p,--ბრაზდ-ებ-ოდნენ,n
db703828-f4d1-4f28-bed1-867098579e92,fut,1s,გა-ვ-ბრაზდ-ებ-ი,n
db703828-f4d1-4f28-bed1-867098579e92,fut,2s,გა--ბრაზდ-ებ-ი,n
db703828-f4d1-4f28-bed1-867098579e92,fut,3s,გა--ბრაზდ-ებ-ა,n
db703828-f4d1-4f28-bed1-867098579e92,fut,1p,გა-ვ-ბრაზდ-ებ-ით,n
db703828-f4d1-4f28-bed1-867098579e92,fut,2p,გა--ბრაზდ-ებ-ით,n
db703828-f4d1-4f28-bed1-867098579e92,fut,3p,გა--ბრაზდ-ებ-იან,n
db703828-f4d1-4f28-bed1-867098579e92,cond,1s,გა-ვ-ბრაზდ-ებ-ოდი,n
db703828-f4d1-4f28-bed1-867098579e92,cond,2s,გა--ბრაზდ-ებ-ოდი,n
db703828-f4d1-4f28-bed1-867098579e92,cond,3s,გა--ბრაზდ-ებ-ოდა,n
db703828-f4d1-4f28-bed1-867098579e92,cond,1p,გა-ვ-ბრაზდ-ებ-ოდით,n
db703828-f4d1-4f28-bed1-867098579e92,cond,2p,გა--ბრაზდ-ებ-ოდით,n
db703828-f4d1-4f28-bed1-867098579e92,cond,3p,გა--ბრაზდ-ებ-ოდნენ,n
db703828-f4d1-4f28-bed1-867098579e92,aor,1s,გა-ვ-ბრაზდ--ი,n
db703828-f4d1-4f28-bed1-867098579e92,aor,2s,გა--ბრაზდ--ი,n
db703828-f4d1-4f28-bed1-867098579e92,aor,3s,გა--ბრაზდ--ა,n
db703828-f4d1-4f28-bed1-867098579e92,aor,1p,გა-ვ-ბრაზდ--ით,n
db703828-f4d1-4f28-bed1-867098579e92,aor,2p,გა--ბრაზდ--ით,n
db703828-f4d1-4f28-bed1-867098579e92,aor,3p,გა--ბრაზდ--ნენ,n
db703828-f4d1-4f28-bed1-867098579e92,opt,1s,გა-ვ-ბრაზდ--ე,n
db703828-f4d1-4f28-bed1-867098579e92,opt,2s,გა--ბრაზდ--ე,n
db703828-f4d1-4f28-bed1-867098579e92,opt,3s,გა--ბრაზდ--ეს,n
db703828-f4d1-4f28-bed1-867098579e92,opt,1p,გა-ვ-ბრაზდ--ეთ,n
db703828-f4d1-4f28-bed1-867098579e92,opt,2p,გა--ბრაზდ--ეთ,n
db703828-f4d1-4f28-bed1-867098579e92,opt,3p,გა--ბრაზდ--ნენ,n
b8efefac-f45a-4980-8230-6267e7a2e906,pres,1s,-ვ-ულეტ--,n
b8efefac-f45a-4980-8230-6267e7a2e906,pres,2s,--ულეტ--,n
b8efefac-f45a-4980-8230-6267e7a2e906,pres,3s,--ულეტ--ს,n
b8efefac-f45a-4980-8230-6267e7a2e906,pres,1p,-ვ-ულეტ--თ,n
b8efefac-f45a-4980-8230-6267e7a2e906,pres,2p,--ულეტ--თ,n
b8efefac-f45a-4980-8230-6267e7a2e906,pres,3p,--ულეტ--ენ,n
b8efefac-f45a-4980-8230-6267e7a2e906,imp,1s,-ვ-ულეტ--დი,n
b8efefac-f45a-4980-8230-6267e7a2e906,imp,2s,--ულეტ--დი,n
b8efefac-f45a-4980-8230-6267e7a2e906,imp,3s,--ულეტ--და,n
b8efefac-f45a-4980-8230-6267e7a2e906,imp,1p,-ვ-ულეტ--დით,n
b8efefac-f45a-4980-8230-6267e7a2e906,imp,2p,--ულეტ--დით,n
b8efefac-f45a-4980-8230-6267e7a2e906,imp,3p,--ულეტ--დნენ,n
b8efefac-f45a-4980-8230-6267e7a2e906,pres-subj,1s,-ვ-ულეტ--დე,n
b8efefac-f45a-4980-8230-6267e7a2e906,pres-subj,2s,--ულეტ--დე,n
b8efefac-f45a-4980-8230-6267e7a2e906,pres-subj,3s,--ულეტ--დეს,n
b8efefac-f45a-4980-8230-6267e7a2e906,pres-subj,1p,-ვ-ულეტ--დეთ,n
b8efefac-f45a-4980-8230-6267e7a2e906,pres-subj,2p,--ულეტ--დეთ,n
b8efefac-f45a-4980-8230-6267e7a2e906,pres-subj,3p,--ულეტ--დნენ,n
b8efefac-f45a-4980-8230-6267e7a2e906,fut,1s,გა-ვ-ულეტ--,n
b8efefac-f45a-4980-8230-6267e7a2e906,fut,2s,გა--ულეტ--,n
b8efefac-f45a-4980-8230-6267e7a2e906,fut,3s,გა--ულეტ--ს,n
b8efefac-f45a-4980-8230-6267e7a2e906,fut,1p,გა-ვ-ულეტ--თ,n
b8efefac-f45a-4980-8230-6267e7a2e906,fut,2p,გა--ულეტ--თ,n
b8efefac-f45a-4980-8230-6267e7a2e906,fut,3p,გა--ულეტ--ენ,n
b8efefac-f45a-4980-8230-6267e7a2e906,cond,1s,გა-ვ-ულეტ--დი,n
b8efefac-f45a-4980-8230-6267e7a2e906,cond,2s,გა--ულეტ--დი,n
b8efefac-f45a-4980-8230-6267e7a2e906,cond,3s,გა--ულეტ--და,n
b8efefac-f45a-4980-8230-6267e7a2e906,cond,1p,გა-ვ-ულეტ--დით,n
b8efefac-f45a-4980-8230-6267e7a2e906,cond,2p,გა--ულეტ--დით,n
b8efefac-f45a-4980-8230-6267e7a2e906,cond,3p,გა--ულეტ--დნენ,n
b8efefac-f45a-4980-8230-6267e7a2e906,aor,1s,გა-ვ-ულიტ--ე,n
b8efefac-f45a-4980-8230-6267e7a2e906,aor,2s,გა--ულიტ--ე,n
b8efefac-f45a-4980-8230-6267e7a2e906,aor,3s,გა--ულიტ--ა,n
b8efefac-f45a-4980-8230-6267e7a2e906,aor,1p,გა-ვ-ულიტ--ეთ,n
b8efefac-f45a-4980-8230-6267e7a2e906,aor,2p,გა--ულიტ--ეთ,n
b8efefac-f45a-4980-8230-6267e7a2e906,aor,3p,გა--ულიტ--ეს,n
b8efefac-f45a-4980-8230-6267e7a2e906,opt,1s,გა-ვ-ულიტ--,n
b8efefac-f45a-4980-8230-6267e7a2e906,opt,2s,გა--ულიტ--,n
b8efefac-f45a-4980-8230-6267e7a2e906,opt,3s,გა--ულიტ--ოს,n
b8efefac-f45a-4980-8230-6267e7a2e906,opt,1p,გა-ვ-ულიტ--ოთ,n
b8efefac-f45a-4980-8230-6267e7a2e906,opt,2p,გა--ულიტ--ოთ,n
b8efefac-f45a-4980-8230-6267e7a2e906,opt,3p,გა--ულიტ--ონ,n
0967f5fd-6f07-44ff-a3ab-9d62ff073c3f,pres,1s,ვ--პასუხ-ობ-,y
0967f5fd-6f07-44ff-a3ab-9d62ff073c3f,pres,2s,--პასუხ-ობ-,y
0967f5fd-6f07-44ff-a3ab-9d62ff073c3f,pres,3s,--პასუხ-ობ-ს,y
0967f5fd-6f07-44ff-a3ab-9d62ff073c3f,pres,1p,ვ--პასუხ-ობ-თ,y
0967f5fd-6f07-44ff-a3ab-9d62ff073c3f,pres,2p,--პასუხ-ობ-თ,y
0967f5fd-6f07-44ff-a3ab-9d62ff073c3f,pres,3p,--პასუხ-ობ-ენ,y
0967f5fd-6f07-44ff-a3ab-9d62ff073c3f,imp,1s,ვ--პასუხ-ობ-დი,y
0967f5fd-6f07-44ff-a3ab-9d62ff073c3f,imp,2s,--პასუხ-ობ-დი,y
0967f5fd-6f07-44ff-a3ab-9d62ff073c3f,imp,3s,--პასუხ-ობ-და,y
0967f5fd-6f07-44ff-a3ab-9d62ff073c3f,imp,1p,ვ--პასუხ-ობ-დით,y
0967f5fd-6f07-44ff-a3ab-9d62ff073c3f,imp,2p,--პასუხ-ობ-დით,y
0967f5fd-6f07-44ff-a3ab-9d62ff073c3f,imp,3p,--პასუხ-ობ-დნენ,y
0967f5fd-6f07-44ff-a3ab-9d62ff073c3f,pres-subj,1s,ვ--პასუხ-ობ-დე,y
0967f5fd-6f07-44ff-a3ab-9d62ff073c3f,pres-subj,2s,--პასუხ-ობ-დე,y
0967f5fd-6f07-44ff-a3ab-9d62ff073c3f,pres-subj,3s,--პასუხ-ობ-დეს,y
0967f5fd-6f07-44ff-a3ab-9d62ff073c3f,pres-subj,1p,ვ--პასუხ-ობ-დეთ,y
0967f5fd-6f07-44ff-a3ab-9d62ff073c3f,pres-subj,2p,--პასუხ-ობ-დეთ,y
0967f5fd-6f07-44ff-a3ab-9d62ff073c3f,pres-subj,3p,--პასუხ-ობ-დნენ,y
0967f5fd-6f07-44ff-a3ab-9d62ff073c3f,fut,1s,ვ-უ-პასუხ-ებ-,y
0967f5fd-6f07-44ff-a3ab-9d62ff073c3f,fut,2s,-უ-პასუხ-ებ-,y
0967f5fd-6f07-44ff-a3ab-9d62ff073c3f,fut,3s,-უ-პასუხ-ებ-ს,y
0967f5fd-6f07-44ff-a3ab-9d62ff073c3f,fut,1p,ვ-უ-პასუხ-ებ-თ,y
0967f5fd-6f07-44ff-a3ab-9d62ff073c3f,fut,2p,-უ-პასუხ-ებ-თ,y
0967f5fd-6f07-44ff-a3ab-9d62ff073c3f,fut,3p,-უ-პასუხ-ებ-ენ,y
0967f5fd-6f07-44ff-a3ab-9d62ff073c3f,cond,1s,ვ-უ-პასუხ-ებ-დი,y
0967f5fd-6f07-44ff-a3ab-9d62ff073c3f,cond,2s,-უ-პასუხ-ებ-დი,y
0967f5fd-6f07-44ff-a3ab-9d62ff073c3f,cond,3s,-უ-პასუხ-ებ-და,y
0967f5fd-6f07-44ff-a3ab-9d62ff073c3f,cond,1p,ვ-უ-პასუხ-ებ-დით,y
0967f5fd-6f07-44ff-a3ab-9d62ff073c3f,cond,2p,-უ-პასუხ-ებ-დით,y
0967f5fd-6f07-44ff-a3ab-9d62ff073c3f,cond,3p,-უ-პასუხ-ებ-დნენ,y
0967f5fd-6f07-44ff-a3ab-9d62ff073c3f,aor,1s,ვ-უ-პასუხ--ე,y
0967f5fd-6f07-44ff-a3ab-9d62ff073c3f,aor,2s,-უ-პასუხ--ე,y
0967f5fd-6f07-44ff-a3ab-9d62ff073c3f,aor,3s,-უ-პასუხ--ა,y
0967f5fd-6f07-44ff-a3ab-9d62ff073c3f,aor,1p,ვ-უ-პასუხ--ეთ,y
0967f5fd-6f07-44ff-a3ab-9d62ff073c3f,aor,2p,-უ-პასუხ--ეთ,y
0967f5fd-6f07-44ff-a3ab-9d62ff073c3f,aor,3p,-უ-პასუხ--ეს,y
0967f5fd-6f07-44ff-a3ab-9d62ff073c3f,opt,1s,ვ-უ-პასუხ--,y
0967f5fd-6f07-44ff-a3ab-9d62ff073c3f,opt,2s,-უ-პასუხ--,y
0967f5fd-6f07-44ff-a3ab-9d62ff073c3f,opt,3s,-უ-პასუხ--ოს,y
0967f5fd-6f07-44ff-a3ab-9d62ff073c3f,opt,1p,ვ-უ-პასუხ--ოთ,y
0967f5fd-6f07-44ff-a3ab-9d62ff073c3f,opt,2p,-უ-პასუხ--ოთ,y
0967f5fd-6f07-44ff-a3ab-9d62ff073c3f,opt,3p,-უ-პასუხ--ონ,y
549a3efb-e72e-4758-b429-a3665d00d3b4,pres,1s,-ვ-ჩნდ-ებ-ი,n
549a3efb-e72e-4758-b429-a3665d00d3b4,pres,2s,--ჩნდ-ებ-ი,n
549a3efb-e72e-4758-b429-a3665d00d3b4,pres,3s,--ჩნდ-ებ-ა,n
549a3efb-e72e-4758-b429-a3665d00d3b4,pres,1p,-ვ-ჩნდ-ებ-ით,n
549a3efb-e72e-4758-b429-a3665d00d3b4,pres,2p,--ჩნდ-ებ-ით,n
549a3efb-e72e-4758-b429-a3665d00d3b4,pres,3p,--ჩნდ-ებ-იან,n
549a3efb-e72e-4758-b429-a3665d00d3b4,imp,1s,-ვ-ჩნდ-ებ-ოდი,n
549a3efb-e72e-4758-b429-a3665d00d3b4,imp,2s,--ჩნდ-ებ-ოდი,n
549a3efb-e72e-4758-b429-a3665d00d3b4,imp,3s,--ჩნდ-ებ-ოდა,n
549a3efb-e72e-4758-b429-a3665d00d3b4,imp,1p,-ვ-ჩნდ-ებ-ოდით,n
549a3efb-e72e-4758-b429-a3665d00d3b4,imp,2p,--ჩნდ-ებ-ოდით,n
549a3efb-e72e-4758-b429-a3665d00d3b4,imp,3p,--ჩნდ-ებ-ოდნენ,n
549a3efb-e72e-4758-b429-a3665d00d3b4,pres-subj,1s,-ვ-ჩნდ-ებ-ოდე,n
549a3efb-e72e-4758-b429-a3665d00d3b4,pres-subj,2s,--ჩნდ-ებ-ოდე,n
549a3efb-e72e-4758-b429-a3665d00d3b4,pres-subj,3s,--ჩნდ-ებ-ოდეს,n
549a3efb-e72e-4758-b429-a3665d00d3b4,pres-subj,1p,-ვ-ჩნდ-ებ-ოდეთ,n
549a3efb-e72e-4758-b429-a3665d00d3b4,pres-subj,2p,--ჩნდ-ებ-ოდეთ,n
549a3efb-e72e-4758-b429-a3665d00d3b4,pres-subj,3p,--ჩნდ-ებ-ოდნენ,n
549a3efb-e72e-4758-b429-a3665d00d3b4,fut,1s,გამო-ვ-ჩნდ-ებ-ი,n
549a3efb-e72e-4758-b429-a3665d00d3b4,fut,2s,გამო--ჩნდ-ებ-ი,n
549a3efb-e72e-4758-b429-a3665d00d3b4,fut,3s,გამო--ჩნდ-ებ-ა,n
549a3efb-e72e-4758-b429-a3665d00d3b4,fut,1p,გამო-ვ-ჩნდ-ებ-ით,n
549a3efb-e72e-4758-b429-a3665d00d3b4,fut,2p,გამო--ჩნდ-ებ-ით,n
549a3efb-e72e-4758-b429-a3665d00d3b4,fut,3p,გამო--ჩნდ-ებ-იან,n
549a3efb-e72e-4758-b429-a3665d00d3b4,cond,1s,გამო-ვ-ჩნდ-ებ-ოდი,n
549a3efb-e72e-4758-b429-a3665d00d3b4,cond,2s,გამო--ჩნდ-ებ-ოდი,n
549a3efb-e72e-4758-b429-a3665d00d3b4,cond,3s,გამო--ჩნდ-ებ-ოდა,n
549a3efb-e72e-4758-b429-a3665d00d3b4,cond,1p,გამო-ვ-ჩნდ-ებ-ოდით,n
549a3efb-e72e-4758-b429-a3665d00d3b4,cond,2p,გამო--ჩნდ-ებ-ოდით,n
549a3efb-e72e-4758-b429-a3665d00d3b4,cond,3p,გამო--ჩნდ-ებ-ოდნენ,n
549a3efb-e72e-4758-b429-a3665d00d3b4,aor,1s,გამო-ვ-ჩნდ--ი,n
549a3efb-e72e-4758-b429-a3665d00d3b4,aor,2s,გამო--ჩნდ--ი,n
549a3efb-e72e-4758-b429-a3665d00d3b4,aor,3s,გამო--ჩნდ--ა,n
549a3efb-e72e-4758-b429-a3665d00d3b4,aor,1p,გამო-ვ-ჩნდ--ით,n
549a3efb-e72e-4758-b429-a3665d00d3b4,aor,2p,გამო--ჩნდ--ით,n
549a3efb-e72e-4758-b429-a3665d00d3b4,aor,3p,გამო--ჩნდ--ნენ,n
549a3efb-e72e-4758-b429-a3665d00d3b4,opt,1s,გამო-ვ-ჩნდ--ე,n
549a3efb-e72e-4758-b429-a3665d00d3b4,opt,2s,გამო--ჩნდ--ე,n
549a3efb-e72e-4758-b429-a3665d00d3b4,opt,3s,გამო--ჩნდ--ეს,n
549a3efb-e72e-4758-b429-a3665d00d3b4,opt,1p,გამო-ვ-ჩნდ--ეთ,n
549a3efb-e72e-4758-b429-a3665d00d3b4,opt,2p,გამო--ჩნდ--ეთ,n
549a3efb-e72e-4758-b429-a3665d00d3b4,opt,3p,გამო--ჩნდ--ნენ,n
3a6722e2-3dd7-4db5-a8de-544b00419215,pres,1s,-ვ-უკრ-ავ-,n
3a6722e2-3dd7-4db5-a8de-544b00419215,pres,2s,--უკრ-ავ-,n
3a6722e2-3dd7-4db5-a8de-544b00419215,pres,3s,--უკრ-ავ-ს,n
3a6722e2-3dd7-4db5-a8de-544b00419215,pres,1p,-ვ-უკრ-ავ-თ,n
3a6722e2-3dd7-4db5-a8de-544b00419215,pres,2p,--უკრ-ავ-თ,n
3a6722e2-3dd7-4db5-a8de-544b00419215,pres,3p,--უკრ-ავ-ენ,n
3a6722e2-3dd7-4db5-a8de-544b00419215,imp,1s,-ვ-უკრ-ავ-დი,n
3a6722e2-3dd7-4db5-a8de-544b00419215,imp,2s,--უკრ-ავ-დი,n
3a6722e2-3dd7-4db5-a8de-544b00419215,imp,3s,--უკრ-ავ-და,n
3a6722e2-3dd7-4db5-a8de-544b00419215,imp,1p,-ვ-უკრ-ავ-დით,n
3a6722e2-3dd7-4db5-a8de-544b00419215,imp,2p,--უკრ-ავ-დით,n
3a6722e2-3dd7-4db5-a8de-544b00419215,imp,3p,--უკრ-ავ-დნენ,n
3a6722e2-3dd7-4db5-a8de-544b00419215,pres-subj,1s,-ვ-უკრ-ავ-დე,n
3a6722e2-3dd7-4db5-a8de-544b00419215,pres-subj,2s,--უკრ-ავ-დე,n
3a6722e2-3dd7-4db5-a8de-544b00419215,pres-subj,3s,--უკრ-ავ-დეს,n
3a6722e2-3dd7-4db5-a8de-544b00419215,pres-subj,1p,-ვ-უკრ-ავ-დეთ,n
3a6722e2-3dd7-4db5-a8de-544b00419215,pres-subj,2p,--უკრ-ავ-დეთ,n
3a6722e2-3dd7-4db5-a8de-544b00419215,pres-subj,3p,--უკრ-ავ-დნენ,n
3a6722e2-3dd7-4db5-a8de-544b00419215,fut,1s,და-ვ-უკრ-ავ-,n
3a6722e2-3dd7-4db5-a8de-544b00419215,fut,2s,და--უკრ-ავ-,n
3a6722e2-3dd7-4db5-a8de-544b00419215,fut,3s,და--უკრ-ავ-ს,n
3a6722e2-3dd7-4db5-a8de-544b00419215,fut,1p,და-ვ-უკრ-ავ-თ,n
3a6722e2-3dd7-4db5-a8de-544b00419215,fut,2p,და--უკრ-ავ-თ,n
3a6722e2-3dd7-4db5-a8de-544b00419215,fut,3p,და--უკრ-ავ-ენ,n
3a6722e2-3dd7-4db5-a8de-544b00419215,cond,1s,და-ვ-უკრ-ავ-დი,n
3a6722e2-3dd7-4db5-a8de-544b00419215,cond,2s,და--უკრ-ავ-დი,n
3a6722e2-3dd7-4db5-a8de-544b00419215,cond,3s,და--უკრ-ავ-და,n
3a6722e2-3dd7-4db5-a8de-544b00419215,cond,1p,და-ვ-უკრ-ავ-დით,n
3a6722e2-3dd7-4db5-a8de-544b00419215,cond,2p,და--უკრ-ავ-დით,n
3a6722e2-3dd7-4db5-a8de-544b00419215,cond,3p,და--უკრ-ავ-დნენ,n
3a6722e2-3dd7-4db5-a8de-544b00419215,aor,1s,და-ვ-უკარ--ი,n
3a6722e2-3dd7-4db5-a8de-544b00419215,aor,2s,და--უკარ--ი,n
3a6722e2-3dd7-4db5-a8de-544b00419215,aor,3s,და--უკრ--ა,n
3a6722e2-3dd7-4db5-a8de-544b00419215,aor,1p,და-ვ-უკარ--ით,n
3a6722e2-3dd7-4db5-a8de-544b00419215,aor,2p,და--უკარ--ით,n
3a6722e2-3dd7-4db5-a8de-544b00419215,aor,3p,და--უკრ--ეს,n
3a6722e2-3dd7-4db5-a8de-544b00419215,opt,1s,და-ვ-უკარ--ა,n
3a6722e2-3dd7-4db5-a8de-544b00419215,opt,2s,და--უკარ--ა,n
3a6722e2-3dd7-4db5-a8de-544b00419215,opt,3s,და--უკრ--ას,n
3a6722e2-3dd7-4db5-a8de-544b00419215,opt,1p,და-ვ-უკარ--ათ,n
3a6722e2-3dd7-4db5-a8de-544b00419215,opt,2p,და--უკარ--ათ,n
3a6722e2-3dd7-4db5-a8de-544b00419215,opt,3p,და--უკრ--ან,n
02529062-b091-493a-a971-9d9938f8d11b,pres,1s,-ვ-ნიშნ-ავ-,n
02529062-b091-493a-a971-9d9938f8d11b,pres,2s,--ნიშნ-ავ-,n
02529062-b091-493a-a971-9d9938f8d11b,pres,3s,--ნიშნ-ავ-ს,n
02529062-b091-493a-a971-9d9938f8d11b,pres,1p,-ვ-ნიშნ-ავ-თ,n
02529062-b091-493a-a971-9d9938f8d11b,pres,2p,--ნიშნ-ავ-თ,n
02529062-b091-493a-a971-9d9938f8d11b,pres,3p,--ნიშნ-ავ-ენ,n
02529062-b091-493a-a971-9d9938f8d11b,imp,1s,-ვ-ნიშნ-ავ-დი,n
02529062-b091-493a-a971-9d9938f8d11b,imp,2s,--ნიშნ-ავ-დი,n
02529062-b091-493a-a971-9d9938f8d11b,imp,3s,--ნიშნ-ავ-და,n
02529062-b091-493a-a971-9d9938f8d11b,imp,1p,-ვ-ნიშნ-ავ-დით,n
02529062-b091-493a-a971-9d9938f8d11b,imp,2p,--ნიშნ-ავ-დით,n
02529062-b091-493a-a971-9d9938f8d11b,imp,3p,--ნიშნ-ავ-დნენ,n
02529062-b091-493a-a971-9d9938f8d11b,pres-subj,1s,-ვ-ნიშნ-ავ-დე,n
02529062-b091-493a-a971-9d9938f8d11b,pres-subj,2s,--ნიშნ-ავ-დე,n
02529062-b091-493a-a971-9d9938f8d11b,pres-subj,3s,--ნიშნ-ავ-დეს,n
02529062-b091-493a-a971-9d9938f8d11b,pres-subj,1p,-ვ-ნიშნ-ავ-დეთ,n
02529062-b091-493a-a971-9d9938f8d11b,pres-subj,2p,--ნიშნ-ავ-დეთ,n
02529062-b091-493a-a971-9d9938f8d11b,pres-subj,3p,--ნიშნ-ავ-დნენ,n
02529062-b091-493a-a971-9d9938f8d11b,fut,1s,და-ვ-ნიშნ-ავ-,n
02529062-b091-493a-a971-9d9938f8d11b,fut,2s,და--ნიშნ-ავ-,n
02529062-b091-493a-a971-9d9938f8d11b,fut,3s,და--ნიშნ-ავ-ს,n
02529062-b091-493a-a971-9d9938f8d11b,fut,1p,და-ვ-ნიშნ-ავ-თ,n
02529062-b091-493a-a971-9d9938f8d11b,fut,2p,და--ნიშნ-ავ-თ,n
02529062-b091-493a-a971-9d9938f8d11b,fut,3p,და--ნიშნ-ავ-ენ,n
02529062-b091-493a-a971-9d9938f8d11b,cond,1s,და-ვ-ნიშნ-ავ-დი,n
02529062-b091-493a-a971-9d9938f8d11b,cond,2s,და--ნიშნ-ავ-დი,n
02529062-b091-493a-a971-9d9938f8d11b,cond,3s,და--ნიშნ-ავ-და,n
02529062-b091-493a-a971-9d9938f8d11b,cond,1p,და-ვ-ნიშნ-ავ-დით,n
02529062-b091-493a-a971-9d9938f8d11b,cond,2p,და--ნიშნ-ავ-დით,n
02529062-b091-493a-a971-9d9938f8d11b,cond,3p,და--ნიშნ-ავ-დნენ,n
02529062-b091-493a-a971-9d9938f8d11b,aor,1s,და-ვ-ნიშნ--ე,n
02529062-b091-493a-a971-9d9938f8d11b,aor,2s,და--ნიშნ--ე,n
02529062-b091-493a-a971-9d9938f8d11b,aor,3s,და--ნიშნ--ა,n
02529062-b091-493a-a971-9d9938f8d11b,aor,1p,და-ვ-ნიშნ--ეთ,n
02529062-b091-493a-a971-9d9938f8d11b,aor,2p,და--ნიშნ--ეთ,n
02529062-b091-493a-a971-9d9938f8d11b,aor,3p,და--ნიშნ--ეს,n
02529062-b091-493a-a971-9d9938f8d11b,opt,1s,და-ვ-ნიშნ--,n
02529062-b091-493a-a971-9d9938f8d11b,opt,2s,და--ნიშნ--,n
02529062-b091-493a-a971-9d9938f8d11b,opt,3s,და--ნიშნ--ოს,n
02529062-b091-493a-a971-9d9938f8d11b,opt,1p,და-ვ-ნიშნ--ოთ,n
02529062-b091-493a-a971-9d9938f8d11b,opt,2p,და--ნიშნ--ოთ,n
02529062-b091-493a-a971-9d9938f8d11b,opt,3p,და--ნიშნ--ონ,n
0931b083-4750-407a-a5c8-10e82b16d3f9,pres,1s,-ვ-აფას-ებ-,n
0931b083-4750-407a-a5c8-10e82b16d3f9,pres,2s,--აფას-ებ-,n
0931b083-4750-407a-a5c8-10e82b16d3f9,pres,3s,--აფას-ებ-ს,n
0931b083-4750-407a-a5c8-10e82b16d3f9,pres,1p,-ვ-აფას-ებ-თ,n
0931b083-4750-407a-a5c8-10e82b16d3f9,pres,2p,--აფას-ებ-თ,n
0931b083-4750-407a-a5c8-10e82b16d3f9,pres,3p,--აფას-ებ-ენ,n
0931b083-4750-407a-a5c8-10e82b16d3f9,imp,1s,-ვ-აფას-ებ-დი,n
0931b083-4750-407a-a5c8-10e82b16d3f9,imp,2s,--აფას-ებ-დი,n
0931b083-4750-407a-a5c8-10e82b16d3f9,imp,3s,--აფას-ებ-და,n
0931b083-4750-407a-a5c8-10e82b16d3f9,imp,1p,-ვ-აფას-ებ-დით,n
0931b083-4750-407a-a5c8-10e82b16d3f9,imp,2p,--აფას-ებ-დით,n
0931b083-4750-407a-a5c8-10e82b16d3f9,imp,3p,--აფას-ებ-დნენ,n
0931b083-4750-407a-a5c8-10e82b16d3f9,pres-subj,1s,-ვ-აფას-ებ-დე,n
0931b083-4750-407a-a5c8-10e82b16d3f9,pres-subj,2s,--აფას-ებ-დე,n
0931b083-4750-407a-a5c8-10e82b16d3f9,pres-subj,3s,--აფას-ებ-დეს,n
0931b083-4750-407a-a5c8-10e82b16d3f9,pres-subj,1p,-ვ-აფას-ებ-დეთ,n
0931b083-4750-407a-a5c8-10e82b16d3f9,pres-subj,2p,--აფას-ებ-დეთ,n
0931b083-4750-407a-a5c8-10e82b16d3f9,pres-subj,3p,--აფას-ებ-დნენ,n
0931b083-4750-407a-a5c8-10e82b16d3f9,fut,1s,და-ვ-აფას-ებ-,n
0931b083-4750-407a-a5c8-10e82b16d3f9,fut,2s,და--აფას-ებ-,n
0931b083-4750-407a-a5c8-10e82b16d3f9,fut,3s,და--აფას-ებ-ს,n
0931b083-4750-407a-a5c8-10e82b16d3f9,fut,1p,და-ვ-აფას-ებ-თ,n
0931b083-4750-407a-a5c8-10e82b16d3f9,fut,2p,და--აფას-ებ-თ,n
0931b083-4750-407a-a5c8-10e82b16d3f9,fut,3p,და--აფას-ებ-ენ,n
0931b083-4750-407a-a5c8-10e82b16d3f9,cond,1s,და-ვ-აფას-ებ-დი,n
0931b083-4750-407a-a5c8-10e82b16d3f9,cond,2s,და--აფას-ებ-დი,n
0931b083-4750-407a-a5c8-10e82b16d3f9,cond,3s,და--აფას-ებ-და,n
0931b083-4750-407a-a5c8-10e82b16d3f9,cond,1p,და-ვ-აფას-ებ-დით,n
0931b083-4750-407a-a5c8-10e82b16d3f9,cond,2p,და--აფას-ებ-დით,n
0931b083-4750-407a-a5c8-10e82b16d3f9,cond,3p,და--აფას-ებ-დნენ,n
0931b083-4750-407a-a5c8-10e82b16d3f9,aor,1s,და-ვ-აფას--ე,n
0931b083-4750-407a-a5c8-10e82b16d3f9,aor,2s,და--აფას--ე,n
0931b083-4750-407a-a5c8-10e82b16d3f9,aor,3s,და--აფას--ა,n
0931b083-4750-407a-a5c8-10e82b16d3f9,aor,1p,და-ვ-აფას--ეთ,n
0931b083-4750-407a-a5c8-10e82b16d3f9,aor,2p,და--აფას--ეთ,n
0931b083-4750-407a-a5c8-10e82b16d3f9,aor,3p,და--აფას--ეს,n
0931b083-4750-407a-a5c8-10e82b16d3f9,opt,1s,და-ვ-აფას--,n
0931b083-4750-407a-a5c8-10e82b16d3f9,opt,2s,და--აფას--,n
0931b083-4750-407a-a5c8-10e82b16d3f9,opt,3s,და--აფას--ოს,n
0931b083-4750-407a-a5c8-10e82b16d3f9,opt,1p,და-ვ-აფას--ოთ,n
0931b083-4750-407a-a5c8-10e82b16d3f9,opt,2p,და--აფას--ოთ,n
0931b083-4750-407a-a5c8-10e82b16d3f9,opt,3p,და--აფას--ონ,n
c9b452dd-b7b6-4501-8788-80e2ab829e50,pres,1s,-ვ-უახლოვდ-ებ-ი,n
c9b452dd-b7b6-4501-8788-80e2ab829e50,pres,2s,--უახლოვდ-ებ-ი,n
c9b452dd-b7b6-4501-8788-80e2ab829e50,pres,3s,--უახლოვდ-ებ-ა,n
c9b452dd-b7b6-4501-8788-80e2ab829e50,pres,1p,-ვ-უახლოვდ-ებ-ით,n
c9b452dd-b7b6-4501-8788-80e2ab829e50,pres,2p,--უახლოვდ-ებ-ით,n
c9b452dd-b7b6-4501-8788-80e2ab829e50,pres,3p,--უახლოვდ-ებ-იან,n
c9b452dd-b7b6-4501-8788-80e2ab829e50,imp,1s,-ვ-უახლოვდ-ებ-ოდი,n
c9b452dd-b7b6-4501-8788-80e2ab829e50,imp,2s,--უახლოვდ-ებ-ოდი,n
c9b452dd-b7b6-4501-8788-80e2ab829e50,imp,3s,--უახლოვდ-ებ-ოდა,n
c9b452dd-b7b6-4501-8788-80e2ab829e50,imp,1p,-ვ-უახლოვდ-ებ-ოდით,n
c9b452dd-b7b6-4501-8788-80e2ab829e50,imp,2p,--უახლოვდ-ებ-ოდით,n
c9b452dd-b7b6-4501-8788-80e2ab829e50,imp,3p,--უახლოვდ-ებ-ოდნენ,n
c9b452dd-b7b6-4501-8788-80e2ab829e50,pres-subj,1s,-ვ-უახლოვდ-ებ-ოდე,n
c9b452dd-b7b6-4501-8788-80e2ab829e50,pres-subj,2s,--უახლოვდ-ებ-ოდე,n
c9b452dd-b7b6-4501-8788-80e2ab829e50,pres-subj,3s,--უახლოვდ-ებ-ოდეს,n
c9b452dd-b7b6-4501-8788-80e2ab829e50,pres-subj,1p,-ვ-უახლოვდ-ებ-ოდეთ,n
c9b452dd-b7b6-4501-8788-80e2ab829e50,pres-subj,2p,--უახლოვდ-ებ-ოდეთ,n
c9b452dd-b7b6-4501-8788-80e2ab829e50,pres-subj,3p,--უახლოვდ-ებ-ოდნენ,n
c9b452dd-b7b6-4501-8788-80e2ab829e50,fut,1s,მი-ვ-უახლოვდ-ებ-ი,n
c9b452dd-b7b6-4501-8788-80e2ab829e50,fut,2s,მი--უახლოვდ-ებ-ი,n
c9b452dd-b7b6-4501-8788-80e2ab829e50,fut,3s,მი--უახლოვდ-ებ-ა,n
c9b452dd-b7b6-4501-8788-80e2ab829e50,fut,1p,მი-ვ-უახლოვდ-ებ-ით,n
c9b452dd-b7b6-4501-8788-80e2ab829e50,fut,2p,მი--უახლოვდ-ებ-ით,n
c9b452dd-b7b6-4501-8788-80e2ab829e50,fut,3p,მი--უახლოვდ-ებ-იან,n
c9b452dd-b7b6-4501-8788-80e2ab829e50,cond,1s,მი-ვ-უახლოვდ-ებ-ოდი,n
c9b452dd-b7b6-4501-8788-80e2ab829e50,cond,2s,მი--უახლოვდ-ებ-ოდი,n
c9b452dd-b7b6-4501-8788-80e2ab829e50,cond,3s,მი--უახლოვდ-ებ-ოდა,n
c9b452dd-b7b6-4501-8788-80e2ab829e50,cond,1p,მი-ვ-უახლოვდ-ებ-ოდით,n
c9b452dd-b7b6-4501-8788-80e2ab829e50,cond,2p,მი--უახლოვდ-ებ-ოდით,n
c9b452dd-b7b6-4501-8788-80e2ab829e50,cond,3p,მი--უახლოვდ-ებ-ოდნენ,n
c9b452dd-b7b6-4501-8788-80e2ab829e50,aor,1s,მი-ვ-უახლოვდ--ი,n
c9b452dd-b7b6-4501-8788-80e2ab829e50,aor,2s,მი--უახლოვდ--ი,n
c9b452dd-b7b6-4501-8788-80e2ab829e50,aor,3s,მი--უახლოვდ--ა,n
c9b452dd-b7b6-4501-8788-80e2ab829e50,aor,1p,მი-ვ-უახლოვდ--ით,n
c9b452dd-b7b6-4501-8788-80e2ab829e50,aor,2p,მი--უახლოვდ--ით,n
c9b452dd-b7b6-4501-8788-80e2ab829e50,aor,3p,მი--უახლოვდ--ნენ,n
c9b452dd-b7b6-4501-8788-80e2ab829e50,opt,1s,მი-ვ-უახლოვდ--ე,n
c9b452dd-b7b6-4501-8788-80e2ab829e50,opt,2s,მი--უახლოვდ--ე,n
c9b452dd-b7b6-4501-8788-80e2ab829e50,opt,3s,მი--უახლოვდ--ეს,n
c9b452dd-b7b6-4501-8788-80e2ab829e50,opt,1p,მი-ვ-უახლოვდ--ეთ,n
c9b452dd-b7b6-4501-8788-80e2ab829e50,opt,2p,მი--უახლოვდ--ეთ,n
c9b452dd-b7b6-4501-8788-80e2ab829e50,opt,3p,მი--უახლოვდ--ენ,n
14a9916f-853c-4a42-a653-010d29e89b5c,pres,1s,ვ--კამათ-ობ-,y
14a9916f-853c-4a42-a653-010d29e89b5c,pres,2s,--კამათ-ობ-,y
14a9916f-853c-4a42-a653-010d29e89b5c,pres,3s,--კამათ-ობ-ს,y
14a9916f-853c-4a42-a653-010d29e89b5c,pres,1p,ვ--კამათ-ობ-თ,y
14a9916f-853c-4a42-a653-010d29e89b5c,pres,2p,--კამათ-ობ-თ,y
14a9916f-853c-4a42-a653-010d29e89b5c,pres,3p,--კამათ-ობ-ენ,y
14a9916f-853c-4a42-a653-010d29e89b5c,imp,1s,ვ--კამათ-ობ-დი,y
14a9916f-853c-4a42-a653-010d29e89b5c,imp,2s,--კამათ-ობ-დი,y
14a9916f-853c-4a42-a653-010d29e89b5c,imp,3s,--კამათ-ობ-და,y
14a9916f-853c-4a42-a653-010d29e89b5c,imp,1p,ვ--კამათ-ობ-დით,y
14a9916f-853c-4a42-a653-010d29e89b5c,imp,2p,--კამათ-ობ-დით,y
14a9916f-853c-4a42-a653-010d29e89b5c,imp,3p,--კამათ-ობ-დნენ,y
14a9916f-853c-4a42-a653-010d29e89b5c,pres-subj,1s,ვ--კამათ-ობ-დე,y
14a9916f-853c-4a42-a653-010d29e89b5c,pres-subj,2s,--კამათ-ობ-დე,y
14a9916f-853c-4a42-a653-010d29e89b5c,pres-subj,3s,--კამათ-ობ-დეს,y
14a9916f-853c-4a42-a653-010d29e89b5c,pres-subj,1p,ვ--კამათ-ობ-დეთ,y
14a9916f-853c-4a42-a653-010d29e89b5c,pres-subj,2p,--კამათ-ობ-დეთ,y
14a9916f-853c-4a42-a653-010d29e89b5c,pres-subj,3p,--კამათ-ობ-დნენ,y
14a9916f-853c-4a42-a653-010d29e89b5c,fut,1s,ვ-ი-კამათ-ებ-,y
14a9916f-853c-4a42-a653-010d29e89b5c,fut,2s,-ი-კამათ-ებ-,y
14a9916f-853c-4a42-a653-010d29e89b5c,fut,3s,-ი-კამათ-ებ-ს,y
14a9916f-853c-4a42-a653-010d29e89b5c,fut,1p,ვ-ი-კამათ-ებ-თ,y
14a9916f-853c-4a42-a653-010d29e89b5c,fut,2p,-ი-კამათ-ებ-თ,y
14a9916f-853c-4a42-a653-010d29e89b5c,fut,3p,-ი-კამათ-ებ-ენ,y
14a9916f-853c-4a42-a653-010d29e89b5c,cond,1s,ვ-ი-კამათ-ებ-დი,y
14a9916f-853c-4a42-a653-010d29e89b5c,cond,2s,-ი-კამათ-ებ-დი,y
14a9916f-853c-4a42-a653-010d29e89b5c,cond,3s,-ი-კამათ-ებ-და,y
14a9916f-853c-4a42-a653-010d29e89b5c,cond,1p,ვ-ი-კამათ-ებ-დით,y
14a9916f-853c-4a42-a653-010d29e89b5c,cond,2p,-ი-კამათ-ებ-დით,y
14a9916f-853c-4a42-a653-010d29e89b5c,cond,3p,-ი-კამათ-ებ-დნენ,y
14a9916f-853c-4a42-a653-010d29e89b5c,aor,1s,ვ-ი-კამათ--ე,y
14a9916f-853c-4a42-a653-010d29e89b5c,aor,2s,-ი-კამათ--ე,y
14a9916f-853c-4a42-a653-010d29e89b5c,aor,3s,-ი-კამათ--ა,y
14a9916f-853c-4a42-a653-010d29e89b5c,aor,1p,ვ-ი-კამათ--ეთ,y
14a9916f-853c-4a42-a653-010d29e89b5c,aor,2p,-ი-კამათ--ეთ,y
14a9916f-853c-4a42-a653-010d29e89b5c,aor,3p,-ი-კამათ--ეს,y
14a9916f-853c-4a42-a653-010d29e89b5c,opt,1s,ვ-ი-კამათ--,y
14a9916f-853c-4a42-a653-010d29e89b5c,opt,2s,-ი-კამათ--,y
14a9916f-853c-4a42-a653-010d29e89b5c,opt,3s,-ი-კამათ--ოს,y
14a9916f-853c-4a42-a653-010d29e89b5c,opt,1p,ვ-ი-კამათ--ოთ,y
14a9916f-853c-4a42-a653-010d29e89b5c,opt,2p,-ი-კამათ--ოთ,y
14a9916f-853c-4a42-a653-010d29e89b5c,opt,3p,-ი-კამათ--ონ,y
e5112a11-6a86-4265-96f9-342c540a4dfd,pres,1s,ვ--კითხ-ულობ-,y
e5112a11-6a86-4265-96f9-342c540a4dfd,pres,2s,--კითხ-ულობ-,y
e5112a11-6a86-4265-96f9-342c540a4dfd,pres,3s,--კითხ-ულობ-ს,y
e5112a11-6a86-4265-96f9-342c540a4dfd,pres,1p,ვ--კითხ-ულობ-თ,y
e5112a11-6a86-4265-96f9-342c540a4dfd,pres,2p,--კითხ-ულობ-თ,y
e5112a11-6a86-4265-96f9-342c540a4dfd,pres,3p,--კითხ-ულობ-ენ,y
e5112a11-6a86-4265-96f9-342c540a4dfd,pres-subj,1s,ვ--კითხ-ულობ-დე,y
e5112a11-6a86-4265-96f9-342c540a4dfd,pres-subj,2s,--კითხ-ულობ-დე,y
e5112a11-6a86-4265-96f9-342c540a4dfd,pres-subj,3s,--კითხ-ულობ-დეს,y
e5112a11-6a86-4265-96f9-342c540a4dfd,pres-subj,1p,ვ--კითხ-ულობ-დეთ,y
e5112a11-6a86-4265-96f9-342c540a4dfd,pres-subj,2p,--კითხ-ულობ-დეთ,y
e5112a11-6a86-4265-96f9-342c540a4dfd,pres-subj,3p,--კითხ-ულობ-დნენ,y
e5112a11-6a86-4265-96f9-342c540a4dfd,fut,1s,ვ-ი-კითხ-ავ-,y
e5112a11-6a86-4265-96f9-342c540a4dfd,fut,2s,-ი-კითხ-ავ-,y
e5112a11-6a86-4265-96f9-342c540a4dfd,fut,3s,-ი-კითხ-ავ-ს,y
e5112a11-6a86-4265-96f9-342c540a4dfd,fut,1p,ვ-ი-კითხ-ავ-თ,y
e5112a11-6a86-4265-96f9-342c540a4dfd,fut,2p,-ი-კითხ-ავ-თ,y
e5112a11-6a86-4265-96f9-342c540a4dfd,fut,3p,-ი-კითხ-ავ-ენ,y
e5112a11-6a86-4265-96f9-342c540a4dfd,aor,1s,ვ-ი-კითხ--ე,y
e5112a11-6a86-4265-96f9-342c540a4dfd,aor,2s,-ი-კითხ--ე,y
e5112a11-6a86-4265-96f9-342c540a4dfd,aor,3s,-ი-კითხ--ა,y
e5112a11-6a86-4265-96f9-342c540a4dfd,aor,1p,ვ-ი-კითხ--ეთ,y
e5112a11-6a86-4265-96f9-342c540a4dfd,aor,2p,-ი-კითხ--ეთ,y
e5112a11-6a86-4265-96f9-342c540a4dfd,aor,3p,-ი-კითხ--ეს,y
e5112a11-6a86-4265-96f9-342c540a4dfd,opt,1s,ვ-ი-კითხ--ო,y
e5112a11-6a86-4265-96f9-342c540a4dfd,opt,2s,-ი-კითხ--ო,y
e5112a11-6a86-4265-96f9-342c540a4dfd,opt,3s,-ი-კითხ--ოს,y
e5112a11-6a86-4265-96f9-342c540a4dfd,opt,1p,ვ-ი-კითხ--ოთ,y
e5112a11-6a86-4265-96f9-342c540a4dfd,opt,2p,-ი-კითხ--ოთ,y
e5112a11-6a86-4265-96f9-342c540a4dfd,opt,3p,-ი-კითხ--ონ,y
b3f608aa-ddf8-4ba6-b7e6-ec5dcaa74494,pres,1s,-ვ-ამაგრ-ებ-,n
b3f608aa-ddf8-4ba6-b7e6-ec5dcaa74494,pres,2s,--ამაგრ-ებ-,n
b3f608aa-ddf8-4ba6-b7e6-ec5dcaa74494,pres,3s,--ამაგრ-ებ-ს,n
b3f608aa-ddf8-4ba6-b7e6-ec5dcaa74494,pres,1p,-ვ-ამაგრ-ებ-თ,n
b3f608aa-ddf8-4ba6-b7e6-ec5dcaa74494,pres,2p,--ამაგრ-ებ-თ,n
b3f608aa-ddf8-4ba6-b7e6-ec5dcaa74494,pres,3p,--ამაგრ-ებ-ენ,n
b3f608aa-ddf8-4ba6-b7e6-ec5dcaa74494,imp,1s,-ვ-ამაგრ-ებ-დი,n
b3f608aa-ddf8-4ba6-b7e6-ec5dcaa74494,imp,2s,--ამაგრ-ებ-დი,n
b3f608aa-ddf8-4ba6-b7e6-ec5dcaa74494,imp,3s,--ამაგრ-ებ-და,n
b3f608aa-ddf8-4ba6-b7e6-ec5dcaa74494,imp,1p,-ვ-ამაგრ-ებ-დით,n
b3f608aa-ddf8-4ba6-b7e6-ec5dcaa74494,imp,2p,--ამაგრ-ებ-დით,n
b3f608aa-ddf8-4ba6-b7e6-ec5dcaa74494,imp,3p,--ამაგრ-ებ-დნენ,n
b3f608aa-ddf8-4ba6-b7e6-ec5dcaa74494,pres-subj,1s,-ვ-ამაგრ-ებ-დე,n
b3f608aa-ddf8-4ba6-b7e6-ec5dcaa74494,pres-subj,2s,--ამაგრ-ებ-დე,n
b3f608aa-ddf8-4ba6-b7e6-ec5dcaa74494,pres-subj,3s,--ამაგრ-ებ-დეს,n
b3f608aa-ddf8-4ba6-b7e6-ec5dcaa74494,pres-subj,1p,-ვ-ამაგრ-ებ-დეთ,n
b3f608aa-ddf8-4ba6-b7e6-ec5dcaa74494,pres-subj,2p,--ამაგრ-ებ-დეთ,n
b3f608aa-ddf8-4ba6-b7e6-ec5dcaa74494,pres-subj,3p,--ამაგრ-ებ-დნენ,n
b3f608aa-ddf8-4ba6-b7e6-ec5dcaa74494,fut,1s,მი-ვ-ამაგრ-ებ-,n
b3f608aa-ddf8-4ba6-b7e6-ec5dcaa74494,fut,2s,მი--ამაგრ-ებ-,n
b3f608aa-ddf8-4ba6-b7e6-ec5dcaa74494,fut,3s,მი--ამაგრ-ებ-ს,n
b3f608aa-ddf8-4ba6-b7e6-ec5dcaa74494,fut,1p,მი-ვ-ამაგრ-ებ-თ,n
b3f608aa-ddf8-4ba6-b7e6-ec5dcaa74494,fut,2p,მი--ამაგრ-ებ-თ,n
b3f608aa-ddf8-4ba6-b7e6-ec5dcaa74494,fut,3p,მი--ამაგრ-ებ-ენ,n
b3f608aa-ddf8-4ba6-b7e6-ec5dcaa74494,cond,1s,მი-ვ-ამაგრ-ებ-დი,n
b3f608aa-ddf8-4ba6-b7e6-ec5dcaa74494,cond,2s,მი--ამაგრ-ებ-დი,n
b3f608aa-ddf8-4ba6-b7e6-ec5dcaa74494,cond,3s,მი--ამაგრ-ებ-და,n
b3f608aa-ddf8-4ba6-b7e6-ec5dcaa74494,cond,1p,მი-ვ-ამაგრ-ებ-დით,n
b3f608aa-ddf8-4ba6-b7e6-ec5dcaa74494,cond,2p,მი--ამაგრ-ებ-დით,n
b3f608aa-ddf8-4ba6-b7e6-ec5dcaa74494,cond,3p,მი--ამაგრ-ებ-დნენ,n
b3f608aa-ddf8-4ba6-b7e6-ec5dcaa74494,aor,1s,და-ვ-ამაგრ--ე,n
b3f608aa-ddf8-4ba6-b7e6-ec5dcaa74494,aor,2s,და--ამაგრ--ე,n
b3f608aa-ddf8-4ba6-b7e6-ec5dcaa74494,aor,3s,და--ამაგრ--ა,n
b3f608aa-ddf8-4ba6-b7e6-ec5dcaa74494,aor,1p,და-ვ-ამაგრ--ეთ,n
b3f608aa-ddf8-4ba6-b7e6-ec5dcaa74494,aor,2p,და--ამაგრ--ეთ,n
b3f608aa-ddf8-4ba6-b7e6-ec5dcaa74494,aor,3p,და--ამაგრ--ეს,n
b3f608aa-ddf8-4ba6-b7e6-ec5dcaa74494,opt,1s,და-ვ-ამაგრ--,n
b3f608aa-ddf8-4ba6-b7e6-ec5dcaa74494,opt,2s,და--ამაგრ--,n
b3f608aa-ddf8-4ba6-b7e6-ec5dcaa74494,opt,3s,და--ამაგრ--ოს,n
b3f608aa-ddf8-4ba6-b7e6-ec5dcaa74494,opt,1p,და-ვ-ამაგრ--ოთ,n
b3f608aa-ddf8-4ba6-b7e6-ec5dcaa74494,opt,2p,და--ამაგრ--ოთ,n
b3f608aa-ddf8-4ba6-b7e6-ec5dcaa74494,opt,3p,და--ამაგრ--ონ,n
b1bf67d5-4231-4359-8255-80c1e076d529,pres,1s,-ვ-აცხ-ობ-,n
b1bf67d5-4231-4359-8255-80c1e076d529,pres,2s,--აცხ-ობ-,n
b1bf67d5-4231-4359-8255-80c1e076d529,pres,3s,--აცხ-ობ-ს,n
b1bf67d5-4231-4359-8255-80c1e076d529,pres,1p,-ვ-აცხ-ობ-თ,n
b1bf67d5-4231-4359-8255-80c1e076d529,pres,2p,--აცხ-ობ-თ,n
b1bf67d5-4231-4359-8255-80c1e076d529,pres,3p,--აცხ-ობ-ენ,n
b1bf67d5-4231-4359-8255-80c1e076d529,imp,1s,-ვ-აცხ-ობ-დი,n
b1bf67d5-4231-4359-8255-80c1e076d529,imp,2s,--აცხ-ობ-დი,n
b1bf67d5-4231-4359-8255-80c1e076d529,imp,3s,--აცხ-ობ-და,n
b1bf67d5-4231-4359-8255-80c1e076d529,imp,1p,-ვ-აცხ-ობ-დით,n
b1bf67d5-4231-4359-8255-80c1e076d529,imp,2p,--აცხ-ობ-დით,n
b1bf67d5-4231-4359-8255-80c1e076d529,imp,3p,--აცხ-ობ-დნენ,n
b1bf67d5-4231-4359-8255-80c1e076d529,pres-subj,1s,-ვ-აცხ-ობ-დე,n
b1bf67d5-4231-4359-8255-80c1e076d529,pres-subj,2s,--აცხ-ობ-დე,n
b1bf67d5-4231-4359-8255-80c1e076d529,pres-subj,3s,--აცხ-ობ-დეს,n
b1bf67d5-4231-4359-8255-80c1e076d529,pres-subj,1p,-ვ-აცხ-ობ-დეთ,n
b1bf67d5-4231-4359-8255-80c1e076d529,pres-subj,2p,--აცხ-ობ-დეთ,n
b1bf67d5-4231-4359-8255-80c1e076d529,pres-subj,3p,--აცხ-ობ-დნენ,n
b1bf67d5-4231-4359-8255-80c1e076d529,fut,1s,გამო-ვ-აცხ-ობ-,n
b1bf67d5-4231-4359-8255-80c1e076d529,fut,2s,გამო--აცხ-ობ-,n
b1bf67d5-4231-4359-8255-80c1e076d529,fut,3s,გამო--აცხ-ობ-ს,n
b1bf67d5-4231-4359-8255-80c1e076d529,fut,1p,გამო-ვ-აცხ-ობ-თ,n
b1bf67d5-4231-4359-8255-80c1e076d529,fut,2p,გამო--აცხ-ობ-თ,n
b1bf67d5-4231-4359-8255-80c1e076d529,fut,3p,გამო--აცხ-ობ-ენ,n
b1bf67d5-4231-4359-8255-80c1e076d529,cond,1s,გამო-ვ-აცხ-ობ-დი,n
b1bf67d5-4231-4359-8255-80c1e076d529,cond,2s,გამო--აცხ-ობ-დი,n
b1bf67d5-4231-4359-8255-80c1e076d529,cond,3s,გამო--აცხ-ობ-და,n
b1bf67d5-4231-4359-8255-80c1e076d529,cond,1p,გამო-ვ-აცხ-ობ-დით,n
b1bf67d5-4231-4359-8255-80c1e076d529,cond,2p,გამო--აცხ-ობ-დით,n
b1bf67d5-4231-4359-8255-80c1e076d529,cond,3p,გამო--აცხ-ობ-დნენ,n
b1bf67d5-4231-4359-8255-80c1e076d529,aor,1s,გამო-ვ-აცხ--ე,n
b1bf67d5-4231-4359-8255-80c1e076d529,aor,2s,გამო--აცხ--ე,n
b1bf67d5-4231-4359-8255-80c1e076d529,aor,3s,გამო--აცხ--ო,n
b1bf67d5-4231-4359-8255-80c1e076d529,aor,1p,გამო-ვ-აცხ--ეთ,n
b1bf67d5-4231-4359-8255-80c1e076d529,aor,2p,გამო--აცხ--ეთ,n
b1bf67d5-4231-4359-8255-80c1e076d529,aor,3p,გამო--აცხ--ეს,n
b1bf67d5-4231-4359-8255-80c1e076d529,opt,1s,გამო-ვ-აცხ--,n
b1bf67d5-4231-4359-8255-80c1e076d529,opt,2s,გამო--აცხ--,n
b1bf67d5-4231-4359-8255-80c1e076d529,opt,3s,გამო--აცხ--ოს,n
b1bf67d5-4231-4359-8255-80c1e076d529,opt,1p,გამო-ვ-აცხ--ოთ,n
b1bf67d5-4231-4359-8255-80c1e076d529,opt,2p,გამო--აცხ--ოთ,n
b1bf67d5-4231-4359-8255-80c1e076d529,opt,3p,გამო--აცხ--ონ,n
44e727d3-2046-4dc5-84b6-a06fd912b26b,pres,1s,ვ--ყეფ--,y
44e727d3-2046-4dc5-84b6-a06fd912b26b,pres,2s,--ყეფ--,y
44e727d3-2046-4dc5-84b6-a06fd912b26b,pres,3s,--ყეფ--ს,y
44e727d3-2046-4dc5-84b6-a06fd912b26b,pres,1p,ვ--ყეფ--თ,y
44e727d3-2046-4dc5-84b6-a06fd912b26b,pres,2p,--ყეფ--თ,y
44e727d3-2046-4dc5-84b6-a06fd912b26b,pres,3p,--ყეფ--ენ,y
44e727d3-2046-4dc5-84b6-a06fd912b26b,imp,1s,ვ--ყეფ--დი,y
44e727d3-2046-4dc5-84b6-a06fd912b26b,imp,2s,--ყეფ--დი,y
44e727d3-2046-4dc5-84b6-a06fd912b26b,imp,3s,--ყეფ--და,y
44e727d3-2046-4dc5-84b6-a06fd912b26b,imp,1p,ვ--ყეფ--დით,y
44e727d3-2046-4dc5-84b6-a06fd912b26b,imp,2p,--ყეფ--დით,y
44e727d3-2046-4dc5-84b6-a06fd912b26b,imp,3p,--ყეფ--დნენ,y
44e727d3-2046-4dc5-84b6-a06fd912b26b,pres-subj,1s,ვ--ყეფ--დე,y
44e727d3-2046-4dc5-84b6-a06fd912b26b,pres-subj,2s,--ყეფ--დე,y
44e727d3-2046-4dc5-84b6-a06fd912b26b,pres-subj,3s,--ყეფ--დეს,y
44e727d3-2046-4dc5-84b6-a06fd912b26b,pres-subj,1p,ვ--ყეფ--დეთ,y
44e727d3-2046-4dc5-84b6-a06fd912b26b,pres-subj,2p,--ყეფ--დეთ,y
44e727d3-2046-4dc5-84b6-a06fd912b26b,pres-subj,3p,--ყეფ--დნენ,y
44e727d3-2046-4dc5-84b6-a06fd912b26b,fut,1s,ვ-ი-ყეფ-ებ-,y
44e727d3-2046-4dc5-84b6-a06fd912b26b,fut,2s,-ი-ყეფ-ებ-,y
44e727d3-2046-4dc5-84b6-a06fd912b26b,fut,3s,-ი-ყეფ-ებ-ს,y
44e727d3-2046-4dc5-84b6-a06fd912b26b,fut,1p,ვ-ი-ყეფ-ებ-თ,y
44e727d3-2046-4dc5-84b6-a06fd912b26b,fut,2p,-ი-ყეფ-ებ-თ,y
44e727d3-2046-4dc5-84b6-a06fd912b26b,fut,3p,-ი-ყეფ-ებ-ენ,y
44e727d3-2046-4dc5-84b6-a06fd912b26b,cond,1s,ვ-ი-ყეფ-ებ-დი,y
44e727d3-2046-4dc5-84b6-a06fd912b26b,cond,2s,-ი-ყეფ-ებ-დი,y
44e727d3-2046-4dc5-84b6-a06fd912b26b,cond,3s,-ი-ყეფ-ებ-და,y
44e727d3-2046-4dc5-84b6-a06fd912b26b,cond,1p,ვ-ი-ყეფ-ებ-დით,y
44e727d3-2046-4dc5-84b6-a06fd912b26b,cond,2p,-ი-ყეფ-ებ-დით,y
44e727d3-2046-4dc5-84b6-a06fd912b26b,cond,3p,-ი-ყეფ-ებ-დნენ,y
44e727d3-2046-4dc5-84b6-a06fd912b26b,aor,1s,ვ-ი-ყეფ--ე,y
44e727d3-2046-4dc5-84b6-a06fd912b26b,aor,2s,-ი-ყეფ--ე,y
44e727d3-2046-4dc5-84b6-a06fd912b26b,aor,3s,-ი-ყეფ--ა,y
44e727d3-2046-4dc5-84b6-a06fd912b26b,aor,1p,ვ-ი-ყეფ--ეთ,y
44e727d3-2046-4dc5-84b6-a06fd912b26b,aor,2p,-ი-ყეფ--ეთ,y
44e727d3-2046-4dc5-84b6-a06fd912b26b,aor,3p,-ი-ყეფ--ეს,y
44e727d3-2046-4dc5-84b6-a06fd912b26b,opt,1s,ვ-ი-ყეფ--,y
44e727d3-2046-4dc5-84b6-a06fd912b26b,opt,2s,-ი-ყეფ--,y
44e727d3-2046-4dc5-84b6-a06fd912b26b,opt,3s,-ი-ყეფ--ოს,y
44e727d3-2046-4dc5-84b6-a06fd912b26b,opt,1p,ვ-ი-ყეფ--ოთ,y
44e727d3-2046-4dc5-84b6-a06fd912b26b,opt,2p,-ი-ყეფ--ოთ,y
44e727d3-2046-4dc5-84b6-a06fd912b26b,opt,3p,-ი-ყეფ--ონ,y
d4c5360b-1dfe-489b-a6ef-5824e63fb8f3,pres,1s,ვ--ბანა-ობ-,y
d4c5360b-1dfe-489b-a6ef-5824e63fb8f3,pres,2s,--ბანა-ობ-,y
d4c5360b-1dfe-489b-a6ef-5824e63fb8f3,pres,3s,--ბანა-ობ-ს,y
d4c5360b-1dfe-489b-a6ef-5824e63fb8f3,pres,1p,ვ--ბანა-ობ-თ,y
d4c5360b-1dfe-489b-a6ef-5824e63fb8f3,pres,2p,--ბანა-ობ-თ,y
d4c5360b-1dfe-489b-a6ef-5824e63fb8f3,pres,3p,--ბანა-ობ-ენ,y
d4c5360b-1dfe-489b-a6ef-5824e63fb8f3,imp,1s,ვ--ბანა-ობ-დი,y
d4c5360b-1dfe-489b-a6ef-5824e63fb8f3,imp,2s,--ბანა-ობ-დი,y
d4c5360b-1dfe-489b-a6ef-5824e63fb8f3,imp,3s,--ბანა-ობ-და,y
d4c5360b-1dfe-489b-a6ef-5824e63fb8f3,imp,1p,ვ--ბანა-ობ-დით,y
d4c5360b-1dfe-489b-a6ef-5824e63fb8f3,imp,2p,--ბანა-ობ-დით,y
d4c5360b-1dfe-489b-a6ef-5824e63fb8f3,imp,3p,--ბანა-ობ-დნენ,y
d4c5360b-1dfe-489b-a6ef-5824e63fb8f3,pres-subj,1s,ვ--ბანა-ობ-დე,y
d4c5360b-1dfe-489b-a6ef-5824e63fb8f3,pres-subj,2s,--ბანა-ობ-დე,y
d4c5360b-1dfe-489b-a6ef-5824e63fb8f3,pres-subj,3s,--ბანა-ობ-დეს,y
d4c5360b-1dfe-489b-a6ef-5824e63fb8f3,pres-subj,1p,ვ--ბანა-ობ-დეთ,y
d4c5360b-1dfe-489b-a6ef-5824e63fb8f3,pres-subj,2p,--ბანა-ობ-დეთ,y
d4c5360b-1dfe-489b-a6ef-5824e63fb8f3,pres-subj,3p,--ბანა-ობ-დნენ,y
d4c5360b-1dfe-489b-a6ef-5824e63fb8f3,fut,1s,ვ-ი-ბანა-ებ-,y
d4c5360b-1dfe-489b-a6ef-5824e63fb8f3,fut,2s,-ი-ბანა-ებ-,y
d4c5360b-1dfe-489b-a6ef-5824e63fb8f3,fut,3s,-ი-ბანა-ებ-ს,y
d4c5360b-1dfe-489b-a6ef-5824e63fb8f3,fut,1p,ვ-ი-ბანა-ებ-თ,y
d4c5360b-1dfe-489b-a6ef-5824e63fb8f3,fut,2p,-ი-ბანა-ებ-თ,y
d4c5360b-1dfe-489b-a6ef-5824e63fb8f3,fut,3p,-ი-ბანა-ებ-ენ,y
d4c5360b-1dfe-489b-a6ef-5824e63fb8f3,cond,1s,ვ-ი-ბანა-ებ-დი,y
d4c5360b-1dfe-489b-a6ef-5824e63fb8f3,cond,2s,-ი-ბანა-ებ-დი,y
d4c5360b-1dfe-489b-a6ef-5824e63fb8f3,cond,3s,-ი-ბანა-ებ-და,y
d4c5360b-1dfe-489b-a6ef-5824e63fb8f3,cond,1p,ვ-ი-ბანა-ებ-დით,y
d4c5360b-1dfe-489b-a6ef-5824e63fb8f3,cond,2p,-ი-ბანა-ებ-დით,y
d4c5360b-1dfe-489b-a6ef-5824e63fb8f3,cond,3p,-ი-ბანა-ებ-დნენ,y
d4c5360b-1dfe-489b-a6ef-5824e63fb8f3,aor,1s,ვ-ი-ბანავ--ე,y
d4c5360b-1dfe-489b-a6ef-5824e63fb8f3,aor,2s,-ი-ბანავ--ე,y
d4c5360b-1dfe-489b-a6ef-5824e63fb8f3,aor,3s,-ი-ბანავ--ა,y
d4c5360b-1dfe-489b-a6ef-5824e63fb8f3,aor,1p,ვ-ი-ბანავ--ეთ,y
d4c5360b-1dfe-489b-a6ef-5824e63fb8f3,aor,2p,-ი-ბანავ--ეთ,y
d4c5360b-1dfe-489b-a6ef-5824e63fb8f3,aor,3p,-ი-ბანავ--ეს,y
d4c5360b-1dfe-489b-a6ef-5824e63fb8f3,opt,1s,ვ-ი-ბანავ--,y
d4c5360b-1dfe-489b-a6ef-5824e63fb8f3,opt,2s,-ი-ბანავ--,y
d4c5360b-1dfe-489b-a6ef-5824e63fb8f3,opt,3s,-ი-ბანავ--ოს,y
d4c5360b-1dfe-489b-a6ef-5824e63fb8f3,opt,1p,ვ-ი-ბანავ--ოთ,y
d4c5360b-1dfe-489b-a6ef-5824e63fb8f3,opt,2p,-ი-ბანავ--ოთ,y
d4c5360b-1dfe-489b-a6ef-5824e63fb8f3,opt,3p,-ი-ბანავ--ონ,y
1dd34586-279f-4193-a7c9-d00eb2d3bc40,pres,1s,-ვ-აბანავ-ებ-,n
1dd34586-279f-4193-a7c9-d00eb2d3bc40,pres,2s,--აბანავ-ებ-,n
1dd34586-279f-4193-a7c9-d00eb2d3bc40,pres,3s,--აბანავ-ებ-ს,n
1dd34586-279f-4193-a7c9-d00eb2d3bc40,pres,1p,-ვ-აბანავ-ებ-თ,n
1dd34586-279f-4193-a7c9-d00eb2d3bc40,pres,2p,--აბანავ-ებ-თ,n
1dd34586-279f-4193-a7c9-d00eb2d3bc40,pres,3p,--აბანავ-ებ-ენ,n
1dd34586-279f-4193-a7c9-d00eb2d3bc40,imp,1s,-ვ-აბანავ-ებ-დი,n
1dd34586-279f-4193-a7c9-d00eb2d3bc40,imp,2s,--აბანავ-ებ-დი,n
1dd34586-279f-4193-a7c9-d00eb2d3bc40,imp,3s,--აბანავ-ებ-და,n
1dd34586-279f-4193-a7c9-d00eb2d3bc40,imp,1p,-ვ-აბანავ-ებ-დით,n
1dd34586-279f-4193-a7c9-d00eb2d3bc40,imp,2p,--აბანავ-ებ-დით,n
1dd34586-279f-4193-a7c9-d00eb2d3bc40,imp,3p,--აბანავ-ებ-დნენ,n
1dd34586-279f-4193-a7c9-d00eb2d3bc40,pres-subj,1s,-ვ-აბანავ-ებ-დე,n
1dd34586-279f-4193-a7c9-d00eb2d3bc40,pres-subj,2s,--აბანავ-ებ-დე,n
1dd34586-279f-4193-a7c9-d00eb2d3bc40,pres-subj,3s,--აბანავ-ებ-დეს,n
1dd34586-279f-4193-a7c9-d00eb2d3bc40,pres-subj,1p,-ვ-აბანავ-ებ-დეთ,n
1dd34586-279f-4193-a7c9-d00eb2d3bc40,pres-subj,2p,--აბანავ-ებ-დეთ,n
1dd34586-279f-4193-a7c9-d00eb2d3bc40,pres-subj,3p,--აბანავ-ებ-დნენ,n
1dd34586-279f-4193-a7c9-d00eb2d3bc40,fut,1s,ა-ვ-აბანავ-ებ-,n
1dd34586-279f-4193-a7c9-d00eb2d3bc40,fut,2s,ა--აბანავ-ებ-,n
1dd34586-279f-4193-a7c9-d00eb2d3bc40,fut,3s,ა--აბანავ-ებ-ს,n
1dd34586-279f-4193-a7c9-d00eb2d3bc40,fut,1p,ა-ვ-აბანავ-ებ-თ,n
1dd34586-279f-4193-a7c9-d00eb2d3bc40,fut,2p,ა--აბანავ-ებ-თ,n
1dd34586-279f-4193-a7c9-d00eb2d3bc40,fut,3p,ა--აბანავ-ებ-ენ,n
1dd34586-279f-4193-a7c9-d00eb2d3bc40,cond,1s,ა-ვ-აბანავ-ებ-დი,n
1dd34586-279f-4193-a7c9-d00eb2d3bc40,cond,2s,ა--აბანავ-ებ-დი,n
1dd34586-279f-4193-a7c9-d00eb2d3bc40,cond,3s,ა--აბანავ-ებ-და,n
1dd34586-279f-4193-a7c9-d00eb2d3bc40,cond,1p,ა-ვ-აბანავ-ებ-დით,n
1dd34586-279f-4193-a7c9-d00eb2d3bc40,cond,2p,ა--აბანავ-ებ-დით,n
1dd34586-279f-4193-a7c9-d00eb2d3bc40,cond,3p,ა--აბანავ-ებ-დნენ,n
1dd34586-279f-4193-a7c9-d00eb2d3bc40,aor,1s,-ვ-აბანავ--ე,n
1dd34586-279f-4193-a7c9-d00eb2d3bc40,aor,2s,--აბანავ--ე,n
1dd34586-279f-4193-a7c9-d00eb2d3bc40,aor,3s,--აბანავ--ა,n
1dd34586-279f-4193-a7c9-d00eb2d3bc40,aor,1p,-ვ-აბანავ--ეთ,n
1dd34586-279f-4193-a7c9-d00eb2d3bc40,aor,2p,--აბანავ--ეთ,n
1dd34586-279f-4193-a7c9-d00eb2d3bc40,aor,3p,--აბანავ--ეს,n
1dd34586-279f-4193-a7c9-d00eb2d3bc40,opt,1s,-ვ-აბანავ--,n
1dd34586-279f-4193-a7c9-d00eb2d3bc40,opt,2s,--აბანავ--,n
1dd34586-279f-4193-a7c9-d00eb2d3bc40,opt,3s,--აბანავ--ოს,n
1dd34586-279f-4193-a7c9-d00eb2d3bc40,opt,1p,-ვ-აბანავ--ოთ,n
1dd34586-279f-4193-a7c9-d00eb2d3bc40,opt,2p,--აბანავ--ოთ,n
1dd34586-279f-4193-a7c9-d00eb2d3bc40,opt,3p,--აბანავ--ონ,n
7addcded-c860-4d9e-8067-430efa4f89f6,pres,1s,ვ--არ--,y
7addcded-c860-4d9e-8067-430efa4f89f6,pres,2s,ხ--არ--,y
7addcded-c860-4d9e-8067-430efa4f89f6,pres,3s,--არ--ის,y
7addcded-c860-4d9e-8067-430efa4f89f6,pres,1p,ვ--არ--თ,y
7addcded-c860-4d9e-8067-430efa4f89f6,pres,2p,ხ--არ--თ,y
7addcded-c860-4d9e-8067-430efa4f89f6,pres,3p,--არ--იან,y
7addcded-c860-4d9e-8067-430efa4f89f6,imp,1s,ვ-ი-ყავ--ი,y
7addcded-c860-4d9e-8067-430efa4f89f6,imp,2s,-ი-ყავ--ი,y
7addcded-c860-4d9e-8067-430efa4f89f6,imp,3s,-ი-ყო--,y
7addcded-c860-4d9e-8067-430efa4f89f6,imp,1p,ვ-ი-ყავ--ით,y
7addcded-c860-4d9e-8067-430efa4f89f6,imp,2p,-ი-ყავ--ით,y
7addcded-c860-4d9e-8067-430efa4f89f6,imp,3p,-ი-ყვ--ნენ,y
7addcded-c860-4d9e-8067-430efa4f89f6,fut,1s,ვ-ი-ქნ-ებ-ი,y
7addcded-c860-4d9e-8067-430efa4f89f6,fut,2s,-ი-ქნ-ებ-ი,y
7addcded-c860-4d9e-8067-430efa4f89f6,fut,3s,-ი-ქნ-ებ-ა,y
7addcded-c860-4d9e-8067-430efa4f89f6,fut,1p,ვ-ი-ქნ-ებ-ით,y
7addcded-c860-4d9e-8067-430efa4f89f6,fut,2p,-ი-ქნ-ებ-ით,y
7addcded-c860-4d9e-8067-430efa4f89f6,fut,3p,-ი-ქნ-ებ-იან,y
7addcded-c860-4d9e-8067-430efa4f89f6,aor,1s,ვ-ი-ყავ--ი,y
7addcded-c860-4d9e-8067-430efa4f89f6,aor,2s,-ი-ყავ--ი,y
7addcded-c860-4d9e-8067-430efa4f89f6,aor,3s,-ი-ყ--ო,y
7addcded-c860-4d9e-8067-430efa4f89f6,aor,1p,ვ-ი-ყავ--ით,y
7addcded-c860-4d9e-8067-430efa4f89f6,aor,2p,-ი-ყავ--ით,y
7addcded-c860-4d9e-8067-430efa4f89f6,aor,3p,-ი-ყვ--ნენ,y
7addcded-c860-4d9e-8067-430efa4f89f6,opt,1s,ვ-ი-ყ--ო,y
7addcded-c860-4d9e-8067-430efa4f89f6,opt,2s,-ი-ყ--ო,y
7addcded-c860-4d9e-8067-430efa4f89f6,opt,3s,-ი-ყ--ოს,y
7addcded-c860-4d9e-8067-430efa4f89f6,opt,1p,ვ-ი-ყ--ოთ,y
7addcded-c860-4d9e-8067-430efa4f89f6,opt,2p,-ი-ყ--ოთ,y
7addcded-c860-4d9e-8067-430efa4f89f6,opt,3p,-ი-ყ--ვნენ,y
bd0b6358-7ce8-45d2-9140-6f340f768388,pres,1s,-ვ-ბად-ებ-,n
bd0b6358-7ce8-45d2-9140-6f340f768388,pres,2s,--ბად-ებ-,n
bd0b6358-7ce8-45d2-9140-6f340f768388,pres,3s,--ბად-ებ-ს,n
bd0b6358-7ce8-45d2-9140-6f340f768388,pres,1p,-ვ-ბად-ებ-თ,n
bd0b6358-7ce8-45d2-9140-6f340f768388,pres,2p,--ბად-ებ-თ,n
bd0b6358-7ce8-45d2-9140-6f340f768388,pres,3p,--ბად-ებ-ენ,n
bd0b6358-7ce8-45d2-9140-6f340f768388,imp,1s,-ვ-ბად-ებ-დი,n
bd0b6358-7ce8-45d2-9140-6f340f768388,imp,2s,--ბად-ებ-დი,n
bd0b6358-7ce8-45d2-9140-6f340f768388,imp,3s,--ბად-ებ-და,n
bd0b6358-7ce8-45d2-9140-6f340f768388,imp,1p,-ვ-ბად-ებ-დით,n
bd0b6358-7ce8-45d2-9140-6f340f768388,imp,2p,--ბად-ებ-დით,n
bd0b6358-7ce8-45d2-9140-6f340f768388,imp,3p,--ბად-ებ-დნენ,n
bd0b6358-7ce8-45d2-9140-6f340f768388,pres-subj,1s,-ვ-ბად-ებ-დე,n
bd0b6358-7ce8-45d2-9140-6f340f768388,pres-subj,2s,--ბად-ებ-დე,n
bd0b6358-7ce8-45d2-9140-6f340f768388,pres-subj,3s,--ბად-ებ-დეს,n
bd0b6358-7ce8-45d2-9140-6f340f768388,pres-subj,1p,-ვ-ბად-ებ-დეთ,n
bd0b6358-7ce8-45d2-9140-6f340f768388,pres-subj,2p,--ბად-ებ-დეთ,n
bd0b6358-7ce8-45d2-9140-6f340f768388,pres-subj,3p,--ბად-ებ-დნენ,n
bd0b6358-7ce8-45d2-9140-6f340f768388,fut,1s,და-ვ-ბად-ებ-,n
bd0b6358-7ce8-45d2-9140-6f340f768388,fut,2s,და--ბად-ებ-,n
bd0b6358-7ce8-45d2-9140-6f340f768388,fut,3s,და--ბად-ებ-ს,n
bd0b6358-7ce8-45d2-9140-6f340f768388,fut,1p,და-ვ-ბად-ებ-თ,n
bd0b6358-7ce8-45d2-9140-6f340f768388,fut,2p,და--ბად-ებ-თ,n
bd0b6358-7ce8-45d2-9140-6f340f768388,fut,3p,და--ბად-ებ-ენ,n
bd0b6358-7ce8-45d2-9140-6f340f768388,cond,1s,და-ვ-ბად-ებ-დი,n
bd0b6358-7ce8-45d2-9140-6f340f768388,cond,2s,და--ბად-ებ-დი,n
bd0b6358-7ce8-45d2-9140-6f340f768388,cond,3s,და--ბად-ებ-და,n
bd0b6358-7ce8-45d2-9140-6f340f768388,cond,1p,და-ვ-ბად-ებ-დით,n
bd0b6358-7ce8-45d2-9140-6f340f768388,cond,2p,და--ბად-ებ-დით,n
bd0b6358-7ce8-45d2-9140-6f340f768388,cond,3p,და--ბად-ებ-დნენ,n
bd0b6358-7ce8-45d2-9140-6f340f768388,aor,1s,და-ვ-ბად--ე,n
bd0b6358-7ce8-45d2-9140-6f340f768388,aor,2s,და--ბად--ე,n
bd0b6358-7ce8-45d2-9140-6f340f768388,aor,3s,და--ბად--ა,n
bd0b6358-7ce8-45d2-9140-6f340f768388,aor,1p,და-ვ-ბად--ეთ,n
bd0b6358-7ce8-45d2-9140-6f340f768388,aor,2p,და--ბად--ეთ,n
bd0b6358-7ce8-45d2-9140-6f340f768388,aor,3p,და--ბად--ეს,n
bd0b6358-7ce8-45d2-9140-6f340f768388,opt,1s,და-ვ-ბად--ე,n
bd0b6358-7ce8-45d2-9140-6f340f768388,opt,2s,და--ბად--ე,n
bd0b6358-7ce8-45d2-9140-6f340f768388,opt,3s,და--ბად--ეს,n
bd0b6358-7ce8-45d2-9140-6f340f768388,opt,1p,და-ვ-ბად--ეთ,n
bd0b6358-7ce8-45d2-9140-6f340f768388,opt,2p,და--ბად--ეთ,n
bd0b6358-7ce8-45d2-9140-6f340f768388,opt,3p,და--ბად--ნენ,n
b3751a01-424d-441b-9417-06b54f8b84ac,pres,1s,-ვ-ხდ-ებ-ი,n
b3751a01-424d-441b-9417-06b54f8b84ac,pres,2s,--ხდ-ებ-ი,n
b3751a01-424d-441b-9417-06b54f8b84ac,pres,3s,--ხდ-ებ-ა,n
b3751a01-424d-441b-9417-06b54f8b84ac,pres,1p,-ვ-ხდ-ებ-ით,n
b3751a01-424d-441b-9417-06b54f8b84ac,pres,2p,--ხდ-ებ-ით,n
b3751a01-424d-441b-9417-06b54f8b84ac,pres,3p,--ხდ-ებ-იან,n
b3751a01-424d-441b-9417-06b54f8b84ac,imp,1s,-ვ-ხდ-ებ-ოდი,n
b3751a01-424d-441b-9417-06b54f8b84ac,imp,2s,--ხდ-ებ-ოდი,n
b3751a01-424d-441b-9417-06b54f8b84ac,imp,3s,--ხდ-ებ-ოდა,n
b3751a01-424d-441b-9417-06b54f8b84ac,imp,1p,-ვ-ხდ-ებ-ოდით,n
b3751a01-424d-441b-9417-06b54f8b84ac,imp,2p,--ხდ-ებ-ოდით,n
b3751a01-424d-441b-9417-06b54f8b84ac,imp,3p,--ხდ-ებ-ოდნენ,n
b3751a01-424d-441b-9417-06b54f8b84ac,pres-subj,1s,-ვ-ხდ-ებ-ოდე,n
b3751a01-424d-441b-9417-06b54f8b84ac,pres-subj,2s,--ხდ-ებ-ოდე,n
b3751a01-424d-441b-9417-06b54f8b84ac,pres-subj,3s,--ხდ-ებ-ოდეს,n
b3751a01-424d-441b-9417-06b54f8b84ac,pres-subj,1p,-ვ-ხდ-ებ-ოდეთ,n
b3751a01-424d-441b-9417-06b54f8b84ac,pres-subj,2p,--ხდ-ებ-ოდეთ,n
b3751a01-424d-441b-9417-06b54f8b84ac,pres-subj,3p,--ხდ-ებ-ოდნენ,n
b3751a01-424d-441b-9417-06b54f8b84ac,fut,1s,გა-ვ-ხდ-ებ-ი,n
b3751a01-424d-441b-9417-06b54f8b84ac,fut,2s,გა--ხდ-ებ-ი,n
b3751a01-424d-441b-9417-06b54f8b84ac,fut,3s,გა--ხდ-ებ-ა,n
b3751a01-424d-441b-9417-06b54f8b84ac,fut,1p,გა-ვ-ხდ-ებ-ით,n
b3751a01-424d-441b-9417-06b54f8b84ac,fut,2p,გა--ხდ-ებ-ით,n
b3751a01-424d-441b-9417-06b54f8b84ac,fut,3p,გა--ხდ-ებ-იან,n
b3751a01-424d-441b-9417-06b54f8b84ac,cond,1s,გა-ვ-ხდ-ებ-ოდი,n
b3751a01-424d-441b-9417-06b54f8b84ac,cond,2s,გა--ხდ-ებ-ოდი,n
b3751a01-424d-441b-9417-06b54f8b84ac,cond,3s,გა--ხდ-ებ-ოდა,n
b3751a01-424d-441b-9417-06b54f8b84ac,cond,1p,გა-ვ-ხდ-ებ-ოდით,n
b3751a01-424d-441b-9417-06b54f8b84ac,cond,2p,გა--ხდ-ებ-ოდით,n
b3751a01-424d-441b-9417-06b54f8b84ac,cond,3p,გა--ხდ-ებ-ოდნენ,n
b3751a01-424d-441b-9417-06b54f8b84ac,aor,1s,გა-ვ-ხდ--ი,n
b3751a01-424d-441b-9417-06b54f8b84ac,aor,2s,გა--ხდ--ი,n
b3751a01-424d-441b-9417-06b54f8b84ac,aor,3s,გა--ხდ--ა,n
b3751a01-424d-441b-9417-06b54f8b84ac,aor,1p,გა-ვ-ხდ--ით,n
b3751a01-424d-441b-9417-06b54f8b84ac,aor,2p,გა--ხდ--ით,n
b3751a01-424d-441b-9417-06b54f8b84ac,aor,3p,გა--ხდ--ნენ,n
b3751a01-424d-441b-9417-06b54f8b84ac,opt,1s,გა-ვ-ხდ--ე,n
b3751a01-424d-441b-9417-06b54f8b84ac,opt,2s,გა--ხდ--ე,n
b3751a01-424d-441b-9417-06b54f8b84ac,opt,3s,გა--ხდ--ეს,n
b3751a01-424d-441b-9417-06b54f8b84ac,opt,1p,გა-ვ-ხდ--ეთ,n
b3751a01-424d-441b-9417-06b54f8b84ac,opt,2p,გა--ხდ--ეთ,n
b3751a01-424d-441b-9417-06b54f8b84ac,opt,3p,გა--ხდ--ნენ,n
9528ca15-488b-48f5-b240-89bc78480251,pres,1s,-ვ-იწყ-ებ-,n
9528ca15-488b-48f5-b240-89bc78480251,pres,2s,--იწყ-ებ-,n
9528ca15-488b-48f5-b240-89bc78480251,pres,3s,--იწყ-ებ-ს,n
9528ca15-488b-48f5-b240-89bc78480251,pres,1p,-ვ-იწყ-ებ-თ,n
9528ca15-488b-48f5-b240-89bc78480251,pres,2p,--იწყ-ებ-თ,n
9528ca15-488b-48f5-b240-89bc78480251,pres,3p,--იწყ-ებ-ენ,n
9528ca15-488b-48f5-b240-89bc78480251,imp,1s,-ვ-იწყ-ებ-დი,n
9528ca15-488b-48f5-b240-89bc78480251,imp,2s,--იწყ-ებ-დი,n
9528ca15-488b-48f5-b240-89bc78480251,imp,3s,--იწყ-ებ-და,n
9528ca15-488b-48f5-b240-89bc78480251,imp,1p,-ვ-იწყ-ებ-დით,n
9528ca15-488b-48f5-b240-89bc78480251,imp,2p,--იწყ-ებ-დით,n
9528ca15-488b-48f5-b240-89bc78480251,imp,3p,--იწყ-ებ-დნენ,n
9528ca15-488b-48f5-b240-89bc78480251,pres-subj,1s,-ვ-იწყ-ებ-დე,n
9528ca15-488b-48f5-b240-89bc78480251,pres-subj,2s,--იწყ-ებ-დე,n
9528ca15-488b-48f5-b240-89bc78480251,pres-subj,3s,--იწყ-ებ-დეს,n
9528ca15-488b-48f5-b240-89bc78480251,pres-subj,1p,-ვ-იწყ-ებ-დეთ,n
9528ca15-488b-48f5-b240-89bc78480251,pres-subj,2p,--იწყ-ებ-დეთ,n
9528ca15-488b-48f5-b240-89bc78480251,pres-subj,3p,--იწყ-ებ-დნენ,n
9528ca15-488b-48f5-b240-89bc78480251,fut,1s,და-ვ-იწყ-ებ-,n
9528ca15-488b-48f5-b240-89bc78480251,fut,2s,და--იწყ-ებ-,n
9528ca15-488b-48f5-b240-89bc78480251,fut,3s,და--იწყ-ებ-ს,n
9528ca15-488b-48f5-b240-89bc78480251,fut,1p,და-ვ-იწყ-ებ-თ,n
9528ca15-488b-48f5-b240-89bc78480251,fut,2p,და--იწყ-ებ-თ,n
9528ca15-488b-48f5-b240-89bc78480251,fut,3p,და--იწყ-ებ-ენ,n
9528ca15-488b-48f5-b240-89bc78480251,cond,1s,და-ვ-იწყ-ებ-დი,n
9528ca15-488b-48f5-b240-89bc78480251,cond,2s,და--იწყ-ებ-დი,n
9528ca15-488b-48f5-b240-89bc78480251,cond,3s,და--იწყ-ებ-და,n
9528ca15-488b-48f5-b240-89bc78480251,cond,1p,და-ვ-იწყ-ებ-დით,n
9528ca15-488b-48f5-b240-89bc78480251,cond,2p,და--იწყ-ებ-დით,n
9528ca15-488b-48f5-b240-89bc78480251,cond,3p,და--იწყ-ებ-დნენ,n
9528ca15-488b-48f5-b240-89bc78480251,aor,1s,და-ვ-იწყ--ე,n
9528ca15-488b-48f5-b240-89bc78480251,aor,2s,და--იწყ--ე,n
9528ca15-488b-48f5-b240-89bc78480251,aor,3s,და--იწყ--ო,n
9528ca15-488b-48f5-b240-89bc78480251,aor,1p,და-ვ-იწყ--ეთ,n
9528ca15-488b-48f5-b240-89bc78480251,aor,2p,და--იწყ--ეთ,n
9528ca15-488b-48f5-b240-89bc78480251,aor,3p,და--იწყ--ეს,n
9528ca15-488b-48f5-b240-89bc78480251,opt,1s,და-ვ-იწყ--,n
9528ca15-488b-48f5-b240-89bc78480251,opt,2s,და--იწყ--,n
9528ca15-488b-48f5-b240-89bc78480251,opt,3s,და--იწყ--ოს,n
9528ca15-488b-48f5-b240-89bc78480251,opt,1p,და-ვ-იწყ--ოთ,n
9528ca15-488b-48f5-b240-89bc78480251,opt,2p,და--იწყ--ოთ,n
9528ca15-488b-48f5-b240-89bc78480251,opt,3p,და--იწყ--ონ,n
87f5be3c-5f82-4165-9b2c-7b4bc333d852,pres,1s,-ვ-იქც-ევ-ი,n
87f5be3c-5f82-4165-9b2c-7b4bc333d852,pres,2s,--იქც-ევ-ი,n
87f5be3c-5f82-4165-9b2c-7b4bc333d852,pres,3s,--იქც-ევ-ა,n
87f5be3c-5f82-4165-9b2c-7b4bc333d852,pres,1p,-ვ-იქც-ევ-ით,n
87f5be3c-5f82-4165-9b2c-7b4bc333d852,pres,2p,--იქც-ევ-ით,n
87f5be3c-5f82-4165-9b2c-7b4bc333d852,pres,3p,--იქც-ევ-იან,n
87f5be3c-5f82-4165-9b2c-7b4bc333d852,imp,1s,-ვ-იქც-ევ-ოდი,n
87f5be3c-5f82-4165-9b2c-7b4bc333d852,imp,2s,--იქც-ევ-ოდი,n
87f5be3c-5f82-4165-9b2c-7b4bc333d852,imp,3s,--იქც-ევ-ოდა,n
87f5be3c-5f82-4165-9b2c-7b4bc333d852,imp,1p,-ვ-იქც-ევ-ოდით,n
87f5be3c-5f82-4165-9b2c-7b4bc333d852,imp,2p,--იქც-ევ-ოდით,n
87f5be3c-5f82-4165-9b2c-7b4bc333d852,imp,3p,--იქც-ევ-ოდნენ,n
87f5be3c-5f82-4165-9b2c-7b4bc333d852,pres-subj,1s,-ვ-იქც-ევ-ოდე,n
87f5be3c-5f82-4165-9b2c-7b4bc333d852,pres-subj,2s,--იქც-ევ-ოდე,n
87f5be3c-5f82-4165-9b2c-7b4bc333d852,pres-subj,3s,--იქც-ევ-ოდეს,n
87f5be3c-5f82-4165-9b2c-7b4bc333d852,pres-subj,1p,-ვ-იქც-ევ-ოდეთ,n
87f5be3c-5f82-4165-9b2c-7b4bc333d852,pres-subj,2p,--იქც-ევ-ოდეთ,n
87f5be3c-5f82-4165-9b2c-7b4bc333d852,pres-subj,3p,--იქც-ევ-ოდნენ,n
87f5be3c-5f82-4165-9b2c-7b4bc333d852,fut,1s,მო-ვ-იქც-ევ-ი,n
87f5be3c-5f82-4165-9b2c-7b4bc333d852,fut,2s,მო--იქც-ევ-ი,n
87f5be3c-5f82-4165-9b2c-7b4bc333d852,fut,3s,მო--იქც-ევ-ა,n
87f5be3c-5f82-4165-9b2c-7b4bc333d852,fut,1p,მო-ვ-იქც-ევ-ით,n
87f5be3c-5f82-4165-9b2c-7b4bc333d852,fut,2p,მო--იქც-ევ-ით,n
87f5be3c-5f82-4165-9b2c-7b4bc333d852,fut,3p,მო--იქც-ევ-იან,n
87f5be3c-5f82-4165-9b2c-7b4bc333d852,cond,1s,მო-ვ-იქც-ევ-ოდი,n
87f5be3c-5f82-4165-9b2c-7b4bc333d852,cond,2s,მო--იქც-ევ-ოდი,n
87f5be3c-5f82-4165-9b2c-7b4bc333d852,cond,3s,მო--იქც-ევ-ოდა,n
87f5be3c-5f82-4165-9b2c-7b4bc333d852,cond,1p,მო-ვ-იქც-ევ-ოდით,n
87f5be3c-5f82-4165-9b2c-7b4bc333d852,cond,2p,მო--იქც-ევ-ოდით,n
87f5be3c-5f82-4165-9b2c-7b4bc333d852,cond,3p,მო--იქც-ევ-ოდნენ,n
87f5be3c-5f82-4165-9b2c-7b4bc333d852,aor,1s,მო-ვ-იქეც--ი,n
87f5be3c-5f82-4165-9b2c-7b4bc333d852,aor,2s,მო--იქეც--ი,n
87f5be3c-5f82-4165-9b2c-7b4bc333d852,aor,3s,მო--იქც--ა,n
87f5be3c-5f82-4165-9b2c-7b4bc333d852,aor,1p,მო-ვ-იქეც--ით,n
87f5be3c-5f82-4165-9b2c-7b4bc333d852,aor,2p,მო--იქეც--ით,n
87f5be3c-5f82-4165-9b2c-7b4bc333d852,aor,3p,მო--იქც--ნენ,n
87f5be3c-5f82-4165-9b2c-7b4bc333d852,opt,1s,მო-ვ-იქეც--ე,n
87f5be3c-5f82-4165-9b2c-7b4bc333d852,opt,2s,მო--იქეც--ე,n
87f5be3c-5f82-4165-9b2c-7b4bc333d852,opt,3s,მო--იქც--ეს,n
87f5be3c-5f82-4165-9b2c-7b4bc333d852,opt,1p,მო-ვ-იქეც--ეთ,n
87f5be3c-5f82-4165-9b2c-7b4bc333d852,opt,2p,მო--იქეც--ეთ,n
87f5be3c-5f82-4165-9b2c-7b4bc333d852,opt,3p,მო--იქც--ენ,n
a6413c2d-cf2e-4382-baf7-fc923a707251,pres,1s,-მ-ჯერ--ა,n
a6413c2d-cf2e-4382-baf7-fc923a707251,pres,2s,-გ-ჯერ--ა,n
a6413c2d-cf2e-4382-baf7-fc923a707251,pres,3s,-ს-ჯერ--ა,n
a6413c2d-cf2e-4382-baf7-fc923a707251,pres,1p,-გვ-ჯერ--ა,n
a6413c2d-cf2e-4382-baf7-fc923a707251,pres,2p,-გ-ჯერ--ათ,n
a6413c2d-cf2e-4382-baf7-fc923a707251,pres,3p,-ს-ჯერ--ათ,n
a6413c2d-cf2e-4382-baf7-fc923a707251,imp,1s,-მ-ჯერ--ოდა,n
a6413c2d-cf2e-4382-baf7-fc923a707251,imp,2s,-გ-ჯერ--ოდა,n
a6413c2d-cf2e-4382-baf7-fc923a707251,imp,3s,-ს-ჯერ--ოდა,n
a6413c2d-cf2e-4382-baf7-fc923a707251,imp,1p,-გვ-ჯერ--ოდა,n
a6413c2d-cf2e-4382-baf7-fc923a707251,imp,2p,-გ-ჯერ--ოდათ,n
a6413c2d-cf2e-4382-baf7-fc923a707251,imp,3p,-ს-ჯერ--ოდათ,n
a6413c2d-cf2e-4382-baf7-fc923a707251,pres-subj,1s,-მ-ჯერ--დე,n
a6413c2d-cf2e-4382-baf7-fc923a707251,pres-subj,2s,-გ-ჯერ--დე,n
a6413c2d-cf2e-4382-baf7-fc923a707251,pres-subj,3s,-ს-ჯერ--დეს,n
a6413c2d-cf2e-4382-baf7-fc923a707251,pres-subj,1p,-გვ-ჯერ--დეთ,n
a6413c2d-cf2e-4382-baf7-fc923a707251,pres-subj,2p,-გ-ჯერ--დეთ,n
a6413c2d-cf2e-4382-baf7-fc923a707251,pres-subj,3p,-ს-ჯერ--დნენ,n
a6413c2d-cf2e-4382-baf7-fc923a707251,fut,1s,და-ვ-იჯერ-ებ-,n
a6413c2d-cf2e-4382-baf7-fc923a707251,fut,2s,და--იჯერ-ებ-,n
a6413c2d-cf2e-4382-baf7-fc923a707251,fut,3s,და--იჯერ-ებ-ს,n
a6413c2d-cf2e-4382-baf7-fc923a707251,fut,1p,და-ვ-იჯერ-ებ-თ,n
a6413c2d-cf2e-4382-baf7-fc923a707251,fut,2p,და--იჯერ-ებ-თ,n
a6413c2d-cf2e-4382-baf7-fc923a707251,fut,3p,და--იჯერ-ებ-ენ,n
a6413c2d-cf2e-4382-baf7-fc923a707251,cond,1s,და-ვ-იჯერ-ებ-და,n
a6413c2d-cf2e-4382-baf7-fc923a707251,cond,2s,და--იჯერ-ებ-და,n
a6413c2d-cf2e-4382-baf7-fc923a707251,cond,3s,და--იჯერ-ებ-და,n
a6413c2d-cf2e-4382-baf7-fc923a707251,cond,1p,და-ვ-იჯერ-ებ-და,n
a6413c2d-cf2e-4382-baf7-fc923a707251,cond,2p,და--იჯერ-ებ-დათ,n
a6413c2d-cf2e-4382-baf7-fc923a707251,cond,3p,და--იჯერ-ებ-დათ,n
a6413c2d-cf2e-4382-baf7-fc923a707251,aor,1s,-მ-ჯერ--ოდა,n
a6413c2d-cf2e-4382-baf7-fc923a707251,aor,2s,-გ-ჯერ--ოდა,n
a6413c2d-cf2e-4382-baf7-fc923a707251,aor,3s,-ს-ჯერ--ოდა,n
a6413c2d-cf2e-4382-baf7-fc923a707251,aor,1p,-გვ-ჯერ--ოდა,n
a6413c2d-cf2e-4382-baf7-fc923a707251,aor,2p,-გ-ჯერ--ოდათ,n
a6413c2d-cf2e-4382-baf7-fc923a707251,aor,3p,-ს-ჯერ--ოდათ,n
a6413c2d-cf2e-4382-baf7-fc923a707251,opt,1s,-მ-ჯერ--ეს,n
a6413c2d-cf2e-4382-baf7-fc923a707251,opt,2s,-გ-ჯერ--ეს,n
a6413c2d-cf2e-4382-baf7-fc923a707251,opt,3s,-ს-ჯერ--ეს,n
a6413c2d-cf2e-4382-baf7-fc923a707251,opt,1p,-გვ-ჯერ--ეს,n
a6413c2d-cf2e-4382-baf7-fc923a707251,opt,2p,-გ-ჯერ--ეთ,n
a6413c2d-cf2e-4382-baf7-fc923a707251,opt,3p,-ს-ჯერ--ეთ,n
cce7dd58-b01b-487b-8668-706d4091f39a,pres,1s,მ--წამ--ს,y
cce7dd58-b01b-487b-8668-706d4091f39a,pres,2s,გ--წამ--ს,y
cce7dd58-b01b-487b-8668-706d4091f39a,pres,3s,ს--წამ--ს,y
cce7dd58-b01b-487b-8668-706d4091f39a,pres,1p,გვ--წამ--ს,y
cce7dd58-b01b-487b-8668-706d4091f39a,pres,2p,გ--წამ--თ,y
cce7dd58-b01b-487b-8668-706d4091f39a,pres,3p,ს--წამ--თ,y
cce7dd58-b01b-487b-8668-706d4091f39a,imp,1s,მ--წამ--და,y
cce7dd58-b01b-487b-8668-706d4091f39a,imp,2s,გ--წამ--და,y
cce7dd58-b01b-487b-8668-706d4091f39a,imp,3s,ს--წამ--და,y
cce7dd58-b01b-487b-8668-706d4091f39a,imp,1p,გვ--წამ--და,y
cce7dd58-b01b-487b-8668-706d4091f39a,imp,2p,გ--წამ--დათ,y
cce7dd58-b01b-487b-8668-706d4091f39a,imp,3p,ს--წამ--დათ,y
cce7dd58-b01b-487b-8668-706d4091f39a,pres-subj,1s,მ--წამ--დე,y
cce7dd58-b01b-487b-8668-706d4091f39a,pres-subj,2s,გ--წამ--დე,y
cce7dd58-b01b-487b-8668-706d4091f39a,pres-subj,3s,ს--წამ--დეს,y
cce7dd58-b01b-487b-8668-706d4091f39a,pres-subj,1p,გვ--წამ--დეთ,y
cce7dd58-b01b-487b-8668-706d4091f39a,pres-subj,2p,გ--წამ--დეთ,y
cce7dd58-b01b-487b-8668-706d4091f39a,pres-subj,3p,ს--წამ--დნენ,y
cce7dd58-b01b-487b-8668-706d4091f39a,fut,1s,ვ-ი-წამ-ებ-,y
cce7dd58-b01b-487b-8668-706d4091f39a,fut,2s,-ი-წამ-ებ-,y
cce7dd58-b01b-487b-8668-706d4091f39a,fut,3s,-ი-წამ-ებ-ს,y
cce7dd58-b01b-487b-8668-706d4091f39a,fut,1p,ვ-ი-წამ-ებ-თ,y
cce7dd58-b01b-487b-8668-706d4091f39a,fut,2p,-ი-წამ-ებ-თ,y
cce7dd58-b01b-487b-8668-706d4091f39a,fut,3p,-ი-წამ-ებ-ენ,y
cce7dd58-b01b-487b-8668-706d4091f39a,cond,1s,ვ-ი-წამ-ებ-და,y
cce7dd58-b01b-487b-8668-706d4091f39a,cond,2s,-ი-წამ-ებ-და,y
cce7dd58-b01b-487b-8668-706d4091f39a,cond,3s,-ი-წამ-ებ-და,y
cce7dd58-b01b-487b-8668-706d4091f39a,cond,1p,ვ-ი-წამ-ებ-და,y
cce7dd58-b01b-487b-8668-706d4091f39a,cond,2p,-ი-წამ-ებ-დათ,y
cce7dd58-b01b-487b-8668-706d4091f39a,cond,3p,-ი-წამ-ებ-დათ,y
cce7dd58-b01b-487b-8668-706d4091f39a,aor,1s,მ--წამ--და,y
cce7dd58-b01b-487b-8668-706d4091f39a,aor,2s,გ--წამ--და,y
cce7dd58-b01b-487b-8668-706d4091f39a,aor,3s,ს--წამ--და,y
cce7dd58-b01b-487b-8668-706d4091f39a,aor,1p,გვ--წამ--და,y
cce7dd58-b01b-487b-8668-706d4091f39a,aor,2p,გ--წამ--დათ,y
cce7dd58-b01b-487b-8668-706d4091f39a,aor,3p,ს--წამ--დათ,y
cce7dd58-b01b-487b-8668-706d4091f39a,opt,1s,მ--წამ--ეს,y
cce7dd58-b01b-487b-8668-706d4091f39a,opt,2s,გ--წამ--ეს,y
cce7dd58-b01b-487b-8668-706d4091f39a,opt,3s,ს--წამ--ეს,y
cce7dd58-b01b-487b-8668-706d4091f39a,opt,1p,გვ--წამ--ეს,y
cce7dd58-b01b-487b-8668-706d4091f39a,opt,2p,გ--წამ--ეთ,y
cce7dd58-b01b-487b-8668-706d4091f39a,opt,3p,ს--წამ--ეთ,y
ecf4a654-34f7-43b0-aad5-bac75c94c75f,pres,1s,-ვ-ლოც-ავ-,n
ecf4a654-34f7-43b0-aad5-bac75c94c75f,pres,2s,--ლოც-ავ-,n
ecf4a654-34f7-43b0-aad5-bac75c94c75f,pres,3s,--ლოც-ავ-ს,n
ecf4a654-34f7-43b0-aad5-bac75c94c75f,pres,1p,-ვ-ლოც-ავ-თ,n
ecf4a654-34f7-43b0-aad5-bac75c94c75f,pres,2p,--ლოც-ავ-თ,n
ecf4a654-34f7-43b0-aad5-bac75c94c75f,pres,3p,--ლოც-ავ-ენ,n
ecf4a654-34f7-43b0-aad5-bac75c94c75f,imp,1s,-ვ-ლოც-ავ-დი,n
ecf4a654-34f7-43b0-aad5-bac75c94c75f,imp,2s,--ლოც-ავ-დი,n
ecf4a654-34f7-43b0-aad5-bac75c94c75f,imp,3s,--ლოც-ავ-და,n
ecf4a654-34f7-43b0-aad5-bac75c94c75f,imp,1p,-ვ-ლოც-ავ-დით,n
ecf4a654-34f7-43b0-aad5-bac75c94c75f,imp,2p,--ლოც-ავ-დით,n
ecf4a654-34f7-43b0-aad5-bac75c94c75f,imp,3p,--ლოც-ავ-დნენ,n
ecf4a654-34f7-43b0-aad5-bac75c94c75f,pres-subj,1s,-ვ-ლოც-ავ-დე,n
ecf4a654-34f7-43b0-aad5-bac75c94c75f,pres-subj,2s,--ლოც-ავ-დე,n
ecf4a654-34f7-43b0-aad5-bac75c94c75f,pres-subj,3s,--ლოც-ავ-დეს,n
ecf4a654-34f7-43b0-aad5-bac75c94c75f,pres-subj,1p,-ვ-ლოც-ავ-დეთ,n
ecf4a654-34f7-43b0-aad5-bac75c94c75f,pres-subj,2p,--ლოც-ავ-დეთ,n
ecf4a654-34f7-43b0-aad5-bac75c94c75f,pres-subj,3p,--ლოც-ავ-დნენ,n
ecf4a654-34f7-43b0-aad5-bac75c94c75f,fut,1s,და-ვ-ლოც-ავ-,n
ecf4a654-34f7-43b0-aad5-bac75c94c75f,fut,2s,და--ლოც-ავ-,n
ecf4a654-34f7-43b0-aad5-bac75c94c75f,fut,3s,და--ლოც-ავ-ს,n
ecf4a654-34f7-43b0-aad5-bac75c94c75f,fut,1p,და-ვ-ლოც-ავ-თ,n
ecf4a654-34f7-43b0-aad5-bac75c94c75f,fut,2p,და--ლოც-ავ-თ,n
ecf4a654-34f7-43b0-aad5-bac75c94c75f,fut,3p,და--ლოც-ავ-ენ,n
ecf4a654-34f7-43b0-aad5-bac75c94c75f,cond,1s,და-ვ-ლოც-ავ-დი,n
ecf4a654-34f7-43b0-aad5-bac75c94c75f,cond,2s,და--ლოც-ავ-დი,n
ecf4a654-34f7-43b0-aad5-bac75c94c75f,cond,3s,და--ლოც-ავ-და,n
ecf4a654-34f7-43b0-aad5-bac75c94c75f,cond,1p,და-ვ-ლოც-ავ-დით,n
ecf4a654-34f7-43b0-aad5-bac75c94c75f,cond,2p,და--ლოც-ავ-დით,n
ecf4a654-34f7-43b0-aad5-bac75c94c75f,cond,3p,და--ლოც-ავ-დნენ,n
ecf4a654-34f7-43b0-aad5-bac75c94c75f,aor,1s,და-ვ-ლოც--ე,n
ecf4a654-34f7-43b0-aad5-bac75c94c75f,aor,2s,და--ლოც--ე,n
ecf4a654-34f7-43b0-aad5-bac75c94c75f,aor,3s,და--ლოც--ა,n
ecf4a654-34f7-43b0-aad5-bac75c94c75f,aor,1p,და-ვ-ლოც--ეთ,n
ecf4a654-34f7-43b0-aad5-bac75c94c75f,aor,2p,და--ლოც--ეთ,n
ecf4a654-34f7-43b0-aad5-bac75c94c75f,aor,3p,და--ლოც--ეს,n
ecf4a654-34f7-43b0-aad5-bac75c94c75f,opt,1s,და-ვ-ლოც--,n
ecf4a654-34f7-43b0-aad5-bac75c94c75f,opt,2s,და--ლოც--,n
ecf4a654-34f7-43b0-aad5-bac75c94c75f,opt,3s,და--ლოც--ოს,n
ecf4a654-34f7-43b0-aad5-bac75c94c75f,opt,1p,და-ვ-ლოც--ოთ,n
ecf4a654-34f7-43b0-aad5-bac75c94c75f,opt,2p,და--ლოც--ოთ,n
ecf4a654-34f7-43b0-aad5-bac75c94c75f,opt,3p,და--ლოც--ონ,n
882024fb-d657-4c12-864e-a2d38f518b43,pres,1s,-ვ-წითლდ-ებ-ი,n
882024fb-d657-4c12-864e-a2d38f518b43,pres,2s,--წითლდ-ებ-ი,n
882024fb-d657-4c12-864e-a2d38f518b43,pres,3s,--წითლდ-ებ-ა,n
882024fb-d657-4c12-864e-a2d38f518b43,pres,1p,-ვ-წითლდ-ებ-ით,n
882024fb-d657-4c12-864e-a2d38f518b43,pres,2p,--წითლდ-ებ-ით,n
882024fb-d657-4c12-864e-a2d38f518b43,pres,3p,--წითლდ-ებ-იან,n
882024fb-d657-4c12-864e-a2d38f518b43,imp,1s,-ვ-წითლდ-ებ-ოდი,n
882024fb-d657-4c12-864e-a2d38f518b43,imp,2s,--წითლდ-ებ-ოდი,n
882024fb-d657-4c12-864e-a2d38f518b43,imp,3s,--წითლდ-ებ-ოდა,n
882024fb-d657-4c12-864e-a2d38f518b43,imp,1p,-ვ-წითლდ-ებ-ოდით,n
882024fb-d657-4c12-864e-a2d38f518b43,imp,2p,--წითლდ-ებ-ოდით,n
882024fb-d657-4c12-864e-a2d38f518b43,imp,3p,--წითლდ-ებ-ოდნენ,n
882024fb-d657-4c12-864e-a2d38f518b43,pres-subj,1s,-ვ-წითლდ-ებ-ოდე,n
882024fb-d657-4c12-864e-a2d38f518b43,pres-subj,2s,--წითლდ-ებ-ოდე,n
882024fb-d657-4c12-864e-a2d38f518b43,pres-subj,3s,--წითლდ-ებ-ოდეს,n
882024fb-d657-4c12-864e-a2d38f518b43,pres-subj,1p,-ვ-წითლდ-ებ-ოდეთ,n
882024fb-d657-4c12-864e-a2d38f518b43,pres-subj,2p,--წითლდ-ებ-ოდეთ,n
882024fb-d657-4c12-864e-a2d38f518b43,pres-subj,3p,--წითლდ-ებ-ოდნენ,n
882024fb-d657-4c12-864e-a2d38f518b43,fut,1s,გა-ვ-წითლდ-ებ-ი,n
882024fb-d657-4c12-864e-a2d38f518b43,fut,2s,გა--წითლდ-ებ-ი,n
882024fb-d657-4c12-864e-a2d38f518b43,fut,3s,გა--წითლდ-ებ-ა,n
882024fb-d657-4c12-864e-a2d38f518b43,fut,1p,გა-ვ-წითლდ-ებ-ით,n
882024fb-d657-4c12-864e-a2d38f518b43,fut,2p,გა--წითლდ-ებ-ით,n
882024fb-d657-4c12-864e-a2d38f518b43,fut,3p,გა--წითლდ-ებ-იან,n
882024fb-d657-4c12-864e-a2d38f518b43,cond,1s,გა-ვ-წითლდ-ებ-ოდი,n
882024fb-d657-4c12-864e-a2d38f518b43,cond,2s,გა--წითლდ-ებ-ოდი,n
882024fb-d657-4c12-864e-a2d38f518b43,cond,3s,გა--წითლდ-ებ-ოდა,n
882024fb-d657-4c12-864e-a2d38f518b43,cond,1p,გა-ვ-წითლდ-ებ-ოდით,n
882024fb-d657-4c12-864e-a2d38f518b43,cond,2p,გა--წითლდ-ებ-ოდით,n
882024fb-d657-4c12-864e-a2d38f518b43,cond,3p,გა--წითლდ-ებ-ოდნენ,n
882024fb-d657-4c12-864e-a2d38f518b43,aor,1s,გა-ვ-წითლდ--ი,n
882024fb-d657-4c12-864e-a2d38f518b43,aor,2s,გა--წითლდ--ი,n
882024fb-d657-4c12-864e-a2d38f518b43,aor,3s,გა--წითლდ--ა,n
882024fb-d657-4c12-864e-a2d38f518b43,aor,1p,გა-ვ-წითლდ--ით,n
882024fb-d657-4c12-864e-a2d38f518b43,aor,2p,გა--წითლდ--ით,n
882024fb-d657-4c12-864e-a2d38f518b43,aor,3p,გა--წითლდ--ნენ,n
882024fb-d657-4c12-864e-a2d38f518b43,opt,1s,გა-ვ-წითლდ--ე,n
882024fb-d657-4c12-864e-a2d38f518b43,opt,2s,გა--წითლდ--ე,n
882024fb-d657-4c12-864e-a2d38f518b43,opt,3s,გა--წითლდ--ეს,n
882024fb-d657-4c12-864e-a2d38f518b43,opt,1p,გა-ვ-წითლდ--ეთ,n
882024fb-d657-4c12-864e-a2d38f518b43,opt,2p,გა--წითლდ--ეთ,n
882024fb-d657-4c12-864e-a2d38f518b43,opt,3p,გა--წითლდ--ნენ,n
d4970465-f4f5-4f9b-98d3-65e63faca252,pres,1s,-ვ-ადუღ-ებ-,n
d4970465-f4f5-4f9b-98d3-65e63faca252,pres,2s,--ადუღ-ებ-,n
d4970465-f4f5-4f9b-98d3-65e63faca252,pres,3s,--ადუღ-ებ-ს,n
d4970465-f4f5-4f9b-98d3-65e63faca252,pres,1p,-ვ-ადუღ-ებ-თ,n
d4970465-f4f5-4f9b-98d3-65e63faca252,pres,2p,--ადუღ-ებ-თ,n
d4970465-f4f5-4f9b-98d3-65e63faca252,pres,3p,--ადუღ-ებ-ენ,n
d4970465-f4f5-4f9b-98d3-65e63faca252,imp,1s,-ვ-ადუღ-ებ-დი,n
d4970465-f4f5-4f9b-98d3-65e63faca252,imp,2s,--ადუღ-ებ-დი,n
d4970465-f4f5-4f9b-98d3-65e63faca252,imp,3s,--ადუღ-ებ-და,n
d4970465-f4f5-4f9b-98d3-65e63faca252,imp,1p,-ვ-ადუღ-ებ-დით,n
d4970465-f4f5-4f9b-98d3-65e63faca252,imp,2p,--ადუღ-ებ-დით,n
d4970465-f4f5-4f9b-98d3-65e63faca252,imp,3p,--ადუღ-ებ-დნენ,n
d4970465-f4f5-4f9b-98d3-65e63faca252,pres-subj,1s,-ვ-ადუღ-ებ-დე,n
d4970465-f4f5-4f9b-98d3-65e63faca252,pres-subj,2s,--ადუღ-ებ-დე,n
d4970465-f4f5-4f9b-98d3-65e63faca252,pres-subj,3s,--ადუღ-ებ-დეს,n
d4970465-f4f5-4f9b-98d3-65e63faca252,pres-subj,1p,-ვ-ადუღ-ებ-დეთ,n
d4970465-f4f5-4f9b-98d3-65e63faca252,pres-subj,2p,--ადუღ-ებ-დეთ,n
d4970465-f4f5-4f9b-98d3-65e63faca252,pres-subj,3p,--ადუღ-ებ-დნენ,n
d4970465-f4f5-4f9b-98d3-65e63faca252,fut,1s,ა-ვ-ადუღ-ებ-,n
d4970465-f4f5-4f9b-98d3-65e63faca252,fut,2s,ა--ადუღ-ებ-,n
d4970465-f4f5-4f9b-98d3-65e63faca252,fut,3s,ა--ადუღ-ებ-ს,n
d4970465-f4f5-4f9b-98d3-65e63faca252,fut,1p,ა-ვ-ადუღ-ებ-თ,n
d4970465-f4f5-4f9b-98d3-65e63faca252,fut,2p,ა--ადუღ-ებ-თ,n
d4970465-f4f5-4f9b-98d3-65e63faca252,fut,3p,ა--ადუღ-ებ-ენ,n
d4970465-f4f5-4f9b-98d3-65e63faca252,cond,1s,ა-ვ-ადუღ-ებ-დი,n
d4970465-f4f5-4f9b-98d3-65e63faca252,cond,2s,ა--ადუღ-ებ-დი,n
d4970465-f4f5-4f9b-98d3-65e63faca252,cond,3s,ა--ადუღ-ებ-და,n
d4970465-f4f5-4f9b-98d3-65e63faca252,cond,1p,ა-ვ-ადუღ-ებ-დით,n
d4970465-f4f5-4f9b-98d3-65e63faca252,cond,2p,ა--ადუღ-ებ-დით,n
d4970465-f4f5-4f9b-98d3-65e63faca252,cond,3p,ა--ადუღ-ებ-დნენ,n
d4970465-f4f5-4f9b-98d3-65e63faca252,aor,1s,ა-ვ-ადუღ--ე,n
d4970465-f4f5-4f9b-98d3-65e63faca252,aor,2s,ა--ადუღ--ე,n
d4970465-f4f5-4f9b-98d3-65e63faca252,aor,3s,ა--ადუღ--ა,n
d4970465-f4f5-4f9b-98d3-65e63faca252,aor,1p,ა-ვ-ადუღ--ეთ,n
d4970465-f4f5-4f9b-98d3-65e63faca252,aor,2p,ა--ადუღ--ეთ,n
d4970465-f4f5-4f9b-98d3-65e63faca252,aor,3p,ა--ადუღ--ეს,n
d4970465-f4f5-4f9b-98d3-65e63faca252,opt,1s,ა-ვ-ადუღ--,n
d4970465-f4f5-4f9b-98d3-65e63faca252,opt,2s,ა--ადუღ--,n
d4970465-f4f5-4f9b-98d3-65e63faca252,opt,3s,ა--ადუღ--ოს,n
d4970465-f4f5-4f9b-98d3-65e63faca252,opt,1p,ა-ვ-ადუღ--ოთ,n
d4970465-f4f5-4f9b-98d3-65e63faca252,opt,2p,ა--ადუღ--ოთ,n
d4970465-f4f5-4f9b-98d3-65e63faca252,opt,3p,ა--ადუღ--ონ,n
2f1a718c-e7db-42c0-8536-4b046ee99950,pres,1s,-ვ-იბად-ებ-ი,n
2f1a718c-e7db-42c0-8536-4b046ee99950,pres,2s,--იბად-ებ-ი,n
2f1a718c-e7db-42c0-8536-4b046ee99950,pres,3s,--იბად-ებ-ა,n
2f1a718c-e7db-42c0-8536-4b046ee99950,pres,1p,-ვ-იბად-ებ-ით,n
2f1a718c-e7db-42c0-8536-4b046ee99950,pres,2p,--იბად-ებ-ით,n
2f1a718c-e7db-42c0-8536-4b046ee99950,pres,3p,--იბად-ებ-იან,n
2f1a718c-e7db-42c0-8536-4b046ee99950,imp,1s,-ვ-იბად-ებ-ოდი,n
2f1a718c-e7db-42c0-8536-4b046ee99950,imp,2s,--იბად-ებ-ოდი,n
2f1a718c-e7db-42c0-8536-4b046ee99950,imp,3s,--იბად-ებ-ოდა,n
2f1a718c-e7db-42c0-8536-4b046ee99950,imp,1p,-ვ-იბად-ებ-ოდით,n
2f1a718c-e7db-42c0-8536-4b046ee99950,imp,2p,--იბად-ებ-ოდით,n
2f1a718c-e7db-42c0-8536-4b046ee99950,imp,3p,--იბად-ებ-ოდნენ,n
2f1a718c-e7db-42c0-8536-4b046ee99950,pres-subj,1s,-ვ-იბად-ებ-ოდე,n
2f1a718c-e7db-42c0-8536-4b046ee99950,pres-subj,2s,--იბად-ებ-ოდე,n
2f1a718c-e7db-42c0-8536-4b046ee99950,pres-subj,3s,--იბად-ებ-ოდეს,n
2f1a718c-e7db-42c0-8536-4b046ee99950,pres-subj,1p,-ვ-იბად-ებ-ოდეთ,n
2f1a718c-e7db-42c0-8536-4b046ee99950,pres-subj,2p,--იბად-ებ-ოდეთ,n
2f1a718c-e7db-42c0-8536-4b046ee99950,pres-subj,3p,--იბად-ებ-ოდნენ,n
2f1a718c-e7db-42c0-8536-4b046ee99950,fut,1s,და-ვ-იბად-ებ-ი,n
2f1a718c-e7db-42c0-8536-4b046ee99950,fut,2s,და--იბად-ებ-ი,n
2f1a718c-e7db-42c0-8536-4b046ee99950,fut,3s,და--იბად-ებ-ა,n
2f1a718c-e7db-42c0-8536-4b046ee99950,fut,1p,და-ვ-იბად-ებ-ით,n
2f1a718c-e7db-42c0-8536-4b046ee99950,fut,2p,და--იბად-ებ-ით,n
2f1a718c-e7db-42c0-8536-4b046ee99950,fut,3p,და--იბად-ებ-იან,n
2f1a718c-e7db-42c0-8536-4b046ee99950,cond,1s,და-ვ-იბად-ებ-ოდი,n
2f1a718c-e7db-42c0-8536-4b046ee99950,cond,2s,და--იბად-ებ-ოდი,n
2f1a718c-e7db-42c0-8536-4b046ee99950,cond,3s,და--იბად-ებ-ოდა,n
2f1a718c-e7db-42c0-8536-4b046ee99950,cond,1p,და-ვ-იბად-ებ-ოდით,n
2f1a718c-e7db-42c0-8536-4b046ee99950,cond,2p,და--იბად-ებ-ოდით,n
2f1a718c-e7db-42c0-8536-4b046ee99950,cond,3p,და--იბად-ებ-ოდნენ,n
2f1a718c-e7db-42c0-8536-4b046ee99950,aor,1s,და-ვ-იბად--ე,n
2f1a718c-e7db-42c0-8536-4b046ee99950,aor,2s,და--იბად--ე,n
2f1a718c-e7db-42c0-8536-4b046ee99950,aor,3s,და--იბად--ა,n
2f1a718c-e7db-42c0-8536-4b046ee99950,aor,1p,და-ვ-იბად--ეთ,n
2f1a718c-e7db-42c0-8536-4b046ee99950,aor,2p,და--იბად--ეთ,n
2f1a718c-e7db-42c0-8536-4b046ee99950,aor,3p,და--იბად--ნენ,n
2f1a718c-e7db-42c0-8536-4b046ee99950,opt,1s,და-ვ-იბად--,n
2f1a718c-e7db-42c0-8536-4b046ee99950,opt,2s,და--იბად--,n
2f1a718c-e7db-42c0-8536-4b046ee99950,opt,3s,და--იბად--ოს,n
2f1a718c-e7db-42c0-8536-4b046ee99950,opt,1p,და-ვ-იბად--ოთ,n
2f1a718c-e7db-42c0-8536-4b046ee99950,opt,2p,და--იბად--ოთ,n
2f1a718c-e7db-42c0-8536-4b046ee99950,opt,3p,და--იბად--ონ,n
46ef3b01-8a1a-421a-838e-20cb7e767833,pres,1s,ვ--სესხ-ულობ-,y
46ef3b01-8a1a-421a-838e-20cb7e767833,pres,2s,--სესხ-ულობ-,y
46ef3b01-8a1a-421a-838e-20cb7e767833,pres,3s,--სესხ-ულობ-ს,y
46ef3b01-8a1a-421a-838e-20cb7e767833,pres,1p,ვ--სესხ-ულობ-თ,y
46ef3b01-8a1a-421a-838e-20cb7e767833,pres,2p,--სესხ-ულობ-თ,y
46ef3b01-8a1a-421a-838e-20cb7e767833,pres,3p,--სესხ-ულობ-ენ,y
46ef3b01-8a1a-421a-838e-20cb7e767833,imp,1s,ვ--სესხ-ულობ-დი,y
46ef3b01-8a1a-421a-838e-20cb7e767833,imp,2s,--სესხ-ულობ-დი,y
46ef3b01-8a1a-421a-838e-20cb7e767833,imp,3s,--სესხ-ულობ-და,y
46ef3b01-8a1a-421a-838e-20cb7e767833,imp,1p,ვ--სესხ-ულობ-დით,y
46ef3b01-8a1a-421a-838e-20cb7e767833,imp,2p,--სესხ-ულობ-დით,y
46ef3b01-8a1a-421a-838e-20cb7e767833,imp,3p,--სესხ-ულობ-დნენ,y
46ef3b01-8a1a-421a-838e-20cb7e767833,pres-subj,1s,ვ--სესხ-ულობ-დე,y
46ef3b01-8a1a-421a-838e-20cb7e767833,pres-subj,2s,--სესხ-ულობ-დე,y
46ef3b01-8a1a-421a-838e-20cb7e767833,pres-subj,3s,--სესხ-ულობ-დეს,y
46ef3b01-8a1a-421a-838e-20cb7e767833,pres-subj,1p,ვ--სესხ-ულობ-დეთ,y
46ef3b01-8a1a-421a-838e-20cb7e767833,pres-subj,2p,--სესხ-ულობ-დეთ,y
46ef3b01-8a1a-421a-838e-20cb7e767833,pres-subj,3p,--სესხ-ულობ-დნენ,y
46ef3b01-8a1a-421a-838e-20cb7e767833,fut,1s,ვ-ი-სესხ-ებ-,y
46ef3b01-8a1a-421a-838e-20cb7e767833,fut,2s,-ი-სესხ-ებ-,y
46ef3b01-8a1a-421a-838e-20cb7e767833,fut,3s,-ი-სესხ-ებ-ს,y
46ef3b01-8a1a-421a-838e-20cb7e767833,fut,1p,ვ-ი-სესხ-ებ-თ,y
46ef3b01-8a1a-421a-838e-20cb7e767833,fut,2p,-ი-სესხ-ებ-თ,y
46ef3b01-8a1a-421a-838e-20cb7e767833,fut,3p,-ი-სესხ-ებ-ენ,y
46ef3b01-8a1a-421a-838e-20cb7e767833,cond,1s,ვ-ი-სესხ-ებ-დი,y
46ef3b01-8a1a-421a-838e-20cb7e767833,cond,2s,-ი-სესხ-ებ-დი,y
46ef3b01-8a1a-421a-838e-20cb7e767833,cond,3s,-ი-სესხ-ებ-და,y
46ef3b01-8a1a-421a-838e-20cb7e767833,cond,1p,ვ-ი-სესხ-ებ-დით,y
46ef3b01-8a1a-421a-838e-20cb7e767833,cond,2p,-ი-სესხ-ებ-დით,y
46ef3b01-8a1a-421a-838e-20cb7e767833,cond,3p,-ი-სესხ-ებ-დნენ,y
46ef3b01-8a1a-421a-838e-20cb7e767833,aor,1s,ვ-ი-სესხ--ე,y
46ef3b01-8a1a-421a-838e-20cb7e767833,aor,2s,-ი-სესხ--ე,y
46ef3b01-8a1a-421a-838e-20cb7e767833,aor,3s,-ი-სესხ--ა,y
46ef3b01-8a1a-421a-838e-20cb7e767833,aor,1p,ვ-ი-სესხ--ეთ,y
46ef3b01-8a1a-421a-838e-20cb7e767833,aor,2p,-ი-სესხ--ეთ,y
46ef3b01-8a1a-421a-838e-20cb7e767833,aor,3p,-ი-სესხ--ეს,y
46ef3b01-8a1a-421a-838e-20cb7e767833,opt,1s,ვ-ი-სესხ--,y
46ef3b01-8a1a-421a-838e-20cb7e767833,opt,2s,-ი-სესხ--,y
46ef3b01-8a1a-421a-838e-20cb7e767833,opt,3s,-ი-სესხ--ოს,y
46ef3b01-8a1a-421a-838e-20cb7e767833,opt,1p,ვ-ი-სესხ--ოთ,y
46ef3b01-8a1a-421a-838e-20cb7e767833,opt,2p,-ი-სესხ--ოთ,y
46ef3b01-8a1a-421a-838e-20cb7e767833,opt,3p,-ი-სესხ--ონ,y
75541ace-c5c3-4200-9373-0121e84dc3af,pres,1s,-ვ-აწუხ-ებ-,n
75541ace-c5c3-4200-9373-0121e84dc3af,pres,2s,--აწუხ-ებ-,n
75541ace-c5c3-4200-9373-0121e84dc3af,pres,3s,--აწუხ-ებ-ს,n
75541ace-c5c3-4200-9373-0121e84dc3af,pres,1p,-ვ-აწუხ-ებ-თ,n
75541ace-c5c3-4200-9373-0121e84dc3af,pres,2p,--აწუხ-ებ-თ,n
75541ace-c5c3-4200-9373-0121e84dc3af,pres,3p,--აწუხ-ებ-ენ,n
75541ace-c5c3-4200-9373-0121e84dc3af,imp,1s,-ვ-აწუხ-ებ-დი,n
75541ace-c5c3-4200-9373-0121e84dc3af,imp,2s,--აწუხ-ებ-დი,n
75541ace-c5c3-4200-9373-0121e84dc3af,imp,3s,--აწუხ-ებ-და,n
75541ace-c5c3-4200-9373-0121e84dc3af,imp,1p,-ვ-აწუხ-ებ-დით,n
75541ace-c5c3-4200-9373-0121e84dc3af,imp,2p,--აწუხ-ებ-დით,n
75541ace-c5c3-4200-9373-0121e84dc3af,imp,3p,--აწუხ-ებ-დნენ,n
75541ace-c5c3-4200-9373-0121e84dc3af,pres-subj,1s,-ვ-აწუხ-ებ-დე,n
75541ace-c5c3-4200-9373-0121e84dc3af,pres-subj,2s,--აწუხ-ებ-დე,n
75541ace-c5c3-4200-9373-0121e84dc3af,pres-subj,3s,--აწუხ-ებ-დეს,n
75541ace-c5c3-4200-9373-0121e84dc3af,pres-subj,1p,-ვ-აწუხ-ებ-დეთ,n
75541ace-c5c3-4200-9373-0121e84dc3af,pres-subj,2p,--აწუხ-ებ-დეთ,n
75541ace-c5c3-4200-9373-0121e84dc3af,pres-subj,3p,--აწუხ-ებ-დნენ,n
75541ace-c5c3-4200-9373-0121e84dc3af,fut,1s,შე-ვ-აწუხ-ებ-,n
75541ace-c5c3-4200-9373-0121e84dc3af,fut,2s,შე--აწუხ-ებ-,n
75541ace-c5c3-4200-9373-0121e84dc3af,fut,3s,შე--აწუხ-ებ-ს,n
75541ace-c5c3-4200-9373-0121e84dc3af,fut,1p,შე-ვ-აწუხ-ებ-თ,n
75541ace-c5c3-4200-9373-0121e84dc3af,fut,2p,შე--აწუხ-ებ-თ,n
75541ace-c5c3-4200-9373-0121e84dc3af,fut,3p,შე--აწუხ-ებ-ენ,n
75541ace-c5c3-4200-9373-0121e84dc3af,cond,1s,შე-ვ-აწუხ-ებ-დი,n
75541ace-c5c3-4200-9373-0121e84dc3af,cond,2s,შე--აწუხ-ებ-დი,n
75541ace-c5c3-4200-9373-0121e84dc3af,cond,3s,შე--აწუხ-ებ-და,n
75541ace-c5c3-4200-9373-0121e84dc3af,cond,1p,შე-ვ-აწუხ-ებ-დით,n
75541ace-c5c3-4200-9373-0121e84dc3af,cond,2p,შე--აწუხ-ებ-დით,n
75541ace-c5c3-4200-9373-0121e84dc3af,cond,3p,შე--აწუხ-ებ-დნენ,n
75541ace-c5c3-4200-9373-0121e84dc3af,aor,1s,შე-ვ-აწუხ--ე,n
75541ace-c5c3-4200-9373-0121e84dc3af,aor,2s,შე--აწუხ--ე,n
75541ace-c5c3-4200-9373-0121e84dc3af,aor,3s,შე--აწუხ--ა,n
75541ace-c5c3-4200-9373-0121e84dc3af,aor,1p,შე-ვ-აწუხ--ეთ,n
75541ace-c5c3-4200-9373-0121e84dc3af,aor,2p,შე--აწუხ--ეთ,n
75541ace-c5c3-4200-9373-0121e84dc3af,aor,3p,შე--აწუხ--ეს,n
75541ace-c5c3-4200-9373-0121e84dc3af,opt,1s,შე-ვ-აწუხ--,n
75541ace-c5c3-4200-9373-0121e84dc3af,opt,2s,შე--აწუხ--,n
75541ace-c5c3-4200-9373-0121e84dc3af,opt,3s,შე--აწუხ--ოს,n
75541ace-c5c3-4200-9373-0121e84dc3af,opt,1p,შე-ვ-აწუხ--ოთ,n
75541ace-c5c3-4200-9373-0121e84dc3af,opt,2p,შე--აწუხ--ოთ,n
75541ace-c5c3-4200-9373-0121e84dc3af,opt,3p,შე--აწუხ--ონ,n
6f9c2d34-545f-4f0f-876f-0ea6bab70c94,pres,1s,-ვ-ტეხ-ავ-,n
6f9c2d34-545f-4f0f-876f-0ea6bab70c94,pres,2s,--ტეხ-ავ-,n
6f9c2d34-545f-4f0f-876f-0ea6bab70c94,pres,3s,--ტეხ-ავ-ს,n
6f9c2d34-545f-4f0f-876f-0ea6bab70c94,pres,1p,-ვ-ტეხ-ავ-თ,n
6f9c2d34-545f-4f0f-876f-0ea6bab70c94,pres,2p,--ტეხ-ავ-თ,n
6f9c2d34-545f-4f0f-876f-0ea6bab70c94,pres,3p,--ტეხ-ავ-ენ,n
6f9c2d34-545f-4f0f-876f-0ea6bab70c94,imp,1s,-ვ-ტეხ-ავ-დი,n
6f9c2d34-545f-4f0f-876f-0ea6bab70c94,imp,2s,--ტეხ-ავ-დი,n
6f9c2d34-545f-4f0f-876f-0ea6bab70c94,imp,3s,--ტეხ-ავ-და,n
6f9c2d34-545f-4f0f-876f-0ea6bab70c94,imp,1p,-ვ-ტეხ-ავ-დით,n
6f9c2d34-545f-4f0f-876f-0ea6bab70c94,imp,2p,--ტეხ-ავ-დით,n
6f9c2d34-545f-4f0f-876f-0ea6bab70c94,imp,3p,--ტეხ-ავ-დნენ,n
6f9c2d34-545f-4f0f-876f-0ea6bab70c94,pres-subj,1s,-ვ-ტეხ-ავ-დე,n
6f9c2d34-545f-4f0f-876f-0ea6bab70c94,pres-subj,2s,--ტეხ-ავ-დე,n
6f9c2d34-545f-4f0f-876f-0ea6bab70c94,pres-subj,3s,--ტეხ-ავ-დეს,n
6f9c2d34-545f-4f0f-876f-0ea6bab70c94,pres-subj,1p,-ვ-ტეხ-ავ-დეთ,n
6f9c2d34-545f-4f0f-876f-0ea6bab70c94,pres-subj,2p,--ტეხ-ავ-დეთ,n
6f9c2d34-545f-4f0f-876f-0ea6bab70c94,pres-subj,3p,--ტეხ-ავ-დნენ,n
6f9c2d34-545f-4f0f-876f-0ea6bab70c94,fut,1s,გა-ვ-ტეხ-ავ-,n
6f9c2d34-545f-4f0f-876f-0ea6bab70c94,fut,2s,გა--ტეხ-ავ-,n
6f9c2d34-545f-4f0f-876f-0ea6bab70c94,fut,3s,გა--ტეხ-ავ-ს,n
6f9c2d34-545f-4f0f-876f-0ea6bab70c94,fut,1p,გა-ვ-ტეხ-ავ-თ,n
6f9c2d34-545f-4f0f-876f-0ea6bab70c94,fut,2p,გა--ტეხ-ავ-თ,n
6f9c2d34-545f-4f0f-876f-0ea6bab70c94,fut,3p,გა--ტეხ-ავ-ენ,n
6f9c2d34-545f-4f0f-876f-0ea6bab70c94,cond,1s,გა-ვ-ტეხ-ავ-დი,n
6f9c2d34-545f-4f0f-876f-0ea6bab70c94,cond,2s,გა--ტეხ-ავ-დი,n
6f9c2d34-545f-4f0f-876f-0ea6bab70c94,cond,3s,გა--ტეხ-ავ-და,n
6f9c2d34-545f-4f0f-876f-0ea6bab70c94,cond,1p,გა-ვ-ტეხ-ავ-დით,n
6f9c2d34-545f-4f0f-876f-0ea6bab70c94,cond,2p,გა--ტეხ-ავ-დით,n
6f9c2d34-545f-4f0f-876f-0ea6bab70c94,cond,3p,გა--ტეხ-ავ-დნენ,n
6f9c2d34-545f-4f0f-876f-0ea6bab70c94,aor,1s,გა-ვ-ტეხ--ე,n
6f9c2d34-545f-4f0f-876f-0ea6bab70c94,aor,2s,გა--ტეხ--ე,n
6f9c2d34-545f-4f0f-876f-0ea6bab70c94,aor,3s,გა--ტეხ--ა,n
6f9c2d34-545f-4f0f-876f-0ea6bab70c94,aor,1p,გა-ვ-ტეხ--ეთ,n
6f9c2d34-545f-4f0f-876f-0ea6bab70c94,aor,2p,გა--ტეხ--ეთ,n
6f9c2d34-545f-4f0f-876f-0ea6bab70c94,aor,3p,გა--ტეხ--ეს,n
6f9c2d34-545f-4f0f-876f-0ea6bab70c94,opt,1s,გა-ვ-ტეხ--,n
6f9c2d34-545f-4f0f-876f-0ea6bab70c94,opt,2s,გა--ტეხ--,n
6f9c2d34-545f-4f0f-876f-0ea6bab70c94,opt,3s,გა--ტეხ--ოს,n
6f9c2d34-545f-4f0f-876f-0ea6bab70c94,opt,1p,გა-ვ-ტეხ--ოთ,n
6f9c2d34-545f-4f0f-876f-0ea6bab70c94,opt,2p,გა--ტეხ--ოთ,n
6f9c2d34-545f-4f0f-876f-0ea6bab70c94,opt,3p,გა--ტეხ--ონ,n
c3cd9236-7c37-40fa-9b8f-55be5e4c91ab,pres,1s,მი-მ-ყ-ავ-ს,n
c3cd9236-7c37-40fa-9b8f-55be5e4c91ab,pres,2s,მი-გ-ყ-ავ-ს,n
c3cd9236-7c37-40fa-9b8f-55be5e4c91ab,pres,3s,მი-ჰ-ყ-ავ-ს,n
c3cd9236-7c37-40fa-9b8f-55be5e4c91ab,pres,1p,მი-გვ-ყ-ავ-ს,n
c3cd9236-7c37-40fa-9b8f-55be5e4c91ab,pres,2p,მი-გ-ყ-ავ-თ,n
c3cd9236-7c37-40fa-9b8f-55be5e4c91ab,pres,3p,მი-ჰ-ყ-ავ-თ,n
c3cd9236-7c37-40fa-9b8f-55be5e4c91ab,imp,1s,მი-მ-ყ-ავ-და,n
c3cd9236-7c37-40fa-9b8f-55be5e4c91ab,imp,2s,მი-გ-ყ-ავ-და,n
c3cd9236-7c37-40fa-9b8f-55be5e4c91ab,imp,3s,მი-ჰ-ყ-ავ-და,n
c3cd9236-7c37-40fa-9b8f-55be5e4c91ab,imp,1p,მი-გვ-ყ-ავ-და,n
c3cd9236-7c37-40fa-9b8f-55be5e4c91ab,imp,2p,მი-გ-ყ-ავ-დათ,n
c3cd9236-7c37-40fa-9b8f-55be5e4c91ab,imp,3p,მი-ჰ-ყ-ავ-დათ,n
c3cd9236-7c37-40fa-9b8f-55be5e4c91ab,pres-subj,1s,მი-მ-ყ-ავ-დეს,n
c3cd9236-7c37-40fa-9b8f-55be5e4c91ab,pres-subj,2s,მი-გ-ყ-ავ-დეს,n
c3cd9236-7c37-40fa-9b8f-55be5e4c91ab,pres-subj,3s,მი-ჰ-ყ-ავ-დეს,n
c3cd9236-7c37-40fa-9b8f-55be5e4c91ab,pres-subj,1p,მი-გვ-ყ-ავ-დეს,n
c3cd9236-7c37-40fa-9b8f-55be5e4c91ab,pres-subj,2p,მი-გ-ყ-ავ-დეთ,n
c3cd9236-7c37-40fa-9b8f-55be5e4c91ab,pres-subj,3p,მი-ჰ-ყ-ავ-დეთ,n
c3cd9236-7c37-40fa-9b8f-55be5e4c91ab,fut,1s,მი-მ-იყვ-ან-,n
c3cd9236-7c37-40fa-9b8f-55be5e4c91ab,fut,2s,მი-გ-იყვ-ან-,n
c3cd9236-7c37-40fa-9b8f-55be5e4c91ab,fut,3s,მი--იყვ-ან-,n
c3cd9236-7c37-40fa-9b8f-55be5e4c91ab,fut,1p,მი-გვ-იყვ-ან-,n
c3cd9236-7c37-40fa-9b8f-55be5e4c91ab,fut,2p,მი-გ-იყვ-ან-თ,n
c3cd9236-7c37-40fa-9b8f-55be5e4c91ab,fut,3p,მი--იყვ-ან-ენ,n
c3cd9236-7c37-40fa-9b8f-55be5e4c91ab,cond,1s,მი-მ-იყვ-ან-და,n
c3cd9236-7c37-40fa-9b8f-55be5e4c91ab,cond,2s,მი-გ-იყვ-ან-და,n
c3cd9236-7c37-40fa-9b8f-55be5e4c91ab,cond,3s,მი--იყვ-ან-და,n
c3cd9236-7c37-40fa-9b8f-55be5e4c91ab,cond,1p,მი-გვ-იყვ-ან-და,n
c3cd9236-7c37-40fa-9b8f-55be5e4c91ab,cond,2p,მი-გ-იყვ-ან-დათ,n
c3cd9236-7c37-40fa-9b8f-55be5e4c91ab,cond,3p,მი--იყვ-ან-დათ,n
c3cd9236-7c37-40fa-9b8f-55be5e4c91ab,aor,1s,მი-მ-იყვან--ე,n
c3cd9236-7c37-40fa-9b8f-55be5e4c91ab,aor,2s,მი-გ-იყვან--ე,n
c3cd9236-7c37-40fa-9b8f-55be5e4c91ab,aor,3s,მი--იყვან--ა,n
c3cd9236-7c37-40fa-9b8f-55be5e4c91ab,aor,1p,მი-გვ-იყვან--ეთ,n
c3cd9236-7c37-40fa-9b8f-55be5e4c91ab,aor,2p,მი-გ-იყვან--ეთ,n
c3cd9236-7c37-40fa-9b8f-55be5e4c91ab,aor,3p,მი--იყვან--ეს,n
c3cd9236-7c37-40fa-9b8f-55be5e4c91ab,opt,1s,მი-მ-იყვან--ოს,n
c3cd9236-7c37-40fa-9b8f-55be5e4c91ab,opt,2s,მი-გ-იყვან--ოს,n
c3cd9236-7c37-40fa-9b8f-55be5e4c91ab,opt,3s,მი--იყვან--ოს,n
c3cd9236-7c37-40fa-9b8f-55be5e4c91ab,opt,1p,მი-გვ-იყვან--ოს,n
c3cd9236-7c37-40fa-9b8f-55be5e4c91ab,opt,2p,მი-გ-იყვან--ოთ,n
c3cd9236-7c37-40fa-9b8f-55be5e4c91ab,opt,3p,მი--იყვან--ოთ,n
43daf91b-d9ce-4604-b3ff-f5c6d77bc7f0,pres,1s,მო-მ-აქვ--ს,n
43daf91b-d9ce-4604-b3ff-f5c6d77bc7f0,pres,2s,მო-გ-აქვ--ს,n
43daf91b-d9ce-4604-b3ff-f5c6d77bc7f0,pres,3s,მო--აქვ--ს,n
43daf91b-d9ce-4604-b3ff-f5c6d77bc7f0,pres,1p,მო-გვ-აქვ--ს,n
43daf91b-d9ce-4604-b3ff-f5c6d77bc7f0,pres,2p,მო-გ-აქვ--თ,n
43daf91b-d9ce-4604-b3ff-f5c6d77bc7f0,pres,3p,მო--აქვ--თ,n
43daf91b-d9ce-4604-b3ff-f5c6d77bc7f0,imp,1s,მო-მ-ქონ--და,n
43daf91b-d9ce-4604-b3ff-f5c6d77bc7f0,imp,2s,მო-გ-ქონ--და,n
43daf91b-d9ce-4604-b3ff-f5c6d77bc7f0,imp,3s,მო-ჰ-ქონ--და,n
43daf91b-d9ce-4604-b3ff-f5c6d77bc7f0,imp,1p,მო-გვ-ქონ--და,n
43daf91b-d9ce-4604-b3ff-f5c6d77bc7f0,imp,2p,მო-გ-ქონ--დათ,n
43daf91b-d9ce-4604-b3ff-f5c6d77bc7f0,imp,3p,მო-ჰ-ქონ--დათ,n
43daf91b-d9ce-4604-b3ff-f5c6d77bc7f0,pres-subj,1s,მო-მ-აქვ--დეს,n
43daf91b-d9ce-4604-b3ff-f5c6d77bc7f0,pres-subj,2s,მო-გ-აქვ--დეს,n
43daf91b-d9ce-4604-b3ff-f5c6d77bc7f0,pres-subj,3s,მო--აქვ--დეს,n
43daf91b-d9ce-4604-b3ff-f5c6d77bc7f0,pres-subj,1p,მო-გვ-აქვ--დეს,n
43daf91b-d9ce-4604-b3ff-f5c6d77bc7f0,pres-subj,2p,მო-გ-აქვ--დეთ,n
43daf91b-d9ce-4604-b3ff-f5c6d77bc7f0,pres-subj,3p,მო--აქვ--დეთ,n
43daf91b-d9ce-4604-b3ff-f5c6d77bc7f0,fut,1s,მო-ვ-იტან--,n
43daf91b-d9ce-4604-b3ff-f5c6d77bc7f0,fut,2s,მო--იტან--,n
43daf91b-d9ce-4604-b3ff-f5c6d77bc7f0,fut,3s,მო--იტან--ს,n
43daf91b-d9ce-4604-b3ff-f5c6d77bc7f0,fut,1p,მო-ვ-იტან--თ,n
43daf91b-d9ce-4604-b3ff-f5c6d77bc7f0,fut,2p,მო--იტან--თ,n
43daf91b-d9ce-4604-b3ff-f5c6d77bc7f0,fut,3p,მო--იტან--ენ,n
43daf91b-d9ce-4604-b3ff-f5c6d77bc7f0,cond,1s,მო-ვ-იტან--და,n
43daf91b-d9ce-4604-b3ff-f5c6d77bc7f0,cond,2s,მო--იტან--და,n
43daf91b-d9ce-4604-b3ff-f5c6d77bc7f0,cond,3s,მო--იტან--და,n
43daf91b-d9ce-4604-b3ff-f5c6d77bc7f0,cond,1p,მო-ვ-იტან--და,n
43daf91b-d9ce-4604-b3ff-f5c6d77bc7f0,cond,2p,მო--იტან--დათ,n
43daf91b-d9ce-4604-b3ff-f5c6d77bc7f0,cond,3p,მო--იტან--დათ,n
43daf91b-d9ce-4604-b3ff-f5c6d77bc7f0,aor,1s,მო-ვ-იტან--ე,n
43daf91b-d9ce-4604-b3ff-f5c6d77bc7f0,aor,2s,მო--იტან--ე,n
43daf91b-d9ce-4604-b3ff-f5c6d77bc7f0,aor,3s,მო--იტან--ა,n
43daf91b-d9ce-4604-b3ff-f5c6d77bc7f0,aor,1p,მო-ვ-იტან--ეთ,n
43daf91b-d9ce-4604-b3ff-f5c6d77bc7f0,aor,2p,მო--იტან--ეთ,n
43daf91b-d9ce-4604-b3ff-f5c6d77bc7f0,aor,3p,მო--იტან--ეს,n
43daf91b-d9ce-4604-b3ff-f5c6d77bc7f0,opt,1s,მო-ვ-იტან--ოს,n
43daf91b-d9ce-4604-b3ff-f5c6d77bc7f0,opt,2s,მო--იტან--ოს,n
43daf91b-d9ce-4604-b3ff-f5c6d77bc7f0,opt,3s,მო--იტან--ოს,n
43daf91b-d9ce-4604-b3ff-f5c6d77bc7f0,opt,1p,მო-ვ-იტან--ოს,n
43daf91b-d9ce-4604-b3ff-f5c6d77bc7f0,opt,2p,მო--იტან--ოთ,n
43daf91b-d9ce-4604-b3ff-f5c6d77bc7f0,opt,3p,მო--იტან--ოთ,n
0a6196e8-94ff-41ff-b7a3-6515d8ab3b3e,pres,1s,-ვ-ათვალიერ-ებ-,n
0a6196e8-94ff-41ff-b7a3-6515d8ab3b3e,pres,2s,--ათვალიერ-ებ-,n
0a6196e8-94ff-41ff-b7a3-6515d8ab3b3e,pres,3s,--ათვალიერ-ებ-ს,n
0a6196e8-94ff-41ff-b7a3-6515d8ab3b3e,pres,1p,-ვ-ათვალიერ-ებ-თ,n
0a6196e8-94ff-41ff-b7a3-6515d8ab3b3e,pres,2p,--ათვალიერ-ებ-თ,n
0a6196e8-94ff-41ff-b7a3-6515d8ab3b3e,pres,3p,--ათვალიერ-ებ-ენ,n
0a6196e8-94ff-41ff-b7a3-6515d8ab3b3e,imp,1s,-ვ-ათვალიერ-ებ-დი,n
0a6196e8-94ff-41ff-b7a3-6515d8ab3b3e,imp,2s,--ათვალიერ-ებ-დი,n
0a6196e8-94ff-41ff-b7a3-6515d8ab3b3e,imp,3s,--ათვალიერ-ებ-და,n
0a6196e8-94ff-41ff-b7a3-6515d8ab3b3e,imp,1p,-ვ-ათვალიერ-ებ-დით,n
0a6196e8-94ff-41ff-b7a3-6515d8ab3b3e,imp,2p,--ათვალიერ-ებ-დით,n
0a6196e8-94ff-41ff-b7a3-6515d8ab3b3e,imp,3p,--ათვალიერ-ებ-დნენ,n
0a6196e8-94ff-41ff-b7a3-6515d8ab3b3e,pres-subj,1s,-ვ-ათვალიერ-ებ-დე,n
0a6196e8-94ff-41ff-b7a3-6515d8ab3b3e,pres-subj,2s,--ათვალიერ-ებ-დე,n
0a6196e8-94ff-41ff-b7a3-6515d8ab3b3e,pres-subj,3s,--ათვალიერ-ებ-დეს,n
0a6196e8-94ff-41ff-b7a3-6515d8ab3b3e,pres-subj,1p,-ვ-ათვალიერ-ებ-დეთ,n
0a6196e8-94ff-41ff-b7a3-6515d8ab3b3e,pres-subj,2p,--ათვალიერ-ებ-დეთ,n
0a6196e8-94ff-41ff-b7a3-6515d8ab3b3e,pres-subj,3p,--ათვალიერ-ებ-დნენ,n
0a6196e8-94ff-41ff-b7a3-6515d8ab3b3e,fut,1s,და-ვ-ათვალიერ-ებ-,n
0a6196e8-94ff-41ff-b7a3-6515d8ab3b3e,fut,2s,და--ათვალიერ-ებ-,n
0a6196e8-94ff-41ff-b7a3-6515d8ab3b3e,fut,3s,და--ათვალიერ-ებ-ს,n
0a6196e8-94ff-41ff-b7a3-6515d8ab3b3e,fut,1p,და-ვ-ათვალიერ-ებ-თ,n
0a6196e8-94ff-41ff-b7a3-6515d8ab3b3e,fut,2p,და--ათვალიერ-ებ-თ,n
0a6196e8-94ff-41ff-b7a3-6515d8ab3b3e,fut,3p,და--ათვალიერ-ებ-ენ,n
0a6196e8-94ff-41ff-b7a3-6515d8ab3b3e,cond,1s,და-ვ-ათვალიერ-ებ-დი,n
0a6196e8-94ff-41ff-b7a3-6515d8ab3b3e,cond,2s,და--ათვალიერ-ებ-დი,n
0a6196e8-94ff-41ff-b7a3-6515d8ab3b3e,cond,3s,და--ათვალიერ-ებ-და,n
0a6196e8-94ff-41ff-b7a3-6515d8ab3b3e,cond,1p,და-ვ-ათვალიერ-ებ-დით,n
0a6196e8-94ff-41ff-b7a3-6515d8ab3b3e,cond,2p,და--ათვალიერ-ებ-დით,n
0a6196e8-94ff-41ff-b7a3-6515d8ab3b3e,cond,3p,და--ათვალიერ-ებ-დნენ,n
0a6196e8-94ff-41ff-b7a3-6515d8ab3b3e,aor,1s,და-ვ-ათვალიერ--ე,n
0a6196e8-94ff-41ff-b7a3-6515d8ab3b3e,aor,2s,და--ათვალიერ--ე,n
0a6196e8-94ff-41ff-b7a3-6515d8ab3b3e,aor,3s,და--ათვალიერ--ა,n
0a6196e8-94ff-41ff-b7a3-6515d8ab3b3e,aor,1p,და-ვ-ათვალიერ--ეთ,n
0a6196e8-94ff-41ff-b7a3-6515d8ab3b3e,aor,2p,და--ათვალიერ--ეთ,n
0a6196e8-94ff-41ff-b7a3-6515d8ab3b3e,aor,3p,და--ათვალიერ--ეს,n
0a6196e8-94ff-41ff-b7a3-6515d8ab3b3e,opt,1s,და-ვ-ათვალიერ--,n
0a6196e8-94ff-41ff-b7a3-6515d8ab3b3e,opt,2s,და--ათვალიერ--,n
0a6196e8-94ff-41ff-b7a3-6515d8ab3b3e,opt,3s,და--ათვალიერ--ოს,n
0a6196e8-94ff-41ff-b7a3-6515d8ab3b3e,opt,1p,და-ვ-ათვალიერ--ოთ,n
0a6196e8-94ff-41ff-b7a3-6515d8ab3b3e,opt,2p,და--ათვალიერ--ოთ,n
0a6196e8-94ff-41ff-b7a3-6515d8ab3b3e,opt,3p,და--ათვალიერ--ონ,n
7a3f6b9e-d5bf-4fe0-a32c-ab763c88e96b,pres,1s,-ვ-აშენ-ებ-,n
7a3f6b9e-d5bf-4fe0-a32c-ab763c88e96b,pres,2s,--აშენ-ებ-,n
7a3f6b9e-d5bf-4fe0-a32c-ab763c88e96b,pres,3s,--აშენ-ებ-ს,n
7a3f6b9e-d5bf-4fe0-a32c-ab763c88e96b,pres,1p,-ვ-აშენ-ებ-თ,n
7a3f6b9e-d5bf-4fe0-a32c-ab763c88e96b,pres,2p,--აშენ-ებ-თ,n
7a3f6b9e-d5bf-4fe0-a32c-ab763c88e96b,pres,3p,--აშენ-ებ-ენ,n
7a3f6b9e-d5bf-4fe0-a32c-ab763c88e96b,imp,1s,-ვ-აშენ-ებ-დი,n
7a3f6b9e-d5bf-4fe0-a32c-ab763c88e96b,imp,2s,--აშენ-ებ-დი,n
7a3f6b9e-d5bf-4fe0-a32c-ab763c88e96b,imp,3s,--აშენ-ებ-და,n
7a3f6b9e-d5bf-4fe0-a32c-ab763c88e96b,imp,1p,-ვ-აშენ-ებ-დით,n
7a3f6b9e-d5bf-4fe0-a32c-ab763c88e96b,imp,2p,--აშენ-ებ-დით,n
7a3f6b9e-d5bf-4fe0-a32c-ab763c88e96b,imp,3p,--აშენ-ებ-დნენ,n
7a3f6b9e-d5bf-4fe0-a32c-ab763c88e96b,pres-subj,1s,-ვ-აშენ-ებ-დე,n
7a3f6b9e-d5bf-4fe0-a32c-ab763c88e96b,pres-subj,2s,--აშენ-ებ-დე,n
7a3f6b9e-d5bf-4fe0-a32c-ab763c88e96b,pres-subj,3s,--აშენ-ებ-დეს,n
7a3f6b9e-d5bf-4fe0-a32c-ab763c88e96b,pres-subj,1p,-ვ-აშენ-ებ-დეთ,n
7a3f6b9e-d5bf-4fe0-a32c-ab763c88e96b,pres-subj,2p,--აშენ-ებ-დეთ,n
7a3f6b9e-d5bf-4fe0-a32c-ab763c88e96b,pres-subj,3p,--აშენ-ებ-დნენ,n
7a3f6b9e-d5bf-4fe0-a32c-ab763c88e96b,fut,1s,ა-ვ-აშენ-ებ-,n
7a3f6b9e-d5bf-4fe0-a32c-ab763c88e96b,fut,2s,ა--აშენ-ებ-,n
7a3f6b9e-d5bf-4fe0-a32c-ab763c88e96b,fut,3s,ა--აშენ-ებ-ს,n
7a3f6b9e-d5bf-4fe0-a32c-ab763c88e96b,fut,1p,ა-ვ-აშენ-ებ-თ,n
7a3f6b9e-d5bf-4fe0-a32c-ab763c88e96b,fut,2p,ა--აშენ-ებ-თ,n
7a3f6b9e-d5bf-4fe0-a32c-ab763c88e96b,fut,3p,ა--აშენ-ებ-ენ,n
7a3f6b9e-d5bf-4fe0-a32c-ab763c88e96b,cond,1s,ა-ვ-აშენ-ებ-დი,n
7a3f6b9e-d5bf-4fe0-a32c-ab763c88e96b,cond,2s,ა--აშენ-ებ-დი,n
7a3f6b9e-d5bf-4fe0-a32c-ab763c88e96b,cond,3s,ა--აშენ-ებ-და,n
7a3f6b9e-d5bf-4fe0-a32c-ab763c88e96b,cond,1p,ა-ვ-აშენ-ებ-დით,n
7a3f6b9e-d5bf-4fe0-a32c-ab763c88e96b,cond,2p,ა--აშენ-ებ-დით,n
7a3f6b9e-d5bf-4fe0-a32c-ab763c88e96b,cond,3p,ა--აშენ-ებ-დნენ,n
7a3f6b9e-d5bf-4fe0-a32c-ab763c88e96b,aor,1s,ა-ვ-აშენ--ე,n
7a3f6b9e-d5bf-4fe0-a32c-ab763c88e96b,aor,2s,ა--აშენ--ე,n
7a3f6b9e-d5bf-4fe0-a32c-ab763c88e96b,aor,3s,ა--აშენ--ა,n
7a3f6b9e-d5bf-4fe0-a32c-ab763c88e96b,aor,1p,ა-ვ-აშენ--ეთ,n
7a3f6b9e-d5bf-4fe0-a32c-ab763c88e96b,aor,2p,ა--აშენ--ეთ,n
7a3f6b9e-d5bf-4fe0-a32c-ab763c88e96b,aor,3p,ა--აშენ--ეს,n
7a3f6b9e-d5bf-4fe0-a32c-ab763c88e96b,opt,1s,ა-ვ-აშენ--,n
7a3f6b9e-d5bf-4fe0-a32c-ab763c88e96b,opt,2s,ა--აშენ--,n
7a3f6b9e-d5bf-4fe0-a32c-ab763c88e96b,opt,3s,ა--აშენ--ოს,n
7a3f6b9e-d5bf-4fe0-a32c-ab763c88e96b,opt,1p,ა-ვ-აშენ--ოთ,n
7a3f6b9e-d5bf-4fe0-a32c-ab763c88e96b,opt,2p,ა--აშენ--ოთ,n
7a3f6b9e-d5bf-4fe0-a32c-ab763c88e96b,opt,3p,ა--აშენ--ონ,n
4dbe615b-a32e-4038-b792-861108335f5c,pres,1s,-ვ-წვ-ავ-,n
4dbe615b-a32e-4038-b792-861108335f5c,pres,2s,--წვ-ავ-,n
4dbe615b-a32e-4038-b792-861108335f5c,pres,3s,--წვ-ავ-ს,n
4dbe615b-a32e-4038-b792-861108335f5c,pres,1p,-ვ-წვ-ავ-თ,n
4dbe615b-a32e-4038-b792-861108335f5c,pres,2p,--წვ-ავ-თ,n
4dbe615b-a32e-4038-b792-861108335f5c,pres,3p,--წვ-ავ-ენ,n
4dbe615b-a32e-4038-b792-861108335f5c,imp,1s,-ვ-წვ-ავ-დი,n
4dbe615b-a32e-4038-b792-861108335f5c,imp,2s,--წვ-ავ-დი,n
4dbe615b-a32e-4038-b792-861108335f5c,imp,3s,--წვ-ავ-და,n
4dbe615b-a32e-4038-b792-861108335f5c,imp,1p,-ვ-წვ-ავ-დით,n
4dbe615b-a32e-4038-b792-861108335f5c,imp,2p,--წვ-ავ-დით,n
4dbe615b-a32e-4038-b792-861108335f5c,imp,3p,--წვ-ავ-დნენ,n
4dbe615b-a32e-4038-b792-861108335f5c,pres-subj,1s,-ვ-წვ-ავ-დე,n
4dbe615b-a32e-4038-b792-861108335f5c,pres-subj,2s,--წვ-ავ-დე,n
4dbe615b-a32e-4038-b792-861108335f5c,pres-subj,3s,--წვ-ავ-დეს,n
4dbe615b-a32e-4038-b792-861108335f5c,pres-subj,1p,-ვ-წვ-ავ-დეთ,n
4dbe615b-a32e-4038-b792-861108335f5c,pres-subj,2p,--წვ-ავ-დეთ,n
4dbe615b-a32e-4038-b792-861108335f5c,pres-subj,3p,--წვ-ავ-დნენ,n
4dbe615b-a32e-4038-b792-861108335f5c,fut,1s,და-ვ-წვ-ავ-,n
4dbe615b-a32e-4038-b792-861108335f5c,fut,2s,და--წვ-ავ-,n
4dbe615b-a32e-4038-b792-861108335f5c,fut,3s,და--წვ-ავ-ს,n
4dbe615b-a32e-4038-b792-861108335f5c,fut,1p,და-ვ-წვ-ავ-თ,n
4dbe615b-a32e-4038-b792-861108335f5c,fut,2p,და--წვ-ავ-თ,n
4dbe615b-a32e-4038-b792-861108335f5c,fut,3p,და--წვ-ავ-ენ,n
4dbe615b-a32e-4038-b792-861108335f5c,cond,1s,და-ვ-წვ-ავ-დი,n
4dbe615b-a32e-4038-b792-861108335f5c,cond,2s,და--წვ-ავ-დი,n
4dbe615b-a32e-4038-b792-861108335f5c,cond,3s,და--წვ-ავ-და,n
4dbe615b-a32e-4038-b792-861108335f5c,cond,1p,და-ვ-წვ-ავ-დით,n
4dbe615b-a32e-4038-b792-861108335f5c,cond,2p,და--წვ-ავ-დით,n
4dbe615b-a32e-4038-b792-861108335f5c,cond,3p,და--წვ-ავ-დნენ,n
4dbe615b-a32e-4038-b792-861108335f5c,aor,1s,და-ვ-წვ--ი,n
4dbe615b-a32e-4038-b792-861108335f5c,aor,2s,და--წვ--ი,n
4dbe615b-a32e-4038-b792-861108335f5c,aor,3s,და--წვ--ა,n
4dbe615b-a32e-4038-b792-861108335f5c,aor,1p,და-ვ-წვ--ით,n
4dbe615b-a32e-4038-b792-861108335f5c,aor,2p,და--წვ--ით,n
4dbe615b-a32e-4038-b792-861108335f5c,aor,3p,და--წვ--ეს,n
4dbe615b-a32e-4038-b792-861108335f5c,opt,1s,და-ვ-წვ--ა,n
4dbe615b-a32e-4038-b792-861108335f5c,opt,2s,და--წვ--ა,n
4dbe615b-a32e-4038-b792-861108335f5c,opt,3s,და--წვ--ას,n
4dbe615b-a32e-4038-b792-861108335f5c,opt,1p,და-ვ-წვ--ათ,n
4dbe615b-a32e-4038-b792-861108335f5c,opt,2p,და--წვ--ათ,n
4dbe615b-a32e-4038-b792-861108335f5c,opt,3p,და--წვ--ან,n
c00e719e-e221-41f5-8a9f-254eed050820,pres,1s,-ვ-ფლ-ავ-,n
c00e719e-e221-41f5-8a9f-254eed050820,pres,2s,--ფლ-ავ-,n
c00e719e-e221-41f5-8a9f-254eed050820,pres,3s,--ფლ-ავ-ს,n
c00e719e-e221-41f5-8a9f-254eed050820,pres,1p,-ვ-ფლ-ავ-თ,n
c00e719e-e221-41f5-8a9f-254eed050820,pres,2p,--ფლ-ავ-თ,n
c00e719e-e221-41f5-8a9f-254eed050820,pres,3p,--ფლ-ავ-ენ,n
c00e719e-e221-41f5-8a9f-254eed050820,imp,1s,-ვ-ფლ-ავ-დი,n
c00e719e-e221-41f5-8a9f-254eed050820,imp,2s,--ფლ-ავ-დი,n
c00e719e-e221-41f5-8a9f-254eed050820,imp,3s,--ფლ-ავ-და,n
c00e719e-e221-41f5-8a9f-254eed050820,imp,1p,-ვ-ფლ-ავ-დით,n
c00e719e-e221-41f5-8a9f-254eed050820,imp,2p,--ფლ-ავ-დით,n
c00e719e-e221-41f5-8a9f-254eed050820,imp,3p,--ფლ-ავ-დნენ,n
c00e719e-e221-41f5-8a9f-254eed050820,pres-subj,1s,-ვ-ფლ-ავ-დე,n
c00e719e-e221-41f5-8a9f-254eed050820,pres-subj,2s,--ფლ-ავ-დე,n
c00e719e-e221-41f5-8a9f-254eed050820,pres-subj,3s,--ფლ-ავ-დეს,n
c00e719e-e221-41f5-8a9f-254eed050820,pres-subj,1p,-ვ-ფლ-ავ-დეთ,n
c00e719e-e221-41f5-8a9f-254eed050820,pres-subj,2p,--ფლ-ავ-დეთ,n
c00e719e-e221-41f5-8a9f-254eed050820,pres-subj,3p,--ფლ-ავ-დნენ,n
c00e719e-e221-41f5-8a9f-254eed050820,fut,1s,ჩა-ვ-ფლ-ავ-,n
c00e719e-e221-41f5-8a9f-254eed050820,fut,2s,ჩა--ფლ-ავ-,n
c00e719e-e221-41f5-8a9f-254eed050820,fut,3s,ჩა--ფლ-ავ-ს,n
c00e719e-e221-41f5-8a9f-254eed050820,fut,1p,ჩა-ვ-ფლ-ავ-თ,n
c00e719e-e221-41f5-8a9f-254eed050820,fut,2p,ჩა--ფლ-ავ-თ,n
c00e719e-e221-41f5-8a9f-254eed050820,fut,3p,ჩა--ფლ-ავ-ენ,n
c00e719e-e221-41f5-8a9f-254eed050820,cond,1s,ჩა-ვ-ფლ-ავ-დი,n
c00e719e-e221-41f5-8a9f-254eed050820,cond,2s,ჩა--ფლ-ავ-დი,n
c00e719e-e221-41f5-8a9f-254eed050820,cond,3s,ჩა--ფლ-ავ-და,n
c00e719e-e221-41f5-8a9f-254eed050820,cond,1p,ჩა-ვ-ფლ-ავ-დით,n
c00e719e-e221-41f5-8a9f-254eed050820,cond,2p,ჩა--ფლ-ავ-დით,n
c00e719e-e221-41f5-8a9f-254eed050820,cond,3p,ჩა--ფლ-ავ-დნენ,n
c00e719e-e221-41f5-8a9f-254eed050820,aor,1s,ჩა-ვ-ფალ--ი,n
c00e719e-e221-41f5-8a9f-254eed050820,aor,2s,ჩა--ფალ--ი,n
c00e719e-e221-41f5-8a9f-254eed050820,aor,3s,ჩა--ფლ--ა,n
c00e719e-e221-41f5-8a9f-254eed050820,aor,1p,ჩა-ვ-ფალ--ით,n
c00e719e-e221-41f5-8a9f-254eed050820,aor,2p,ჩა--ფალ--ით,n
c00e719e-e221-41f5-8a9f-254eed050820,aor,3p,ჩა--ფლ--ეს,n
c00e719e-e221-41f5-8a9f-254eed050820,opt,1s,ჩა-ვ-ფალ--ა,n
c00e719e-e221-41f5-8a9f-254eed050820,opt,2s,ჩა--ფალ--ა,n
c00e719e-e221-41f5-8a9f-254eed050820,opt,3s,ჩა--ფლ--ას,n
c00e719e-e221-41f5-8a9f-254eed050820,opt,1p,ჩა-ვ-ფალ--ათ,n
c00e719e-e221-41f5-8a9f-254eed050820,opt,2p,ჩა--ფალ--ათ,n
c00e719e-e221-41f5-8a9f-254eed050820,opt,3p,ჩა--ფლ--ან,n
8ddc277c-b221-4a66-b3b0-ae62b4ee57d1,pres,1s,ვ--ყიდ-ულობ-,y
8ddc277c-b221-4a66-b3b0-ae62b4ee57d1,pres,2s,--ყიდ-ულობ-,y
8ddc277c-b221-4a66-b3b0-ae62b4ee57d1,pres,3s,--ყიდ-ულობ-ს,y
8ddc277c-b221-4a66-b3b0-ae62b4ee57d1,pres,1p,ვ--ყიდ-ულობ-თ,y
8ddc277c-b221-4a66-b3b0-ae62b4ee57d1,pres,2p,--ყიდ-ულობ-თ,y
8ddc277c-b221-4a66-b3b0-ae62b4ee57d1,pres,3p,--ყიდ-ულობ-ენ,y
8ddc277c-b221-4a66-b3b0-ae62b4ee57d1,imp,1s,ვ--ყიდ-ულობ-დი,y
8ddc277c-b221-4a66-b3b0-ae62b4ee57d1,imp,2s,--ყიდ-ულობ-დი,y
8ddc277c-b221-4a66-b3b0-ae62b4ee57d1,imp,3s,--ყიდ-ულობ-და,y
8ddc277c-b221-4a66-b3b0-ae62b4ee57d1,imp,1p,ვ--ყიდ-ულობ-დით,y
8ddc277c-b221-4a66-b3b0-ae62b4ee57d1,imp,2p,--ყიდ-ულობ-დით,y
8ddc277c-b221-4a66-b3b0-ae62b4ee57d1,imp,3p,--ყიდ-ულობ-დნენ,y
8ddc277c-b221-4a66-b3b0-ae62b4ee57d1,pres-subj,1s,ვ--ყიდ-ულობ-დე,y
8ddc277c-b221-4a66-b3b0-ae62b4ee57d1,pres-subj,2s,--ყიდ-ულობ-დე,y
8ddc277c-b221-4a66-b3b0-ae62b4ee57d1,pres-subj,3s,--ყიდ-ულობ-დეს,y
8ddc277c-b221-4a66-b3b0-ae62b4ee57d1,pres-subj,1p,ვ--ყიდ-ულობ-დეთ,y
8ddc277c-b221-4a66-b3b0-ae62b4ee57d1,pres-subj,2p,--ყიდ-ულობ-დეთ,y
8ddc277c-b221-4a66-b3b0-ae62b4ee57d1,pres-subj,3p,--ყიდ-ულობ-დნენ,y
8ddc277c-b221-4a66-b3b0-ae62b4ee57d1,fut,1s,ვ-ი-ყიდ-ი-,y
8ddc277c-b221-4a66-b3b0-ae62b4ee57d1,fut,2s,-ი-ყიდ-ი-,y
8ddc277c-b221-4a66-b3b0-ae62b4ee57d1,fut,3s,-ი-ყიდ-ი-ს,y
8ddc277c-b221-4a66-b3b0-ae62b4ee57d1,fut,1p,ვ-ი-ყიდ-ი-თ,y
8ddc277c-b221-4a66-b3b0-ae62b4ee57d1,fut,2p,-ი-ყიდ-ი-თ,y
8ddc277c-b221-4a66-b3b0-ae62b4ee57d1,fut,3p,-ი-ყიდ-ი-ან,y
8ddc277c-b221-4a66-b3b0-ae62b4ee57d1,cond,1s,ვ-ი-ყიდ-ი-დი,y
8ddc277c-b221-4a66-b3b0-ae62b4ee57d1,cond,2s,-ი-ყიდ-ი-დი,y
8ddc277c-b221-4a66-b3b0-ae62b4ee57d1,cond,3s,-ი-ყიდ-ი-და,y
8ddc277c-b221-4a66-b3b0-ae62b4ee57d1,cond,1p,ვ-ი-ყიდ-ი-დით,y
8ddc277c-b221-4a66-b3b0-ae62b4ee57d1,cond,2p,-ი-ყიდ-ი-დით,y
8ddc277c-b221-4a66-b3b0-ae62b4ee57d1,cond,3p,-ი-ყიდ-ი-დნენ,y
8ddc277c-b221-4a66-b3b0-ae62b4ee57d1,aor,1s,ვ-ი-ყიდ--ე,y
8ddc277c-b221-4a66-b3b0-ae62b4ee57d1,aor,2s,-ი-ყიდ--ე,y
8ddc277c-b221-4a66-b3b0-ae62b4ee57d1,aor,3s,-ი-ყიდ--ა,y
8ddc277c-b221-4a66-b3b0-ae62b4ee57d1,aor,1p,ვ-ი-ყიდ--ეთ,y
8ddc277c-b221-4a66-b3b0-ae62b4ee57d1,aor,2p,-ი-ყიდ--ეთ,y
8ddc277c-b221-4a66-b3b0-ae62b4ee57d1,aor,3p,-ი-ყიდ--ეს,y
8ddc277c-b221-4a66-b3b0-ae62b4ee57d1,opt,1s,ვ-ი-ყიდ--,y
8ddc277c-b221-4a66-b3b0-ae62b4ee57d1,opt,2s,-ი-ყიდ--,y
8ddc277c-b221-4a66-b3b0-ae62b4ee57d1,opt,3s,-ი-ყიდ--ოს,y
8ddc277c-b221-4a66-b3b0-ae62b4ee57d1,opt,1p,ვ-ი-ყიდ--ოთ,y
8ddc277c-b221-4a66-b3b0-ae62b4ee57d1,opt,2p,-ი-ყიდ--ოთ,y
8ddc277c-b221-4a66-b3b0-ae62b4ee57d1,opt,3p,-ი-ყიდ--ონ,y
4a23b27e-bce9-4ebe-bb7b-847efc814614,pres,1s,-ვ-რეკ-ავ-,n
4a23b27e-bce9-4ebe-bb7b-847efc814614,pres,2s,--რეკ-ავ-,n
4a23b27e-bce9-4ebe-bb7b-847efc814614,pres,3s,--რეკ-ავ-ს,n
4a23b27e-bce9-4ebe-bb7b-847efc814614,pres,1p,-ვ-რეკ-ავ-თ,n
4a23b27e-bce9-4ebe-bb7b-847efc814614,pres,2p,--რეკ-ავ-თ,n
4a23b27e-bce9-4ebe-bb7b-847efc814614,pres,3p,--რეკ-ავ-ენ,n
4a23b27e-bce9-4ebe-bb7b-847efc814614,imp,1s,-ვ-რეკ-ავ-დი,n
4a23b27e-bce9-4ebe-bb7b-847efc814614,imp,2s,--რეკ-ავ-დი,n
4a23b27e-bce9-4ebe-bb7b-847efc814614,imp,3s,--რეკ-ავ-და,n
4a23b27e-bce9-4ebe-bb7b-847efc814614,imp,1p,-ვ-რეკ-ავ-დით,n
4a23b27e-bce9-4ebe-bb7b-847efc814614,imp,2p,--რეკ-ავ-დით,n
4a23b27e-bce9-4ebe-bb7b-847efc814614,imp,3p,--რეკ-ავ-დნენ,n
4a23b27e-bce9-4ebe-bb7b-847efc814614,pres-subj,1s,-ვ-რეკ-ავ-დე,n
4a23b27e-bce9-4ebe-bb7b-847efc814614,pres-subj,2s,--რეკ-ავ-დე,n
4a23b27e-bce9-4ebe-bb7b-847efc814614,pres-subj,3s,--რეკ-ავ-დეს,n
4a23b27e-bce9-4ebe-bb7b-847efc814614,pres-subj,1p,-ვ-რეკ-ავ-დეთ,n
4a23b27e-bce9-4ebe-bb7b-847efc814614,pres-subj,2p,--რეკ-ავ-დეთ,n
4a23b27e-bce9-4ebe-bb7b-847efc814614,pres-subj,3p,--რეკ-ავ-დნენ,n
4a23b27e-bce9-4ebe-bb7b-847efc814614,fut,1s,და-ვ-რეკ-ავ-,n
4a23b27e-bce9-4ebe-bb7b-847efc814614,fut,2s,და--რეკ-ავ-,n
4a23b27e-bce9-4ebe-bb7b-847efc814614,fut,3s,და--რეკ-ავ-ს,n
4a23b27e-bce9-4ebe-bb7b-847efc814614,fut,1p,და-ვ-რეკ-ავ-თ,n
4a23b27e-bce9-4ebe-bb7b-847efc814614,fut,2p,და--რეკ-ავ-თ,n
4a23b27e-bce9-4ebe-bb7b-847efc814614,fut,3p,და--რეკ-ავ-ენ,n
4a23b27e-bce9-4ebe-bb7b-847efc814614,cond,1s,და-ვ-რეკ-ავ-დი,n
4a23b27e-bce9-4ebe-bb7b-847efc814614,cond,2s,და--რეკ-ავ-დი,n
4a23b27e-bce9-4ebe-bb7b-847efc814614,cond,3s,და--რეკ-ავ-და,n
4a23b27e-bce9-4ebe-bb7b-847efc814614,cond,1p,და-ვ-რეკ-ავ-დით,n
4a23b27e-bce9-4ebe-bb7b-847efc814614,cond,2p,და--რეკ-ავ-დით,n
4a23b27e-bce9-4ebe-bb7b-847efc814614,cond,3p,და--რეკ-ავ-დნენ,n
4a23b27e-bce9-4ebe-bb7b-847efc814614,aor,1s,და-ვ-რეკ--ე,n
4a23b27e-bce9-4ebe-bb7b-847efc814614,aor,2s,და--რეკ--ე,n
4a23b27e-bce9-4ebe-bb7b-847efc814614,aor,3s,და--რეკ--ა,n
4a23b27e-bce9-4ebe-bb7b-847efc814614,aor,1p,და-ვ-რეკ--ეთ,n
4a23b27e-bce9-4ebe-bb7b-847efc814614,aor,2p,და--რეკ--ეთ,n
4a23b27e-bce9-4ebe-bb7b-847efc814614,aor,3p,და--რეკ--ეს,n
4a23b27e-bce9-4ebe-bb7b-847efc814614,opt,1s,და-ვ-რეკ--,n
4a23b27e-bce9-4ebe-bb7b-847efc814614,opt,2s,და--რეკ--,n
4a23b27e-bce9-4ebe-bb7b-847efc814614,opt,3s,და--რეკ--ოს,n
4a23b27e-bce9-4ebe-bb7b-847efc814614,opt,1p,და-ვ-რეკ--ოთ,n
4a23b27e-bce9-4ebe-bb7b-847efc814614,opt,2p,და--რეკ--ოთ,n
4a23b27e-bce9-4ebe-bb7b-847efc814614,opt,3p,და--რეკ--ონ,n
e5cbca48-3d6c-4806-8311-8e59c67b8905,pres,1s,-ვ-მშვიდდ-ებ-ი,n
e5cbca48-3d6c-4806-8311-8e59c67b8905,pres,2s,--მშვიდდ-ებ-ი,n
e5cbca48-3d6c-4806-8311-8e59c67b8905,pres,3s,--მშვიდდ-ებ-ა,n
e5cbca48-3d6c-4806-8311-8e59c67b8905,pres,1p,-ვ-მშვიდდ-ებ-ით,n
e5cbca48-3d6c-4806-8311-8e59c67b8905,pres,2p,--მშვიდდ-ებ-ით,n
e5cbca48-3d6c-4806-8311-8e59c67b8905,pres,3p,--მშვიდდ-ებ-იან,n
e5cbca48-3d6c-4806-8311-8e59c67b8905,imp,1s,-ვ-მშვიდდ-ებ-ოდი,n
e5cbca48-3d6c-4806-8311-8e59c67b8905,imp,2s,--მშვიდდ-ებ-ოდი,n
e5cbca48-3d6c-4806-8311-8e59c67b8905,imp,3s,--მშვიდდ-ებ-ოდა,n
e5cbca48-3d6c-4806-8311-8e59c67b8905,imp,1p,-ვ-მშვიდდ-ებ-ოდით,n
e5cbca48-3d6c-4806-8311-8e59c67b8905,imp,2p,--მშვიდდ-ებ-ოდით,n
e5cbca48-3d6c-4806-8311-8e59c67b8905,imp,3p,--მშვიდდ-ებ-ოდნენ,n
e5cbca48-3d6c-4806-8311-8e59c67b8905,pres-subj,1s,-ვ-მშვიდდ-ებ-ოდე,n
e5cbca48-3d6c-4806-8311-8e59c67b8905,pres-subj,2s,--მშვიდდ-ებ-ოდე,n
e5cbca48-3d6c-4806-8311-8e59c67b8905,pres-subj,3s,--მშვიდდ-ებ-ოდეს,n
e5cbca48-3d6c-4806-8311-8e59c67b8905,pres-subj,1p,-ვ-მშვიდდ-ებ-ოდეთ,n
e5cbca48-3d6c-4806-8311-8e59c67b8905,pres-subj,2p,--მშვიდდ-ებ-ოდეთ,n
e5cbca48-3d6c-4806-8311-8e59c67b8905,pres-subj,3p,--მშვიდდ-ებ-ოდნენ,n
e5cbca48-3d6c-4806-8311-8e59c67b8905,fut,1s,და-ვ-მშვიდდ-ებ-ი,n
e5cbca48-3d6c-4806-8311-8e59c67b8905,fut,2s,და--მშვიდდ-ებ-ი,n
e5cbca48-3d6c-4806-8311-8e59c67b8905,fut,3s,და--მშვიდდ-ებ-ა,n
e5cbca48-3d6c-4806-8311-8e59c67b8905,fut,1p,და-ვ-მშვიდდ-ებ-ით,n
e5cbca48-3d6c-4806-8311-8e59c67b8905,fut,2p,და--მშვიდდ-ებ-ით,n
e5cbca48-3d6c-4806-8311-8e59c67b8905,fut,3p,და--მშვიდდ-ებ-იან,n
e5cbca48-3d6c-4806-8311-8e59c67b8905,cond,1s,და-ვ-მშვიდდ-ებ-ოდი,n
e5cbca48-3d6c-4806-8311-8e59c67b8905,cond,2s,და--მშვიდდ-ებ-ოდი,n
e5cbca48-3d6c-4806-8311-8e59c67b8905,cond,3s,და--მშვიდდ-ებ-ოდა,n
e5cbca48-3d6c-4806-8311-8e59c67b8905,cond,1p,და-ვ-მშვიდდ-ებ-ოდით,n
e5cbca48-3d6c-4806-8311-8e59c67b8905,cond,2p,და--მშვიდდ-ებ-ოდით,n
e5cbca48-3d6c-4806-8311-8e59c67b8905,cond,3p,და--მშვიდდ-ებ-ოდნენ,n
e5cbca48-3d6c-4806-8311-8e59c67b8905,aor,1s,და-ვ-მშვიდდ--ი,n
e5cbca48-3d6c-4806-8311-8e59c67b8905,aor,2s,და--მშვიდდ--ი,n
e5cbca48-3d6c-4806-8311-8e59c67b8905,aor,3s,და--მშვიდდ--ა,n
e5cbca48-3d6c-4806-8311-8e59c67b8905,aor,1p,და-ვ-მშვიდდ--ით,n
e5cbca48-3d6c-4806-8311-8e59c67b8905,aor,2p,და--მშვიდდ--ით,n
e5cbca48-3d6c-4806-8311-8e59c67b8905,aor,3p,და--მშვიდდ--ნენ,n
e5cbca48-3d6c-4806-8311-8e59c67b8905,opt,1s,და-ვ-მშვიდდ--ე,n
e5cbca48-3d6c-4806-8311-8e59c67b8905,opt,2s,და--მშვიდდ--ე,n
e5cbca48-3d6c-4806-8311-8e59c67b8905,opt,3s,და--მშვიდდ--ეს,n
e5cbca48-3d6c-4806-8311-8e59c67b8905,opt,1p,და-ვ-მშვიდდ--ეთ,n
e5cbca48-3d6c-4806-8311-8e59c67b8905,opt,2p,და--მშვიდდ--ეთ,n
e5cbca48-3d6c-4806-8311-8e59c67b8905,opt,3p,და--მშვიდდ--ნენ,n
ae240084-b64f-49bf-b171-03fd03356306,pres,1s,-ვ-უვლ-ი-,n
ae240084-b64f-49bf-b171-03fd03356306,pres,2s,--უვლ-ი-,n
ae240084-b64f-49bf-b171-03fd03356306,pres,3s,--უვლ-ი-ს,n
ae240084-b64f-49bf-b171-03fd03356306,pres,1p,-ვ-უვლ-ი-თ,n
ae240084-b64f-49bf-b171-03fd03356306,pres,2p,--უვლ-ი-თ,n
ae240084-b64f-49bf-b171-03fd03356306,pres,3p,--უვლ-ი-ან,n
ae240084-b64f-49bf-b171-03fd03356306,imp,1s,-ვ-უვლ-ი-დი,n
ae240084-b64f-49bf-b171-03fd03356306,imp,2s,--უვლ-ი-დი,n
ae240084-b64f-49bf-b171-03fd03356306,imp,3s,--უვლ-ი-და,n
ae240084-b64f-49bf-b171-03fd03356306,imp,1p,-ვ-უვლ-ი-დით,n
ae240084-b64f-49bf-b171-03fd03356306,imp,2p,--უვლ-ი-დით,n
ae240084-b64f-49bf-b171-03fd03356306,imp,3p,--უვლ-ი-დნენ,n
ae240084-b64f-49bf-b171-03fd03356306,pres-subj,1s,-ვ-უვლ-ი-დე,n
ae240084-b64f-49bf-b171-03fd03356306,pres-subj,2s,--უვლ-ი-დე,n
ae240084-b64f-49bf-b171-03fd03356306,pres-subj,3s,--უვლ-ი-დეს,n
ae240084-b64f-49bf-b171-03fd03356306,pres-subj,1p,-ვ-უვლ-ი-დეთ,n
ae240084-b64f-49bf-b171-03fd03356306,pres-subj,2p,--უვლ-ი-დეთ,n
ae240084-b64f-49bf-b171-03fd03356306,pres-subj,3p,--უვლ-ი-დნენ,n
ae240084-b64f-49bf-b171-03fd03356306,fut,1s,მო-ვ-უვლ-ი-,n
ae240084-b64f-49bf-b171-03fd03356306,fut,2s,მო--უვლ-ი-,n
ae240084-b64f-49bf-b171-03fd03356306,fut,3s,მო--უვლ-ი-ს,n
ae240084-b64f-49bf-b171-03fd03356306,fut,1p,მო-ვ-უვლ-ი-თ,n
ae240084-b64f-49bf-b171-03fd03356306,fut,2p,მო--უვლ-ი-თ,n
ae240084-b64f-49bf-b171-03fd03356306,fut,3p,მო--უვლ-ი-ან,n
ae240084-b64f-49bf-b171-03fd03356306,cond,1s,მო-ვ-უვლ-ი-დი,n
ae240084-b64f-49bf-b171-03fd03356306,cond,2s,მო--უვლ-ი-დი,n
ae240084-b64f-49bf-b171-03fd03356306,cond,3s,მო--უვლ-ი-და,n
ae240084-b64f-49bf-b171-03fd03356306,cond,1p,მო-ვ-უვლ-ი-დით,n
ae240084-b64f-49bf-b171-03fd03356306,cond,2p,მო--უვლ-ი-დით,n
ae240084-b64f-49bf-b171-03fd03356306,cond,3p,მო--უვლ-ი-დნენ,n
ae240084-b64f-49bf-b171-03fd03356306,aor,1s,მო-ვ-უარ--ე,n
ae240084-b64f-49bf-b171-03fd03356306,aor,2s,მო--უარ--ე,n
ae240084-b64f-49bf-b171-03fd03356306,aor,3s,მო--უარ--ა,n
ae240084-b64f-49bf-b171-03fd03356306,aor,1p,მო-ვ-უარ--ეთ,n
ae240084-b64f-49bf-b171-03fd03356306,aor,2p,მო--უარ--ეთ,n
ae240084-b64f-49bf-b171-03fd03356306,aor,3p,მო--უარ--ეს,n
ae240084-b64f-49bf-b171-03fd03356306,opt,1s,მო-ვ-უარ--,n
ae240084-b64f-49bf-b171-03fd03356306,opt,2s,მო--უარ--,n
ae240084-b64f-49bf-b171-03fd03356306,opt,3s,მო--უარ--ოს,n
ae240084-b64f-49bf-b171-03fd03356306,opt,1p,მო-ვ-უარ--ოთ,n
ae240084-b64f-49bf-b171-03fd03356306,opt,2p,მო--უარ--ოთ,n
ae240084-b64f-49bf-b171-03fd03356306,opt,3p,მო--უარ--ონ,n
7625b141-abdd-4d44-a6bc-f3dde01228b4,pres,1s,მი-მ-აქვ--ს,n
7625b141-abdd-4d44-a6bc-f3dde01228b4,pres,2s,მი-გ-აქვ--ს,n
7625b141-abdd-4d44-a6bc-f3dde01228b4,pres,3s,მი--აქვ--ს,n
7625b141-abdd-4d44-a6bc-f3dde01228b4,pres,1p,მი-გვ-აქვ--ს,n
7625b141-abdd-4d44-a6bc-f3dde01228b4,pres,2p,მი-გ-აქვ--თ,n
7625b141-abdd-4d44-a6bc-f3dde01228b4,pres,3p,მი--აქვ--თ,n
7625b141-abdd-4d44-a6bc-f3dde01228b4,imp,1s,მი-მ-ქონ--და,n
7625b141-abdd-4d44-a6bc-f3dde01228b4,imp,2s,მი-გ-ქონ--და,n
7625b141-abdd-4d44-a6bc-f3dde01228b4,imp,3s,მი-ჰ-ქონ--და,n
7625b141-abdd-4d44-a6bc-f3dde01228b4,imp,1p,მი-გვ-ქონ--და,n
7625b141-abdd-4d44-a6bc-f3dde01228b4,imp,2p,მი-გ-ქონ--დათ,n
7625b141-abdd-4d44-a6bc-f3dde01228b4,imp,3p,მი-ჰ-ქონ--დათ,n
7625b141-abdd-4d44-a6bc-f3dde01228b4,pres-subj,1s,მი-მ-აქვ--დე,n
7625b141-abdd-4d44-a6bc-f3dde01228b4,pres-subj,2s,მი-გ-აქვ--დე,n
7625b141-abdd-4d44-a6bc-f3dde01228b4,pres-subj,3s,მი--აქვ--დეს,n
7625b141-abdd-4d44-a6bc-f3dde01228b4,pres-subj,1p,მი-გვ-აქვ--დეთ,n
7625b141-abdd-4d44-a6bc-f3dde01228b4,pres-subj,2p,მი-გ-აქვ--დეთ,n
7625b141-abdd-4d44-a6bc-f3dde01228b4,pres-subj,3p,მი--აქვ--დნენ,n
7625b141-abdd-4d44-a6bc-f3dde01228b4,fut,1s,წა-ვ-იღ-ებ-,n
7625b141-abdd-4d44-a6bc-f3dde01228b4,fut,2s,წა--იღ-ებ-,n
7625b141-abdd-4d44-a6bc-f3dde01228b4,fut,3s,წა--იღ-ებ-ს,n
7625b141-abdd-4d44-a6bc-f3dde01228b4,fut,1p,წა-ვ-იღ-ებ-თ,n
7625b141-abdd-4d44-a6bc-f3dde01228b4,fut,2p,წა--იღ-ებ-თ,n
7625b141-abdd-4d44-a6bc-f3dde01228b4,fut,3p,წა--იღ-ებ-ენ,n
7625b141-abdd-4d44-a6bc-f3dde01228b4,cond,1s,წა-ვ-იღ-ებ-დი,n
7625b141-abdd-4d44-a6bc-f3dde01228b4,cond,2s,წა--იღ-ებ-დი,n
7625b141-abdd-4d44-a6bc-f3dde01228b4,cond,3s,წა--იღ-ებ-და,n
7625b141-abdd-4d44-a6bc-f3dde01228b4,cond,1p,წა-ვ-იღ-ებ-დით,n
7625b141-abdd-4d44-a6bc-f3dde01228b4,cond,2p,წა--იღ-ებ-დით,n
7625b141-abdd-4d44-a6bc-f3dde01228b4,cond,3p,წა--იღ-ებ-დნენ,n
7625b141-abdd-4d44-a6bc-f3dde01228b4,aor,1s,წა-ვ-იღ--ე,n
7625b141-abdd-4d44-a6bc-f3dde01228b4,aor,2s,წა--იღ--ე,n
7625b141-abdd-4d44-a6bc-f3dde01228b4,aor,3s,წა--იღ--ო,n
7625b141-abdd-4d44-a6bc-f3dde01228b4,aor,1p,წა-ვ-იღ--ეთ,n
7625b141-abdd-4d44-a6bc-f3dde01228b4,aor,2p,წა--იღ--ეთ,n
7625b141-abdd-4d44-a6bc-f3dde01228b4,aor,3p,წა--იღ--ეს,n
7625b141-abdd-4d44-a6bc-f3dde01228b4,opt,1s,წა-ვ-იღ--,n
7625b141-abdd-4d44-a6bc-f3dde01228b4,opt,2s,წა--იღ--,n
7625b141-abdd-4d44-a6bc-f3dde01228b4,opt,3s,წა--იღ--ოს,n
7625b141-abdd-4d44-a6bc-f3dde01228b4,opt,1p,წა-ვ-იღ--ოთ,n
7625b141-abdd-4d44-a6bc-f3dde01228b4,opt,2p,წა--იღ--ოთ,n
7625b141-abdd-4d44-a6bc-f3dde01228b4,opt,3p,წა--იღ--ონ,n
81952329-5926-4cbc-80e5-baae5973d409,pres,1s,-ვ-იჭერ--,n
81952329-5926-4cbc-80e5-baae5973d409,pres,2s,--იჭერ--,n
81952329-5926-4cbc-80e5-baae5973d409,pres,3s,--იჭერ--ს,n
81952329-5926-4cbc-80e5-baae5973d409,pres,1p,-ვ-იჭერ--თ,n
81952329-5926-4cbc-80e5-baae5973d409,pres,2p,--იჭერ--თ,n
81952329-5926-4cbc-80e5-baae5973d409,pres,3p,--იჭერ--ენ,n
81952329-5926-4cbc-80e5-baae5973d409,imp,1s,-ვ-იჭერ--დი,n
81952329-5926-4cbc-80e5-baae5973d409,imp,2s,--იჭერ--დი,n
81952329-5926-4cbc-80e5-baae5973d409,imp,3s,--იჭერ--და,n
81952329-5926-4cbc-80e5-baae5973d409,imp,1p,-ვ-იჭერ--დით,n
81952329-5926-4cbc-80e5-baae5973d409,imp,2p,--იჭერ--დით,n
81952329-5926-4cbc-80e5-baae5973d409,imp,3p,--იჭერ--დნენ,n
81952329-5926-4cbc-80e5-baae5973d409,pres-subj,1s,-ვ-იჭერ--დე,n
81952329-5926-4cbc-80e5-baae5973d409,pres-subj,2s,--იჭერ--დე,n
81952329-5926-4cbc-80e5-baae5973d409,pres-subj,3s,--იჭერ--დეს,n
81952329-5926-4cbc-80e5-baae5973d409,pres-subj,1p,-ვ-იჭერ--დეთ,n
81952329-5926-4cbc-80e5-baae5973d409,pres-subj,2p,--იჭერ--დეთ,n
81952329-5926-4cbc-80e5-baae5973d409,pres-subj,3p,--იჭერ--დნენ,n
81952329-5926-4cbc-80e5-baae5973d409,fut,1s,და-ვ-იჭერ--,n
81952329-5926-4cbc-80e5-baae5973d409,fut,2s,და--იჭერ--,n
81952329-5926-4cbc-80e5-baae5973d409,fut,3s,და--იჭერ--ს,n
81952329-5926-4cbc-80e5-baae5973d409,fut,1p,და-ვ-იჭერ--თ,n
81952329-5926-4cbc-80e5-baae5973d409,fut,2p,და--იჭერ--თ,n
81952329-5926-4cbc-80e5-baae5973d409,fut,3p,და--იჭერ--ენ,n
81952329-5926-4cbc-80e5-baae5973d409,cond,1s,და-ვ-იჭერ--დი,n
81952329-5926-4cbc-80e5-baae5973d409,cond,2s,და--იჭერ--დი,n
81952329-5926-4cbc-80e5-baae5973d409,cond,3s,და--იჭერ--და,n
81952329-5926-4cbc-80e5-baae5973d409,cond,1p,და-ვ-იჭერ--დით,n
81952329-5926-4cbc-80e5-baae5973d409,cond,2p,და--იჭერ--დით,n
81952329-5926-4cbc-80e5-baae5973d409,cond,3p,და--იჭერ--დნენ,n
81952329-5926-4cbc-80e5-baae5973d409,aor,1s,და-ვ-იჭირ--ე,n
81952329-5926-4cbc-80e5-baae5973d409,aor,2s,და--იჭირ--ე,n
81952329-5926-4cbc-80e5-baae5973d409,aor,3s,და--იჭირ--ა,n
81952329-5926-4cbc-80e5-baae5973d409,aor,1p,და-ვ-იჭირ--ეთ,n
81952329-5926-4cbc-80e5-baae5973d409,aor,2p,და--იჭირ--ეთ,n
81952329-5926-4cbc-80e5-baae5973d409,aor,3p,და--იჭირ--ეს,n
81952329-5926-4cbc-80e5-baae5973d409,opt,1s,და-ვ-იჭირ--,n
81952329-5926-4cbc-80e5-baae5973d409,opt,2s,და--იჭირ--,n
81952329-5926-4cbc-80e5-baae5973d409,opt,3s,და--იჭირ--ოს,n
81952329-5926-4cbc-80e5-baae5973d409,opt,1p,და-ვ-იჭირ--ოთ,n
81952329-5926-4cbc-80e5-baae5973d409,opt,2p,და--იჭირ--ოთ,n
81952329-5926-4cbc-80e5-baae5973d409,opt,3p,და--იჭირ--ონ,n
5e066737-9208-43bf-8f0c-b04ab3b00f89,pres,1s,-ვ-იწვ-ევ-,n
5e066737-9208-43bf-8f0c-b04ab3b00f89,pres,2s,--იწვ-ევ-,n
5e066737-9208-43bf-8f0c-b04ab3b00f89,pres,3s,--იწვ-ევ-ს,n
5e066737-9208-43bf-8f0c-b04ab3b00f89,pres,1p,-ვ-იწვ-ევ-თ,n
5e066737-9208-43bf-8f0c-b04ab3b00f89,pres,2p,--იწვ-ევ-თ,n
5e066737-9208-43bf-8f0c-b04ab3b00f89,pres,3p,--იწვ-ევ-ენ,n
5e066737-9208-43bf-8f0c-b04ab3b00f89,imp,1s,-ვ-იწვ-ევ-დი,n
5e066737-9208-43bf-8f0c-b04ab3b00f89,imp,2s,--იწვ-ევ-დი,n
5e066737-9208-43bf-8f0c-b04ab3b00f89,imp,3s,--იწვ-ევ-და,n
5e066737-9208-43bf-8f0c-b04ab3b00f89,imp,1p,-ვ-იწვ-ევ-დით,n
5e066737-9208-43bf-8f0c-b04ab3b00f89,imp,2p,--იწვ-ევ-დით,n
5e066737-9208-43bf-8f0c-b04ab3b00f89,imp,3p,--იწვ-ევ-დნენ,n
5e066737-9208-43bf-8f0c-b04ab3b00f89,pres-subj,1s,-ვ-იწვ-ევ-დე,n
5e066737-9208-43bf-8f0c-b04ab3b00f89,pres-subj,2s,--იწვ-ევ-დე,n
5e066737-9208-43bf-8f0c-b04ab3b00f89,pres-subj,3s,--იწვ-ევ-დეს,n
5e066737-9208-43bf-8f0c-b04ab3b00f89,pres-subj,1p,-ვ-იწვ-ევ-დეთ,n
5e066737-9208-43bf-8f0c-b04ab3b00f89,pres-subj,2p,--იწვ-ევ-დეთ,n
5e066737-9208-43bf-8f0c-b04ab3b00f89,pres-subj,3p,--იწვ-ევ-დნენ,n
5e066737-9208-43bf-8f0c-b04ab3b00f89,fut,1s,გამო-ვ-იწვ-ევ-,n
5e066737-9208-43bf-8f0c-b04ab3b00f89,fut,2s,გამო--იწვ-ევ-,n
5e066737-9208-43bf-8f0c-b04ab3b00f89,fut,3s,გამო--იწვ-ევ-ს,n
5e066737-9208-43bf-8f0c-b04ab3b00f89,fut,1p,გამო-ვ-იწვ-ევ-თ,n
5e066737-9208-43bf-8f0c-b04ab3b00f89,fut,2p,გამო--იწვ-ევ-თ,n
5e066737-9208-43bf-8f0c-b04ab3b00f89,fut,3p,გამო--იწვ-ევ-ენ,n
5e066737-9208-43bf-8f0c-b04ab3b00f89,cond,1s,გამო-ვ-იწვ-ევ-დი,n
5e066737-9208-43bf-8f0c-b04ab3b00f89,cond,2s,გამო--იწვ-ევ-დი,n
5e066737-9208-43bf-8f0c-b04ab3b00f89,cond,3s,გამო--იწვ-ევ-და,n
5e066737-9208-43bf-8f0c-b04ab3b00f89,cond,1p,გამო-ვ-იწვ-ევ-დით,n
5e066737-9208-43bf-8f0c-b04ab3b00f89,cond,2p,გამო--იწვ-ევ-დით,n
5e066737-9208-43bf-8f0c-b04ab3b00f89,cond,3p,გამო--იწვ-ევ-დნენ,n
5e066737-9208-43bf-8f0c-b04ab3b00f89,aor,1s,გამო-ვ-იწვი--ე,n
5e066737-9208-43bf-8f0c-b04ab3b00f89,aor,2s,გამო--იწვი--ე,n
5e066737-9208-43bf-8f0c-b04ab3b00f89,aor,3s,გამო--იწვი--ა,n
5e066737-9208-43bf-8f0c-b04ab3b00f89,aor,1p,გამო-ვ-იწვი--ეთ,n
5e066737-9208-43bf-8f0c-b04ab3b00f89,aor,2p,გამო--იწვი--ეთ,n
5e066737-9208-43bf-8f0c-b04ab3b00f89,aor,3p,გამო--იწვი--ეს,n
5e066737-9208-43bf-8f0c-b04ab3b00f89,opt,1s,გამო-ვ-იწვი--,n
5e066737-9208-43bf-8f0c-b04ab3b00f89,opt,2s,გამო--იწვი--,n
5e066737-9208-43bf-8f0c-b04ab3b00f89,opt,3s,გამო--იწვი--ოს,n
5e066737-9208-43bf-8f0c-b04ab3b00f89,opt,1p,გამო-ვ-იწვი--ოთ,n
5e066737-9208-43bf-8f0c-b04ab3b00f89,opt,2p,გამო--იწვი--ოთ,n
5e066737-9208-43bf-8f0c-b04ab3b00f89,opt,3p,გამო--იწვი--ონ,n
df207cfb-7781-44dc-9ae5-e52ed61bf9ba,pres,1s,ვ--ზეიმ-ობ-,y
df207cfb-7781-44dc-9ae5-e52ed61bf9ba,pres,2s,--ზეიმ-ობ-,y
df207cfb-7781-44dc-9ae5-e52ed61bf9ba,pres,3s,--ზეიმ-ობ-ს,y
df207cfb-7781-44dc-9ae5-e52ed61bf9ba,pres,1p,ვ--ზეიმ-ობ-თ,y
df207cfb-7781-44dc-9ae5-e52ed61bf9ba,pres,2p,--ზეიმ-ობ-თ,y
df207cfb-7781-44dc-9ae5-e52ed61bf9ba,pres,3p,--ზეიმ-ობ-ენ,y
df207cfb-7781-44dc-9ae5-e52ed61bf9ba,imp,1s,ვ--ზეიმ-ობ-დი,y
df207cfb-7781-44dc-9ae5-e52ed61bf9ba,imp,2s,--ზეიმ-ობ-დი,y
df207cfb-7781-44dc-9ae5-e52ed61bf9ba,imp,3s,--ზეიმ-ობ-და,y
df207cfb-7781-44dc-9ae5-e52ed61bf9ba,imp,1p,ვ--ზეიმ-ობ-დით,y
df207cfb-7781-44dc-9ae5-e52ed61bf9ba,imp,2p,--ზეიმ-ობ-დით,y
df207cfb-7781-44dc-9ae5-e52ed61bf9ba,imp,3p,--ზეიმ-ობ-დნენ,y
df207cfb-7781-44dc-9ae5-e52ed61bf9ba,pres-subj,1s,ვ--ზეიმ-ობ-დე,y
df207cfb-7781-44dc-9ae5-e52ed61bf9ba,pres-subj,2s,--ზეიმ-ობ-დე,y
df207cfb-7781-44dc-9ae5-e52ed61bf9ba,pres-subj,3s,--ზეიმ-ობ-დეს,y
df207cfb-7781-44dc-9ae5-e52ed61bf9ba,pres-subj,1p,ვ--ზეიმ-ობ-დეთ,y
df207cfb-7781-44dc-9ae5-e52ed61bf9ba,pres-subj,2p,--ზეიმ-ობ-დეთ,y
df207cfb-7781-44dc-9ae5-e52ed61bf9ba,pres-subj,3p,--ზეიმ-ობ-დნენ,y
df207cfb-7781-44dc-9ae5-e52ed61bf9ba,fut,1s,ვ-ი-ზეიმ-ებ-,y
df207cfb-7781-44dc-9ae5-e52ed61bf9ba,fut,2s,-ი-ზეიმ-ებ-,y
df207cfb-7781-44dc-9ae5-e52ed61bf9ba,fut,3s,-ი-ზეიმ-ებ-ს,y
df207cfb-7781-44dc-9ae5-e52ed61bf9ba,fut,1p,ვ-ი-ზეიმ-ებ-თ,y
df207cfb-7781-44dc-9ae5-e52ed61bf9ba,fut,2p,-ი-ზეიმ-ებ-თ,y
df207cfb-7781-44dc-9ae5-e52ed61bf9ba,fut,3p,-ი-ზეიმ-ებ-ენ,y
df207cfb-7781-44dc-9ae5-e52ed61bf9ba,cond,1s,ვ-ი-ზეიმ-ებ-დი,y
df207cfb-7781-44dc-9ae5-e52ed61bf9ba,cond,2s,-ი-ზეიმ-ებ-დი,y
df207cfb-7781-44dc-9ae5-e52ed61bf9ba,cond,3s,-ი-ზეიმ-ებ-და,y
df207cfb-7781-44dc-9ae5-e52ed61bf9ba,cond,1p,ვ-ი-ზეიმ-ებ-დით,y
df207cfb-7781-44dc-9ae5-e52ed61bf9ba,cond,2p,-ი-ზეიმ-ებ-დით,y
df207cfb-7781-44dc-9ae5-e52ed61bf9ba,cond,3p,-ი-ზეიმ-ებ-დნენ,y
df207cfb-7781-44dc-9ae5-e52ed61bf9ba,aor,1s,ვ-ი-ზეიმ--ე,y
df207cfb-7781-44dc-9ae5-e52ed61bf9ba,aor,2s,-ი-ზეიმ--ე,y
df207cfb-7781-44dc-9ae5-e52ed61bf9ba,aor,3s,-ი-ზეიმ--ა,y
df207cfb-7781-44dc-9ae5-e52ed61bf9ba,aor,1p,ვ-ი-ზეიმ--ეთ,y
df207cfb-7781-44dc-9ae5-e52ed61bf9ba,aor,2p,-ი-ზეიმ--ეთ,y
df207cfb-7781-44dc-9ae5-e52ed61bf9ba,aor,3p,-ი-ზეიმ--ეს,y
df207cfb-7781-44dc-9ae5-e52ed61bf9ba,opt,1s,ვ-ი-ზეიმ--,y
df207cfb-7781-44dc-9ae5-e52ed61bf9ba,opt,2s,-ი-ზეიმ--,y
df207cfb-7781-44dc-9ae5-e52ed61bf9ba,opt,3s,-ი-ზეიმ--ოს,y
df207cfb-7781-44dc-9ae5-e52ed61bf9ba,opt,1p,ვ-ი-ზეიმ--ოთ,y
df207cfb-7781-44dc-9ae5-e52ed61bf9ba,opt,2p,-ი-ზეიმ--ოთ,y
df207cfb-7781-44dc-9ae5-e52ed61bf9ba,opt,3p,-ი-ზეიმ--ონ,y
4650e120-c230-4b6f-880f-da4b62c16abf,pres,1s,-ვ-ცვლ-ი-,n
4650e120-c230-4b6f-880f-da4b62c16abf,pres,2s,--ცვლ-ი-,n
4650e120-c230-4b6f-880f-da4b62c16abf,pres,3s,--ცვლ-ი-ს,n
4650e120-c230-4b6f-880f-da4b62c16abf,pres,1p,-ვ-ცვლ-ი-თ,n
4650e120-c230-4b6f-880f-da4b62c16abf,pres,2p,--ცვლ-ი-თ,n
4650e120-c230-4b6f-880f-da4b62c16abf,pres,3p,--ცვლ-ი-ან,n
4650e120-c230-4b6f-880f-da4b62c16abf,imp,1s,-ვ-ცვლ-ი-დი,n
4650e120-c230-4b6f-880f-da4b62c16abf,imp,2s,--ცვლ-ი-დი,n
4650e120-c230-4b6f-880f-da4b62c16abf,imp,3s,--ცვლ-ი-და,n
4650e120-c230-4b6f-880f-da4b62c16abf,imp,1p,-ვ-ცვლ-ი-დით,n
4650e120-c230-4b6f-880f-da4b62c16abf,imp,2p,--ცვლ-ი-დით,n
4650e120-c230-4b6f-880f-da4b62c16abf,imp,3p,--ცვლ-ი-დნენ,n
4650e120-c230-4b6f-880f-da4b62c16abf,pres-subj,1s,-ვ-ცვლ-ი-დე,n
4650e120-c230-4b6f-880f-da4b62c16abf,pres-subj,2s,--ცვლ-ი-დე,n
4650e120-c230-4b6f-880f-da4b62c16abf,pres-subj,3s,--ცვლ-ი-დეს,n
4650e120-c230-4b6f-880f-da4b62c16abf,pres-subj,1p,-ვ-ცვლ-ი-დეთ,n
4650e120-c230-4b6f-880f-da4b62c16abf,pres-subj,2p,--ცვლ-ი-დეთ,n
4650e120-c230-4b6f-880f-da4b62c16abf,pres-subj,3p,--ცვლ-ი-დნენ,n
4650e120-c230-4b6f-880f-da4b62c16abf,fut,1s,შე-ვ-ცვლ-ი-,n
4650e120-c230-4b6f-880f-da4b62c16abf,fut,2s,შე--ცვლ-ი-,n
4650e120-c230-4b6f-880f-da4b62c16abf,fut,3s,შე--ცვლ-ი-ს,n
4650e120-c230-4b6f-880f-da4b62c16abf,fut,1p,შე-ვ-ცვლ-ი-თ,n
4650e120-c230-4b6f-880f-da4b62c16abf,fut,2p,შე--ცვლ-ი-თ,n
4650e120-c230-4b6f-880f-da4b62c16abf,fut,3p,შე--ცვლ-ი-ან,n
4650e120-c230-4b6f-880f-da4b62c16abf,cond,1s,შე-ვ-ცვლ-ი-დი,n
4650e120-c230-4b6f-880f-da4b62c16abf,cond,2s,შე--ცვლ-ი-დი,n
4650e120-c230-4b6f-880f-da4b62c16abf,cond,3s,შე--ცვლ-ი-და,n
4650e120-c230-4b6f-880f-da4b62c16abf,cond,1p,შე-ვ-ცვლ-ი-დით,n
4650e120-c230-4b6f-880f-da4b62c16abf,cond,2p,შე--ცვლ-ი-დით,n
4650e120-c230-4b6f-880f-da4b62c16abf,cond,3p,შე--ცვლ-ი-დნენ,n
4650e120-c230-4b6f-880f-da4b62c16abf,aor,1s,შე-ვ-ცვალ--ე,n
4650e120-c230-4b6f-880f-da4b62c16abf,aor,2s,შე--ცვალ--ე,n
4650e120-c230-4b6f-880f-da4b62c16abf,aor,3s,შე--ცვალ--ა,n
4650e120-c230-4b6f-880f-da4b62c16abf,aor,1p,შე-ვ-ცვალ--ეთ,n
4650e120-c230-4b6f-880f-da4b62c16abf,aor,2p,შე--ცვალ--ეთ,n
4650e120-c230-4b6f-880f-da4b62c16abf,aor,3p,შე--ცვალ--ეს,n
4650e120-c230-4b6f-880f-da4b62c16abf,opt,1s,შე-ვ-ცვალ--,n
4650e120-c230-4b6f-880f-da4b62c16abf,opt,2s,შე--ცვალ--,n
4650e120-c230-4b6f-880f-da4b62c16abf,opt,3s,შე--ცვალ--ოს,n
4650e120-c230-4b6f-880f-da4b62c16abf,opt,1p,შე-ვ-ცვალ--ოთ,n
4650e120-c230-4b6f-880f-da4b62c16abf,opt,2p,შე--ცვალ--ოთ,n
4650e120-c230-4b6f-880f-da4b62c16abf,opt,3p,შე--ცვალ--ონ,n
75b420df-586c-4353-9dcc-70375450c7e6,pres,1s,-ვ-ირჩ-ევ-,n
75b420df-586c-4353-9dcc-70375450c7e6,pres,2s,--ირჩ-ევ-,n
75b420df-586c-4353-9dcc-70375450c7e6,pres,3s,--ირჩ-ევ-ს,n
75b420df-586c-4353-9dcc-70375450c7e6,pres,1p,-ვ-ირჩ-ევ-თ,n
75b420df-586c-4353-9dcc-70375450c7e6,pres,2p,--ირჩ-ევ-თ,n
75b420df-586c-4353-9dcc-70375450c7e6,pres,3p,--ირჩ-ევ-ენ,n
75b420df-586c-4353-9dcc-70375450c7e6,imp,1s,-ვ-ირჩ-ევ-დი,n
75b420df-586c-4353-9dcc-70375450c7e6,imp,2s,--ირჩ-ევ-დი,n
75b420df-586c-4353-9dcc-70375450c7e6,imp,3s,--ირჩ-ევ-და,n
75b420df-586c-4353-9dcc-70375450c7e6,imp,1p,-ვ-ირჩ-ევ-დით,n
75b420df-586c-4353-9dcc-70375450c7e6,imp,2p,--ირჩ-ევ-დით,n
75b420df-586c-4353-9dcc-70375450c7e6,imp,3p,--ირჩ-ევ-დნენ,n
75b420df-586c-4353-9dcc-70375450c7e6,pres-subj,1s,-ვ-ირჩ-ევ-დე,n
75b420df-586c-4353-9dcc-70375450c7e6,pres-subj,2s,--ირჩ-ევ-დე,n
75b420df-586c-4353-9dcc-70375450c7e6,pres-subj,3s,--ირჩ-ევ-დეს,n
75b420df-586c-4353-9dcc-70375450c7e6,pres-subj,1p,-ვ-ირჩ-ევ-დეთ,n
75b420df-586c-4353-9dcc-70375450c7e6,pres-subj,2p,--ირჩ-ევ-დეთ,n
75b420df-586c-4353-9dcc-70375450c7e6,pres-subj,3p,--ირჩ-ევ-დნენ,n
75b420df-586c-4353-9dcc-70375450c7e6,fut,1s,ა-ვ-ირჩ-ევ-,n
75b420df-586c-4353-9dcc-70375450c7e6,fut,2s,ა--ირჩ-ევ-,n
75b420df-586c-4353-9dcc-70375450c7e6,fut,3s,ა--ირჩ-ევ-ს,n
75b420df-586c-4353-9dcc-70375450c7e6,fut,1p,ა-ვ-ირჩ-ევ-თ,n
75b420df-586c-4353-9dcc-70375450c7e6,fut,2p,ა--ირჩ-ევ-თ,n
75b420df-586c-4353-9dcc-70375450c7e6,fut,3p,ა--ირჩ-ევ-ენ,n
75b420df-586c-4353-9dcc-70375450c7e6,cond,1s,ა-ვ-ირჩ-ევ-დი,n
75b420df-586c-4353-9dcc-70375450c7e6,cond,2s,ა--ირჩ-ევ-დი,n
75b420df-586c-4353-9dcc-70375450c7e6,cond,3s,ა--ირჩ-ევ-და,n
75b420df-586c-4353-9dcc-70375450c7e6,cond,1p,ა-ვ-ირჩ-ევ-დით,n
75b420df-586c-4353-9dcc-70375450c7e6,cond,2p,ა--ირჩ-ევ-დით,n
75b420df-586c-4353-9dcc-70375450c7e6,cond,3p,ა--ირჩ-ევ-დნენ,n
75b420df-586c-4353-9dcc-70375450c7e6,aor,1s,ა-ვ-ირჩი--ე,n
75b420df-586c-4353-9dcc-70375450c7e6,aor,2s,ა--ირჩი--ე,n
75b420df-586c-4353-9dcc-70375450c7e6,aor,3s,ა--ირჩი--ა,n
75b420df-586c-4353-9dcc-70375450c7e6,aor,1p,ა-ვ-ირჩი--ეთ,n
75b420df-586c-4353-9dcc-70375450c7e6,aor,2p,ა--ირჩი--ეთ,n
75b420df-586c-4353-9dcc-70375450c7e6,aor,3p,ა--ირჩი--ეს,n
75b420df-586c-4353-9dcc-70375450c7e6,opt,1s,ა-ვ-ირჩი--,n
75b420df-586c-4353-9dcc-70375450c7e6,opt,2s,ა--ირჩი--,n
75b420df-586c-4353-9dcc-70375450c7e6,opt,3s,ა--ირჩი--ოს,n
75b420df-586c-4353-9dcc-70375450c7e6,opt,1p,ა-ვ-ირჩი--ოთ,n
75b420df-586c-4353-9dcc-70375450c7e6,opt,2p,ა--ირჩი--ოთ,n
75b420df-586c-4353-9dcc-70375450c7e6,opt,3p,ა--ირჩი--ონ,n
f0525f7e-edd8-465e-bcb7-e5ab64edd6cb,pres,1s,-ვ-ხურ-ავ-,n
f0525f7e-edd8-465e-bcb7-e5ab64edd6cb,pres,2s,--ხურ-ავ-,n
f0525f7e-edd8-465e-bcb7-e5ab64edd6cb,pres,3s,--ხურ-ავ-ს,n
f0525f7e-edd8-465e-bcb7-e5ab64edd6cb,pres,1p,-ვ-ხურ-ავ-თ,n
f0525f7e-edd8-465e-bcb7-e5ab64edd6cb,pres,2p,--ხურ-ავ-თ,n
f0525f7e-edd8-465e-bcb7-e5ab64edd6cb,pres,3p,--ხურ-ავ-ენ,n
f0525f7e-edd8-465e-bcb7-e5ab64edd6cb,imp,1s,-ვ-ხურ-ავ-დი,n
f0525f7e-edd8-465e-bcb7-e5ab64edd6cb,imp,2s,--ხურ-ავ-დი,n
f0525f7e-edd8-465e-bcb7-e5ab64edd6cb,imp,3s,--ხურ-ავ-და,n
f0525f7e-edd8-465e-bcb7-e5ab64edd6cb,imp,1p,-ვ-ხურ-ავ-დით,n
f0525f7e-edd8-465e-bcb7-e5ab64edd6cb,imp,2p,--ხურ-ავ-დით,n
f0525f7e-edd8-465e-bcb7-e5ab64edd6cb,imp,3p,--ხურ-ავ-დნენ,n
f0525f7e-edd8-465e-bcb7-e5ab64edd6cb,pres-subj,1s,-ვ-ხურ-ავ-დე,n
f0525f7e-edd8-465e-bcb7-e5ab64edd6cb,pres-subj,2s,--ხურ-ავ-დე,n
f0525f7e-edd8-465e-bcb7-e5ab64edd6cb,pres-subj,3s,--ხურ-ავ-დეს,n
f0525f7e-edd8-465e-bcb7-e5ab64edd6cb,pres-subj,1p,-ვ-ხურ-ავ-დეთ,n
f0525f7e-edd8-465e-bcb7-e5ab64edd6cb,pres-subj,2p,--ხურ-ავ-დეთ,n
f0525f7e-edd8-465e-bcb7-e5ab64edd6cb,pres-subj,3p,--ხურ-ავ-დნენ,n
f0525f7e-edd8-465e-bcb7-e5ab64edd6cb,fut,1s,და-ვ-ხურ-ავ-,n
f0525f7e-edd8-465e-bcb7-e5ab64edd6cb,fut,2s,და--ხურ-ავ-,n
f0525f7e-edd8-465e-bcb7-e5ab64edd6cb,fut,3s,და--ხურ-ავ-ს,n
f0525f7e-edd8-465e-bcb7-e5ab64edd6cb,fut,1p,და-ვ-ხურ-ავ-თ,n
f0525f7e-edd8-465e-bcb7-e5ab64edd6cb,fut,2p,და--ხურ-ავ-თ,n
f0525f7e-edd8-465e-bcb7-e5ab64edd6cb,fut,3p,და--ხურ-ავ-ენ,n
f0525f7e-edd8-465e-bcb7-e5ab64edd6cb,cond,1s,და-ვ-ხურ-ავ-დი,n
f0525f7e-edd8-465e-bcb7-e5ab64edd6cb,cond,2s,და--ხურ-ავ-დი,n
f0525f7e-edd8-465e-bcb7-e5ab64edd6cb,cond,3s,და--ხურ-ავ-და,n
f0525f7e-edd8-465e-bcb7-e5ab64edd6cb,cond,1p,და-ვ-ხურ-ავ-დით,n
f0525f7e-edd8-465e-bcb7-e5ab64edd6cb,cond,2p,და--ხურ-ავ-დით,n
f0525f7e-edd8-465e-bcb7-e5ab64edd6cb,cond,3p,და--ხურ-ავ-დნენ,n
f0525f7e-edd8-465e-bcb7-e5ab64edd6cb,aor,1s,და-ვ-ხურ--ე,n
f0525f7e-edd8-465e-bcb7-e5ab64edd6cb,aor,2s,და--ხურ--ე,n
f0525f7e-edd8-465e-bcb7-e5ab64edd6cb,aor,3s,და--ხურ--ა,n
f0525f7e-edd8-465e-bcb7-e5ab64edd6cb,aor,1p,და-ვ-ხურ--ეთ,n
f0525f7e-edd8-465e-bcb7-e5ab64edd6cb,aor,2p,და--ხურ--ეთ,n
f0525f7e-edd8-465e-bcb7-e5ab64edd6cb,aor,3p,და--ხურ--ეს,n
f0525f7e-edd8-465e-bcb7-e5ab64edd6cb,opt,1s,და-ვ-ხურ--,n
f0525f7e-edd8-465e-bcb7-e5ab64edd6cb,opt,2s,და--ხურ--,n
f0525f7e-edd8-465e-bcb7-e5ab64edd6cb,opt,3s,და--ხურ--ოს,n
f0525f7e-edd8-465e-bcb7-e5ab64edd6cb,opt,1p,და-ვ-ხურ--ოთ,n
f0525f7e-edd8-465e-bcb7-e5ab64edd6cb,opt,2p,და--ხურ--ოთ,n
f0525f7e-edd8-465e-bcb7-e5ab64edd6cb,opt,3p,და--ხურ--ონ,n
e243eb8e-3f23-4e93-80c8-9f50f8abe7bb,pres,1s,-ვ-უახლოვდ-ებ-ი,n
e243eb8e-3f23-4e93-80c8-9f50f8abe7bb,pres,2s,--უახლოვდ-ებ-ი,n
e243eb8e-3f23-4e93-80c8-9f50f8abe7bb,pres,3s,--უახლოვდ-ებ-ა,n
e243eb8e-3f23-4e93-80c8-9f50f8abe7bb,pres,1p,-ვ-უახლოვდ-ებ-ით,n
e243eb8e-3f23-4e93-80c8-9f50f8abe7bb,pres,2p,--უახლოვდ-ებ-ით,n
e243eb8e-3f23-4e93-80c8-9f50f8abe7bb,pres,3p,--უახლოვდ-ებ-იან,n
e243eb8e-3f23-4e93-80c8-9f50f8abe7bb,imp,1s,-ვ-უახლოვდ-ებ-ოდი,n
e243eb8e-3f23-4e93-80c8-9f50f8abe7bb,imp,2s,--უახლოვდ-ებ-ოდი,n
e243eb8e-3f23-4e93-80c8-9f50f8abe7bb,imp,3s,--უახლოვდ-ებ-ოდა,n
e243eb8e-3f23-4e93-80c8-9f50f8abe7bb,imp,1p,-ვ-უახლოვდ-ებ-ოდით,n
e243eb8e-3f23-4e93-80c8-9f50f8abe7bb,imp,2p,--უახლოვდ-ებ-ოდით,n
e243eb8e-3f23-4e93-80c8-9f50f8abe7bb,imp,3p,--უახლოვდ-ებ-ოდნენ,n
e243eb8e-3f23-4e93-80c8-9f50f8abe7bb,pres-subj,1s,-ვ-უახლოვდ-ებ-ოდე,n
e243eb8e-3f23-4e93-80c8-9f50f8abe7bb,pres-subj,2s,--უახლოვდ-ებ-ოდე,n
e243eb8e-3f23-4e93-80c8-9f50f8abe7bb,pres-subj,3s,--უახლოვდ-ებ-ოდეს,n
e243eb8e-3f23-4e93-80c8-9f50f8abe7bb,pres-subj,1p,-ვ-უახლოვდ-ებ-ოდეთ,n
e243eb8e-3f23-4e93-80c8-9f50f8abe7bb,pres-subj,2p,--უახლოვდ-ებ-ოდეთ,n
e243eb8e-3f23-4e93-80c8-9f50f8abe7bb,pres-subj,3p,--უახლოვდ-ებ-ოდნენ,n
e243eb8e-3f23-4e93-80c8-9f50f8abe7bb,fut,1s,და-ვ-უახლოვდ-ებ-ი,n
e243eb8e-3f23-4e93-80c8-9f50f8abe7bb,fut,2s,და--უახლოვდ-ებ-ი,n
e243eb8e-3f23-4e93-80c8-9f50f8abe7bb,fut,3s,და--უახლოვდ-ებ-ა,n
e243eb8e-3f23-4e93-80c8-9f50f8abe7bb,fut,1p,და-ვ-უახლოვდ-ებ-ით,n
e243eb8e-3f23-4e93-80c8-9f50f8abe7bb,fut,2p,და--უახლოვდ-ებ-ით,n
e243eb8e-3f23-4e93-80c8-9f50f8abe7bb,fut,3p,და--უახლოვდ-ებ-იან,n
e243eb8e-3f23-4e93-80c8-9f50f8abe7bb,cond,1s,და-ვ-უახლოვდ-ებ-ოდი,n
e243eb8e-3f23-4e93-80c8-9f50f8abe7bb,cond,2s,და--უახლოვდ-ებ-ოდი,n
e243eb8e-3f23-4e93-80c8-9f50f8abe7bb,cond,3s,და--უახლოვდ-ებ-ოდა,n
e243eb8e-3f23-4e93-80c8-9f50f8abe7bb,cond,1p,და-ვ-უახლოვდ-ებ-ოდით,n
e243eb8e-3f23-4e93-80c8-9f50f8abe7bb,cond,2p,და--უახლოვდ-ებ-ოდით,n
e243eb8e-3f23-4e93-80c8-9f50f8abe7bb,cond,3p,და--უახლოვდ-ებ-ოდნენ,n
e243eb8e-3f23-4e93-80c8-9f50f8abe7bb,aor,1s,და-ვ-უახლოვდ--ი,n
e243eb8e-3f23-4e93-80c8-9f50f8abe7bb,aor,2s,და--უახლოვდ--ი,n
e243eb8e-3f23-4e93-80c8-9f50f8abe7bb,aor,3s,და--უახლოვდ--ა,n
e243eb8e-3f23-4e93-80c8-9f50f8abe7bb,aor,1p,და-ვ-უახლოვდ--ით,n
e243eb8e-3f23-4e93-80c8-9f50f8abe7bb,aor,2p,და--უახლოვდ--ით,n
e243eb8e-3f23-4e93-80c8-9f50f8abe7bb,aor,3p,და--უახლოვდ--ნენ,n
e243eb8e-3f23-4e93-80c8-9f50f8abe7bb,opt,1s,და-ვ-უახლოვდ--ე,n
e243eb8e-3f23-4e93-80c8-9f50f8abe7bb,opt,2s,და--უახლოვდ--ე,n
e243eb8e-3f23-4e93-80c8-9f50f8abe7bb,opt,3s,და--უახლოვდ--ეს,n
e243eb8e-3f23-4e93-80c8-9f50f8abe7bb,opt,1p,და-ვ-უახლოვდ--ეთ,n
e243eb8e-3f23-4e93-80c8-9f50f8abe7bb,opt,2p,და--უახლოვდ--ეთ,n
e243eb8e-3f23-4e93-80c8-9f50f8abe7bb,opt,3p,და--უახლოვდ--ენ,n
d4905ad4-3397-4ead-9df0-7df6b26e1766,pres,1s,-მ-ცივ--ა,n
d4905ad4-3397-4ead-9df0-7df6b26e1766,pres,2s,-გ-ცივ--ა,n
d4905ad4-3397-4ead-9df0-7df6b26e1766,pres,3s,-ს-ცივ--ა,n
d4905ad4-3397-4ead-9df0-7df6b26e1766,pres,1p,-გვ-ცივ--ა,n
d4905ad4-3397-4ead-9df0-7df6b26e1766,pres,2p,-გ-ცივ--ათ,n
d4905ad4-3397-4ead-9df0-7df6b26e1766,pres,3p,-ს-ცივ--ათ,n
d4905ad4-3397-4ead-9df0-7df6b26e1766,imp,1s,-მ-ცი--ოდა,n
d4905ad4-3397-4ead-9df0-7df6b26e1766,imp,2s,-გ-ცი--ოდა,n
d4905ad4-3397-4ead-9df0-7df6b26e1766,imp,3s,-ს-ცი--ოდა,n
d4905ad4-3397-4ead-9df0-7df6b26e1766,imp,1p,-გვ-ცი--ოდა,n
d4905ad4-3397-4ead-9df0-7df6b26e1766,imp,2p,-გ-ცი--ოდათ,n
d4905ad4-3397-4ead-9df0-7df6b26e1766,imp,3p,-ს-ცი--ოდათ,n
d4905ad4-3397-4ead-9df0-7df6b26e1766,pres-subj,1s,-მ-ცივ--ოდეს,n
d4905ad4-3397-4ead-9df0-7df6b26e1766,pres-subj,2s,-გ-ცივ--ოდეს,n
d4905ad4-3397-4ead-9df0-7df6b26e1766,pres-subj,3s,-ს-ცივ--ოდეს,n
d4905ad4-3397-4ead-9df0-7df6b26e1766,pres-subj,1p,-გვ-ცივ--ოდეს,n
d4905ad4-3397-4ead-9df0-7df6b26e1766,pres-subj,2p,-გ-ცივ--ოდეთ,n
d4905ad4-3397-4ead-9df0-7df6b26e1766,pres-subj,3p,-ს-ცივ--ოდეთ,n
d4905ad4-3397-4ead-9df0-7df6b26e1766,fut,1s,შე-მ-ცივდ-ებ-ა,n
d4905ad4-3397-4ead-9df0-7df6b26e1766,fut,2s,შე-გ-ცივდ-ებ-ა,n
d4905ad4-3397-4ead-9df0-7df6b26e1766,fut,3s,შე-ს-ცივდ-ებ-ა,n
d4905ad4-3397-4ead-9df0-7df6b26e1766,fut,1p,შე-გვ-ცივდ-ებ-ა,n
d4905ad4-3397-4ead-9df0-7df6b26e1766,fut,2p,შე-გ-ცივდ-ებ-ათ,n
d4905ad4-3397-4ead-9df0-7df6b26e1766,fut,3p,შე-ს-ცივდ-ებ-ათ,n
d4905ad4-3397-4ead-9df0-7df6b26e1766,cond,1s,შე-მ-ცივდ-ებ-და,n
d4905ad4-3397-4ead-9df0-7df6b26e1766,cond,2s,შე-გ-ცივდ-ებ-და,n
d4905ad4-3397-4ead-9df0-7df6b26e1766,cond,3s,შე-ს-ცივდ-ებ-და,n
d4905ad4-3397-4ead-9df0-7df6b26e1766,cond,1p,შე-გვ-ცივდ-ებ-და,n
d4905ad4-3397-4ead-9df0-7df6b26e1766,cond,2p,შე-გ-ცივდ-ებ-დათ,n
d4905ad4-3397-4ead-9df0-7df6b26e1766,cond,3p,შე-ს-ცივდ-ებ-დათ,n
d4905ad4-3397-4ead-9df0-7df6b26e1766,aor,1s,შე-მ-ცივ--და,n
d4905ad4-3397-4ead-9df0-7df6b26e1766,aor,2s,შე-გ-ცივ--და,n
d4905ad4-3397-4ead-9df0-7df6b26e1766,aor,3s,შე-ს-ცივ--და,n
d4905ad4-3397-4ead-9df0-7df6b26e1766,aor,1p,შე-გვ-ცივ--და,n
d4905ad4-3397-4ead-9df0-7df6b26e1766,aor,2p,შე-გ-ცივ--დათ,n
d4905ad4-3397-4ead-9df0-7df6b26e1766,aor,3p,შე-ს-ცივ--დათ,n
d4905ad4-3397-4ead-9df0-7df6b26e1766,opt,1s,შე-მ-ცივ--ეს,n
d4905ad4-3397-4ead-9df0-7df6b26e1766,opt,2s,შე-გ-ცივ--ეს,n
d4905ad4-3397-4ead-9df0-7df6b26e1766,opt,3s,შე-ს-ცივ--ეს,n
d4905ad4-3397-4ead-9df0-7df6b26e1766,opt,1p,შე-გვ-ცივ--ეს,n
d4905ad4-3397-4ead-9df0-7df6b26e1766,opt,2p,შე-გ-ცივ--ეთ,n
d4905ad4-3397-4ead-9df0-7df6b26e1766,opt,3p,შე-ს-ცივ--ეთ,n
8af108f3-8b6d-4419-a879-87b0da520dda,pres,1s,მო-ვ-დი--ვარ,n
8af108f3-8b6d-4419-a879-87b0da520dda,pres,2s,მო--დი--ხარ,n
8af108f3-8b6d-4419-a879-87b0da520dda,pres,3s,მო--დი--ს,n
8af108f3-8b6d-4419-a879-87b0da520dda,pres,1p,მო-ვ-დი--ვართ,n
8af108f3-8b6d-4419-a879-87b0da520dda,pres,2p,მო--დი--ხართ,n
8af108f3-8b6d-4419-a879-87b0da520dda,pres,3p,მო--დი--ან,n
8af108f3-8b6d-4419-a879-87b0da520dda,imp,1s,მო-ვ-დი--ოდი,n
8af108f3-8b6d-4419-a879-87b0da520dda,imp,2s,მო--დი--ოდი,n
8af108f3-8b6d-4419-a879-87b0da520dda,imp,3s,მო--დი--ოდა,n
8af108f3-8b6d-4419-a879-87b0da520dda,imp,1p,მო-ვ-დი--ოდით,n
8af108f3-8b6d-4419-a879-87b0da520dda,imp,2p,მო--დი--ოდით,n
8af108f3-8b6d-4419-a879-87b0da520dda,imp,3p,მო--დი--ოდნენ,n
8af108f3-8b6d-4419-a879-87b0da520dda,pres-subj,1s,მო-ვ-დი--ოდე,n
8af108f3-8b6d-4419-a879-87b0da520dda,pres-subj,2s,მო--დი--ოდე,n
8af108f3-8b6d-4419-a879-87b0da520dda,pres-subj,3s,მო--დი--ოდეს,n
8af108f3-8b6d-4419-a879-87b0da520dda,pres-subj,1p,მო-ვ-დი--ოდეთ,n
8af108f3-8b6d-4419-a879-87b0da520dda,pres-subj,2p,მო--დი--ოდეთ,n
8af108f3-8b6d-4419-a879-87b0da520dda,pres-subj,3p,მო--დი--ოდნენ,n
8af108f3-8b6d-4419-a879-87b0da520dda,fut,1s,მო--ვალ--,n
8af108f3-8b6d-4419-a879-87b0da520dda,fut,2s,მო-ხ-ვალ--,n
8af108f3-8b6d-4419-a879-87b0da520dda,fut,3s,მო--ვა--,n
8af108f3-8b6d-4419-a879-87b0da520dda,fut,1p,მო--ვალ--თ,n
8af108f3-8b6d-4419-a879-87b0da520dda,fut,2p,მო-ხ-ვალ--თ,n
8af108f3-8b6d-4419-a879-87b0da520dda,fut,3p,მო--ვლ--ენ,n
8af108f3-8b6d-4419-a879-87b0da520dda,cond,1s,მო--ვიდ--ოდი,n
8af108f3-8b6d-4419-a879-87b0da520dda,cond,2s,მო-ხ-ვიდ--ოდი,n
8af108f3-8b6d-4419-a879-87b0da520dda,cond,3s,მო--ვიდ--ოდა,n
8af108f3-8b6d-4419-a879-87b0da520dda,cond,1p,მო--ვიდ--ოდით,n
8af108f3-8b6d-4419-a879-87b0da520dda,cond,2p,მო-ხ-ვიდ--ოდით,n
8af108f3-8b6d-4419-a879-87b0da520dda,cond,3p,მო--ვიდ--ოდნენ,n
8af108f3-8b6d-4419-a879-87b0da520dda,aor,1s,მო--ვედ--ი,n
8af108f3-8b6d-4419-a879-87b0da520dda,aor,2s,მო-ხ-ვედ--ი,n
8af108f3-8b6d-4419-a879-87b0da520dda,aor,3s,მო--ვიდ--ა,n
8af108f3-8b6d-4419-a879-87b0da520dda,aor,1p,მო--ვედ--ით,n
8af108f3-8b6d-4419-a879-87b0da520dda,aor,2p,მო-ხ-ვედ--ით,n
8af108f3-8b6d-4419-a879-87b0da520dda,aor,3p,მო--ვიდ--ნენ,n
8af108f3-8b6d-4419-a879-87b0da520dda,opt,1s,მო--ვედ--ე,n
8af108f3-8b6d-4419-a879-87b0da520dda,opt,2s,მო-ხ-ვედ--ე,n
8af108f3-8b6d-4419-a879-87b0da520dda,opt,3s,მო--ვიდ--ეს,n
8af108f3-8b6d-4419-a879-87b0da520dda,opt,1p,მო--ვედ--ეთ,n
8af108f3-8b6d-4419-a879-87b0da520dda,opt,2p,მო-ხ-ვედ--ეთ,n
8af108f3-8b6d-4419-a879-87b0da520dda,opt,3p,მო--ვიდ--ენ,n
19afcd70-4eca-4501-a0b3-e1f89f8c11fb,pres,1s,-ვ-ბრძან-ებ-,n
19afcd70-4eca-4501-a0b3-e1f89f8c11fb,pres,2s,--ბრძან-ებ-,n
19afcd70-4eca-4501-a0b3-e1f89f8c11fb,pres,3s,--ბრძან-ებ-ს,n
19afcd70-4eca-4501-a0b3-e1f89f8c11fb,pres,1p,-ვ-ბრძან-ებ-თ,n
19afcd70-4eca-4501-a0b3-e1f89f8c11fb,pres,2p,--ბრძან-ებ-თ,n
19afcd70-4eca-4501-a0b3-e1f89f8c11fb,pres,3p,--ბრძან-ებ-ენ,n
19afcd70-4eca-4501-a0b3-e1f89f8c11fb,imp,1s,-ვ-ბრძან-ებ-დი,n
19afcd70-4eca-4501-a0b3-e1f89f8c11fb,imp,2s,--ბრძან-ებ-დი,n
19afcd70-4eca-4501-a0b3-e1f89f8c11fb,imp,3s,--ბრძან-ებ-და,n
19afcd70-4eca-4501-a0b3-e1f89f8c11fb,imp,1p,-ვ-ბრძან-ებ-დით,n
19afcd70-4eca-4501-a0b3-e1f89f8c11fb,imp,2p,--ბრძან-ებ-დით,n
19afcd70-4eca-4501-a0b3-e1f89f8c11fb,imp,3p,--ბრძან-ებ-დნენ,n
19afcd70-4eca-4501-a0b3-e1f89f8c11fb,pres-subj,1s,-ვ-ბრძან-ებ-დე,n
19afcd70-4eca-4501-a0b3-e1f89f8c11fb,pres-subj,2s,--ბრძან-ებ-დე,n
19afcd70-4eca-4501-a0b3-e1f89f8c11fb,pres-subj,3s,--ბრძან-ებ-დეს,n
19afcd70-4eca-4501-a0b3-e1f89f8c11fb,pres-subj,1p,-ვ-ბრძან-ებ-დეთ,n
19afcd70-4eca-4501-a0b3-e1f89f8c11fb,pres-subj,2p,--ბრძან-ებ-დეთ,n
19afcd70-4eca-4501-a0b3-e1f89f8c11fb,pres-subj,3p,--ბრძან-ებ-დნენ,n
19afcd70-4eca-4501-a0b3-e1f89f8c11fb,fut,1s,-ვ-ბრძან-ებ-,n
19afcd70-4eca-4501-a0b3-e1f89f8c11fb,fut,2s,--ბრძან-ებ-,n
19afcd70-4eca-4501-a0b3-e1f89f8c11fb,fut,3s,--ბრძან-ებ-ს,n
19afcd70-4eca-4501-a0b3-e1f89f8c11fb,fut,1p,-ვ-ბრძან-ებ-თ,n
19afcd70-4eca-4501-a0b3-e1f89f8c11fb,fut,2p,--ბრძან-ებ-თ,n
19afcd70-4eca-4501-a0b3-e1f89f8c11fb,fut,3p,--ბრძან-ებ-ენ,n
19afcd70-4eca-4501-a0b3-e1f89f8c11fb,cond,1s,-ვ-ბრძან-ებ-დი,n
19afcd70-4eca-4501-a0b3-e1f89f8c11fb,cond,2s,--ბრძან-ებ-დი,n
19afcd70-4eca-4501-a0b3-e1f89f8c11fb,cond,3s,--ბრძან-ებ-და,n
19afcd70-4eca-4501-a0b3-e1f89f8c11fb,cond,1p,-ვ-ბრძან-ებ-დით,n
19afcd70-4eca-4501-a0b3-e1f89f8c11fb,cond,2p,--ბრძან-ებ-დით,n
19afcd70-4eca-4501-a0b3-e1f89f8c11fb,cond,3p,--ბრძან-ებ-დნენ,n
19afcd70-4eca-4501-a0b3-e1f89f8c11fb,aor,1s,-ვ-ბრძან--ე,n
19afcd70-4eca-4501-a0b3-e1f89f8c11fb,aor,2s,--ბრძან--ე,n
19afcd70-4eca-4501-a0b3-e1f89f8c11fb,aor,3s,--ბრძან--ა,n
19afcd70-4eca-4501-a0b3-e1f89f8c11fb,aor,1p,-ვ-ბრძან--ეთ,n
19afcd70-4eca-4501-a0b3-e1f89f8c11fb,aor,2p,--ბრძან--ეთ,n
19afcd70-4eca-4501-a0b3-e1f89f8c11fb,aor,3p,--ბრძან--ეს,n
19afcd70-4eca-4501-a0b3-e1f89f8c11fb,opt,1s,-ვ-ბრძან--,n
19afcd70-4eca-4501-a0b3-e1f89f8c11fb,opt,2s,--ბრძან--,n
19afcd70-4eca-4501-a0b3-e1f89f8c11fb,opt,3s,--ბრძან--ოს,n
19afcd70-4eca-4501-a0b3-e1f89f8c11fb,opt,1p,-ვ-ბრძან--ოთ,n
19afcd70-4eca-4501-a0b3-e1f89f8c11fb,opt,2p,--ბრძან--ოთ,n
19afcd70-4eca-4501-a0b3-e1f89f8c11fb,opt,3p,--ბრძან--ონ,n
0e27beb2-f3b0-4aea-8fe3-94cb8a30c9ba,pres,1s,-ვ-ადარ-ებ-,n
0e27beb2-f3b0-4aea-8fe3-94cb8a30c9ba,pres,2s,--ადარ-ებ-,n
0e27beb2-f3b0-4aea-8fe3-94cb8a30c9ba,pres,3s,--ადარ-ებ-ს,n
0e27beb2-f3b0-4aea-8fe3-94cb8a30c9ba,pres,1p,-ვ-ადარ-ებ-თ,n
0e27beb2-f3b0-4aea-8fe3-94cb8a30c9ba,pres,2p,--ადარ-ებ-თ,n
0e27beb2-f3b0-4aea-8fe3-94cb8a30c9ba,pres,3p,--ადარ-ებ-ენ,n
0e27beb2-f3b0-4aea-8fe3-94cb8a30c9ba,imp,1s,-ვ-ადარ-ებ-დი,n
0e27beb2-f3b0-4aea-8fe3-94cb8a30c9ba,imp,2s,--ადარ-ებ-დი,n
0e27beb2-f3b0-4aea-8fe3-94cb8a30c9ba,imp,3s,--ადარ-ებ-და,n
0e27beb2-f3b0-4aea-8fe3-94cb8a30c9ba,imp,1p,-ვ-ადარ-ებ-დით,n
0e27beb2-f3b0-4aea-8fe3-94cb8a30c9ba,imp,2p,--ადარ-ებ-დით,n
0e27beb2-f3b0-4aea-8fe3-94cb8a30c9ba,imp,3p,--ადარ-ებ-დნენ,n
0e27beb2-f3b0-4aea-8fe3-94cb8a30c9ba,pres-subj,1s,-ვ-ადარ-ებ-დე,n
0e27beb2-f3b0-4aea-8fe3-94cb8a30c9ba,pres-subj,2s,--ადარ-ებ-დე,n
0e27beb2-f3b0-4aea-8fe3-94cb8a30c9ba,pres-subj,3s,--ადარ-ებ-დეს,n
0e27beb2-f3b0-4aea-8fe3-94cb8a30c9ba,pres-subj,1p,-ვ-ადარ-ებ-დეთ,n
0e27beb2-f3b0-4aea-8fe3-94cb8a30c9ba,pres-subj,2p,--ადარ-ებ-დეთ,n
0e27beb2-f3b0-4aea-8fe3-94cb8a30c9ba,pres-subj,3p,--ადარ-ებ-დნენ,n
0e27beb2-f3b0-4aea-8fe3-94cb8a30c9ba,fut,1s,შე-ვ-ადარ-ებ-,n
0e27beb2-f3b0-4aea-8fe3-94cb8a30c9ba,fut,2s,შე--ადარ-ებ-,n
0e27beb2-f3b0-4aea-8fe3-94cb8a30c9ba,fut,3s,შე--ადარ-ებ-ს,n
0e27beb2-f3b0-4aea-8fe3-94cb8a30c9ba,fut,1p,შე-ვ-ადარ-ებ-თ,n
0e27beb2-f3b0-4aea-8fe3-94cb8a30c9ba,fut,2p,შე--ადარ-ებ-თ,n
0e27beb2-f3b0-4aea-8fe3-94cb8a30c9ba,fut,3p,შე--ადარ-ებ-ენ,n
0e27beb2-f3b0-4aea-8fe3-94cb8a30c9ba,cond,1s,შე-ვ-ადარ-ებ-დი,n
0e27beb2-f3b0-4aea-8fe3-94cb8a30c9ba,cond,2s,შე--ადარ-ებ-დი,n
0e27beb2-f3b0-4aea-8fe3-94cb8a30c9ba,cond,3s,შე--ადარ-ებ-და,n
0e27beb2-f3b0-4aea-8fe3-94cb8a30c9ba,cond,1p,შე-ვ-ადარ-ებ-დით,n
0e27beb2-f3b0-4aea-8fe3-94cb8a30c9ba,cond,2p,შე--ადარ-ებ-დით,n
0e27beb2-f3b0-4aea-8fe3-94cb8a30c9ba,cond,3p,შე--ადარ-ებ-დნენ,n
0e27beb2-f3b0-4aea-8fe3-94cb8a30c9ba,aor,1s,შე-ვ-ადარ--ე,n
0e27beb2-f3b0-4aea-8fe3-94cb8a30c9ba,aor,2s,შე--ადარ--ე,n
0e27beb2-f3b0-4aea-8fe3-94cb8a30c9ba,aor,3s,შე--ადარ--ა,n
0e27beb2-f3b0-4aea-8fe3-94cb8a30c9ba,aor,1p,შე-ვ-ადარ--ეთ,n
0e27beb2-f3b0-4aea-8fe3-94cb8a30c9ba,aor,2p,შე--ადარ--ეთ,n
0e27beb2-f3b0-4aea-8fe3-94cb8a30c9ba,aor,3p,შე--ადარ--ეს,n
0e27beb2-f3b0-4aea-8fe3-94cb8a30c9ba,opt,1s,შე-ვ-ადარ--,n
0e27beb2-f3b0-4aea-8fe3-94cb8a30c9ba,opt,2s,შე--ადარ--,n
0e27beb2-f3b0-4aea-8fe3-94cb8a30c9ba,opt,3s,შე--ადარ--ოს,n
0e27beb2-f3b0-4aea-8fe3-94cb8a30c9ba,opt,1p,შე-ვ-ადარ--ოთ,n
0e27beb2-f3b0-4aea-8fe3-94cb8a30c9ba,opt,2p,შე--ადარ--ოთ,n
0e27beb2-f3b0-4aea-8fe3-94cb8a30c9ba,opt,3p,შე--ადარ--ონ,n
c304fb6b-9b19-4918-a1c4-a7a211d41ea4,pres,1s,ვ--ჩივ-ი-,y
c304fb6b-9b19-4918-a1c4-a7a211d41ea4,pres,2s,--ჩივ-ი-,y
c304fb6b-9b19-4918-a1c4-a7a211d41ea4,pres,3s,--ჩივ-ი-ს,y
c304fb6b-9b19-4918-a1c4-a7a211d41ea4,pres,1p,ვ--ჩივ-ი-თ,y
c304fb6b-9b19-4918-a1c4-a7a211d41ea4,pres,2p,--ჩივ-ი-თ,y
c304fb6b-9b19-4918-a1c4-a7a211d41ea4,pres,3p,--ჩივ-ი-ან,y
c304fb6b-9b19-4918-a1c4-a7a211d41ea4,imp,1s,ვ--ჩი--ოდი,y
c304fb6b-9b19-4918-a1c4-a7a211d41ea4,imp,2s,--ჩი--ოდი,y
c304fb6b-9b19-4918-a1c4-a7a211d41ea4,imp,3s,--ჩი--ოდა,y
c304fb6b-9b19-4918-a1c4-a7a211d41ea4,imp,1p,ვ--ჩი--ოდით,y
c304fb6b-9b19-4918-a1c4-a7a211d41ea4,imp,2p,--ჩი--ოდით,y
c304fb6b-9b19-4918-a1c4-a7a211d41ea4,imp,3p,--ჩი--ოდნენ,y
c304fb6b-9b19-4918-a1c4-a7a211d41ea4,pres-subj,1s,ვ--ჩივ-ი-დე,y
c304fb6b-9b19-4918-a1c4-a7a211d41ea4,pres-subj,2s,--ჩივ-ი-დე,y
c304fb6b-9b19-4918-a1c4-a7a211d41ea4,pres-subj,3s,--ჩივ-ი-დეს,y
c304fb6b-9b19-4918-a1c4-a7a211d41ea4,pres-subj,1p,ვ--ჩივ-ი-დეთ,y
c304fb6b-9b19-4918-a1c4-a7a211d41ea4,pres-subj,2p,--ჩივ-ი-დეთ,y
c304fb6b-9b19-4918-a1c4-a7a211d41ea4,pres-subj,3p,--ჩივ-ი-დნენ,y
c304fb6b-9b19-4918-a1c4-a7a211d41ea4,fut,1s,ვ-ი-ჩივლ-ებ-,y
c304fb6b-9b19-4918-a1c4-a7a211d41ea4,fut,2s,-ი-ჩივლ-ებ-,y
c304fb6b-9b19-4918-a1c4-a7a211d41ea4,fut,3s,-ი-ჩივლ-ებ-ს,y
c304fb6b-9b19-4918-a1c4-a7a211d41ea4,fut,1p,ვ-ი-ჩივლ-ებ-თ,y
c304fb6b-9b19-4918-a1c4-a7a211d41ea4,fut,2p,-ი-ჩივლ-ებ-თ,y
c304fb6b-9b19-4918-a1c4-a7a211d41ea4,fut,3p,-ი-ჩივლ-ებ-ენ,y
c304fb6b-9b19-4918-a1c4-a7a211d41ea4,cond,1s,ვ-ი-ჩივლ-ებ-და,y
c304fb6b-9b19-4918-a1c4-a7a211d41ea4,cond,2s,-ი-ჩივლ-ებ-და,y
c304fb6b-9b19-4918-a1c4-a7a211d41ea4,cond,3s,-ი-ჩივლ-ებ-და,y
c304fb6b-9b19-4918-a1c4-a7a211d41ea4,cond,1p,ვ-ი-ჩივლ-ებ-და,y
c304fb6b-9b19-4918-a1c4-a7a211d41ea4,cond,2p,-ი-ჩივლ-ებ-დათ,y
c304fb6b-9b19-4918-a1c4-a7a211d41ea4,cond,3p,-ი-ჩივლ-ებ-დათ,y
c304fb6b-9b19-4918-a1c4-a7a211d41ea4,aor,1s,ვ-ი-ჩივლ--ე,y
c304fb6b-9b19-4918-a1c4-a7a211d41ea4,aor,2s,-ი-ჩივლ--ე,y
c304fb6b-9b19-4918-a1c4-a7a211d41ea4,aor,3s,-ი-ჩივლ--ა,y
c304fb6b-9b19-4918-a1c4-a7a211d41ea4,aor,1p,ვ-ი-ჩივლ--ეთ,y
c304fb6b-9b19-4918-a1c4-a7a211d41ea4,aor,2p,-ი-ჩივლ--ეთ,y
c304fb6b-9b19-4918-a1c4-a7a211d41ea4,aor,3p,-ი-ჩივლ--ეს,y
c304fb6b-9b19-4918-a1c4-a7a211d41ea4,opt,1s,ვ-ი-ჩივლ--,y
c304fb6b-9b19-4918-a1c4-a7a211d41ea4,opt,2s,-ი-ჩივლ--,y
c304fb6b-9b19-4918-a1c4-a7a211d41ea4,opt,3s,-ი-ჩივლ--ოს,y
c304fb6b-9b19-4918-a1c4-a7a211d41ea4,opt,1p,ვ-ი-ჩივლ--ოთ,y
c304fb6b-9b19-4918-a1c4-a7a211d41ea4,opt,2p,-ი-ჩივლ--ოთ,y
c304fb6b-9b19-4918-a1c4-a7a211d41ea4,opt,3p,-ი-ჩივლ--ონ,y
b2c884a7-5c9b-451e-b179-48f5b7ccfbab,pres,1s,-ვ-აღიარ-ებ-,n
b2c884a7-5c9b-451e-b179-48f5b7ccfbab,pres,2s,--აღიარ-ებ-,n
b2c884a7-5c9b-451e-b179-48f5b7ccfbab,pres,3s,--აღიარ-ებ-ს,n
b2c884a7-5c9b-451e-b179-48f5b7ccfbab,pres,1p,-ვ-აღიარ-ებ-თ,n
b2c884a7-5c9b-451e-b179-48f5b7ccfbab,pres,2p,--აღიარ-ებ-თ,n
b2c884a7-5c9b-451e-b179-48f5b7ccfbab,pres,3p,--აღიარ-ებ-ენ,n
b2c884a7-5c9b-451e-b179-48f5b7ccfbab,imp,1s,-ვ-აღიარ-ებ-დი,n
b2c884a7-5c9b-451e-b179-48f5b7ccfbab,imp,2s,--აღიარ-ებ-დი,n
b2c884a7-5c9b-451e-b179-48f5b7ccfbab,imp,3s,--აღიარ-ებ-და,n
b2c884a7-5c9b-451e-b179-48f5b7ccfbab,imp,1p,-ვ-აღიარ-ებ-დით,n
b2c884a7-5c9b-451e-b179-48f5b7ccfbab,imp,2p,--აღიარ-ებ-დით,n
b2c884a7-5c9b-451e-b179-48f5b7ccfbab,imp,3p,--აღიარ-ებ-დნენ,n
b2c884a7-5c9b-451e-b179-48f5b7ccfbab,pres-subj,1s,-ვ-აღიარ-ებ-დე,n
b2c884a7-5c9b-451e-b179-48f5b7ccfbab,pres-subj,2s,--აღიარ-ებ-დე,n
b2c884a7-5c9b-451e-b179-48f5b7ccfbab,pres-subj,3s,--აღიარ-ებ-დეს,n
b2c884a7-5c9b-451e-b179-48f5b7ccfbab,pres-subj,1p,-ვ-აღიარ-ებ-დეთ,n
b2c884a7-5c9b-451e-b179-48f5b7ccfbab,pres-subj,2p,--აღიარ-ებ-დეთ,n
b2c884a7-5c9b-451e-b179-48f5b7ccfbab,pres-subj,3p,--აღიარ-ებ-დნენ,n
b2c884a7-5c9b-451e-b179-48f5b7ccfbab,fut,1s,-ვ-აღიარ-ებ-,n
b2c884a7-5c9b-451e-b179-48f5b7ccfbab,fut,2s,--აღიარ-ებ-,n
b2c884a7-5c9b-451e-b179-48f5b7ccfbab,fut,3s,--აღიარ-ებ-ს,n
b2c884a7-5c9b-451e-b179-48f5b7ccfbab,fut,1p,-ვ-აღიარ-ებ-თ,n
b2c884a7-5c9b-451e-b179-48f5b7ccfbab,fut,2p,--აღიარ-ებ-თ,n
b2c884a7-5c9b-451e-b179-48f5b7ccfbab,fut,3p,--აღიარ-ებ-ენ,n
b2c884a7-5c9b-451e-b179-48f5b7ccfbab,cond,1s,-ვ-აღიარ-ებ-დი,n
b2c884a7-5c9b-451e-b179-48f5b7ccfbab,cond,2s,--აღიარ-ებ-დი,n
b2c884a7-5c9b-451e-b179-48f5b7ccfbab,cond,3s,--აღიარ-ებ-და,n
b2c884a7-5c9b-451e-b179-48f5b7ccfbab,cond,1p,-ვ-აღიარ-ებ-დით,n
b2c884a7-5c9b-451e-b179-48f5b7ccfbab,cond,2p,--აღიარ-ებ-დით,n
b2c884a7-5c9b-451e-b179-48f5b7ccfbab,cond,3p,--აღიარ-ებ-დნენ,n
b2c884a7-5c9b-451e-b179-48f5b7ccfbab,aor,1s,-ვ-აღიარ--ე,n
b2c884a7-5c9b-451e-b179-48f5b7ccfbab,aor,2s,--აღიარ--ე,n
b2c884a7-5c9b-451e-b179-48f5b7ccfbab,aor,3s,--აღიარ--ა,n
b2c884a7-5c9b-451e-b179-48f5b7ccfbab,aor,1p,-ვ-აღიარ--ეთ,n
b2c884a7-5c9b-451e-b179-48f5b7ccfbab,aor,2p,--აღიარ--ეთ,n
b2c884a7-5c9b-451e-b179-48f5b7ccfbab,aor,3p,--აღიარ--ეს,n
b2c884a7-5c9b-451e-b179-48f5b7ccfbab,opt,1s,-ვ-აღიარ--,n
b2c884a7-5c9b-451e-b179-48f5b7ccfbab,opt,2s,--აღიარ--,n
b2c884a7-5c9b-451e-b179-48f5b7ccfbab,opt,3s,--აღიარ--ოს,n
b2c884a7-5c9b-451e-b179-48f5b7ccfbab,opt,1p,-ვ-აღიარ--ოთ,n
b2c884a7-5c9b-451e-b179-48f5b7ccfbab,opt,2p,--აღიარ--ოთ,n
b2c884a7-5c9b-451e-b179-48f5b7ccfbab,opt,3p,--აღიარ--ონ,n
db9c3a5e-bf19-47ec-b480-d6231c04edb0,pres,1s,-ვ-ულოც-ავ-,n
db9c3a5e-bf19-47ec-b480-d6231c04edb0,pres,2s,--ულოც-ავ-,n
db9c3a5e-bf19-47ec-b480-d6231c04edb0,pres,3s,--ულოც-ავ-ს,n
db9c3a5e-bf19-47ec-b480-d6231c04edb0,pres,1p,-ვ-ულოც-ავ-თ,n
db9c3a5e-bf19-47ec-b480-d6231c04edb0,pres,2p,--ულოც-ავ-თ,n
db9c3a5e-bf19-47ec-b480-d6231c04edb0,pres,3p,--ულოც-ავ-ენ,n
db9c3a5e-bf19-47ec-b480-d6231c04edb0,imp,1s,-ვ-ულოც-ავ-დი,n
db9c3a5e-bf19-47ec-b480-d6231c04edb0,imp,2s,--ულოც-ავ-დი,n
db9c3a5e-bf19-47ec-b480-d6231c04edb0,imp,3s,--ულოც-ავ-და,n
db9c3a5e-bf19-47ec-b480-d6231c04edb0,imp,1p,-ვ-ულოც-ავ-დით,n
db9c3a5e-bf19-47ec-b480-d6231c04edb0,imp,2p,--ულოც-ავ-დით,n
db9c3a5e-bf19-47ec-b480-d6231c04edb0,imp,3p,--ულოც-ავ-დნენ,n
db9c3a5e-bf19-47ec-b480-d6231c04edb0,pres-subj,1s,-ვ-ულოც-ავ-დე,n
db9c3a5e-bf19-47ec-b480-d6231c04edb0,pres-subj,2s,--ულოც-ავ-დე,n
db9c3a5e-bf19-47ec-b480-d6231c04edb0,pres-subj,3s,--ულოც-ავ-დეს,n
db9c3a5e-bf19-47ec-b480-d6231c04edb0,pres-subj,1p,-ვ-ულოც-ავ-დეთ,n
db9c3a5e-bf19-47ec-b480-d6231c04edb0,pres-subj,2p,--ულოც-ავ-დეთ,n
db9c3a5e-bf19-47ec-b480-d6231c04edb0,pres-subj,3p,--ულოც-ავ-დნენ,n
db9c3a5e-bf19-47ec-b480-d6231c04edb0,fut,1s,მი-ვ-ულოც-ავ-,n
db9c3a5e-bf19-47ec-b480-d6231c04edb0,fut,2s,მი--ულოც-ავ-,n
db9c3a5e-bf19-47ec-b480-d6231c04edb0,fut,3s,მი--ულოც-ავ-ს,n
db9c3a5e-bf19-47ec-b480-d6231c04edb0,fut,1p,მი-ვ-ულოც-ავ-თ,n
db9c3a5e-bf19-47ec-b480-d6231c04edb0,fut,2p,მი--ულოც-ავ-თ,n
db9c3a5e-bf19-47ec-b480-d6231c04edb0,fut,3p,მი--ულოც-ავ-ენ,n
db9c3a5e-bf19-47ec-b480-d6231c04edb0,cond,1s,მი-ვ-ულოც-ავ-დი,n
db9c3a5e-bf19-47ec-b480-d6231c04edb0,cond,2s,მი--ულოც-ავ-დი,n
db9c3a5e-bf19-47ec-b480-d6231c04edb0,cond,3s,მი--ულოც-ავ-და,n
db9c3a5e-bf19-47ec-b480-d6231c04edb0,cond,1p,მი-ვ-ულოც-ავ-დით,n
db9c3a5e-bf19-47ec-b480-d6231c04edb0,cond,2p,მი--ულოც-ავ-დით,n
db9c3a5e-bf19-47ec-b480-d6231c04edb0,cond,3p,მი--ულოც-ავ-დნენ,n
db9c3a5e-bf19-47ec-b480-d6231c04edb0,aor,1s,მი-ვ-ულოც--ე,n
db9c3a5e-bf19-47ec-b480-d6231c04edb0,aor,2s,მი--ულოც--ე,n
db9c3a5e-bf19-47ec-b480-d6231c04edb0,aor,3s,მი--ულოც--ა,n
db9c3a5e-bf19-47ec-b480-d6231c04edb0,aor,1p,მი-ვ-ულოც--ეთ,n
db9c3a5e-bf19-47ec-b480-d6231c04edb0,aor,2p,მი--ულოც--ეთ,n
db9c3a5e-bf19-47ec-b480-d6231c04edb0,aor,3p,მი--ულოც--ეს,n
db9c3a5e-bf19-47ec-b480-d6231c04edb0,opt,1s,მი-ვ-ულოც--,n
db9c3a5e-bf19-47ec-b480-d6231c04edb0,opt,2s,მი--ულოც--,n
db9c3a5e-bf19-47ec-b480-d6231c04edb0,opt,3s,მი--ულოც--ოს,n
db9c3a5e-bf19-47ec-b480-d6231c04edb0,opt,1p,მი-ვ-ულოც--ოთ,n
db9c3a5e-bf19-47ec-b480-d6231c04edb0,opt,2p,მი--ულოც--ოთ,n
db9c3a5e-bf19-47ec-b480-d6231c04edb0,opt,3p,მი--ულოც--ონ,n
bc9c1c3d-247a-4245-a305-9628b521bad0,pres,1s,-ვ-იკრ-ავ-,n
bc9c1c3d-247a-4245-a305-9628b521bad0,pres,2s,--იკრ-ავ-,n
bc9c1c3d-247a-4245-a305-9628b521bad0,pres,3s,--იკრ-ავ-ს,n
bc9c1c3d-247a-4245-a305-9628b521bad0,pres,1p,-ვ-იკრ-ავ-თ,n
bc9c1c3d-247a-4245-a305-9628b521bad0,pres,2p,--იკრ-ავ-თ,n
bc9c1c3d-247a-4245-a305-9628b521bad0,pres,3p,--იკრ-ავ-ენ,n
bc9c1c3d-247a-4245-a305-9628b521bad0,imp,1s,-ვ-იკრ-ავ-დი,n
bc9c1c3d-247a-4245-a305-9628b521bad0,imp,2s,--იკრ-ავ-დი,n
bc9c1c3d-247a-4245-a305-9628b521bad0,imp,3s,--იკრ-ავ-და,n
bc9c1c3d-247a-4245-a305-9628b521bad0,imp,1p,-ვ-იკრ-ავ-დით,n
bc9c1c3d-247a-4245-a305-9628b521bad0,imp,2p,--იკრ-ავ-დით,n
bc9c1c3d-247a-4245-a305-9628b521bad0,imp,3p,--იკრ-ავ-დნენ,n
bc9c1c3d-247a-4245-a305-9628b521bad0,pres-subj,1s,-ვ-იკრ-ავ-დე,n
bc9c1c3d-247a-4245-a305-9628b521bad0,pres-subj,2s,--იკრ-ავ-დე,n
bc9c1c3d-247a-4245-a305-9628b521bad0,pres-subj,3s,--იკრ-ავ-დეს,n
bc9c1c3d-247a-4245-a305-9628b521bad0,pres-subj,1p,-ვ-იკრ-ავ-დეთ,n
bc9c1c3d-247a-4245-a305-9628b521bad0,pres-subj,2p,--იკრ-ავ-დეთ,n
bc9c1c3d-247a-4245-a305-9628b521bad0,pres-subj,3p,--იკრ-ავ-დნენ,n
bc9c1c3d-247a-4245-a305-9628b521bad0,fut,1s,შე-ვ-იკრ-ავ-,n
bc9c1c3d-247a-4245-a305-9628b521bad0,fut,2s,შე--იკრ-ავ-,n
bc9c1c3d-247a-4245-a305-9628b521bad0,fut,3s,შე--იკრ-ავ-ს,n
bc9c1c3d-247a-4245-a305-9628b521bad0,fut,1p,შე-ვ-იკრ-ავ-თ,n
bc9c1c3d-247a-4245-a305-9628b521bad0,fut,2p,შე--იკრ-ავ-თ,n
bc9c1c3d-247a-4245-a305-9628b521bad0,fut,3p,შე--იკრ-ავ-ენ,n
bc9c1c3d-247a-4245-a305-9628b521bad0,cond,1s,შე-ვ-იკრ-ავ-დი,n
bc9c1c3d-247a-4245-a305-9628b521bad0,cond,2s,შე--იკრ-ავ-დი,n
bc9c1c3d-247a-4245-a305-9628b521bad0,cond,3s,შე--იკრ-ავ-და,n
bc9c1c3d-247a-4245-a305-9628b521bad0,cond,1p,შე-ვ-იკრ-ავ-დით,n
bc9c1c3d-247a-4245-a305-9628b521bad0,cond,2p,შე--იკრ-ავ-დით,n
bc9c1c3d-247a-4245-a305-9628b521bad0,cond,3p,შე--იკრ-ავ-დნენ,n
bc9c1c3d-247a-4245-a305-9628b521bad0,aor,1s,შე-ვ-იკარ--ი,n
bc9c1c3d-247a-4245-a305-9628b521bad0,aor,2s,შე--იკარ--ი,n
bc9c1c3d-247a-4245-a305-9628b521bad0,aor,3s,შე--იკრ--ა,n
bc9c1c3d-247a-4245-a305-9628b521bad0,aor,1p,შე-ვ-იკარ--ით,n
bc9c1c3d-247a-4245-a305-9628b521bad0,aor,2p,შე--იკარ--ით,n
bc9c1c3d-247a-4245-a305-9628b521bad0,aor,3p,შე--იკარ--ეს,n
bc9c1c3d-247a-4245-a305-9628b521bad0,opt,1s,შე-ვ-იკარ--ა,n
bc9c1c3d-247a-4245-a305-9628b521bad0,opt,2s,შე--იკარ--ა,n
bc9c1c3d-247a-4245-a305-9628b521bad0,opt,3s,შე--იკრ--ას,n
bc9c1c3d-247a-4245-a305-9628b521bad0,opt,1p,შე-ვ-იკარ--ათ,n
bc9c1c3d-247a-4245-a305-9628b521bad0,opt,2p,შე--იკარ--ათ,n
bc9c1c3d-247a-4245-a305-9628b521bad0,opt,3p,შე--იკარ--ან,n
7f79e2f7-8a9b-443e-b0c7-d9b21671d888,pres,1s,-ვ-თვლ-ი-,n
7f79e2f7-8a9b-443e-b0c7-d9b21671d888,pres,2s,--თვლ-ი-,n
7f79e2f7-8a9b-443e-b0c7-d9b21671d888,pres,3s,--თვლ-ი-ს,n
7f79e2f7-8a9b-443e-b0c7-d9b21671d888,pres,1p,-ვ-თვლ-ი-თ,n
7f79e2f7-8a9b-443e-b0c7-d9b21671d888,pres,2p,--თვლ-ი-თ,n
7f79e2f7-8a9b-443e-b0c7-d9b21671d888,pres,3p,--თვლ-ი-ან,n
7f79e2f7-8a9b-443e-b0c7-d9b21671d888,imp,1s,-ვ-თვლ-ი-დი,n
7f79e2f7-8a9b-443e-b0c7-d9b21671d888,imp,2s,--თვლ-ი-დი,n
7f79e2f7-8a9b-443e-b0c7-d9b21671d888,imp,3s,--თვლ-ი-და,n
7f79e2f7-8a9b-443e-b0c7-d9b21671d888,imp,1p,-ვ-თვლ-ი-დით,n
7f79e2f7-8a9b-443e-b0c7-d9b21671d888,imp,2p,--თვლ-ი-დით,n
7f79e2f7-8a9b-443e-b0c7-d9b21671d888,imp,3p,--თვლ-ი-დნენ,n
7f79e2f7-8a9b-443e-b0c7-d9b21671d888,pres-subj,1s,-ვ-თვლ-ი-დე,n
7f79e2f7-8a9b-443e-b0c7-d9b21671d888,pres-subj,2s,--თვლ-ი-დე,n
7f79e2f7-8a9b-443e-b0c7-d9b21671d888,pres-subj,3s,--თვლ-ი-დეს,n
7f79e2f7-8a9b-443e-b0c7-d9b21671d888,pres-subj,1p,-ვ-თვლ-ი-დეთ,n
7f79e2f7-8a9b-443e-b0c7-d9b21671d888,pres-subj,2p,--თვლ-ი-დეთ,n
7f79e2f7-8a9b-443e-b0c7-d9b21671d888,pres-subj,3p,--თვლ-ი-დნენ,n
7f79e2f7-8a9b-443e-b0c7-d9b21671d888,fut,1s,ჩა-ვ-თვლ-ი-,n
7f79e2f7-8a9b-443e-b0c7-d9b21671d888,fut,2s,ჩა--თვლ-ი-,n
7f79e2f7-8a9b-443e-b0c7-d9b21671d888,fut,3s,ჩა--თვლ-ი-ს,n
7f79e2f7-8a9b-443e-b0c7-d9b21671d888,fut,1p,ჩა-ვ-თვლ-ი-თ,n
7f79e2f7-8a9b-443e-b0c7-d9b21671d888,fut,2p,ჩა--თვლ-ი-თ,n
7f79e2f7-8a9b-443e-b0c7-d9b21671d888,fut,3p,ჩა--თვლ-ი-ან,n
7f79e2f7-8a9b-443e-b0c7-d9b21671d888,cond,1s,ჩა-ვ-თვლ-ი-დი,n
7f79e2f7-8a9b-443e-b0c7-d9b21671d888,cond,2s,ჩა--თვლ-ი-დი,n
7f79e2f7-8a9b-443e-b0c7-d9b21671d888,cond,3s,ჩა--თვლ-ი-და,n
7f79e2f7-8a9b-443e-b0c7-d9b21671d888,cond,1p,ჩა-ვ-თვლ-ი-დით,n
7f79e2f7-8a9b-443e-b0c7-d9b21671d888,cond,2p,ჩა--თვლ-ი-დით,n
7f79e2f7-8a9b-443e-b0c7-d9b21671d888,cond,3p,ჩა--თვლ-ი-დნენ,n
7f79e2f7-8a9b-443e-b0c7-d9b21671d888,aor,1s,ჩა-ვ-თვალ--ე,n
7f79e2f7-8a9b-443e-b0c7-d9b21671d888,aor,2s,ჩა--თვალ--ე,n
7f79e2f7-8a9b-443e-b0c7-d9b21671d888,aor,3s,ჩა--თვალ--ა,n
7f79e2f7-8a9b-443e-b0c7-d9b21671d888,aor,1p,ჩა-ვ-თვალ--ეთ,n
7f79e2f7-8a9b-443e-b0c7-d9b21671d888,aor,2p,ჩა--თვალ--ეთ,n
7f79e2f7-8a9b-443e-b0c7-d9b21671d888,aor,3p,ჩა--თვალ--ეს,n
7f79e2f7-8a9b-443e-b0c7-d9b21671d888,opt,1s,ჩა-ვ-თვალ--,n
7f79e2f7-8a9b-443e-b0c7-d9b21671d888,opt,2s,ჩა--თვალ--,n
7f79e2f7-8a9b-443e-b0c7-d9b21671d888,opt,3s,ჩა--თვალ--ოს,n
7f79e2f7-8a9b-443e-b0c7-d9b21671d888,opt,1p,ჩა-ვ-თვალ--ოთ,n
7f79e2f7-8a9b-443e-b0c7-d9b21671d888,opt,2p,ჩა--თვალ--ოთ,n
7f79e2f7-8a9b-443e-b0c7-d9b21671d888,opt,3p,ჩა--თვალ--ონ,n
1b9f6259-c73e-4704-9ccb-2fcda1664fc7,pres,1s,-ვ-აგრძელ-ებ-,n
1b9f6259-c73e-4704-9ccb-2fcda1664fc7,pres,2s,--აგრძელ-ებ-,n
1b9f6259-c73e-4704-9ccb-2fcda1664fc7,pres,3s,--აგრძელ-ებ-ს,n
1b9f6259-c73e-4704-9ccb-2fcda1664fc7,pres,1p,-ვ-აგრძელ-ებ-თ,n
1b9f6259-c73e-4704-9ccb-2fcda1664fc7,pres,2p,--აგრძელ-ებ-თ,n
1b9f6259-c73e-4704-9ccb-2fcda1664fc7,pres,3p,--აგრძელ-ებ-ენ,n
1b9f6259-c73e-4704-9ccb-2fcda1664fc7,imp,1s,-ვ-აგრძელ-ებ-დი,n
1b9f6259-c73e-4704-9ccb-2fcda1664fc7,imp,2s,--აგრძელ-ებ-დი,n
1b9f6259-c73e-4704-9ccb-2fcda1664fc7,imp,3s,--აგრძელ-ებ-და,n
1b9f6259-c73e-4704-9ccb-2fcda1664fc7,imp,1p,-ვ-აგრძელ-ებ-დით,n
1b9f6259-c73e-4704-9ccb-2fcda1664fc7,imp,2p,--აგრძელ-ებ-დით,n
1b9f6259-c73e-4704-9ccb-2fcda1664fc7,imp,3p,--აგრძელ-ებ-დნენ,n
1b9f6259-c73e-4704-9ccb-2fcda1664fc7,pres-subj,1s,-ვ-აგრძელ-ებ-დე,n
1b9f6259-c73e-4704-9ccb-2fcda1664fc7,pres-subj,2s,--აგრძელ-ებ-დე,n
1b9f6259-c73e-4704-9ccb-2fcda1664fc7,pres-subj,3s,--აგრძელ-ებ-დეს,n
1b9f6259-c73e-4704-9ccb-2fcda1664fc7,pres-subj,1p,-ვ-აგრძელ-ებ-დეთ,n
1b9f6259-c73e-4704-9ccb-2fcda1664fc7,pres-subj,2p,--აგრძელ-ებ-დეთ,n
1b9f6259-c73e-4704-9ccb-2fcda1664fc7,pres-subj,3p,--აგრძელ-ებ-დნენ,n
1b9f6259-c73e-4704-9ccb-2fcda1664fc7,fut,1s,გა-ვ-აგრძელ-ებ-,n
1b9f6259-c73e-4704-9ccb-2fcda1664fc7,fut,2s,გა--აგრძელ-ებ-,n
1b9f6259-c73e-4704-9ccb-2fcda1664fc7,fut,3s,გა--აგრძელ-ებ-ს,n
1b9f6259-c73e-4704-9ccb-2fcda1664fc7,fut,1p,გა-ვ-აგრძელ-ებ-თ,n
1b9f6259-c73e-4704-9ccb-2fcda1664fc7,fut,2p,გა--აგრძელ-ებ-თ,n
1b9f6259-c73e-4704-9ccb-2fcda1664fc7,fut,3p,გა--აგრძელ-ებ-ენ,n
1b9f6259-c73e-4704-9ccb-2fcda1664fc7,cond,1s,გა-ვ-აგრძელ-ებ-დი,n
1b9f6259-c73e-4704-9ccb-2fcda1664fc7,cond,2s,გა--აგრძელ-ებ-დი,n
1b9f6259-c73e-4704-9ccb-2fcda1664fc7,cond,3s,გა--აგრძელ-ებ-და,n
1b9f6259-c73e-4704-9ccb-2fcda1664fc7,cond,1p,გა-ვ-აგრძელ-ებ-დით,n
1b9f6259-c73e-4704-9ccb-2fcda1664fc7,cond,2p,გა--აგრძელ-ებ-დით,n
1b9f6259-c73e-4704-9ccb-2fcda1664fc7,cond,3p,გა--აგრძელ-ებ-დნენ,n
1b9f6259-c73e-4704-9ccb-2fcda1664fc7,aor,1s,გა-ვ-აგრძელ--ე,n
1b9f6259-c73e-4704-9ccb-2fcda1664fc7,aor,2s,გა--აგრძელ--ე,n
1b9f6259-c73e-4704-9ccb-2fcda1664fc7,aor,3s,გა--აგრძელ--ა,n
1b9f6259-c73e-4704-9ccb-2fcda1664fc7,aor,1p,გა-ვ-აგრძელ--ეთ,n
1b9f6259-c73e-4704-9ccb-2fcda1664fc7,aor,2p,გა--აგრძელ--ეთ,n
1b9f6259-c73e-4704-9ccb-2fcda1664fc7,aor,3p,გა--აგრძელ--ეს,n
1b9f6259-c73e-4704-9ccb-2fcda1664fc7,opt,1s,გა-ვ-აგრძელ--,n
1b9f6259-c73e-4704-9ccb-2fcda1664fc7,opt,2s,გა--აგრძელ--,n
1b9f6259-c73e-4704-9ccb-2fcda1664fc7,opt,3s,გა--აგრძელ--ოს,n
1b9f6259-c73e-4704-9ccb-2fcda1664fc7,opt,1p,გა-ვ-აგრძელ--ოთ,n
1b9f6259-c73e-4704-9ccb-2fcda1664fc7,opt,2p,გა--აგრძელ--ოთ,n
1b9f6259-c73e-4704-9ccb-2fcda1664fc7,opt,3p,გა--აგრძელ--ონ,n
0860bc10-9f05-4586-a703-5839cb6e2cd5,pres,1s,-ვ-იღ-ებ-,n
0860bc10-9f05-4586-a703-5839cb6e2cd5,pres,2s,--იღ-ებ-,n
0860bc10-9f05-4586-a703-5839cb6e2cd5,pres,3s,--იღ-ებ-ს,n
0860bc10-9f05-4586-a703-5839cb6e2cd5,pres,1p,-ვ-იღ-ებ-თ,n
0860bc10-9f05-4586-a703-5839cb6e2cd5,pres,2p,--იღ-ებ-თ,n
0860bc10-9f05-4586-a703-5839cb6e2cd5,pres,3p,--იღ-ებ-ენ,n
0860bc10-9f05-4586-a703-5839cb6e2cd5,imp,1s,-ვ-იღ-ებ-დი,n
0860bc10-9f05-4586-a703-5839cb6e2cd5,imp,2s,--იღ-ებ-დი,n
0860bc10-9f05-4586-a703-5839cb6e2cd5,imp,3s,--იღ-ებ-და,n
0860bc10-9f05-4586-a703-5839cb6e2cd5,imp,1p,-ვ-იღ-ებ-დით,n
0860bc10-9f05-4586-a703-5839cb6e2cd5,imp,2p,--იღ-ებ-დით,n
0860bc10-9f05-4586-a703-5839cb6e2cd5,imp,3p,--იღ-ებ-დნენ,n
0860bc10-9f05-4586-a703-5839cb6e2cd5,pres-subj,1s,-ვ-იღ-ებ-დე,n
0860bc10-9f05-4586-a703-5839cb6e2cd5,pres-subj,2s,--იღ-ებ-დე,n
0860bc10-9f05-4586-a703-5839cb6e2cd5,pres-subj,3s,--იღ-ებ-დეს,n
0860bc10-9f05-4586-a703-5839cb6e2cd5,pres-subj,1p,-ვ-იღ-ებ-დეთ,n
0860bc10-9f05-4586-a703-5839cb6e2cd5,pres-subj,2p,--იღ-ებ-დეთ,n
0860bc10-9f05-4586-a703-5839cb6e2cd5,pres-subj,3p,--იღ-ებ-დნენ,n
0860bc10-9f05-4586-a703-5839cb6e2cd5,fut,1s,გადა-ვ-იღ-ებ-,n
0860bc10-9f05-4586-a703-5839cb6e2cd5,fut,2s,გადა--იღ-ებ-,n
0860bc10-9f05-4586-a703-5839cb6e2cd5,fut,3s,გადა--იღ-ებ-ს,n
0860bc10-9f05-4586-a703-5839cb6e2cd5,fut,1p,გადა-ვ-იღ-ებ-თ,n
0860bc10-9f05-4586-a703-5839cb6e2cd5,fut,2p,გადა--იღ-ებ-თ,n
0860bc10-9f05-4586-a703-5839cb6e2cd5,fut,3p,გადა--იღ-ებ-ენ,n
0860bc10-9f05-4586-a703-5839cb6e2cd5,cond,1s,გადა-ვ-იღ-ებ-დი,n
0860bc10-9f05-4586-a703-5839cb6e2cd5,cond,2s,გადა--იღ-ებ-დი,n
0860bc10-9f05-4586-a703-5839cb6e2cd5,cond,3s,გადა--იღ-ებ-და,n
0860bc10-9f05-4586-a703-5839cb6e2cd5,cond,1p,გადა-ვ-იღ-ებ-დით,n
0860bc10-9f05-4586-a703-5839cb6e2cd5,cond,2p,გადა--იღ-ებ-დით,n
0860bc10-9f05-4586-a703-5839cb6e2cd5,cond,3p,გადა--იღ-ებ-დნენ,n
0860bc10-9f05-4586-a703-5839cb6e2cd5,aor,1s,გადა-ვ-იღ--ე,n
0860bc10-9f05-4586-a703-5839cb6e2cd5,aor,2s,გადა--იღ--ე,n
0860bc10-9f05-4586-a703-5839cb6e2cd5,aor,3s,გადა--იღ--ო,n
0860bc10-9f05-4586-a703-5839cb6e2cd5,aor,1p,გადა-ვ-იღ--ეთ,n
0860bc10-9f05-4586-a703-5839cb6e2cd5,aor,2p,გადა--იღ--ეთ,n
0860bc10-9f05-4586-a703-5839cb6e2cd5,aor,3p,გადა--იღ--ეს,n
0860bc10-9f05-4586-a703-5839cb6e2cd5,opt,1s,გადა-ვ-იღ--,n
0860bc10-9f05-4586-a703-5839cb6e2cd5,opt,2s,გადა--იღ--,n
0860bc10-9f05-4586-a703-5839cb6e2cd5,opt,3s,გადა--იღ--ოს,n
0860bc10-9f05-4586-a703-5839cb6e2cd5,opt,1p,გადა-ვ-იღ--ოთ,n
0860bc10-9f05-4586-a703-5839cb6e2cd5,opt,2p,გადა--იღ--ოთ,n
0860bc10-9f05-4586-a703-5839cb6e2cd5,opt,3p,გადა--იღ--ონ,n
d624706b-d394-45f9-a950-9d4f1ab87d3f,pres,1s,-ვ-ასწორ-ებ-,n
d624706b-d394-45f9-a950-9d4f1ab87d3f,pres,2s,--ასწორ-ებ-,n
d624706b-d394-45f9-a950-9d4f1ab87d3f,pres,3s,--ასწორ-ებ-ს,n
d624706b-d394-45f9-a950-9d4f1ab87d3f,pres,1p,-ვ-ასწორ-ებ-თ,n
d624706b-d394-45f9-a950-9d4f1ab87d3f,pres,2p,--ასწორ-ებ-თ,n
d624706b-d394-45f9-a950-9d4f1ab87d3f,pres,3p,--ასწორ-ებ-ენ,n
d624706b-d394-45f9-a950-9d4f1ab87d3f,imp,1s,-ვ-ასწორ-ებ-დი,n
d624706b-d394-45f9-a950-9d4f1ab87d3f,imp,2s,--ასწორ-ებ-დი,n
d624706b-d394-45f9-a950-9d4f1ab87d3f,imp,3s,--ასწორ-ებ-და,n
d624706b-d394-45f9-a950-9d4f1ab87d3f,imp,1p,-ვ-ასწორ-ებ-დით,n
d624706b-d394-45f9-a950-9d4f1ab87d3f,imp,2p,--ასწორ-ებ-დით,n
d624706b-d394-45f9-a950-9d4f1ab87d3f,imp,3p,--ასწორ-ებ-დნენ,n
d624706b-d394-45f9-a950-9d4f1ab87d3f,pres-subj,1s,-ვ-ასწორ-ებ-დე,n
d624706b-d394-45f9-a950-9d4f1ab87d3f,pres-subj,2s,--ასწორ-ებ-დე,n
d624706b-d394-45f9-a950-9d4f1ab87d3f,pres-subj,3s,--ასწორ-ებ-დეს,n
d624706b-d394-45f9-a950-9d4f1ab87d3f,pres-subj,1p,-ვ-ასწორ-ებ-დეთ,n
d624706b-d394-45f9-a950-9d4f1ab87d3f,pres-subj,2p,--ასწორ-ებ-დეთ,n
d624706b-d394-45f9-a950-9d4f1ab87d3f,pres-subj,3p,--ასწორ-ებ-დნენ,n
d624706b-d394-45f9-a950-9d4f1ab87d3f,fut,1s,გა-ვ-ასწორ-ებ-,n
d624706b-d394-45f9-a950-9d4f1ab87d3f,fut,2s,გა--ასწორ-ებ-,n
d624706b-d394-45f9-a950-9d4f1ab87d3f,fut,3s,გა--ასწორ-ებ-ს,n
d624706b-d394-45f9-a950-9d4f1ab87d3f,fut,1p,გა-ვ-ასწორ-ებ-თ,n
d624706b-d394-45f9-a950-9d4f1ab87d3f,fut,2p,გა--ასწორ-ებ-თ,n
d624706b-d394-45f9-a950-9d4f1ab87d3f,fut,3p,გა--ასწორ-ებ-ენ,n
d624706b-d394-45f9-a950-9d4f1ab87d3f,cond,1s,გა-ვ-ასწორ-ებ-დი,n
d624706b-d394-45f9-a950-9d4f1ab87d3f,cond,2s,გა--ასწორ-ებ-დი,n
d624706b-d394-45f9-a950-9d4f1ab87d3f,cond,3s,გა--ასწორ-ებ-და,n
d624706b-d394-45f9-a950-9d4f1ab87d3f,cond,1p,გა-ვ-ასწორ-ებ-დით,n
d624706b-d394-45f9-a950-9d4f1ab87d3f,cond,2p,გა--ასწორ-ებ-დით,n
d624706b-d394-45f9-a950-9d4f1ab87d3f,cond,3p,გა--ასწორ-ებ-დნენ,n
d624706b-d394-45f9-a950-9d4f1ab87d3f,aor,1s,გა-ვ-ასწორ--ე,n
d624706b-d394-45f9-a950-9d4f1ab87d3f,aor,2s,გა--ასწორ--ე,n
d624706b-d394-45f9-a950-9d4f1ab87d3f,aor,3s,გა--ასწორ--ა,n
d624706b-d394-45f9-a950-9d4f1ab87d3f,aor,1p,გა-ვ-ასწორ--ეთ,n
d624706b-d394-45f9-a950-9d4f1ab87d3f,aor,2p,გა--ასწორ--ეთ,n
d624706b-d394-45f9-a950-9d4f1ab87d3f,aor,3p,გა--ასწორ--ეს,n
d624706b-d394-45f9-a950-9d4f1ab87d3f,opt,1s,გა-ვ-ასწორ--,n
d624706b-d394-45f9-a950-9d4f1ab87d3f,opt,2s,გა--ასწორ--,n
d624706b-d394-45f9-a950-9d4f1ab87d3f,opt,3s,გა--ასწორ--ოს,n
d624706b-d394-45f9-a950-9d4f1ab87d3f,opt,1p,გა-ვ-ასწორ--ოთ,n
d624706b-d394-45f9-a950-9d4f1ab87d3f,opt,2p,გა--ასწორ--ოთ,n
d624706b-d394-45f9-a950-9d4f1ab87d3f,opt,3p,გა--ასწორ--ონ,n
6ebfe67d-46fe-477f-9d66-bf38fe6bb178,pres,1s,-ვ-ღირ--ვარ,n
6ebfe67d-46fe-477f-9d66-bf38fe6bb178,pres,2s,--ღირ--ხარ,n
6ebfe67d-46fe-477f-9d66-bf38fe6bb178,pres,3s,--ღირ--ს,n
6ebfe67d-46fe-477f-9d66-bf38fe6bb178,pres,1p,-ვ-ღირ--ვართ,n
6ebfe67d-46fe-477f-9d66-bf38fe6bb178,pres,2p,--ღირ--ხართ,n
6ebfe67d-46fe-477f-9d66-bf38fe6bb178,pres,3p,--ღირ--ან,n
6ebfe67d-46fe-477f-9d66-bf38fe6bb178,imp,1s,-ვ-ღირ--დი,n
6ebfe67d-46fe-477f-9d66-bf38fe6bb178,imp,2s,--ღირ--დი,n
6ebfe67d-46fe-477f-9d66-bf38fe6bb178,imp,3s,--ღირ--და,n
6ebfe67d-46fe-477f-9d66-bf38fe6bb178,imp,1p,-ვ-ღირ--დით,n
6ebfe67d-46fe-477f-9d66-bf38fe6bb178,imp,2p,--ღირ--დით,n
6ebfe67d-46fe-477f-9d66-bf38fe6bb178,imp,3p,--ღირ--დნენ,n
6ebfe67d-46fe-477f-9d66-bf38fe6bb178,pres-subj,1s,-ვ-ღირ--ოდე,n
6ebfe67d-46fe-477f-9d66-bf38fe6bb178,pres-subj,2s,--ღირ--ოდე,n
6ebfe67d-46fe-477f-9d66-bf38fe6bb178,pres-subj,3s,--ღირ--ოდეს,n
6ebfe67d-46fe-477f-9d66-bf38fe6bb178,pres-subj,1p,-ვ-ღირ--ოდეთ,n
6ebfe67d-46fe-477f-9d66-bf38fe6bb178,pres-subj,2p,--ღირ--ოდეთ,n
6ebfe67d-46fe-477f-9d66-bf38fe6bb178,pres-subj,3p,--ღირ--ოდნენ,n
6ebfe67d-46fe-477f-9d66-bf38fe6bb178,fut,1s,და-ვ-ღირ--ვარ,n
6ebfe67d-46fe-477f-9d66-bf38fe6bb178,fut,2s,და--ღირ--ხარ,n
6ebfe67d-46fe-477f-9d66-bf38fe6bb178,fut,3s,და--ღირ--ს,n
6ebfe67d-46fe-477f-9d66-bf38fe6bb178,fut,1p,და-ვ-ღირ--ვართ,n
6ebfe67d-46fe-477f-9d66-bf38fe6bb178,fut,2p,და--ღირ--ხართ,n
6ebfe67d-46fe-477f-9d66-bf38fe6bb178,fut,3p,და--ღირ--ან,n
6ebfe67d-46fe-477f-9d66-bf38fe6bb178,cond,1s,და-ვ-ღირ--დი,n
6ebfe67d-46fe-477f-9d66-bf38fe6bb178,cond,2s,და--ღირ--დი,n
6ebfe67d-46fe-477f-9d66-bf38fe6bb178,cond,3s,და--ღირ--და,n
6ebfe67d-46fe-477f-9d66-bf38fe6bb178,cond,1p,და-ვ-ღირ--დით,n
6ebfe67d-46fe-477f-9d66-bf38fe6bb178,cond,2p,და--ღირ--დით,n
6ebfe67d-46fe-477f-9d66-bf38fe6bb178,cond,3p,და--ღირ--დნენ,n
6ebfe67d-46fe-477f-9d66-bf38fe6bb178,aor,1s,-ვ-ღირდ--ი,n
6ebfe67d-46fe-477f-9d66-bf38fe6bb178,aor,2s,--ღირდ--ი,n
6ebfe67d-46fe-477f-9d66-bf38fe6bb178,aor,3s,--ღირდ--ა,n
6ebfe67d-46fe-477f-9d66-bf38fe6bb178,aor,1p,-ვ-ღირდ--ით,n
6ebfe67d-46fe-477f-9d66-bf38fe6bb178,aor,2p,--ღირდ--ით,n
6ebfe67d-46fe-477f-9d66-bf38fe6bb178,aor,3p,--ღირდ--ნენ,n
6ebfe67d-46fe-477f-9d66-bf38fe6bb178,opt,1s,-ვ-ღირდ--ე,n
6ebfe67d-46fe-477f-9d66-bf38fe6bb178,opt,2s,--ღირდ--ე,n
6ebfe67d-46fe-477f-9d66-bf38fe6bb178,opt,3s,--ღირდ--ეს,n
6ebfe67d-46fe-477f-9d66-bf38fe6bb178,opt,1p,-ვ-ღირდ--ეთ,n
6ebfe67d-46fe-477f-9d66-bf38fe6bb178,opt,2p,--ღირდ--ეთ,n
6ebfe67d-46fe-477f-9d66-bf38fe6bb178,opt,3p,--ღირდ--დნენ,n
6e18b61a-21a4-44f4-9734-c992710a5337,pres,1s,-ვ-ახველ-ებ-,n
6e18b61a-21a4-44f4-9734-c992710a5337,pres,2s,--ახველ-ებ-,n
6e18b61a-21a4-44f4-9734-c992710a5337,pres,3s,--ახველ-ებ-ს,n
6e18b61a-21a4-44f4-9734-c992710a5337,pres,1p,-ვ-ახველ-ებ-თ,n
6e18b61a-21a4-44f4-9734-c992710a5337,pres,2p,--ახველ-ებ-თ,n
6e18b61a-21a4-44f4-9734-c992710a5337,pres,3p,--ახველ-ებ-ენ,n
6e18b61a-21a4-44f4-9734-c992710a5337,imp,1s,-ვ-ახველ-ებ-დი,n
6e18b61a-21a4-44f4-9734-c992710a5337,imp,2s,--ახველ-ებ-დი,n
6e18b61a-21a4-44f4-9734-c992710a5337,imp,3s,--ახველ-ებ-და,n
6e18b61a-21a4-44f4-9734-c992710a5337,imp,1p,-ვ-ახველ-ებ-დით,n
6e18b61a-21a4-44f4-9734-c992710a5337,imp,2p,--ახველ-ებ-დით,n
6e18b61a-21a4-44f4-9734-c992710a5337,imp,3p,--ახველ-ებ-დნენ,n
6e18b61a-21a4-44f4-9734-c992710a5337,pres-subj,1s,-ვ-ახველ-ებ-დე,n
6e18b61a-21a4-44f4-9734-c992710a5337,pres-subj,2s,--ახველ-ებ-დე,n
6e18b61a-21a4-44f4-9734-c992710a5337,pres-subj,3s,--ახველ-ებ-დეს,n
6e18b61a-21a4-44f4-9734-c992710a5337,pres-subj,1p,-ვ-ახველ-ებ-დეთ,n
6e18b61a-21a4-44f4-9734-c992710a5337,pres-subj,2p,--ახველ-ებ-დეთ,n
6e18b61a-21a4-44f4-9734-c992710a5337,pres-subj,3p,--ახველ-ებ-დნენ,n
6e18b61a-21a4-44f4-9734-c992710a5337,fut,1s,და-ვ-ახველ-ებ-,n
6e18b61a-21a4-44f4-9734-c992710a5337,fut,2s,და--ახველ-ებ-,n
6e18b61a-21a4-44f4-9734-c992710a5337,fut,3s,და--ახველ-ებ-ს,n
6e18b61a-21a4-44f4-9734-c992710a5337,fut,1p,და-ვ-ახველ-ებ-თ,n
6e18b61a-21a4-44f4-9734-c992710a5337,fut,2p,და--ახველ-ებ-თ,n
6e18b61a-21a4-44f4-9734-c992710a5337,fut,3p,და--ახველ-ებ-ენ,n
6e18b61a-21a4-44f4-9734-c992710a5337,cond,1s,და-ვ-ახველ-ებ-დი,n
6e18b61a-21a4-44f4-9734-c992710a5337,cond,2s,და--ახველ-ებ-დი,n
6e18b61a-21a4-44f4-9734-c992710a5337,cond,3s,და--ახველ-ებ-და,n
6e18b61a-21a4-44f4-9734-c992710a5337,cond,1p,და-ვ-ახველ-ებ-დით,n
6e18b61a-21a4-44f4-9734-c992710a5337,cond,2p,და--ახველ-ებ-დით,n
6e18b61a-21a4-44f4-9734-c992710a5337,cond,3p,და--ახველ-ებ-დნენ,n
6e18b61a-21a4-44f4-9734-c992710a5337,aor,1s,და-ვ-ახველ--ე,n
6e18b61a-21a4-44f4-9734-c992710a5337,aor,2s,და--ახველ--ე,n
6e18b61a-21a4-44f4-9734-c992710a5337,aor,3s,და--ახველ--ა,n
6e18b61a-21a4-44f4-9734-c992710a5337,aor,1p,და-ვ-ახველ--ეთ,n
6e18b61a-21a4-44f4-9734-c992710a5337,aor,2p,და--ახველ--ეთ,n
6e18b61a-21a4-44f4-9734-c992710a5337,aor,3p,და--ახველ--ეს,n
6e18b61a-21a4-44f4-9734-c992710a5337,opt,1s,და-ვ-ახველ--,n
6e18b61a-21a4-44f4-9734-c992710a5337,opt,2s,და--ახველ--,n
6e18b61a-21a4-44f4-9734-c992710a5337,opt,3s,და--ახველ--ოს,n
6e18b61a-21a4-44f4-9734-c992710a5337,opt,1p,და-ვ-ახველ--ოთ,n
6e18b61a-21a4-44f4-9734-c992710a5337,opt,2p,და--ახველ--ოთ,n
6e18b61a-21a4-44f4-9734-c992710a5337,opt,3p,და--ახველ--ონ,n
ab9511a2-9be3-4d71-9768-f3549a6b4bb0,pres,1s,-ვ-აფარ-ებ-,n
ab9511a2-9be3-4d71-9768-f3549a6b4bb0,pres,2s,--აფარ-ებ-,n
ab9511a2-9be3-4d71-9768-f3549a6b4bb0,pres,3s,--აფარ-ებ-ს,n
ab9511a2-9be3-4d71-9768-f3549a6b4bb0,pres,1p,-ვ-აფარ-ებ-თ,n
ab9511a2-9be3-4d71-9768-f3549a6b4bb0,pres,2p,--აფარ-ებ-თ,n
ab9511a2-9be3-4d71-9768-f3549a6b4bb0,pres,3p,--აფარ-ებ-ენ,n
ab9511a2-9be3-4d71-9768-f3549a6b4bb0,imp,1s,-ვ-აფარ-ებ-დი,n
ab9511a2-9be3-4d71-9768-f3549a6b4bb0,imp,2s,--აფარ-ებ-დი,n
ab9511a2-9be3-4d71-9768-f3549a6b4bb0,imp,3s,--აფარ-ებ-და,n
ab9511a2-9be3-4d71-9768-f3549a6b4bb0,imp,1p,-ვ-აფარ-ებ-დით,n
ab9511a2-9be3-4d71-9768-f3549a6b4bb0,imp,2p,--აფარ-ებ-დით,n
ab9511a2-9be3-4d71-9768-f3549a6b4bb0,imp,3p,--აფარ-ებ-დნენ,n
ab9511a2-9be3-4d71-9768-f3549a6b4bb0,pres-subj,1s,-ვ-აფარ-ებ-დე,n
ab9511a2-9be3-4d71-9768-f3549a6b4bb0,pres-subj,2s,--აფარ-ებ-დე,n
ab9511a2-9be3-4d71-9768-f3549a6b4bb0,pres-subj,3s,--აფარ-ებ-დეს,n
ab9511a2-9be3-4d71-9768-f3549a6b4bb0,pres-subj,1p,-ვ-აფარ-ებ-დეთ,n
ab9511a2-9be3-4d71-9768-f3549a6b4bb0,pres-subj,2p,--აფარ-ებ-დეთ,n
ab9511a2-9be3-4d71-9768-f3549a6b4bb0,pres-subj,3p,--აფარ-ებ-დნენ,n
ab9511a2-9be3-4d71-9768-f3549a6b4bb0,fut,1s,და-ვ-აფარ-ებ-,n
ab9511a2-9be3-4d71-9768-f3549a6b4bb0,fut,2s,და--აფარ-ებ-,n
ab9511a2-9be3-4d71-9768-f3549a6b4bb0,fut,3s,და--აფარ-ებ-ს,n
ab9511a2-9be3-4d71-9768-f3549a6b4bb0,fut,1p,და-ვ-აფარ-ებ-თ,n
ab9511a2-9be3-4d71-9768-f3549a6b4bb0,fut,2p,და--აფარ-ებ-თ,n
ab9511a2-9be3-4d71-9768-f3549a6b4bb0,fut,3p,და--აფარ-ებ-ენ,n
ab9511a2-9be3-4d71-9768-f3549a6b4bb0,cond,1s,და-ვ-აფარ-ებ-დი,n
ab9511a2-9be3-4d71-9768-f3549a6b4bb0,cond,2s,და--აფარ-ებ-დი,n
ab9511a2-9be3-4d71-9768-f3549a6b4bb0,cond,3s,და--აფარ-ებ-და,n
ab9511a2-9be3-4d71-9768-f3549a6b4bb0,cond,1p,და-ვ-აფარ-ებ-დით,n
ab9511a2-9be3-4d71-9768-f3549a6b4bb0,cond,2p,და--აფარ-ებ-დით,n
ab9511a2-9be3-4d71-9768-f3549a6b4bb0,cond,3p,და--აფარ-ებ-დნენ,n
ab9511a2-9be3-4d71-9768-f3549a6b4bb0,aor,1s,და-ვ-აფარ--ე,n
ab9511a2-9be3-4d71-9768-f3549a6b4bb0,aor,2s,და--აფარ--ე,n
ab9511a2-9be3-4d71-9768-f3549a6b4bb0,aor,3s,და--აფარ--ა,n
ab9511a2-9be3-4d71-9768-f3549a6b4bb0,aor,1p,და-ვ-აფარ--ეთ,n
ab9511a2-9be3-4d71-9768-f3549a6b4bb0,aor,2p,და--აფარ--ეთ,n
ab9511a2-9be3-4d71-9768-f3549a6b4bb0,aor,3p,და--აფარ--ეს,n
ab9511a2-9be3-4d71-9768-f3549a6b4bb0,opt,1s,და-ვ-აფარ--,n
ab9511a2-9be3-4d71-9768-f3549a6b4bb0,opt,2s,და--აფარ--,n
ab9511a2-9be3-4d71-9768-f3549a6b4bb0,opt,3s,და--აფარ--ოს,n
ab9511a2-9be3-4d71-9768-f3549a6b4bb0,opt,1p,და-ვ-აფარ--ოთ,n
ab9511a2-9be3-4d71-9768-f3549a6b4bb0,opt,2p,და--აფარ--ოთ,n
ab9511a2-9be3-4d71-9768-f3549a6b4bb0,opt,3p,და--აფარ--ონ,n
f3b941d5-80de-46d1-8b61-9d3d9690d53d,pres,1s,-ვ-გიუდ-ებ-ი,n
f3b941d5-80de-46d1-8b61-9d3d9690d53d,pres,2s,--გიუდ-ებ-ი,n
f3b941d5-80de-46d1-8b61-9d3d9690d53d,pres,3s,--გიუდ-ებ-ა,n
f3b941d5-80de-46d1-8b61-9d3d9690d53d,pres,1p,-ვ-გიუდ-ებ-ით,n
f3b941d5-80de-46d1-8b61-9d3d9690d53d,pres,2p,--გიუდ-ებ-ით,n
f3b941d5-80de-46d1-8b61-9d3d9690d53d,pres,3p,--გიუდ-ებ-იან,n
f3b941d5-80de-46d1-8b61-9d3d9690d53d,pres-subj,1s,-ვ-გიუდ-ებ-ოდე,n
f3b941d5-80de-46d1-8b61-9d3d9690d53d,pres-subj,2s,--გიუდ-ებ-ოდე,n
f3b941d5-80de-46d1-8b61-9d3d9690d53d,pres-subj,3s,--გიუდ-ებ-ოდეს,n
f3b941d5-80de-46d1-8b61-9d3d9690d53d,pres-subj,1p,-ვ-გიუდ-ებ-ოდეთ,n
f3b941d5-80de-46d1-8b61-9d3d9690d53d,pres-subj,2p,--გიუდ-ებ-ოდეთ,n
f3b941d5-80de-46d1-8b61-9d3d9690d53d,pres-subj,3p,--გიუდ-ებ-ოდნენ,n
f3b941d5-80de-46d1-8b61-9d3d9690d53d,fut,1s,გა-ვ-გიუდ-ებ-ი,n
f3b941d5-80de-46d1-8b61-9d3d9690d53d,fut,2s,გა--გიუდ-ებ-ი,n
f3b941d5-80de-46d1-8b61-9d3d9690d53d,fut,3s,გა--გიუდ-ებ-ა,n
f3b941d5-80de-46d1-8b61-9d3d9690d53d,fut,1p,გა-ვ-გიუდ-ებ-ით,n
f3b941d5-80de-46d1-8b61-9d3d9690d53d,fut,2p,გა--გიუდ-ებ-ით,n
f3b941d5-80de-46d1-8b61-9d3d9690d53d,fut,3p,გა--გიუდ-ებ-იან,n
f3b941d5-80de-46d1-8b61-9d3d9690d53d,cond,1s,გა-ვ-გიუდ-ებ-ოდი,n
f3b941d5-80de-46d1-8b61-9d3d9690d53d,cond,2s,გა--გიუდ-ებ-ოდი,n
f3b941d5-80de-46d1-8b61-9d3d9690d53d,cond,3s,გა--გიუდ-ებ-ოდა,n
f3b941d5-80de-46d1-8b61-9d3d9690d53d,cond,1p,გა-ვ-გიუდ-ებ-ოდით,n
f3b941d5-80de-46d1-8b61-9d3d9690d53d,cond,2p,გა--გიუდ-ებ-ოდით,n
f3b941d5-80de-46d1-8b61-9d3d9690d53d,cond,3p,გა--გიუდ-ებ-ოდნენ,n
f3b941d5-80de-46d1-8b61-9d3d9690d53d,aor,1s,გა-ვ-გიუდ--ი,n
f3b941d5-80de-46d1-8b61-9d3d9690d53d,aor,2s,გა--გიუდ--ი,n
f3b941d5-80de-46d1-8b61-9d3d9690d53d,aor,3s,გა--გიუდ--ა,n
f3b941d5-80de-46d1-8b61-9d3d9690d53d,aor,1p,გა-ვ-გიუდ--ით,n
f3b941d5-80de-46d1-8b61-9d3d9690d53d,aor,2p,გა--გიუდ--ით,n
f3b941d5-80de-46d1-8b61-9d3d9690d53d,aor,3p,გა--გიუდ--ნენ,n
f3b941d5-80de-46d1-8b61-9d3d9690d53d,opt,1s,გა-ვ-გიუდ--ე,n
f3b941d5-80de-46d1-8b61-9d3d9690d53d,opt,2s,გა--გიუდ--ე,n
f3b941d5-80de-46d1-8b61-9d3d9690d53d,opt,3s,გა--გიუდ--ეს,n
f3b941d5-80de-46d1-8b61-9d3d9690d53d,opt,1p,გა-ვ-გიუდ--ეთ,n
f3b941d5-80de-46d1-8b61-9d3d9690d53d,opt,2p,გა--გიუდ--ეთ,n
f3b941d5-80de-46d1-8b61-9d3d9690d53d,opt,3p,გა--გიუდ--ნენ,n
a1332d58-42ea-4c1c-b90f-fae74e2c5b0d,pres,1s,-ვ-ჩნდ-ებ-ი,n
a1332d58-42ea-4c1c-b90f-fae74e2c5b0d,pres,2s,--ჩნდ-ებ-ი,n
a1332d58-42ea-4c1c-b90f-fae74e2c5b0d,pres,3s,--ჩნდ-ებ-ა,n
a1332d58-42ea-4c1c-b90f-fae74e2c5b0d,pres,1p,-ვ-ჩნდ-ებ-ით,n
a1332d58-42ea-4c1c-b90f-fae74e2c5b0d,pres,2p,--ჩნდ-ებ-ით,n
a1332d58-42ea-4c1c-b90f-fae74e2c5b0d,pres,3p,--ჩნდ-ებ-იან,n
a1332d58-42ea-4c1c-b90f-fae74e2c5b0d,imp,1s,-ვ-ჩნდ-ებ-ოდი,n
a1332d58-42ea-4c1c-b90f-fae74e2c5b0d,imp,2s,--ჩნდ-ებ-ოდი,n
a1332d58-42ea-4c1c-b90f-fae74e2c5b0d,imp,3s,--ჩნდ-ებ-ოდა,n
a1332d58-42ea-4c1c-b90f-fae74e2c5b0d,imp,1p,-ვ-ჩნდ-ებ-ოდით,n
a1332d58-42ea-4c1c-b90f-fae74e2c5b0d,imp,2p,--ჩნდ-ებ-ოდით,n
a1332d58-42ea-4c1c-b90f-fae74e2c5b0d,imp,3p,--ჩნდ-ებ-ოდნენ,n
a1332d58-42ea-4c1c-b90f-fae74e2c5b0d,pres-subj,1s,-ვ-ჩნდ-ებ-ოდე,n
a1332d58-42ea-4c1c-b90f-fae74e2c5b0d,pres-subj,2s,--ჩნდ-ებ-ოდე,n
a1332d58-42ea-4c1c-b90f-fae74e2c5b0d,pres-subj,3s,--ჩნდ-ებ-ოდეს,n
a1332d58-42ea-4c1c-b90f-fae74e2c5b0d,pres-subj,1p,-ვ-ჩნდ-ებ-ოდეთ,n
a1332d58-42ea-4c1c-b90f-fae74e2c5b0d,pres-subj,2p,--ჩნდ-ებ-ოდეთ,n
a1332d58-42ea-4c1c-b90f-fae74e2c5b0d,pres-subj,3p,--ჩნდ-ებ-ოდნენ,n
a1332d58-42ea-4c1c-b90f-fae74e2c5b0d,fut,1s,გა-ვ-ჩნდ-ებ-ი,n
a1332d58-42ea-4c1c-b90f-fae74e2c5b0d,fut,2s,გა--ჩნდ-ებ-ი,n
a1332d58-42ea-4c1c-b90f-fae74e2c5b0d,fut,3s,გა--ჩნდ-ებ-ა,n
a1332d58-42ea-4c1c-b90f-fae74e2c5b0d,fut,1p,გა-ვ-ჩნდ-ებ-ით,n
a1332d58-42ea-4c1c-b90f-fae74e2c5b0d,fut,2p,გა--ჩნდ-ებ-ით,n
a1332d58-42ea-4c1c-b90f-fae74e2c5b0d,fut,3p,გა--ჩნდ-ებ-იან,n
a1332d58-42ea-4c1c-b90f-fae74e2c5b0d,cond,1s,გა-ვ-ჩნდ-ებ-ოდი,n
a1332d58-42ea-4c1c-b90f-fae74e2c5b0d,cond,2s,გა--ჩნდ-ებ-ოდი,n
a1332d58-42ea-4c1c-b90f-fae74e2c5b0d,cond,3s,გა--ჩნდ-ებ-ოდა,n
a1332d58-42ea-4c1c-b90f-fae74e2c5b0d,cond,1p,გა-ვ-ჩნდ-ებ-ოდით,n
a1332d58-42ea-4c1c-b90f-fae74e2c5b0d,cond,2p,გა--ჩნდ-ებ-ოდით,n
a1332d58-42ea-4c1c-b90f-fae74e2c5b0d,cond,3p,გა--ჩნდ-ებ-ოდნენ,n
a1332d58-42ea-4c1c-b90f-fae74e2c5b0d,aor,1s,გა-ვ-ჩნდ--ი,n
a1332d58-42ea-4c1c-b90f-fae74e2c5b0d,aor,2s,გა--ჩნდ--ი,n
a1332d58-42ea-4c1c-b90f-fae74e2c5b0d,aor,3s,გა--ჩნდ--ა,n
a1332d58-42ea-4c1c-b90f-fae74e2c5b0d,aor,1p,გა-ვ-ჩნდ--ით,n
a1332d58-42ea-4c1c-b90f-fae74e2c5b0d,aor,2p,გა--ჩნდ--ით,n
a1332d58-42ea-4c1c-b90f-fae74e2c5b0d,aor,3p,გა--ჩნდ--ნენ,n
a1332d58-42ea-4c1c-b90f-fae74e2c5b0d,opt,1s,გა-ვ-ჩნდ--,n
a1332d58-42ea-4c1c-b90f-fae74e2c5b0d,opt,2s,გა--ჩნდ--,n
a1332d58-42ea-4c1c-b90f-fae74e2c5b0d,opt,3s,გა--ჩნდ--ოს,n
a1332d58-42ea-4c1c-b90f-fae74e2c5b0d,opt,1p,გა-ვ-ჩნდ--ოთ,n
a1332d58-42ea-4c1c-b90f-fae74e2c5b0d,opt,2p,გა--ჩნდ--ოთ,n
a1332d58-42ea-4c1c-b90f-fae74e2c5b0d,opt,3p,გა--ჩნდ--ონ,n
ff1d4528-ec3b-4f05-ac7a-73f60d415230,pres,1s,-ვ-იჭედ-ებ-ი,n
ff1d4528-ec3b-4f05-ac7a-73f60d415230,pres,2s,--იჭედ-ებ-ი,n
ff1d4528-ec3b-4f05-ac7a-73f60d415230,pres,3s,--იჭედ-ებ-ა,n
ff1d4528-ec3b-4f05-ac7a-73f60d415230,pres,1p,-ვ-იჭედ-ებ-ით,n
ff1d4528-ec3b-4f05-ac7a-73f60d415230,pres,2p,--იჭედ-ებ-ით,n
ff1d4528-ec3b-4f05-ac7a-73f60d415230,pres,3p,--იჭედ-ებ-იან,n
ff1d4528-ec3b-4f05-ac7a-73f60d415230,pres-subj,1s,-ვ-იჭედ-ებ-ოდე,n
ff1d4528-ec3b-4f05-ac7a-73f60d415230,pres-subj,2s,--იჭედ-ებ-ოდე,n
ff1d4528-ec3b-4f05-ac7a-73f60d415230,pres-subj,3s,--იჭედ-ებ-ოდეს,n
ff1d4528-ec3b-4f05-ac7a-73f60d415230,pres-subj,1p,-ვ-იჭედ-ებ-ოდეთ,n
ff1d4528-ec3b-4f05-ac7a-73f60d415230,pres-subj,2p,--იჭედ-ებ-ოდეთ,n
ff1d4528-ec3b-4f05-ac7a-73f60d415230,pres-subj,3p,--იჭედ-ებ-ოდნენ,n
ff1d4528-ec3b-4f05-ac7a-73f60d415230,fut,1s,გა-ვ-იჭედ-ებ-ი,n
ff1d4528-ec3b-4f05-ac7a-73f60d415230,fut,2s,გა--იჭედ-ებ-ი,n
ff1d4528-ec3b-4f05-ac7a-73f60d415230,fut,3s,გა--იჭედ-ებ-ა,n
ff1d4528-ec3b-4f05-ac7a-73f60d415230,fut,1p,გა-ვ-იჭედ-ებ-ით,n
ff1d4528-ec3b-4f05-ac7a-73f60d415230,fut,2p,გა--იჭედ-ებ-ით,n
ff1d4528-ec3b-4f05-ac7a-73f60d415230,fut,3p,გა--იჭედ-ებ-იან,n
ff1d4528-ec3b-4f05-ac7a-73f60d415230,cond,1s,გა-ვ-იჭედ-ებ-ოდი,n
ff1d4528-ec3b-4f05-ac7a-73f60d415230,cond,2s,გა--იჭედ-ებ-ოდი,n
ff1d4528-ec3b-4f05-ac7a-73f60d415230,cond,3s,გა--იჭედ-ებ-ოდა,n
ff1d4528-ec3b-4f05-ac7a-73f60d415230,cond,1p,გა-ვ-იჭედ-ებ-ოდით,n
ff1d4528-ec3b-4f05-ac7a-73f60d415230,cond,2p,გა--იჭედ-ებ-ოდით,n
ff1d4528-ec3b-4f05-ac7a-73f60d415230,cond,3p,გა--იჭედ-ებ-ოდნენ,n
ff1d4528-ec3b-4f05-ac7a-73f60d415230,aor,1s,გა-ვ-იჭედ--ე,n
ff1d4528-ec3b-4f05-ac7a-73f60d415230,aor,2s,გა--იჭედ--ე,n
ff1d4528-ec3b-4f05-ac7a-73f60d415230,aor,3s,გა--იჭედ--ა,n
ff1d4528-ec3b-4f05-ac7a-73f60d415230,aor,1p,გა-ვ-იჭედ--ეთ,n
ff1d4528-ec3b-4f05-ac7a-73f60d415230,aor,2p,გა--იჭედ--ეთ,n
ff1d4528-ec3b-4f05-ac7a-73f60d415230,aor,3p,გა--იჭედ--ნენ,n
ff1d4528-ec3b-4f05-ac7a-73f60d415230,opt,1s,გა-ვ-იჭედ--,n
ff1d4528-ec3b-4f05-ac7a-73f60d415230,opt,2s,გა--იჭედ--,n
ff1d4528-ec3b-4f05-ac7a-73f60d415230,opt,3s,გა--იჭედ--ოს,n
ff1d4528-ec3b-4f05-ac7a-73f60d415230,opt,1p,გა-ვ-იჭედ--ოთ,n
ff1d4528-ec3b-4f05-ac7a-73f60d415230,opt,2p,გა--იჭედ--ოთ,n
ff1d4528-ec3b-4f05-ac7a-73f60d415230,opt,3p,გა--იჭედ--ონ,n
7a1c38f3-854d-474f-a1bb-70c32c204d12,pres,1s,ვ--ტირ-ი-,y
7a1c38f3-854d-474f-a1bb-70c32c204d12,pres,2s,--ტირ-ი-,y
7a1c38f3-854d-474f-a1bb-70c32c204d12,pres,3s,--ტირ-ი-ს,y
7a1c38f3-854d-474f-a1bb-70c32c204d12,pres,1p,ვ--ტირ-ი-თ,y
7a1c38f3-854d-474f-a1bb-70c32c204d12,pres,2p,--ტირ-ი-თ,y
7a1c38f3-854d-474f-a1bb-70c32c204d12,pres,3p,--ტირ-ი-ან,y
7a1c38f3-854d-474f-a1bb-70c32c204d12,imp,1s,ვ--ტირ--ოდი,y
7a1c38f3-854d-474f-a1bb-70c32c204d12,imp,2s,--ტირ--ოდი,y
7a1c38f3-854d-474f-a1bb-70c32c204d12,imp,3s,--ტირ--ოდა,y
7a1c38f3-854d-474f-a1bb-70c32c204d12,imp,1p,ვ--ტირ--ოდით,y
7a1c38f3-854d-474f-a1bb-70c32c204d12,imp,2p,--ტირ--ოდით,y
7a1c38f3-854d-474f-a1bb-70c32c204d12,imp,3p,--ტირ--ოდნენ,y
7a1c38f3-854d-474f-a1bb-70c32c204d12,pres-subj,1s,ვ--ტირ-ი-დე,y
7a1c38f3-854d-474f-a1bb-70c32c204d12,pres-subj,2s,--ტირ-ი-დე,y
7a1c38f3-854d-474f-a1bb-70c32c204d12,pres-subj,3s,--ტირ-ი-დეს,y
7a1c38f3-854d-474f-a1bb-70c32c204d12,pres-subj,1p,ვ--ტირ-ი-დეთ,y
7a1c38f3-854d-474f-a1bb-70c32c204d12,pres-subj,2p,--ტირ-ი-დეთ,y
7a1c38f3-854d-474f-a1bb-70c32c204d12,pres-subj,3p,--ტირ-ი-დნენ,y
7a1c38f3-854d-474f-a1bb-70c32c204d12,fut,1s,ვ-ი-ტირ-ებ-,y
7a1c38f3-854d-474f-a1bb-70c32c204d12,fut,2s,-ი-ტირ-ებ-,y
7a1c38f3-854d-474f-a1bb-70c32c204d12,fut,3s,-ი-ტირ-ებ-ს,y
7a1c38f3-854d-474f-a1bb-70c32c204d12,fut,1p,ვ-ი-ტირ-ებ-თ,y
7a1c38f3-854d-474f-a1bb-70c32c204d12,fut,2p,-ი-ტირ-ებ-თ,y
7a1c38f3-854d-474f-a1bb-70c32c204d12,fut,3p,-ი-ტირ-ებ-ენ,y
7a1c38f3-854d-474f-a1bb-70c32c204d12,cond,1s,ვ-ი-ტირ-ებ-დი,y
7a1c38f3-854d-474f-a1bb-70c32c204d12,cond,2s,-ი-ტირ-ებ-დი,y
7a1c38f3-854d-474f-a1bb-70c32c204d12,cond,3s,-ი-ტირ-ებ-და,y
7a1c38f3-854d-474f-a1bb-70c32c204d12,cond,1p,ვ-ი-ტირ-ებ-დით,y
7a1c38f3-854d-474f-a1bb-70c32c204d12,cond,2p,-ი-ტირ-ებ-დით,y
7a1c38f3-854d-474f-a1bb-70c32c204d12,cond,3p,-ი-ტირ-ებ-დნენ,y
7a1c38f3-854d-474f-a1bb-70c32c204d12,aor,1s,ვ-ი-ტირ--ე,y
7a1c38f3-854d-474f-a1bb-70c32c204d12,aor,2s,-ი-ტირ--ე,y
7a1c38f3-854d-474f-a1bb-70c32c204d12,aor,3s,-ი-ტირ--ა,y
7a1c38f3-854d-474f-a1bb-70c32c204d12,aor,1p,ვ-ი-ტირ--ეთ,y
7a1c38f3-854d-474f-a1bb-70c32c204d12,aor,2p,-ი-ტირ--ეთ,y
7a1c38f3-854d-474f-a1bb-70c32c204d12,aor,3p,-ი-ტირ--ეს,y
7a1c38f3-854d-474f-a1bb-70c32c204d12,opt,1s,ვ-ი-ტირ--,y
7a1c38f3-854d-474f-a1bb-70c32c204d12,opt,2s,-ი-ტირ--,y
7a1c38f3-854d-474f-a1bb-70c32c204d12,opt,3s,-ი-ტირ--ოს,y
7a1c38f3-854d-474f-a1bb-70c32c204d12,opt,1p,ვ-ი-ტირ--ოთ,y
7a1c38f3-854d-474f-a1bb-70c32c204d12,opt,2p,-ი-ტირ--ოთ,y
7a1c38f3-854d-474f-a1bb-70c32c204d12,opt,3p,-ი-ტირ--ონ,y
9ad800a1-c068-47c2-b700-02ef68e87aae,pres,1s,-ვ-იჭრ-ი-,n
9ad800a1-c068-47c2-b700-02ef68e87aae,pres,2s,--იჭრ-ი-,n
9ad800a1-c068-47c2-b700-02ef68e87aae,pres,3s,--იჭრ-ი-ს,n
9ad800a1-c068-47c2-b700-02ef68e87aae,pres,1p,-ვ-იჭრ-ი-თ,n
9ad800a1-c068-47c2-b700-02ef68e87aae,pres,2p,--იჭრ-ი-თ,n
9ad800a1-c068-47c2-b700-02ef68e87aae,pres,3p,--იჭრ-ი-ან,n
9ad800a1-c068-47c2-b700-02ef68e87aae,imp,1s,-ვ-იჭრ-ი-დი,n
9ad800a1-c068-47c2-b700-02ef68e87aae,imp,2s,--იჭრ-ი-დი,n
9ad800a1-c068-47c2-b700-02ef68e87aae,imp,3s,--იჭრ-ი-და,n
9ad800a1-c068-47c2-b700-02ef68e87aae,imp,1p,-ვ-იჭრ-ი-დით,n
9ad800a1-c068-47c2-b700-02ef68e87aae,imp,2p,--იჭრ-ი-დით,n
9ad800a1-c068-47c2-b700-02ef68e87aae,imp,3p,--იჭრ-ი-დნენ,n
9ad800a1-c068-47c2-b700-02ef68e87aae,pres-subj,1s,-ვ-იჭრ-ი-დე,n
9ad800a1-c068-47c2-b700-02ef68e87aae,pres-subj,2s,--იჭრ-ი-დე,n
9ad800a1-c068-47c2-b700-02ef68e87aae,pres-subj,3s,--იჭრ-ი-დეს,n
9ad800a1-c068-47c2-b700-02ef68e87aae,pres-subj,1p,-ვ-იჭრ-ი-დეთ,n
9ad800a1-c068-47c2-b700-02ef68e87aae,pres-subj,2p,--იჭრ-ი-დეთ,n
9ad800a1-c068-47c2-b700-02ef68e87aae,pres-subj,3p,--იჭრ-ი-დნენ,n
9ad800a1-c068-47c2-b700-02ef68e87aae,fut,1s,გა-ვ-იჭრ-ი-,n
9ad800a1-c068-47c2-b700-02ef68e87aae,fut,2s,გა--იჭრ-ი-,n
9ad800a1-c068-47c2-b700-02ef68e87aae,fut,3s,გა--იჭრ-ი-ს,n
9ad800a1-c068-47c2-b700-02ef68e87aae,fut,1p,გა-ვ-იჭრ-ი-თ,n
9ad800a1-c068-47c2-b700-02ef68e87aae,fut,2p,გა--იჭრ-ი-თ,n
9ad800a1-c068-47c2-b700-02ef68e87aae,fut,3p,გა--იჭრ-ი-ან,n
9ad800a1-c068-47c2-b700-02ef68e87aae,cond,1s,გა-ვ-იჭრ-ი-დი,n
9ad800a1-c068-47c2-b700-02ef68e87aae,cond,2s,გა--იჭრ-ი-დი,n
9ad800a1-c068-47c2-b700-02ef68e87aae,cond,3s,გა--იჭრ-ი-და,n
9ad800a1-c068-47c2-b700-02ef68e87aae,cond,1p,გა-ვ-იჭრ-ი-დით,n
9ad800a1-c068-47c2-b700-02ef68e87aae,cond,2p,გა--იჭრ-ი-დით,n
9ad800a1-c068-47c2-b700-02ef68e87aae,cond,3p,გა--იჭრ-ი-დნენ,n
9ad800a1-c068-47c2-b700-02ef68e87aae,aor,1s,გა-ვ-იჭერ--ი,n
9ad800a1-c068-47c2-b700-02ef68e87aae,aor,2s,გა--იჭერ--ი,n
9ad800a1-c068-47c2-b700-02ef68e87aae,aor,3s,გა--იჭრ--ა,n
9ad800a1-c068-47c2-b700-02ef68e87aae,aor,1p,გა-ვ-იჭერ--ით,n
9ad800a1-c068-47c2-b700-02ef68e87aae,aor,2p,გა--იჭერ--ით,n
9ad800a1-c068-47c2-b700-02ef68e87aae,aor,3p,გა--იჭრ--ეს,n
9ad800a1-c068-47c2-b700-02ef68e87aae,opt,1s,გა-ვ-იჭერ--ა,n
9ad800a1-c068-47c2-b700-02ef68e87aae,opt,2s,გა--იჭერ--ა,n
9ad800a1-c068-47c2-b700-02ef68e87aae,opt,3s,გა--იჭრ--ას,n
9ad800a1-c068-47c2-b700-02ef68e87aae,opt,1p,გა-ვ-იჭერ--ათ,n
9ad800a1-c068-47c2-b700-02ef68e87aae,opt,2p,გა--იჭერ--ათ,n
9ad800a1-c068-47c2-b700-02ef68e87aae,opt,3p,გა--იჭრ--ან,n
fce91c56-5f38-4570-8d45-65f01d20c92c,pres,1s,-ვ-ჭრ-ი-,n
fce91c56-5f38-4570-8d45-65f01d20c92c,pres,2s,--ჭრ-ი-,n
fce91c56-5f38-4570-8d45-65f01d20c92c,pres,3s,--ჭრ-ი-ს,n
fce91c56-5f38-4570-8d45-65f01d20c92c,pres,1p,-ვ-ჭრ-ი-თ,n
fce91c56-5f38-4570-8d45-65f01d20c92c,pres,2p,--ჭრ-ი-თ,n
fce91c56-5f38-4570-8d45-65f01d20c92c,pres,3p,--ჭრ-ი-ან,n
fce91c56-5f38-4570-8d45-65f01d20c92c,imp,1s,-ვ-ჭრ-ი-დი,n
fce91c56-5f38-4570-8d45-65f01d20c92c,imp,2s,--ჭრ-ი-დი,n
fce91c56-5f38-4570-8d45-65f01d20c92c,imp,3s,--ჭრ-ი-და,n
fce91c56-5f38-4570-8d45-65f01d20c92c,imp,1p,-ვ-ჭრ-ი-დით,n
fce91c56-5f38-4570-8d45-65f01d20c92c,imp,2p,--ჭრ-ი-დით,n
fce91c56-5f38-4570-8d45-65f01d20c92c,imp,3p,--ჭრ-ი-დნენ,n
fce91c56-5f38-4570-8d45-65f01d20c92c,pres-subj,1s,-ვ-ჭრ-ი-დე,n
fce91c56-5f38-4570-8d45-65f01d20c92c,pres-subj,2s,--ჭრ-ი-დე,n
fce91c56-5f38-4570-8d45-65f01d20c92c,pres-subj,3s,--ჭრ-ი-დეს,n
fce91c56-5f38-4570-8d45-65f01d20c92c,pres-subj,1p,-ვ-ჭრ-ი-დეთ,n
fce91c56-5f38-4570-8d45-65f01d20c92c,pres-subj,2p,--ჭრ-ი-დეთ,n
fce91c56-5f38-4570-8d45-65f01d20c92c,pres-subj,3p,--ჭრ-ი-დნენ,n
fce91c56-5f38-4570-8d45-65f01d20c92c,fut,1s,მო-ვ-ჭრ-ი-,n
fce91c56-5f38-4570-8d45-65f01d20c92c,fut,2s,მო--ჭრ-ი-,n
fce91c56-5f38-4570-8d45-65f01d20c92c,fut,3s,მო--ჭრ-ი-ს,n
fce91c56-5f38-4570-8d45-65f01d20c92c,fut,1p,მო-ვ-ჭრ-ი-თ,n
fce91c56-5f38-4570-8d45-65f01d20c92c,fut,2p,მო--ჭრ-ი-თ,n
fce91c56-5f38-4570-8d45-65f01d20c92c,fut,3p,მო--ჭრ-ი-ან,n
fce91c56-5f38-4570-8d45-65f01d20c92c,cond,1s,მო-ვ-ჭრ-ი-დი,n
fce91c56-5f38-4570-8d45-65f01d20c92c,cond,2s,მო--ჭრ-ი-დი,n
fce91c56-5f38-4570-8d45-65f01d20c92c,cond,3s,მო--ჭრ-ი-და,n
fce91c56-5f38-4570-8d45-65f01d20c92c,cond,1p,მო-ვ-ჭრ-ი-დით,n
fce91c56-5f38-4570-8d45-65f01d20c92c,cond,2p,მო--ჭრ-ი-დით,n
fce91c56-5f38-4570-8d45-65f01d20c92c,cond,3p,მო--ჭრ-ი-დნენ,n
fce91c56-5f38-4570-8d45-65f01d20c92c,aor,1s,მო-ვ-ჭერ--ი,n
fce91c56-5f38-4570-8d45-65f01d20c92c,aor,2s,მო--ჭერ--ი,n
fce91c56-5f38-4570-8d45-65f01d20c92c,aor,3s,მო--ჭრ--ა,n
fce91c56-5f38-4570-8d45-65f01d20c92c,aor,1p,მო-ვ-ჭერ--ით,n
fce91c56-5f38-4570-8d45-65f01d20c92c,aor,2p,მო--ჭერ--ით,n
fce91c56-5f38-4570-8d45-65f01d20c92c,aor,3p,მო--ჭრ--ეს,n
fce91c56-5f38-4570-8d45-65f01d20c92c,opt,1s,მო-ვ-ჭერ--ა,n
fce91c56-5f38-4570-8d45-65f01d20c92c,opt,2s,მო--ჭერ--ა,n
fce91c56-5f38-4570-8d45-65f01d20c92c,opt,3s,მო--ჭრ--ას,n
fce91c56-5f38-4570-8d45-65f01d20c92c,opt,1p,მო-ვ-ჭერ--ათ,n
fce91c56-5f38-4570-8d45-65f01d20c92c,opt,2p,მო--ჭერ--ათ,n
fce91c56-5f38-4570-8d45-65f01d20c92c,opt,3p,მო--ჭრ--ან,n
a6cc6a5c-87a2-4f70-9c0c-dba42ac9b0e6,pres,1s,-ვ-აზიან-ებ-,n
a6cc6a5c-87a2-4f70-9c0c-dba42ac9b0e6,pres,2s,--აზიან-ებ-,n
a6cc6a5c-87a2-4f70-9c0c-dba42ac9b0e6,pres,3s,--აზიან-ებ-ს,n
a6cc6a5c-87a2-4f70-9c0c-dba42ac9b0e6,pres,1p,-ვ-აზიან-ებ-თ,n
a6cc6a5c-87a2-4f70-9c0c-dba42ac9b0e6,pres,2p,--აზიან-ებ-თ,n
a6cc6a5c-87a2-4f70-9c0c-dba42ac9b0e6,pres,3p,--აზიან-ებ-ენ,n
a6cc6a5c-87a2-4f70-9c0c-dba42ac9b0e6,imp,1s,-ვ-აზიან-ებ-დი,n
a6cc6a5c-87a2-4f70-9c0c-dba42ac9b0e6,imp,2s,--აზიან-ებ-დი,n
a6cc6a5c-87a2-4f70-9c0c-dba42ac9b0e6,imp,3s,--აზიან-ებ-და,n
a6cc6a5c-87a2-4f70-9c0c-dba42ac9b0e6,imp,1p,-ვ-აზიან-ებ-დით,n
a6cc6a5c-87a2-4f70-9c0c-dba42ac9b0e6,imp,2p,--აზიან-ებ-დით,n
a6cc6a5c-87a2-4f70-9c0c-dba42ac9b0e6,imp,3p,--აზიან-ებ-დნენ,n
a6cc6a5c-87a2-4f70-9c0c-dba42ac9b0e6,pres-subj,1s,-ვ-აზიან-ებ-დე,n
a6cc6a5c-87a2-4f70-9c0c-dba42ac9b0e6,pres-subj,2s,--აზიან-ებ-დე,n
a6cc6a5c-87a2-4f70-9c0c-dba42ac9b0e6,pres-subj,3s,--აზიან-ებ-დეს,n
a6cc6a5c-87a2-4f70-9c0c-dba42ac9b0e6,pres-subj,1p,-ვ-აზიან-ებ-დეთ,n
a6cc6a5c-87a2-4f70-9c0c-dba42ac9b0e6,pres-subj,2p,--აზიან-ებ-დეთ,n
a6cc6a5c-87a2-4f70-9c0c-dba42ac9b0e6,pres-subj,3p,--აზიან-ებ-დნენ,n
a6cc6a5c-87a2-4f70-9c0c-dba42ac9b0e6,fut,1s,და-ვ-აზიან-ებ-,n
a6cc6a5c-87a2-4f70-9c0c-dba42ac9b0e6,fut,2s,და--აზიან-ებ-,n
a6cc6a5c-87a2-4f70-9c0c-dba42ac9b0e6,fut,3s,და--აზიან-ებ-ს,n
a6cc6a5c-87a2-4f70-9c0c-dba42ac9b0e6,fut,1p,და-ვ-აზიან-ებ-თ,n
a6cc6a5c-87a2-4f70-9c0c-dba42ac9b0e6,fut,2p,და--აზიან-ებ-თ,n
a6cc6a5c-87a2-4f70-9c0c-dba42ac9b0e6,fut,3p,და--აზიან-ებ-ენ,n
a6cc6a5c-87a2-4f70-9c0c-dba42ac9b0e6,cond,1s,და-ვ-აზიან-ებ-დი,n
a6cc6a5c-87a2-4f70-9c0c-dba42ac9b0e6,cond,2s,და--აზიან-ებ-დი,n
a6cc6a5c-87a2-4f70-9c0c-dba42ac9b0e6,cond,3s,და--აზიან-ებ-და,n
a6cc6a5c-87a2-4f70-9c0c-dba42ac9b0e6,cond,1p,და-ვ-აზიან-ებ-დით,n
a6cc6a5c-87a2-4f70-9c0c-dba42ac9b0e6,cond,2p,და--აზიან-ებ-დით,n
a6cc6a5c-87a2-4f70-9c0c-dba42ac9b0e6,cond,3p,და--აზიან-ებ-დნენ,n
a6cc6a5c-87a2-4f70-9c0c-dba42ac9b0e6,aor,1s,და-ვ-აზიან--ე,n
a6cc6a5c-87a2-4f70-9c0c-dba42ac9b0e6,aor,2s,და--აზიან--ე,n
a6cc6a5c-87a2-4f70-9c0c-dba42ac9b0e6,aor,3s,და--აზიან--ა,n
a6cc6a5c-87a2-4f70-9c0c-dba42ac9b0e6,aor,1p,და-ვ-აზიან--ეთ,n
a6cc6a5c-87a2-4f70-9c0c-dba42ac9b0e6,aor,2p,და--აზიან--ეთ,n
a6cc6a5c-87a2-4f70-9c0c-dba42ac9b0e6,aor,3p,და--აზიან--ეს,n
a6cc6a5c-87a2-4f70-9c0c-dba42ac9b0e6,opt,1s,და-ვ-აზიან--,n
a6cc6a5c-87a2-4f70-9c0c-dba42ac9b0e6,opt,2s,და--აზიან--,n
a6cc6a5c-87a2-4f70-9c0c-dba42ac9b0e6,opt,3s,და--აზიან--ოს,n
a6cc6a5c-87a2-4f70-9c0c-dba42ac9b0e6,opt,1p,და-ვ-აზიან--ოთ,n
a6cc6a5c-87a2-4f70-9c0c-dba42ac9b0e6,opt,2p,და--აზიან--ოთ,n
a6cc6a5c-87a2-4f70-9c0c-dba42ac9b0e6,opt,3p,და--აზიან--ონ,n
1a413672-ca8d-4ccb-8209-32aae0e961ef,pres,1s,ვ--ცეკვ-ავ-,y
1a413672-ca8d-4ccb-8209-32aae0e961ef,pres,2s,--ცეკვ-ავ-,y
1a413672-ca8d-4ccb-8209-32aae0e961ef,pres,3s,--ცეკვ-ავ-ს,y
1a413672-ca8d-4ccb-8209-32aae0e961ef,pres,1p,ვ--ცეკვ-ავ-თ,y
1a413672-ca8d-4ccb-8209-32aae0e961ef,pres,2p,--ცეკვ-ავ-თ,y
1a413672-ca8d-4ccb-8209-32aae0e961ef,pres,3p,--ცეკვ-ავ-ენ,y
1a413672-ca8d-4ccb-8209-32aae0e961ef,imp,1s,ვ--ცეკვ-ავ-დი,y
1a413672-ca8d-4ccb-8209-32aae0e961ef,imp,2s,--ცეკვ-ავ-დი,y
1a413672-ca8d-4ccb-8209-32aae0e961ef,imp,3s,--ცეკვ-ავ-და,y
1a413672-ca8d-4ccb-8209-32aae0e961ef,imp,1p,ვ--ცეკვ-ავ-დით,y
1a413672-ca8d-4ccb-8209-32aae0e961ef,imp,2p,--ცეკვ-ავ-დით,y
1a413672-ca8d-4ccb-8209-32aae0e961ef,imp,3p,--ცეკვ-ავ-დნენ,y
1a413672-ca8d-4ccb-8209-32aae0e961ef,pres-subj,1s,ვ--ცეკვ-ავ-დე,y
1a413672-ca8d-4ccb-8209-32aae0e961ef,pres-subj,2s,--ცეკვ-ავ-დე,y
1a413672-ca8d-4ccb-8209-32aae0e961ef,pres-subj,3s,--ცეკვ-ავ-დეს,y
1a413672-ca8d-4ccb-8209-32aae0e961ef,pres-subj,1p,ვ--ცეკვ-ავ-დეთ,y
1a413672-ca8d-4ccb-8209-32aae0e961ef,pres-subj,2p,--ცეკვ-ავ-დეთ,y
1a413672-ca8d-4ccb-8209-32aae0e961ef,pres-subj,3p,--ცეკვ-ავ-დნენ,y
1a413672-ca8d-4ccb-8209-32aae0e961ef,fut,1s,ვ-ი-ცეკვ-ებ-,y
1a413672-ca8d-4ccb-8209-32aae0e961ef,fut,2s,-ი-ცეკვ-ებ-,y
1a413672-ca8d-4ccb-8209-32aae0e961ef,fut,3s,-ი-ცეკვ-ებ-ს,y
1a413672-ca8d-4ccb-8209-32aae0e961ef,fut,1p,ვ-ი-ცეკვ-ებ-თ,y
1a413672-ca8d-4ccb-8209-32aae0e961ef,fut,2p,-ი-ცეკვ-ებ-თ,y
1a413672-ca8d-4ccb-8209-32aae0e961ef,fut,3p,-ი-ცეკვ-ებ-ენ,y
1a413672-ca8d-4ccb-8209-32aae0e961ef,cond,1s,ვ-ი-ცეკვ-ებ-დი,y
1a413672-ca8d-4ccb-8209-32aae0e961ef,cond,2s,-ი-ცეკვ-ებ-დი,y
1a413672-ca8d-4ccb-8209-32aae0e961ef,cond,3s,-ი-ცეკვ-ებ-და,y
1a413672-ca8d-4ccb-8209-32aae0e961ef,cond,1p,ვ-ი-ცეკვ-ებ-დით,y
1a413672-ca8d-4ccb-8209-32aae0e961ef,cond,2p,-ი-ცეკვ-ებ-დით,y
1a413672-ca8d-4ccb-8209-32aae0e961ef,cond,3p,-ი-ცეკვ-ებ-დნენ,y
1a413672-ca8d-4ccb-8209-32aae0e961ef,aor,1s,ვ-ი-ცეკვ--ე,y
1a413672-ca8d-4ccb-8209-32aae0e961ef,aor,2s,-ი-ცეკვ--ე,y
1a413672-ca8d-4ccb-8209-32aae0e961ef,aor,3s,-ი-ცეკვ--ა,y
1a413672-ca8d-4ccb-8209-32aae0e961ef,aor,1p,ვ-ი-ცეკვ--ეთ,y
1a413672-ca8d-4ccb-8209-32aae0e961ef,aor,2p,-ი-ცეკვ--ეთ,y
1a413672-ca8d-4ccb-8209-32aae0e961ef,aor,3p,-ი-ცეკვ--ეს,y
1a413672-ca8d-4ccb-8209-32aae0e961ef,opt,1s,ვ-ი-ცეკვ--,y
1a413672-ca8d-4ccb-8209-32aae0e961ef,opt,2s,-ი-ცეკვ--,y
1a413672-ca8d-4ccb-8209-32aae0e961ef,opt,3s,-ი-ცეკვ--ოს,y
1a413672-ca8d-4ccb-8209-32aae0e961ef,opt,1p,ვ-ი-ცეკვ--ოთ,y
1a413672-ca8d-4ccb-8209-32aae0e961ef,opt,2p,-ი-ცეკვ--ოთ,y
1a413672-ca8d-4ccb-8209-32aae0e961ef,opt,3p,-ი-ცეკვ--ონ,y
af32756f-5f7b-4e13-a089-9e772a61a6ae,pres,1s,აღ-ვ-წერ--,n
af32756f-5f7b-4e13-a089-9e772a61a6ae,pres,2s,აღ--წერ--,n
af32756f-5f7b-4e13-a089-9e772a61a6ae,pres,3s,აღ--წერ--ს,n
af32756f-5f7b-4e13-a089-9e772a61a6ae,pres,1p,აღ-ვ-წერ--თ,n
af32756f-5f7b-4e13-a089-9e772a61a6ae,pres,2p,აღ--წერ--თ,n
af32756f-5f7b-4e13-a089-9e772a61a6ae,pres,3p,აღ--წერ--ენ,n
af32756f-5f7b-4e13-a089-9e772a61a6ae,imp,1s,აღ-ვ-წერ--დი,n
af32756f-5f7b-4e13-a089-9e772a61a6ae,imp,2s,აღ--წერ--დი,n
af32756f-5f7b-4e13-a089-9e772a61a6ae,imp,3s,აღ--წერ--და,n
af32756f-5f7b-4e13-a089-9e772a61a6ae,imp,1p,აღ-ვ-წერ--დით,n
af32756f-5f7b-4e13-a089-9e772a61a6ae,imp,2p,აღ--წერ--დით,n
af32756f-5f7b-4e13-a089-9e772a61a6ae,imp,3p,აღ--წერ--დნენ,n
af32756f-5f7b-4e13-a089-9e772a61a6ae,pres-subj,1s,აღ-ვ-წერ--დე,n
af32756f-5f7b-4e13-a089-9e772a61a6ae,pres-subj,2s,აღ--წერ--დე,n
af32756f-5f7b-4e13-a089-9e772a61a6ae,pres-subj,3s,აღ--წერ--დეს,n
af32756f-5f7b-4e13-a089-9e772a61a6ae,pres-subj,1p,აღ-ვ-წერ--დეთ,n
af32756f-5f7b-4e13-a089-9e772a61a6ae,pres-subj,2p,აღ--წერ--დეთ,n
af32756f-5f7b-4e13-a089-9e772a61a6ae,pres-subj,3p,აღ--წერ--დნენ,n
af32756f-5f7b-4e13-a089-9e772a61a6ae,fut,1s,აღ-ვ-წერ--,n
af32756f-5f7b-4e13-a089-9e772a61a6ae,fut,2s,აღ--წერ--,n
af32756f-5f7b-4e13-a089-9e772a61a6ae,fut,3s,აღ--წერ--ს,n
af32756f-5f7b-4e13-a089-9e772a61a6ae,fut,1p,აღ-ვ-წერ--თ,n
af32756f-5f7b-4e13-a089-9e772a61a6ae,fut,2p,აღ--წერ--თ,n
af32756f-5f7b-4e13-a089-9e772a61a6ae,fut,3p,აღ--წერ--ენ,n
af32756f-5f7b-4e13-a089-9e772a61a6ae,cond,1s,აღ-ვ-წერ--დი,n
af32756f-5f7b-4e13-a089-9e772a61a6ae,cond,2s,აღ--წერ--დი,n
af32756f-5f7b-4e13-a089-9e772a61a6ae,cond,3s,აღ--წერ--და,n
af32756f-5f7b-4e13-a089-9e772a61a6ae,cond,1p,აღ-ვ-წერ--დით,n
af32756f-5f7b-4e13-a089-9e772a61a6ae,cond,2p,აღ--წერ--დით,n
af32756f-5f7b-4e13-a089-9e772a61a6ae,cond,3p,აღ--წერ--დნენ,n
af32756f-5f7b-4e13-a089-9e772a61a6ae,aor,1s,აღ-ვ-წერ--ე,n
af32756f-5f7b-4e13-a089-9e772a61a6ae,aor,2s,აღ--წერ--ე,n
af32756f-5f7b-4e13-a089-9e772a61a6ae,aor,3s,აღ--წერ--ა,n
af32756f-5f7b-4e13-a089-9e772a61a6ae,aor,1p,აღ-ვ-წერ--ეთ,n
af32756f-5f7b-4e13-a089-9e772a61a6ae,aor,2p,აღ--წერ--ეთ,n
af32756f-5f7b-4e13-a089-9e772a61a6ae,aor,3p,აღ--წერ--ეს,n
af32756f-5f7b-4e13-a089-9e772a61a6ae,opt,1s,აღ-ვ-წერ--,n
af32756f-5f7b-4e13-a089-9e772a61a6ae,opt,2s,აღ--წერ--,n
af32756f-5f7b-4e13-a089-9e772a61a6ae,opt,3s,აღ--წერ--ოს,n
af32756f-5f7b-4e13-a089-9e772a61a6ae,opt,1p,აღ-ვ-წერ--ოთ,n
af32756f-5f7b-4e13-a089-9e772a61a6ae,opt,2p,აღ--წერ--ოთ,n
af32756f-5f7b-4e13-a089-9e772a61a6ae,opt,3p,აღ--წერ--ონ,n
8fd2232b-f29c-410c-9880-a2365728e6a6,pres,1s,-ვ-აოხრ-ებ-,n
8fd2232b-f29c-410c-9880-a2365728e6a6,pres,2s,--აოხრ-ებ-,n
8fd2232b-f29c-410c-9880-a2365728e6a6,pres,3s,--აოხრ-ებ-ს,n
8fd2232b-f29c-410c-9880-a2365728e6a6,pres,1p,-ვ-აოხრ-ებ-თ,n
8fd2232b-f29c-410c-9880-a2365728e6a6,pres,2p,--აოხრ-ებ-თ,n
8fd2232b-f29c-410c-9880-a2365728e6a6,pres,3p,--აოხრ-ებ-ენ,n
8fd2232b-f29c-410c-9880-a2365728e6a6,imp,1s,-ვ-აოხრ-ებ-დი,n
8fd2232b-f29c-410c-9880-a2365728e6a6,imp,2s,--აოხრ-ებ-დი,n
8fd2232b-f29c-410c-9880-a2365728e6a6,imp,3s,--აოხრ-ებ-და,n
8fd2232b-f29c-410c-9880-a2365728e6a6,imp,1p,-ვ-აოხრ-ებ-დით,n
8fd2232b-f29c-410c-9880-a2365728e6a6,imp,2p,--აოხრ-ებ-დით,n
8fd2232b-f29c-410c-9880-a2365728e6a6,imp,3p,--აოხრ-ებ-დნენ,n
8fd2232b-f29c-410c-9880-a2365728e6a6,pres-subj,1s,-ვ-აოხრ-ებ-დე,n
8fd2232b-f29c-410c-9880-a2365728e6a6,pres-subj,2s,--აოხრ-ებ-დე,n
8fd2232b-f29c-410c-9880-a2365728e6a6,pres-subj,3s,--აოხრ-ებ-დეს,n
8fd2232b-f29c-410c-9880-a2365728e6a6,pres-subj,1p,-ვ-აოხრ-ებ-დეთ,n
8fd2232b-f29c-410c-9880-a2365728e6a6,pres-subj,2p,--აოხრ-ებ-დეთ,n
8fd2232b-f29c-410c-9880-a2365728e6a6,pres-subj,3p,--აოხრ-ებ-დნენ,n
8fd2232b-f29c-410c-9880-a2365728e6a6,fut,1s,ა-ვ-აოხრ-ებ-,n
8fd2232b-f29c-410c-9880-a2365728e6a6,fut,2s,ა--აოხრ-ებ-,n
8fd2232b-f29c-410c-9880-a2365728e6a6,fut,3s,ა--აოხრ-ებ-ს,n
8fd2232b-f29c-410c-9880-a2365728e6a6,fut,1p,ა-ვ-აოხრ-ებ-თ,n
8fd2232b-f29c-410c-9880-a2365728e6a6,fut,2p,ა--აოხრ-ებ-თ,n
8fd2232b-f29c-410c-9880-a2365728e6a6,fut,3p,ა--აოხრ-ებ-ენ,n
8fd2232b-f29c-410c-9880-a2365728e6a6,cond,1s,ა-ვ-აოხრ-ებ-დი,n
8fd2232b-f29c-410c-9880-a2365728e6a6,cond,2s,ა--აოხრ-ებ-დი,n
8fd2232b-f29c-410c-9880-a2365728e6a6,cond,3s,ა--აოხრ-ებ-და,n
8fd2232b-f29c-410c-9880-a2365728e6a6,cond,1p,ა-ვ-აოხრ-ებ-დით,n
8fd2232b-f29c-410c-9880-a2365728e6a6,cond,2p,ა--აოხრ-ებ-დით,n
8fd2232b-f29c-410c-9880-a2365728e6a6,cond,3p,ა--აოხრ-ებ-დნენ,n
8fd2232b-f29c-410c-9880-a2365728e6a6,aor,1s,ა-ვ-აოხრ--ე,n
8fd2232b-f29c-410c-9880-a2365728e6a6,aor,2s,ა--აოხრ--ე,n
8fd2232b-f29c-410c-9880-a2365728e6a6,aor,3s,ა--აოხრ--ა,n
8fd2232b-f29c-410c-9880-a2365728e6a6,aor,1p,ა-ვ-აოხრ--ეთ,n
8fd2232b-f29c-410c-9880-a2365728e6a6,aor,2p,ა--აოხრ--ეთ,n
8fd2232b-f29c-410c-9880-a2365728e6a6,aor,3p,ა--აოხრ--ეს,n
8fd2232b-f29c-410c-9880-a2365728e6a6,opt,1s,ა-ვ-აოხრ--,n
8fd2232b-f29c-410c-9880-a2365728e6a6,opt,2s,ა--აოხრ--,n
8fd2232b-f29c-410c-9880-a2365728e6a6,opt,3s,ა--აოხრ--ოს,n
8fd2232b-f29c-410c-9880-a2365728e6a6,opt,1p,ა-ვ-აოხრ--ოთ,n
8fd2232b-f29c-410c-9880-a2365728e6a6,opt,2p,ა--აოხრ--ოთ,n
8fd2232b-f29c-410c-9880-a2365728e6a6,opt,3p,ა--აოხრ--ონ,n
a4e8c269-a3cf-4d79-8c58-e9822c052874,pres,1s,-ვ-კვდ-ებ-ი,n
a4e8c269-a3cf-4d79-8c58-e9822c052874,pres,2s,--კვდ-ებ-ი,n
a4e8c269-a3cf-4d79-8c58-e9822c052874,pres,3s,--კვდ-ებ-ა,n
a4e8c269-a3cf-4d79-8c58-e9822c052874,pres,1p,-ვ-კვდ-ებ-ით,n
a4e8c269-a3cf-4d79-8c58-e9822c052874,pres,2p,--კვდ-ებ-ით,n
a4e8c269-a3cf-4d79-8c58-e9822c052874,pres,3p,--კვდ-ებ-იან,n
a4e8c269-a3cf-4d79-8c58-e9822c052874,imp,1s,-ვ-კვდ-ებ-ოდი,n
a4e8c269-a3cf-4d79-8c58-e9822c052874,imp,2s,--კვდ-ებ-ოდი,n
a4e8c269-a3cf-4d79-8c58-e9822c052874,imp,3s,--კვდ-ებ-ოდა,n
a4e8c269-a3cf-4d79-8c58-e9822c052874,imp,1p,-ვ-კვდ-ებ-ოდით,n
a4e8c269-a3cf-4d79-8c58-e9822c052874,imp,2p,--კვდ-ებ-ოდით,n
a4e8c269-a3cf-4d79-8c58-e9822c052874,imp,3p,--კვდ-ებ-ოდნენ,n
a4e8c269-a3cf-4d79-8c58-e9822c052874,pres-subj,1s,-ვ-კვდ-ებ-ოდე,n
a4e8c269-a3cf-4d79-8c58-e9822c052874,pres-subj,2s,--კვდ-ებ-ოდე,n
a4e8c269-a3cf-4d79-8c58-e9822c052874,pres-subj,3s,--კვდ-ებ-ოდეს,n
a4e8c269-a3cf-4d79-8c58-e9822c052874,pres-subj,1p,-ვ-კვდ-ებ-ოდეთ,n
a4e8c269-a3cf-4d79-8c58-e9822c052874,pres-subj,2p,--კვდ-ებ-ოდეთ,n
a4e8c269-a3cf-4d79-8c58-e9822c052874,pres-subj,3p,--კვდ-ებ-ოდნენ,n
a4e8c269-a3cf-4d79-8c58-e9822c052874,fut,1s,მო-ვ-კვდ-ებ-ი,n
a4e8c269-a3cf-4d79-8c58-e9822c052874,fut,2s,მო--კვდ-ებ-ი,n
a4e8c269-a3cf-4d79-8c58-e9822c052874,fut,3s,მო--კვდ-ებ-ა,n
a4e8c269-a3cf-4d79-8c58-e9822c052874,fut,1p,მო-ვ-კვდ-ებ-ით,n
a4e8c269-a3cf-4d79-8c58-e9822c052874,fut,2p,მო--კვდ-ებ-ით,n
a4e8c269-a3cf-4d79-8c58-e9822c052874,fut,3p,მო--კვდ-ებ-იან,n
a4e8c269-a3cf-4d79-8c58-e9822c052874,cond,1s,მო-ვ-კვდ-ებ-ოდი,n
a4e8c269-a3cf-4d79-8c58-e9822c052874,cond,2s,მო--კვდ-ებ-ოდი,n
a4e8c269-a3cf-4d79-8c58-e9822c052874,cond,3s,მო--კვდ-ებ-ოდა,n
a4e8c269-a3cf-4d79-8c58-e9822c052874,cond,1p,მო-ვ-კვდ-ებ-ოდით,n
a4e8c269-a3cf-4d79-8c58-e9822c052874,cond,2p,მო--კვდ-ებ-ოდით,n
a4e8c269-a3cf-4d79-8c58-e9822c052874,cond,3p,მო--კვდ-ებ-ოდნენ,n
a4e8c269-a3cf-4d79-8c58-e9822c052874,aor,1s,მო-ვ-კვდ--ი,n
a4e8c269-a3cf-4d79-8c58-e9822c052874,aor,2s,მო--კვდ--ი,n
a4e8c269-a3cf-4d79-8c58-e9822c052874,aor,3s,მო--კვდ--ა,n
a4e8c269-a3cf-4d79-8c58-e9822c052874,aor,1p,მო-ვ-კვდ--ით,n
a4e8c269-a3cf-4d79-8c58-e9822c052874,aor,2p,მო--კვდ--ით,n
a4e8c269-a3cf-4d79-8c58-e9822c052874,aor,3p,მო--კვდ--ნენ,n
a4e8c269-a3cf-4d79-8c58-e9822c052874,opt,1s,მო-ვ-კვდ--,n
a4e8c269-a3cf-4d79-8c58-e9822c052874,opt,2s,მო--კვდ--,n
a4e8c269-a3cf-4d79-8c58-e9822c052874,opt,3s,მო--კვდ--ოს,n
a4e8c269-a3cf-4d79-8c58-e9822c052874,opt,1p,მო-ვ-კვდ--ოთ,n
a4e8c269-a3cf-4d79-8c58-e9822c052874,opt,2p,მო--კვდ--ოთ,n
a4e8c269-a3cf-4d79-8c58-e9822c052874,opt,3p,მო--კვდ--ონ,n
2d521d10-e897-4111-9003-e357529f3982,pres,1s,ვ--სადილ-ობ-,y
2d521d10-e897-4111-9003-e357529f3982,pres,2s,--სადილ-ობ-,y
2d521d10-e897-4111-9003-e357529f3982,pres,3s,--სადილ-ობ-ს,y
2d521d10-e897-4111-9003-e357529f3982,pres,1p,ვ--სადილ-ობ-თ,y
2d521d10-e897-4111-9003-e357529f3982,pres,2p,--სადილ-ობ-თ,y
2d521d10-e897-4111-9003-e357529f3982,pres,3p,--სადილ-ობ-ენ,y
2d521d10-e897-4111-9003-e357529f3982,imp,1s,ვ--სადილ-ობ-დი,y
2d521d10-e897-4111-9003-e357529f3982,imp,2s,--სადილ-ობ-დი,y
2d521d10-e897-4111-9003-e357529f3982,imp,3s,--სადილ-ობ-და,y
2d521d10-e897-4111-9003-e357529f3982,imp,1p,ვ--სადილ-ობ-დით,y
2d521d10-e897-4111-9003-e357529f3982,imp,2p,--სადილ-ობ-დით,y
2d521d10-e897-4111-9003-e357529f3982,imp,3p,--სადილ-ობ-დნენ,y
2d521d10-e897-4111-9003-e357529f3982,pres-subj,1s,ვ--სადილ-ობ-დე,y
2d521d10-e897-4111-9003-e357529f3982,pres-subj,2s,--სადილ-ობ-დე,y
2d521d10-e897-4111-9003-e357529f3982,pres-subj,3s,--სადილ-ობ-დეს,y
2d521d10-e897-4111-9003-e357529f3982,pres-subj,1p,ვ--სადილ-ობ-დეთ,y
2d521d10-e897-4111-9003-e357529f3982,pres-subj,2p,--სადილ-ობ-დეთ,y
2d521d10-e897-4111-9003-e357529f3982,pres-subj,3p,--სადილ-ობ-დნენ,y
2d521d10-e897-4111-9003-e357529f3982,fut,1s,ვ-ი-სადილ-ებ-,y
2d521d10-e897-4111-9003-e357529f3982,fut,2s,-ი-სადილ-ებ-,y
2d521d10-e897-4111-9003-e357529f3982,fut,3s,-ი-სადილ-ებ-ს,y
2d521d10-e897-4111-9003-e357529f3982,fut,1p,ვ-ი-სადილ-ებ-თ,y
2d521d10-e897-4111-9003-e357529f3982,fut,2p,-ი-სადილ-ებ-თ,y
2d521d10-e897-4111-9003-e357529f3982,fut,3p,-ი-სადილ-ებ-ენ,y
2d521d10-e897-4111-9003-e357529f3982,cond,1s,ვ-ი-სადილ-ებ-დი,y
2d521d10-e897-4111-9003-e357529f3982,cond,2s,-ი-სადილ-ებ-დი,y
2d521d10-e897-4111-9003-e357529f3982,cond,3s,-ი-სადილ-ებ-და,y
2d521d10-e897-4111-9003-e357529f3982,cond,1p,ვ-ი-სადილ-ებ-დით,y
2d521d10-e897-4111-9003-e357529f3982,cond,2p,-ი-სადილ-ებ-დით,y
2d521d10-e897-4111-9003-e357529f3982,cond,3p,-ი-სადილ-ებ-დნენ,y
2d521d10-e897-4111-9003-e357529f3982,aor,1s,ვ-ი-სადილ--ე,y
2d521d10-e897-4111-9003-e357529f3982,aor,2s,-ი-სადილ--ე,y
2d521d10-e897-4111-9003-e357529f3982,aor,3s,-ი-სადილ--ა,y
2d521d10-e897-4111-9003-e357529f3982,aor,1p,ვ-ი-სადილ--ეთ,y
2d521d10-e897-4111-9003-e357529f3982,aor,2p,-ი-სადილ--ეთ,y
2d521d10-e897-4111-9003-e357529f3982,aor,3p,-ი-სადილ--ეს,y
2d521d10-e897-4111-9003-e357529f3982,opt,1s,ვ-ი-სადილ--,y
2d521d10-e897-4111-9003-e357529f3982,opt,2s,-ი-სადილ--,y
2d521d10-e897-4111-9003-e357529f3982,opt,3s,-ი-სადილ--ოს,y
2d521d10-e897-4111-9003-e357529f3982,opt,1p,ვ-ი-სადილ--ოთ,y
2d521d10-e897-4111-9003-e357529f3982,opt,2p,-ი-სადილ--ოთ,y
2d521d10-e897-4111-9003-e357529f3982,opt,3p,-ი-სადილ--ონ,y
88a26e55-e460-4343-8c3d-2d97a64151e3,pres,1s,-ვ-უჩინარდ-ებ-ი,n
88a26e55-e460-4343-8c3d-2d97a64151e3,pres,2s,--უჩინარდ-ებ-ი,n
88a26e55-e460-4343-8c3d-2d97a64151e3,pres,3s,--უჩინარდ-ებ-ა,n
88a26e55-e460-4343-8c3d-2d97a64151e3,pres,1p,-ვ-უჩინარდ-ებ-ით,n
88a26e55-e460-4343-8c3d-2d97a64151e3,pres,2p,--უჩინარდ-ებ-ით,n
88a26e55-e460-4343-8c3d-2d97a64151e3,pres,3p,--უჩინარდ-ებ-იან,n
88a26e55-e460-4343-8c3d-2d97a64151e3,imp,1s,-ვ-უჩინარდ-ებ-ოდი,n
88a26e55-e460-4343-8c3d-2d97a64151e3,imp,2s,--უჩინარდ-ებ-ოდი,n
88a26e55-e460-4343-8c3d-2d97a64151e3,imp,3s,--უჩინარდ-ებ-ოდა,n
88a26e55-e460-4343-8c3d-2d97a64151e3,imp,1p,-ვ-უჩინარდ-ებ-ოდით,n
88a26e55-e460-4343-8c3d-2d97a64151e3,imp,2p,--უჩინარდ-ებ-ოდით,n
88a26e55-e460-4343-8c3d-2d97a64151e3,imp,3p,--უჩინარდ-ებ-ოდნენ,n
88a26e55-e460-4343-8c3d-2d97a64151e3,pres-subj,1s,-ვ-უჩინარდ-ებ-ოდე,n
88a26e55-e460-4343-8c3d-2d97a64151e3,pres-subj,2s,--უჩინარდ-ებ-ოდე,n
88a26e55-e460-4343-8c3d-2d97a64151e3,pres-subj,3s,--უჩინარდ-ებ-ოდეს,n
88a26e55-e460-4343-8c3d-2d97a64151e3,pres-subj,1p,-ვ-უჩინარდ-ებ-ოდეთ,n
88a26e55-e460-4343-8c3d-2d97a64151e3,pres-subj,2p,--უჩინარდ-ებ-ოდეთ,n
88a26e55-e460-4343-8c3d-2d97a64151e3,pres-subj,3p,--უჩინარდ-ებ-ოდნენ,n
88a26e55-e460-4343-8c3d-2d97a64151e3,fut,1s,გა-ვ-უჩინარდ-ებ-ი,n
88a26e55-e460-4343-8c3d-2d97a64151e3,fut,2s,გა--უჩინარდ-ებ-ი,n
88a26e55-e460-4343-8c3d-2d97a64151e3,fut,3s,გა--უჩინარდ-ებ-ა,n
88a26e55-e460-4343-8c3d-2d97a64151e3,fut,1p,გა-ვ-უჩინარდ-ებ-ით,n
88a26e55-e460-4343-8c3d-2d97a64151e3,fut,2p,გა--უჩინარდ-ებ-ით,n
88a26e55-e460-4343-8c3d-2d97a64151e3,fut,3p,გა--უჩინარდ-ებ-იან,n
88a26e55-e460-4343-8c3d-2d97a64151e3,cond,1s,გა-ვ-უჩინარდ-ებ-ოდი,n
88a26e55-e460-4343-8c3d-2d97a64151e3,cond,2s,გა--უჩინარდ-ებ-ოდი,n
88a26e55-e460-4343-8c3d-2d97a64151e3,cond,3s,გა--უჩინარდ-ებ-ოდა,n
88a26e55-e460-4343-8c3d-2d97a64151e3,cond,1p,გა-ვ-უჩინარდ-ებ-ოდით,n
88a26e55-e460-4343-8c3d-2d97a64151e3,cond,2p,გა--უჩინარდ-ებ-ოდით,n
88a26e55-e460-4343-8c3d-2d97a64151e3,cond,3p,გა--უჩინარდ-ებ-ოდნენ,n
88a26e55-e460-4343-8c3d-2d97a64151e3,aor,1s,გა-ვ-უჩინარდ--ი,n
88a26e55-e460-4343-8c3d-2d97a64151e3,aor,2s,გა--უჩინარდ--ი,n
88a26e55-e460-4343-8c3d-2d97a64151e3,aor,3s,გა--უჩინარდ--ა,n
88a26e55-e460-4343-8c3d-2d97a64151e3,aor,1p,გა-ვ-უჩინარდ--ით,n
88a26e55-e460-4343-8c3d-2d97a64151e3,aor,2p,გა--უჩინარდ--ით,n
88a26e55-e460-4343-8c3d-2d97a64151e3,aor,3p,გა--უჩინარდ--ნენ,n
88a26e55-e460-4343-8c3d-2d97a64151e3,opt,1s,გა-ვ-უჩინარდ--ე,n
88a26e55-e460-4343-8c3d-2d97a64151e3,opt,2s,გა--უჩინარდ--ე,n
88a26e55-e460-4343-8c3d-2d97a64151e3,opt,3s,გა--უჩინარდ--ეს,n
88a26e55-e460-4343-8c3d-2d97a64151e3,opt,1p,გა-ვ-უჩინარდ--ეთ,n
88a26e55-e460-4343-8c3d-2d97a64151e3,opt,2p,გა--უჩინარდ--ეთ,n
88a26e55-e460-4343-8c3d-2d97a64151e3,opt,3p,გა--უჩინარდ--ნენ,n
cb0e4b32-6754-45e4-ad26-6f35d9ba263d,pres,1s,-ვ-იხილ-ავ-,n
cb0e4b32-6754-45e4-ad26-6f35d9ba263d,pres,2s,--იხილ-ავ-,n
cb0e4b32-6754-45e4-ad26-6f35d9ba263d,pres,3s,--იხილ-ავ-ს,n
cb0e4b32-6754-45e4-ad26-6f35d9ba263d,pres,1p,-ვ-იხილ-ავ-თ,n
cb0e4b32-6754-45e4-ad26-6f35d9ba263d,pres,2p,--იხილ-ავ-თ,n
cb0e4b32-6754-45e4-ad26-6f35d9ba263d,pres,3p,--იხილ-ავ-ენ,n
cb0e4b32-6754-45e4-ad26-6f35d9ba263d,imp,1s,-ვ-იხილ-ავ-დი,n
cb0e4b32-6754-45e4-ad26-6f35d9ba263d,imp,2s,--იხილ-ავ-დი,n
cb0e4b32-6754-45e4-ad26-6f35d9ba263d,imp,3s,--იხილ-ავ-და,n
cb0e4b32-6754-45e4-ad26-6f35d9ba263d,imp,1p,-ვ-იხილ-ავ-დით,n
cb0e4b32-6754-45e4-ad26-6f35d9ba263d,imp,2p,--იხილ-ავ-დით,n
cb0e4b32-6754-45e4-ad26-6f35d9ba263d,imp,3p,--იხილ-ავ-დნენ,n
cb0e4b32-6754-45e4-ad26-6f35d9ba263d,pres-subj,1s,-ვ-იხილ-ავ-დე,n
cb0e4b32-6754-45e4-ad26-6f35d9ba263d,pres-subj,2s,--იხილ-ავ-დე,n
cb0e4b32-6754-45e4-ad26-6f35d9ba263d,pres-subj,3s,--იხილ-ავ-დეს,n
cb0e4b32-6754-45e4-ad26-6f35d9ba263d,pres-subj,1p,-ვ-იხილ-ავ-დეთ,n
cb0e4b32-6754-45e4-ad26-6f35d9ba263d,pres-subj,2p,--იხილ-ავ-დეთ,n
cb0e4b32-6754-45e4-ad26-6f35d9ba263d,pres-subj,3p,--იხილ-ავ-დნენ,n
cb0e4b32-6754-45e4-ad26-6f35d9ba263d,fut,1s,გან-ვ-იხილ-ავ-,n
cb0e4b32-6754-45e4-ad26-6f35d9ba263d,fut,2s,გან--იხილ-ავ-,n
cb0e4b32-6754-45e4-ad26-6f35d9ba263d,fut,3s,გან--იხილ-ავ-ს,n
cb0e4b32-6754-45e4-ad26-6f35d9ba263d,fut,1p,გან-ვ-იხილ-ავ-თ,n
cb0e4b32-6754-45e4-ad26-6f35d9ba263d,fut,2p,გან--იხილ-ავ-თ,n
cb0e4b32-6754-45e4-ad26-6f35d9ba263d,fut,3p,გან--იხილ-ავ-ენ,n
cb0e4b32-6754-45e4-ad26-6f35d9ba263d,cond,1s,გან-ვ-იხილ-ავ-დი,n
cb0e4b32-6754-45e4-ad26-6f35d9ba263d,cond,2s,გან--იხილ-ავ-დი,n
cb0e4b32-6754-45e4-ad26-6f35d9ba263d,cond,3s,გან--იხილ-ავ-და,n
cb0e4b32-6754-45e4-ad26-6f35d9ba263d,cond,1p,გან-ვ-იხილ-ავ-დით,n
cb0e4b32-6754-45e4-ad26-6f35d9ba263d,cond,2p,გან--იხილ-ავ-დით,n
cb0e4b32-6754-45e4-ad26-6f35d9ba263d,cond,3p,გან--იხილ-ავ-დნენ,n
cb0e4b32-6754-45e4-ad26-6f35d9ba263d,aor,1s,გან-ვ-იხილ--ე,n
cb0e4b32-6754-45e4-ad26-6f35d9ba263d,aor,2s,გან--იხილ--ე,n
cb0e4b32-6754-45e4-ad26-6f35d9ba263d,aor,3s,გან--იხილ--ა,n
cb0e4b32-6754-45e4-ad26-6f35d9ba263d,aor,1p,გან-ვ-იხილ--ეთ,n
cb0e4b32-6754-45e4-ad26-6f35d9ba263d,aor,2p,გან--იხილ--ეთ,n
cb0e4b32-6754-45e4-ad26-6f35d9ba263d,aor,3p,გან--იხილ--ეს,n
cb0e4b32-6754-45e4-ad26-6f35d9ba263d,opt,1s,გან-ვ-იხილ--,n
cb0e4b32-6754-45e4-ad26-6f35d9ba263d,opt,2s,გან--იხილ--,n
cb0e4b32-6754-45e4-ad26-6f35d9ba263d,opt,3s,გან--იხილ--ოს,n
cb0e4b32-6754-45e4-ad26-6f35d9ba263d,opt,1p,გან-ვ-იხილ--ოთ,n
cb0e4b32-6754-45e4-ad26-6f35d9ba263d,opt,2p,გან--იხილ--ოთ,n
cb0e4b32-6754-45e4-ad26-6f35d9ba263d,opt,3p,გან--იხილ--ონ,n
590f44fa-2128-450e-a2fe-06bae22c80b1,pres,1s,-ვ-ყვინთ-ავ-,n
590f44fa-2128-450e-a2fe-06bae22c80b1,pres,2s,--ყვინთ-ავ-,n
590f44fa-2128-450e-a2fe-06bae22c80b1,pres,3s,--ყვინთ-ავ-ს,n
590f44fa-2128-450e-a2fe-06bae22c80b1,pres,1p,-ვ-ყვინთ-ავ-თ,n
590f44fa-2128-450e-a2fe-06bae22c80b1,pres,2p,--ყვინთ-ავ-თ,n
590f44fa-2128-450e-a2fe-06bae22c80b1,pres,3p,--ყვინთ-ავ-ენ,n
590f44fa-2128-450e-a2fe-06bae22c80b1,imp,1s,-ვ-ყვინთ-ავ-დი,n
590f44fa-2128-450e-a2fe-06bae22c80b1,imp,2s,--ყვინთ-ავ-დი,n
590f44fa-2128-450e-a2fe-06bae22c80b1,imp,3s,--ყვინთ-ავ-და,n
590f44fa-2128-450e-a2fe-06bae22c80b1,imp,1p,-ვ-ყვინთ-ავ-დით,n
590f44fa-2128-450e-a2fe-06bae22c80b1,imp,2p,--ყვინთ-ავ-დით,n
590f44fa-2128-450e-a2fe-06bae22c80b1,imp,3p,--ყვინთ-ავ-დნენ,n
590f44fa-2128-450e-a2fe-06bae22c80b1,pres-subj,1s,-ვ-ყვინთ-ავ-დე,n
590f44fa-2128-450e-a2fe-06bae22c80b1,pres-subj,2s,--ყვინთ-ავ-დე,n
590f44fa-2128-450e-a2fe-06bae22c80b1,pres-subj,3s,--ყვინთ-ავ-დეს,n
590f44fa-2128-450e-a2fe-06bae22c80b1,pres-subj,1p,-ვ-ყვინთ-ავ-დეთ,n
590f44fa-2128-450e-a2fe-06bae22c80b1,pres-subj,2p,--ყვინთ-ავ-დეთ,n
590f44fa-2128-450e-a2fe-06bae22c80b1,pres-subj,3p,--ყვინთ-ავ-დნენ,n
590f44fa-2128-450e-a2fe-06bae22c80b1,fut,1s,ჩა-ვ-ყვინთ-ავ-,n
590f44fa-2128-450e-a2fe-06bae22c80b1,fut,2s,ჩა--ყვინთ-ავ-,n
590f44fa-2128-450e-a2fe-06bae22c80b1,fut,3s,ჩა--ყვინთ-ავ-ს,n
590f44fa-2128-450e-a2fe-06bae22c80b1,fut,1p,ჩა-ვ-ყვინთ-ავ-თ,n
590f44fa-2128-450e-a2fe-06bae22c80b1,fut,2p,ჩა--ყვინთ-ავ-თ,n
590f44fa-2128-450e-a2fe-06bae22c80b1,fut,3p,ჩა--ყვინთ-ავ-ენ,n
590f44fa-2128-450e-a2fe-06bae22c80b1,cond,1s,ჩა-ვ-ყვინთ-ავ-დი,n
590f44fa-2128-450e-a2fe-06bae22c80b1,cond,2s,ჩა--ყვინთ-ავ-დი,n
590f44fa-2128-450e-a2fe-06bae22c80b1,cond,3s,ჩა--ყვინთ-ავ-და,n
590f44fa-2128-450e-a2fe-06bae22c80b1,cond,1p,ჩა-ვ-ყვინთ-ავ-დით,n
590f44fa-2128-450e-a2fe-06bae22c80b1,cond,2p,ჩა--ყვინთ-ავ-დით,n
590f44fa-2128-450e-a2fe-06bae22c80b1,cond,3p,ჩა--ყვინთ-ავ-დნენ,n
590f44fa-2128-450e-a2fe-06bae22c80b1,aor,1s,ჩა-ვ-ყვინთ--ე,n
590f44fa-2128-450e-a2fe-06bae22c80b1,aor,2s,ჩა--ყვინთ--ე,n
590f44fa-2128-450e-a2fe-06bae22c80b1,aor,3s,ჩა--ყვინთ--ა,n
590f44fa-2128-450e-a2fe-06bae22c80b1,aor,1p,ჩა-ვ-ყვინთ--ეთ,n
590f44fa-2128-450e-a2fe-06bae22c80b1,aor,2p,ჩა--ყვინთ--ეთ,n
590f44fa-2128-450e-a2fe-06bae22c80b1,aor,3p,ჩა--ყვინთ--ეს,n
590f44fa-2128-450e-a2fe-06bae22c80b1,opt,1s,ჩა-ვ-ყვინთ--,n
590f44fa-2128-450e-a2fe-06bae22c80b1,opt,2s,ჩა--ყვინთ--,n
590f44fa-2128-450e-a2fe-06bae22c80b1,opt,3s,ჩა--ყვინთ--ოს,n
590f44fa-2128-450e-a2fe-06bae22c80b1,opt,1p,ჩა-ვ-ყვინთ--ოთ,n
590f44fa-2128-450e-a2fe-06bae22c80b1,opt,2p,ჩა--ყვინთ--ოთ,n
590f44fa-2128-450e-a2fe-06bae22c80b1,opt,3p,ჩა--ყვინთ--ონ,n
6e13f77b-a61a-4fc3-a690-618a3f761817,pres,1s,-ვ-აკეთ-ებ-,n
6e13f77b-a61a-4fc3-a690-618a3f761817,pres,2s,--აკეთ-ებ-,n
6e13f77b-a61a-4fc3-a690-618a3f761817,pres,3s,--აკეთ-ებ-ს,n
6e13f77b-a61a-4fc3-a690-618a3f761817,pres,1p,-ვ-აკეთ-ებ-თ,n
6e13f77b-a61a-4fc3-a690-618a3f761817,pres,2p,--აკეთ-ებ-თ,n
6e13f77b-a61a-4fc3-a690-618a3f761817,pres,3p,--აკეთ-ებ-ენ,n
6e13f77b-a61a-4fc3-a690-618a3f761817,imp,1s,-ვ-აკეთ-ებ-დი,n
6e13f77b-a61a-4fc3-a690-618a3f761817,imp,2s,--აკეთ-ებ-დი,n
6e13f77b-a61a-4fc3-a690-618a3f761817,imp,3s,--აკეთ-ებ-და,n
6e13f77b-a61a-4fc3-a690-618a3f761817,imp,1p,-ვ-აკეთ-ებ-დით,n
6e13f77b-a61a-4fc3-a690-618a3f761817,imp,2p,--აკეთ-ებ-დით,n
6e13f77b-a61a-4fc3-a690-618a3f761817,imp,3p,--აკეთ-ებ-დნენ,n
6e13f77b-a61a-4fc3-a690-618a3f761817,pres-subj,1s,-ვ-აკეთ-ებ-დე,n
6e13f77b-a61a-4fc3-a690-618a3f761817,pres-subj,2s,--აკეთ-ებ-დე,n
6e13f77b-a61a-4fc3-a690-618a3f761817,pres-subj,3s,--აკეთ-ებ-დეს,n
6e13f77b-a61a-4fc3-a690-618a3f761817,pres-subj,1p,-ვ-აკეთ-ებ-დეთ,n
6e13f77b-a61a-4fc3-a690-618a3f761817,pres-subj,2p,--აკეთ-ებ-დეთ,n
6e13f77b-a61a-4fc3-a690-618a3f761817,pres-subj,3p,--აკეთ-ებ-დნენ,n
6e13f77b-a61a-4fc3-a690-618a3f761817,fut,1s,გა-ვ-აკეთ-ებ-,n
6e13f77b-a61a-4fc3-a690-618a3f761817,fut,2s,გა--აკეთ-ებ-,n
6e13f77b-a61a-4fc3-a690-618a3f761817,fut,3s,გა--აკეთ-ებ-ს,n
6e13f77b-a61a-4fc3-a690-618a3f761817,fut,1p,გა-ვ-აკეთ-ებ-თ,n
6e13f77b-a61a-4fc3-a690-618a3f761817,fut,2p,გა--აკეთ-ებ-თ,n
6e13f77b-a61a-4fc3-a690-618a3f761817,fut,3p,გა--აკეთ-ებ-ენ,n
6e13f77b-a61a-4fc3-a690-618a3f761817,cond,1s,გა-ვ-აკეთ-ებ-დი,n
6e13f77b-a61a-4fc3-a690-618a3f761817,cond,2s,გა--აკეთ-ებ-დი,n
6e13f77b-a61a-4fc3-a690-618a3f761817,cond,3s,გა--აკეთ-ებ-და,n
6e13f77b-a61a-4fc3-a690-618a3f761817,cond,1p,გა-ვ-აკეთ-ებ-დით,n
6e13f77b-a61a-4fc3-a690-618a3f761817,cond,2p,გა--აკეთ-ებ-დით,n
6e13f77b-a61a-4fc3-a690-618a3f761817,cond,3p,გა--აკეთ-ებ-დნენ,n
6e13f77b-a61a-4fc3-a690-618a3f761817,aor,1s,გა-ვ-აკეთ--ე,n
6e13f77b-a61a-4fc3-a690-618a3f761817,aor,2s,გა--აკეთ--ე,n
6e13f77b-a61a-4fc3-a690-618a3f761817,aor,3s,გა--აკეთ--ა,n
6e13f77b-a61a-4fc3-a690-618a3f761817,aor,1p,გა-ვ-აკეთ--ეთ,n
6e13f77b-a61a-4fc3-a690-618a3f761817,aor,2p,გა--აკეთ--ეთ,n
6e13f77b-a61a-4fc3-a690-618a3f761817,aor,3p,გა--აკეთ--ეს,n
6e13f77b-a61a-4fc3-a690-618a3f761817,opt,1s,გა-ვ-აკეთ--,n
6e13f77b-a61a-4fc3-a690-618a3f761817,opt,2s,გა--აკეთ--,n
6e13f77b-a61a-4fc3-a690-618a3f761817,opt,3s,გა--აკეთ--ოს,n
6e13f77b-a61a-4fc3-a690-618a3f761817,opt,1p,გა-ვ-აკეთ--ოთ,n
6e13f77b-a61a-4fc3-a690-618a3f761817,opt,2p,გა--აკეთ--ოთ,n
6e13f77b-a61a-4fc3-a690-618a3f761817,opt,3p,გა--აკეთ--ონ,n
f0dfaadf-200d-4957-b14c-fa273ab4ff11,pres,1s,ვ--ეჭვ-ობ-,y
f0dfaadf-200d-4957-b14c-fa273ab4ff11,pres,2s,--ეჭვ-ობ-,y
f0dfaadf-200d-4957-b14c-fa273ab4ff11,pres,3s,--ეჭვ-ობ-ს,y
f0dfaadf-200d-4957-b14c-fa273ab4ff11,pres,1p,ვ--ეჭვ-ობ-თ,y
f0dfaadf-200d-4957-b14c-fa273ab4ff11,pres,2p,--ეჭვ-ობ-თ,y
f0dfaadf-200d-4957-b14c-fa273ab4ff11,pres,3p,--ეჭვ-ობ-ენ,y
f0dfaadf-200d-4957-b14c-fa273ab4ff11,imp,1s,ვ--ეჭვ-ობ-დი,y
f0dfaadf-200d-4957-b14c-fa273ab4ff11,imp,2s,--ეჭვ-ობ-დი,y
f0dfaadf-200d-4957-b14c-fa273ab4ff11,imp,3s,--ეჭვ-ობ-და,y
f0dfaadf-200d-4957-b14c-fa273ab4ff11,imp,1p,ვ--ეჭვ-ობ-დით,y
f0dfaadf-200d-4957-b14c-fa273ab4ff11,imp,2p,--ეჭვ-ობ-დით,y
f0dfaadf-200d-4957-b14c-fa273ab4ff11,imp,3p,--ეჭვ-ობ-დნენ,y
f0dfaadf-200d-4957-b14c-fa273ab4ff11,pres-subj,1s,ვ--ეჭვ-ობ-დე,y
f0dfaadf-200d-4957-b14c-fa273ab4ff11,pres-subj,2s,--ეჭვ-ობ-დე,y
f0dfaadf-200d-4957-b14c-fa273ab4ff11,pres-subj,3s,--ეჭვ-ობ-დეს,y
f0dfaadf-200d-4957-b14c-fa273ab4ff11,pres-subj,1p,ვ--ეჭვ-ობ-დეთ,y
f0dfaadf-200d-4957-b14c-fa273ab4ff11,pres-subj,2p,--ეჭვ-ობ-დეთ,y
f0dfaadf-200d-4957-b14c-fa273ab4ff11,pres-subj,3p,--ეჭვ-ობ-დნენ,y
f0dfaadf-200d-4957-b14c-fa273ab4ff11,fut,1s,ვ-ი-ეჭვ-ებ-,y
f0dfaadf-200d-4957-b14c-fa273ab4ff11,fut,2s,-ი-ეჭვ-ებ-,y
f0dfaadf-200d-4957-b14c-fa273ab4ff11,fut,3s,-ი-ეჭვ-ებ-ს,y
f0dfaadf-200d-4957-b14c-fa273ab4ff11,fut,1p,ვ-ი-ეჭვ-ებ-თ,y
f0dfaadf-200d-4957-b14c-fa273ab4ff11,fut,2p,-ი-ეჭვ-ებ-თ,y
f0dfaadf-200d-4957-b14c-fa273ab4ff11,fut,3p,-ი-ეჭვ-ებ-ენ,y
f0dfaadf-200d-4957-b14c-fa273ab4ff11,cond,1s,ვ-ი-ეჭვ-ებ-დი,y
f0dfaadf-200d-4957-b14c-fa273ab4ff11,cond,2s,-ი-ეჭვ-ებ-დი,y
f0dfaadf-200d-4957-b14c-fa273ab4ff11,cond,3s,-ი-ეჭვ-ებ-და,y
f0dfaadf-200d-4957-b14c-fa273ab4ff11,cond,1p,ვ-ი-ეჭვ-ებ-დით,y
f0dfaadf-200d-4957-b14c-fa273ab4ff11,cond,2p,-ი-ეჭვ-ებ-დით,y
f0dfaadf-200d-4957-b14c-fa273ab4ff11,cond,3p,-ი-ეჭვ-ებ-დნენ,y
f0dfaadf-200d-4957-b14c-fa273ab4ff11,aor,1s,ვ-ი-ეჭვ--ე,y
f0dfaadf-200d-4957-b14c-fa273ab4ff11,aor,2s,-ი-ეჭვ--ე,y
f0dfaadf-200d-4957-b14c-fa273ab4ff11,aor,3s,-ი-ეჭვ--ა,y
f0dfaadf-200d-4957-b14c-fa273ab4ff11,aor,1p,ვ-ი-ეჭვ--ეთ,y
f0dfaadf-200d-4957-b14c-fa273ab4ff11,aor,2p,-ი-ეჭვ--ეთ,y
f0dfaadf-200d-4957-b14c-fa273ab4ff11,aor,3p,-ი-ეჭვ--ეს,y
f0dfaadf-200d-4957-b14c-fa273ab4ff11,opt,1s,ვ-ი-ეჭვ--,y
f0dfaadf-200d-4957-b14c-fa273ab4ff11,opt,2s,-ი-ეჭვ--,y
f0dfaadf-200d-4957-b14c-fa273ab4ff11,opt,3s,-ი-ეჭვ--ოს,y
f0dfaadf-200d-4957-b14c-fa273ab4ff11,opt,1p,ვ-ი-ეჭვ--ოთ,y
f0dfaadf-200d-4957-b14c-fa273ab4ff11,opt,2p,-ი-ეჭვ--ოთ,y
f0dfaadf-200d-4957-b14c-fa273ab4ff11,opt,3p,-ი-ეჭვ--ონ,y
be79a911-aefc-4e11-8efe-16e02c92dfa3,pres,1s,-ვ-ტვირთ-ავ-,n
be79a911-aefc-4e11-8efe-16e02c92dfa3,pres,2s,--ტვირთ-ავ-,n
be79a911-aefc-4e11-8efe-16e02c92dfa3,pres,3s,--ტვირთ-ავ-ს,n
be79a911-aefc-4e11-8efe-16e02c92dfa3,pres,1p,-ვ-ტვირთ-ავ-თ,n
be79a911-aefc-4e11-8efe-16e02c92dfa3,pres,2p,--ტვირთ-ავ-თ,n
be79a911-aefc-4e11-8efe-16e02c92dfa3,pres,3p,--ტვირთ-ავ-ენ,n
be79a911-aefc-4e11-8efe-16e02c92dfa3,imp,1s,-ვ-ტვირთ-ავ-დი,n
be79a911-aefc-4e11-8efe-16e02c92dfa3,imp,2s,--ტვირთ-ავ-დი,n
be79a911-aefc-4e11-8efe-16e02c92dfa3,imp,3s,--ტვირთ-ავ-და,n
be79a911-aefc-4e11-8efe-16e02c92dfa3,imp,1p,-ვ-ტვირთ-ავ-დით,n
be79a911-aefc-4e11-8efe-16e02c92dfa3,imp,2p,--ტვირთ-ავ-დით,n
be79a911-aefc-4e11-8efe-16e02c92dfa3,imp,3p,--ტვირთ-ავ-დნენ,n
be79a911-aefc-4e11-8efe-16e02c92dfa3,pres-subj,1s,-ვ-ტვირთ-ავ-დე,n
be79a911-aefc-4e11-8efe-16e02c92dfa3,pres-subj,2s,--ტვირთ-ავ-დე,n
be79a911-aefc-4e11-8efe-16e02c92dfa3,pres-subj,3s,--ტვირთ-ავ-დეს,n
be79a911-aefc-4e11-8efe-16e02c92dfa3,pres-subj,1p,-ვ-ტვირთ-ავ-დეთ,n
be79a911-aefc-4e11-8efe-16e02c92dfa3,pres-subj,2p,--ტვირთ-ავ-დეთ,n
be79a911-aefc-4e11-8efe-16e02c92dfa3,pres-subj,3p,--ტვირთ-ავ-დნენ,n
be79a911-aefc-4e11-8efe-16e02c92dfa3,fut,1s,ჩამო-ვ-ტვირთ-ავ-,n
be79a911-aefc-4e11-8efe-16e02c92dfa3,fut,2s,ჩამო--ტვირთ-ავ-,n
be79a911-aefc-4e11-8efe-16e02c92dfa3,fut,3s,ჩამო--ტვირთ-ავ-ს,n
be79a911-aefc-4e11-8efe-16e02c92dfa3,fut,1p,ჩამო-ვ-ტვირთ-ავ-თ,n
be79a911-aefc-4e11-8efe-16e02c92dfa3,fut,2p,ჩამო--ტვირთ-ავ-თ,n
be79a911-aefc-4e11-8efe-16e02c92dfa3,fut,3p,ჩამო--ტვირთ-ავ-ენ,n
be79a911-aefc-4e11-8efe-16e02c92dfa3,cond,1s,ჩამო-ვ-ტვირთ-ავ-დი,n
be79a911-aefc-4e11-8efe-16e02c92dfa3,cond,2s,ჩამო--ტვირთ-ავ-დი,n
be79a911-aefc-4e11-8efe-16e02c92dfa3,cond,3s,ჩამო--ტვირთ-ავ-და,n
be79a911-aefc-4e11-8efe-16e02c92dfa3,cond,1p,ჩამო-ვ-ტვირთ-ავ-დით,n
be79a911-aefc-4e11-8efe-16e02c92dfa3,cond,2p,ჩამო--ტვირთ-ავ-დით,n
be79a911-aefc-4e11-8efe-16e02c92dfa3,cond,3p,ჩამო--ტვირთ-ავ-დნენ,n
be79a911-aefc-4e11-8efe-16e02c92dfa3,aor,1s,ჩამო-ვ-ტვირთ--ე,n
be79a911-aefc-4e11-8efe-16e02c92dfa3,aor,2s,ჩამო--ტვირთ--ე,n
be79a911-aefc-4e11-8efe-16e02c92dfa3,aor,3s,ჩამო--ტვირთ--ა,n
be79a911-aefc-4e11-8efe-16e02c92dfa3,aor,1p,ჩამო-ვ-ტვირთ--ეთ,n
be79a911-aefc-4e11-8efe-16e02c92dfa3,aor,2p,ჩამო--ტვირთ--ეთ,n
be79a911-aefc-4e11-8efe-16e02c92dfa3,aor,3p,ჩამო--ტვირთ--ეს,n
be79a911-aefc-4e11-8efe-16e02c92dfa3,opt,1s,ჩამო-ვ-ტვირთ--,n
be79a911-aefc-4e11-8efe-16e02c92dfa3,opt,2s,ჩამო--ტვირთ--,n
be79a911-aefc-4e11-8efe-16e02c92dfa3,opt,3s,ჩამო--ტვირთ--ოს,n
be79a911-aefc-4e11-8efe-16e02c92dfa3,opt,1p,ჩამო-ვ-ტვირთ--ოთ,n
be79a911-aefc-4e11-8efe-16e02c92dfa3,opt,2p,ჩამო--ტვირთ--ოთ,n
be79a911-aefc-4e11-8efe-16e02c92dfa3,opt,3p,ჩამო--ტვირთ--ონ,n
25c4a6ac-325b-41a9-bc0d-3629c3f98d44,pres,1s,-ვ-ხატ-ავ-,n
25c4a6ac-325b-41a9-bc0d-3629c3f98d44,pres,2s,--ხატ-ავ-,n
25c4a6ac-325b-41a9-bc0d-3629c3f98d44,pres,3s,--ხატ-ავ-ს,n
25c4a6ac-325b-41a9-bc0d-3629c3f98d44,pres,1p,-ვ-ხატ-ავ-თ,n
25c4a6ac-325b-41a9-bc0d-3629c3f98d44,pres,2p,--ხატ-ავ-თ,n
25c4a6ac-325b-41a9-bc0d-3629c3f98d44,pres,3p,--ხატ-ავ-ენ,n
25c4a6ac-325b-41a9-bc0d-3629c3f98d44,imp,1s,-ვ-ხატ-ავ-დი,n
25c4a6ac-325b-41a9-bc0d-3629c3f98d44,imp,2s,--ხატ-ავ-დი,n
25c4a6ac-325b-41a9-bc0d-3629c3f98d44,imp,3s,--ხატ-ავ-და,n
25c4a6ac-325b-41a9-bc0d-3629c3f98d44,imp,1p,-ვ-ხატ-ავ-დით,n
25c4a6ac-325b-41a9-bc0d-3629c3f98d44,imp,2p,--ხატ-ავ-დით,n
25c4a6ac-325b-41a9-bc0d-3629c3f98d44,imp,3p,--ხატ-ავ-დნენ,n
25c4a6ac-325b-41a9-bc0d-3629c3f98d44,pres-subj,1s,-ვ-ხატ-ავ-დე,n
25c4a6ac-325b-41a9-bc0d-3629c3f98d44,pres-subj,2s,--ხატ-ავ-დე,n
25c4a6ac-325b-41a9-bc0d-3629c3f98d44,pres-subj,3s,--ხატ-ავ-დეს,n
25c4a6ac-325b-41a9-bc0d-3629c3f98d44,pres-subj,1p,-ვ-ხატ-ავ-დეთ,n
25c4a6ac-325b-41a9-bc0d-3629c3f98d44,pres-subj,2p,--ხატ-ავ-დეთ,n
25c4a6ac-325b-41a9-bc0d-3629c3f98d44,pres-subj,3p,--ხატ-ავ-დნენ,n
25c4a6ac-325b-41a9-bc0d-3629c3f98d44,fut,1s,და-ვ-ხატ-ავ-,n
25c4a6ac-325b-41a9-bc0d-3629c3f98d44,fut,2s,და--ხატ-ავ-,n
25c4a6ac-325b-41a9-bc0d-3629c3f98d44,fut,3s,და--ხატ-ავ-ს,n
25c4a6ac-325b-41a9-bc0d-3629c3f98d44,fut,1p,და-ვ-ხატ-ავ-თ,n
25c4a6ac-325b-41a9-bc0d-3629c3f98d44,fut,2p,და--ხატ-ავ-თ,n
25c4a6ac-325b-41a9-bc0d-3629c3f98d44,fut,3p,და--ხატ-ავ-ენ,n
25c4a6ac-325b-41a9-bc0d-3629c3f98d44,cond,1s,და-ვ-ხატ-ავ-დი,n
25c4a6ac-325b-41a9-bc0d-3629c3f98d44,cond,2s,და--ხატ-ავ-დი,n
25c4a6ac-325b-41a9-bc0d-3629c3f98d44,cond,3s,და--ხატ-ავ-და,n
25c4a6ac-325b-41a9-bc0d-3629c3f98d44,cond,1p,და-ვ-ხატ-ავ-დით,n
25c4a6ac-325b-41a9-bc0d-3629c3f98d44,cond,2p,და--ხატ-ავ-დით,n
25c4a6ac-325b-41a9-bc0d-3629c3f98d44,cond,3p,და--ხატ-ავ-დნენ,n
25c4a6ac-325b-41a9-bc0d-3629c3f98d44,aor,1s,და-ვ-ხატ--ე,n
25c4a6ac-325b-41a9-bc0d-3629c3f98d44,aor,2s,და--ხატ--ე,n
25c4a6ac-325b-41a9-bc0d-3629c3f98d44,aor,3s,და--ხატ--ა,n
25c4a6ac-325b-41a9-bc0d-3629c3f98d44,aor,1p,და-ვ-ხატ--ეთ,n
25c4a6ac-325b-41a9-bc0d-3629c3f98d44,aor,2p,და--ხატ--ეთ,n
25c4a6ac-325b-41a9-bc0d-3629c3f98d44,aor,3p,და--ხატ--ეს,n
25c4a6ac-325b-41a9-bc0d-3629c3f98d44,opt,1s,და-ვ-ხატ--,n
25c4a6ac-325b-41a9-bc0d-3629c3f98d44,opt,2s,და--ხატ--,n
25c4a6ac-325b-41a9-bc0d-3629c3f98d44,opt,3s,და--ხატ--ოს,n
25c4a6ac-325b-41a9-bc0d-3629c3f98d44,opt,1p,და-ვ-ხატ--ოთ,n
25c4a6ac-325b-41a9-bc0d-3629c3f98d44,opt,2p,და--ხატ--ოთ,n
25c4a6ac-325b-41a9-bc0d-3629c3f98d44,opt,3p,და--ხატ--ონ,n
bd6dbd64-c746-425b-a71f-767b16737de6,pres,1s,-ვ-ხედ-ავ-,n
bd6dbd64-c746-425b-a71f-767b16737de6,pres,2s,--ხედ-ავ-,n
bd6dbd64-c746-425b-a71f-767b16737de6,pres,3s,--ხედ-ავ-ს,n
bd6dbd64-c746-425b-a71f-767b16737de6,pres,1p,-ვ-ხედ-ავ-თ,n
bd6dbd64-c746-425b-a71f-767b16737de6,pres,2p,--ხედ-ავ-თ,n
bd6dbd64-c746-425b-a71f-767b16737de6,pres,3p,--ხედ-ავ-ენ,n
bd6dbd64-c746-425b-a71f-767b16737de6,imp,1s,-ვ-ხედ-ავ-დი,n
bd6dbd64-c746-425b-a71f-767b16737de6,imp,2s,--ხედ-ავ-დი,n
bd6dbd64-c746-425b-a71f-767b16737de6,imp,3s,--ხედ-ავ-და,n
bd6dbd64-c746-425b-a71f-767b16737de6,imp,1p,-ვ-ხედ-ავ-დით,n
bd6dbd64-c746-425b-a71f-767b16737de6,imp,2p,--ხედ-ავ-დით,n
bd6dbd64-c746-425b-a71f-767b16737de6,imp,3p,--ხედ-ავ-დნენ,n
bd6dbd64-c746-425b-a71f-767b16737de6,pres-subj,1s,-ვ-ხედ-ავ-დე,n
bd6dbd64-c746-425b-a71f-767b16737de6,pres-subj,2s,--ხედ-ავ-დე,n
bd6dbd64-c746-425b-a71f-767b16737de6,pres-subj,3s,--ხედ-ავ-დეს,n
bd6dbd64-c746-425b-a71f-767b16737de6,pres-subj,1p,-ვ-ხედ-ავ-დეთ,n
bd6dbd64-c746-425b-a71f-767b16737de6,pres-subj,2p,--ხედ-ავ-დეთ,n
bd6dbd64-c746-425b-a71f-767b16737de6,pres-subj,3p,--ხედ-ავ-დნენ,n
bd6dbd64-c746-425b-a71f-767b16737de6,fut,1s,-ვ-ნახ-ავ-,n
bd6dbd64-c746-425b-a71f-767b16737de6,fut,2s,--ნახ-ავ-,n
bd6dbd64-c746-425b-a71f-767b16737de6,fut,3s,--ნახ-ავ-ს,n
bd6dbd64-c746-425b-a71f-767b16737de6,fut,1p,-ვ-ნახ-ავ-თ,n
bd6dbd64-c746-425b-a71f-767b16737de6,fut,2p,--ნახ-ავ-თ,n
bd6dbd64-c746-425b-a71f-767b16737de6,fut,3p,--ნახ-ავ-ენ,n
bd6dbd64-c746-425b-a71f-767b16737de6,cond,1s,-ვ-ნახ-ავ-დი,n
bd6dbd64-c746-425b-a71f-767b16737de6,cond,2s,--ნახ-ავ-დი,n
bd6dbd64-c746-425b-a71f-767b16737de6,cond,3s,--ნახ-ავ-და,n
bd6dbd64-c746-425b-a71f-767b16737de6,cond,1p,-ვ-ნახ-ავ-დით,n
bd6dbd64-c746-425b-a71f-767b16737de6,cond,2p,--ნახ-ავ-დით,n
bd6dbd64-c746-425b-a71f-767b16737de6,cond,3p,--ნახ-ავ-დნენ,n
bd6dbd64-c746-425b-a71f-767b16737de6,aor,1s,-ვ-ნახ--ე,n
bd6dbd64-c746-425b-a71f-767b16737de6,aor,2s,--ნახ--ე,n
bd6dbd64-c746-425b-a71f-767b16737de6,aor,3s,--ნახ--ა,n
bd6dbd64-c746-425b-a71f-767b16737de6,aor,1p,-ვ-ნახ--ეთ,n
bd6dbd64-c746-425b-a71f-767b16737de6,aor,2p,--ნახ--ეთ,n
bd6dbd64-c746-425b-a71f-767b16737de6,aor,3p,--ნახ--ეს,n
bd6dbd64-c746-425b-a71f-767b16737de6,opt,1s,-ვ-ნახ--,n
bd6dbd64-c746-425b-a71f-767b16737de6,opt,2s,--ნახ--,n
bd6dbd64-c746-425b-a71f-767b16737de6,opt,3s,--ნახ--ოს,n
bd6dbd64-c746-425b-a71f-767b16737de6,opt,1p,-ვ-ნახ--ოთ,n
bd6dbd64-c746-425b-a71f-767b16737de6,opt,2p,--ნახ--ოთ,n
bd6dbd64-c746-425b-a71f-767b16737de6,opt,3p,--ნახ--ონ,n
bd4651de-fa9d-4056-95ee-1748197c4c9c,pres,1s,-ვ-სვ-ამ-,n
bd4651de-fa9d-4056-95ee-1748197c4c9c,pres,2s,--სვ-ამ-,n
bd4651de-fa9d-4056-95ee-1748197c4c9c,pres,3s,--სვ-ამ-ს,n
bd4651de-fa9d-4056-95ee-1748197c4c9c,pres,1p,-ვ-სვ-ამ-თ,n
bd4651de-fa9d-4056-95ee-1748197c4c9c,pres,2p,--სვ-ამ-თ,n
bd4651de-fa9d-4056-95ee-1748197c4c9c,pres,3p,--სვ-ამ-ენ,n
bd4651de-fa9d-4056-95ee-1748197c4c9c,imp,1s,-ვ-სვ-ამ-დი,n
bd4651de-fa9d-4056-95ee-1748197c4c9c,imp,2s,--სვ-ამ-დი,n
bd4651de-fa9d-4056-95ee-1748197c4c9c,imp,3s,--სვ-ამ-და,n
bd4651de-fa9d-4056-95ee-1748197c4c9c,imp,1p,-ვ-სვ-ამ-დით,n
bd4651de-fa9d-4056-95ee-1748197c4c9c,imp,2p,--სვ-ამ-დით,n
bd4651de-fa9d-4056-95ee-1748197c4c9c,imp,3p,--სვ-ამ-დნენ,n
bd4651de-fa9d-4056-95ee-1748197c4c9c,pres-subj,1s,-ვ-სვ-ამ-დე,n
bd4651de-fa9d-4056-95ee-1748197c4c9c,pres-subj,2s,--სვ-ამ-დე,n
bd4651de-fa9d-4056-95ee-1748197c4c9c,pres-subj,3s,--სვ-ამ-დეს,n
bd4651de-fa9d-4056-95ee-1748197c4c9c,pres-subj,1p,-ვ-სვ-ამ-დეთ,n
bd4651de-fa9d-4056-95ee-1748197c4c9c,pres-subj,2p,--სვ-ამ-დეთ,n
bd4651de-fa9d-4056-95ee-1748197c4c9c,pres-subj,3p,--სვ-ამ-დნენ,n
bd4651de-fa9d-4056-95ee-1748197c4c9c,fut,1s,და-ვ-ლ-ევ-,n
bd4651de-fa9d-4056-95ee-1748197c4c9c,fut,2s,და--ლ-ევ-,n
bd4651de-fa9d-4056-95ee-1748197c4c9c,fut,3s,და--ლ-ევ-ს,n
bd4651de-fa9d-4056-95ee-1748197c4c9c,fut,1p,და-ვ-ლ-ევ-თ,n
bd4651de-fa9d-4056-95ee-1748197c4c9c,fut,2p,და--ლ-ევ-თ,n
bd4651de-fa9d-4056-95ee-1748197c4c9c,fut,3p,და--ლ-ევ-ენ,n
bd4651de-fa9d-4056-95ee-1748197c4c9c,cond,1s,და-ვ-ლ-ევ-დი,n
bd4651de-fa9d-4056-95ee-1748197c4c9c,cond,2s,და--ლ-ევ-დი,n
bd4651de-fa9d-4056-95ee-1748197c4c9c,cond,3s,და--ლ-ევ-და,n
bd4651de-fa9d-4056-95ee-1748197c4c9c,cond,1p,და-ვ-ლ-ევ-დით,n
bd4651de-fa9d-4056-95ee-1748197c4c9c,cond,2p,და--ლ-ევ-დით,n
bd4651de-fa9d-4056-95ee-1748197c4c9c,cond,3p,და--ლ-ევ-დნენ,n
bd4651de-fa9d-4056-95ee-1748197c4c9c,aor,1s,და-ვ-ლი--ე,n
bd4651de-fa9d-4056-95ee-1748197c4c9c,aor,2s,და--ლი--ე,n
bd4651de-fa9d-4056-95ee-1748197c4c9c,aor,3s,და--ლი--ა,n
bd4651de-fa9d-4056-95ee-1748197c4c9c,aor,1p,და-ვ-ლი--ეთ,n
bd4651de-fa9d-4056-95ee-1748197c4c9c,aor,2p,და--ლი--ეთ,n
bd4651de-fa9d-4056-95ee-1748197c4c9c,aor,3p,და--ლი--ეს,n
bd4651de-fa9d-4056-95ee-1748197c4c9c,opt,1s,და-ვ-ლი--,n
bd4651de-fa9d-4056-95ee-1748197c4c9c,opt,2s,და--ლი--,n
bd4651de-fa9d-4056-95ee-1748197c4c9c,opt,3s,და--ლი--ოს,n
bd4651de-fa9d-4056-95ee-1748197c4c9c,opt,1p,და-ვ-ლი--ოთ,n
bd4651de-fa9d-4056-95ee-1748197c4c9c,opt,2p,და--ლი--ოთ,n
bd4651de-fa9d-4056-95ee-1748197c4c9c,opt,3p,და--ლი--ონ,n
18fe7cd4-2434-4bc8-b663-adccb781f185,pres,1s,-ვ-ატარ-ებ-,n
18fe7cd4-2434-4bc8-b663-adccb781f185,pres,2s,--ატარ-ებ-,n
18fe7cd4-2434-4bc8-b663-adccb781f185,pres,3s,--ატარ-ებ-ს,n
18fe7cd4-2434-4bc8-b663-adccb781f185,pres,1p,-ვ-ატარ-ებ-თ,n
18fe7cd4-2434-4bc8-b663-adccb781f185,pres,2p,--ატარ-ებ-თ,n
18fe7cd4-2434-4bc8-b663-adccb781f185,pres,3p,--ატარ-ებ-ენ,n
18fe7cd4-2434-4bc8-b663-adccb781f185,imp,1s,-ვ-ატარ-ებ-დი,n
18fe7cd4-2434-4bc8-b663-adccb781f185,imp,2s,--ატარ-ებ-დი,n
18fe7cd4-2434-4bc8-b663-adccb781f185,imp,3s,--ატარ-ებ-და,n
18fe7cd4-2434-4bc8-b663-adccb781f185,imp,1p,-ვ-ატარ-ებ-დით,n
18fe7cd4-2434-4bc8-b663-adccb781f185,imp,2p,--ატარ-ებ-დით,n
18fe7cd4-2434-4bc8-b663-adccb781f185,imp,3p,--ატარ-ებ-დნენ,n
18fe7cd4-2434-4bc8-b663-adccb781f185,pres-subj,1s,-ვ-ატარ-ებ-დე,n
18fe7cd4-2434-4bc8-b663-adccb781f185,pres-subj,2s,--ატარ-ებ-დე,n
18fe7cd4-2434-4bc8-b663-adccb781f185,pres-subj,3s,--ატარ-ებ-დეს,n
18fe7cd4-2434-4bc8-b663-adccb781f185,pres-subj,1p,-ვ-ატარ-ებ-დეთ,n
18fe7cd4-2434-4bc8-b663-adccb781f185,pres-subj,2p,--ატარ-ებ-დეთ,n
18fe7cd4-2434-4bc8-b663-adccb781f185,pres-subj,3p,--ატარ-ებ-დნენ,n
18fe7cd4-2434-4bc8-b663-adccb781f185,fut,1s,გა-ვ-ატარ-ებ-,n
18fe7cd4-2434-4bc8-b663-adccb781f185,fut,2s,გა--ატარ-ებ-,n
18fe7cd4-2434-4bc8-b663-adccb781f185,fut,3s,გა--ატარ-ებ-ს,n
18fe7cd4-2434-4bc8-b663-adccb781f185,fut,1p,გა-ვ-ატარ-ებ-თ,n
18fe7cd4-2434-4bc8-b663-adccb781f185,fut,2p,გა--ატარ-ებ-თ,n
18fe7cd4-2434-4bc8-b663-adccb781f185,fut,3p,გა--ატარ-ებ-ენ,n
18fe7cd4-2434-4bc8-b663-adccb781f185,cond,1s,გა-ვ-ატარ-ებ-დი,n
18fe7cd4-2434-4bc8-b663-adccb781f185,cond,2s,გა--ატარ-ებ-დი,n
18fe7cd4-2434-4bc8-b663-adccb781f185,cond,3s,გა--ატარ-ებ-და,n
18fe7cd4-2434-4bc8-b663-adccb781f185,cond,1p,გა-ვ-ატარ-ებ-დით,n
18fe7cd4-2434-4bc8-b663-adccb781f185,cond,2p,გა--ატარ-ებ-დით,n
18fe7cd4-2434-4bc8-b663-adccb781f185,cond,3p,გა--ატარ-ებ-დნენ,n
18fe7cd4-2434-4bc8-b663-adccb781f185,aor,1s,გა-ვ-ატარ--ე,n
18fe7cd4-2434-4bc8-b663-adccb781f185,aor,2s,გა--ატარ--ე,n
18fe7cd4-2434-4bc8-b663-adccb781f185,aor,3s,გა--ატარ--ა,n
18fe7cd4-2434-4bc8-b663-adccb781f185,aor,1p,გა-ვ-ატარ--ეთ,n
18fe7cd4-2434-4bc8-b663-adccb781f185,aor,2p,გა--ატარ--ეთ,n
18fe7cd4-2434-4bc8-b663-adccb781f185,aor,3p,გა--ატარ--ეს,n
18fe7cd4-2434-4bc8-b663-adccb781f185,opt,1s,გა-ვ-ატარ--,n
18fe7cd4-2434-4bc8-b663-adccb781f185,opt,2s,გა--ატარ--,n
18fe7cd4-2434-4bc8-b663-adccb781f185,opt,3s,გა--ატარ--ოს,n
18fe7cd4-2434-4bc8-b663-adccb781f185,opt,1p,გა-ვ-ატარ--ოთ,n
18fe7cd4-2434-4bc8-b663-adccb781f185,opt,2p,გა--ატარ--ოთ,n
18fe7cd4-2434-4bc8-b663-adccb781f185,opt,3p,გა--ატარ--ონ,n
393fe862-19db-4087-817d-f15d9dea714c,pres,1s,-ვ-იღებ-ავ-,n
393fe862-19db-4087-817d-f15d9dea714c,pres,2s,--იღებ-ავ-,n
393fe862-19db-4087-817d-f15d9dea714c,pres,3s,--იღებ-ავ-ს,n
393fe862-19db-4087-817d-f15d9dea714c,pres,1p,-ვ-იღებ-ავ-თ,n
393fe862-19db-4087-817d-f15d9dea714c,pres,2p,--იღებ-ავ-თ,n
393fe862-19db-4087-817d-f15d9dea714c,pres,3p,--იღებ-ავ-ენ,n
393fe862-19db-4087-817d-f15d9dea714c,imp,1s,-ვ-იღებ-ავ-დი,n
393fe862-19db-4087-817d-f15d9dea714c,imp,2s,--იღებ-ავ-დი,n
393fe862-19db-4087-817d-f15d9dea714c,imp,3s,--იღებ-ავ-და,n
393fe862-19db-4087-817d-f15d9dea714c,imp,1p,-ვ-იღებ-ავ-დით,n
393fe862-19db-4087-817d-f15d9dea714c,imp,2p,--იღებ-ავ-დით,n
393fe862-19db-4087-817d-f15d9dea714c,imp,3p,--იღებ-ავ-დნენ,n
393fe862-19db-4087-817d-f15d9dea714c,pres-subj,1s,-ვ-იღებ-ავ-დე,n
393fe862-19db-4087-817d-f15d9dea714c,pres-subj,2s,--იღებ-ავ-დე,n
393fe862-19db-4087-817d-f15d9dea714c,pres-subj,3s,--იღებ-ავ-დეს,n
393fe862-19db-4087-817d-f15d9dea714c,pres-subj,1p,-ვ-იღებ-ავ-დეთ,n
393fe862-19db-4087-817d-f15d9dea714c,pres-subj,2p,--იღებ-ავ-დეთ,n
393fe862-19db-4087-817d-f15d9dea714c,pres-subj,3p,--იღებ-ავ-დნენ,n
393fe862-19db-4087-817d-f15d9dea714c,fut,1s,შე-ვ-იღებ-ავ-,n
393fe862-19db-4087-817d-f15d9dea714c,fut,2s,შე--იღებ-ავ-,n
393fe862-19db-4087-817d-f15d9dea714c,fut,3s,შე--იღებ-ავ-ს,n
393fe862-19db-4087-817d-f15d9dea714c,fut,1p,შე-ვ-იღებ-ავ-თ,n
393fe862-19db-4087-817d-f15d9dea714c,fut,2p,შე--იღებ-ავ-თ,n
393fe862-19db-4087-817d-f15d9dea714c,fut,3p,შე--იღებ-ავ-ენ,n
393fe862-19db-4087-817d-f15d9dea714c,cond,1s,შე-ვ-იღებ-ავ-დი,n
393fe862-19db-4087-817d-f15d9dea714c,cond,2s,შე--იღებ-ავ-დი,n
393fe862-19db-4087-817d-f15d9dea714c,cond,3s,შე--იღებ-ავ-და,n
393fe862-19db-4087-817d-f15d9dea714c,cond,1p,შე-ვ-იღებ-ავ-დით,n
393fe862-19db-4087-817d-f15d9dea714c,cond,2p,შე--იღებ-ავ-დით,n
393fe862-19db-4087-817d-f15d9dea714c,cond,3p,შე--იღებ-ავ-დნენ,n
393fe862-19db-4087-817d-f15d9dea714c,aor,1s,შე-ვ-იღებ--ე,n
393fe862-19db-4087-817d-f15d9dea714c,aor,2s,შე--იღებ--ე,n
393fe862-19db-4087-817d-f15d9dea714c,aor,3s,შე--იღებ--ა,n
393fe862-19db-4087-817d-f15d9dea714c,aor,1p,შე-ვ-იღებ--ეთ,n
393fe862-19db-4087-817d-f15d9dea714c,aor,2p,შე--იღებ--ეთ,n
393fe862-19db-4087-817d-f15d9dea714c,aor,3p,შე--იღებ--ეს,n
393fe862-19db-4087-817d-f15d9dea714c,opt,1s,შე-ვ-იღებ--,n
393fe862-19db-4087-817d-f15d9dea714c,opt,2s,შე--იღებ--,n
393fe862-19db-4087-817d-f15d9dea714c,opt,3s,შე--იღებ--ოს,n
393fe862-19db-4087-817d-f15d9dea714c,opt,1p,შე-ვ-იღებ--ოთ,n
393fe862-19db-4087-817d-f15d9dea714c,opt,2p,შე--იღებ--ოთ,n
393fe862-19db-4087-817d-f15d9dea714c,opt,3p,შე--იღებ--ონ,n
4ac2fb6e-af21-4661-ae69-385ab37b5f05,pres,1s,-ვ-ჭამ--,n
4ac2fb6e-af21-4661-ae69-385ab37b5f05,pres,2s,--ჭამ--,n
4ac2fb6e-af21-4661-ae69-385ab37b5f05,pres,3s,--ჭამ--ს,n
4ac2fb6e-af21-4661-ae69-385ab37b5f05,pres,1p,-ვ-ჭამ--თ,n
4ac2fb6e-af21-4661-ae69-385ab37b5f05,pres,2p,--ჭამ--თ,n
4ac2fb6e-af21-4661-ae69-385ab37b5f05,pres,3p,--ჭამ--ენ,n
4ac2fb6e-af21-4661-ae69-385ab37b5f05,imp,1s,-ვ-ჭამ--დი,n
4ac2fb6e-af21-4661-ae69-385ab37b5f05,imp,2s,--ჭამ--დი,n
4ac2fb6e-af21-4661-ae69-385ab37b5f05,imp,3s,--ჭამ--და,n
4ac2fb6e-af21-4661-ae69-385ab37b5f05,imp,1p,-ვ-ჭამ--დით,n
4ac2fb6e-af21-4661-ae69-385ab37b5f05,imp,2p,--ჭამ--დით,n
4ac2fb6e-af21-4661-ae69-385ab37b5f05,imp,3p,--ჭამ--დნენ,n
4ac2fb6e-af21-4661-ae69-385ab37b5f05,pres-subj,1s,-ვ-ჭამ--დე,n
4ac2fb6e-af21-4661-ae69-385ab37b5f05,pres-subj,2s,--ჭამ--დე,n
4ac2fb6e-af21-4661-ae69-385ab37b5f05,pres-subj,3s,--ჭამ--დეს,n
4ac2fb6e-af21-4661-ae69-385ab37b5f05,pres-subj,1p,-ვ-ჭამ--დეთ,n
4ac2fb6e-af21-4661-ae69-385ab37b5f05,pres-subj,2p,--ჭამ--დეთ,n
4ac2fb6e-af21-4661-ae69-385ab37b5f05,pres-subj,3p,--ჭამ--დნენ,n
4ac2fb6e-af21-4661-ae69-385ab37b5f05,fut,1s,შე-ვ-ჭამ--,n
4ac2fb6e-af21-4661-ae69-385ab37b5f05,fut,2s,შე--ჭამ--,n
4ac2fb6e-af21-4661-ae69-385ab37b5f05,fut,3s,შე--ჭამ--ს,n
4ac2fb6e-af21-4661-ae69-385ab37b5f05,fut,1p,შე-ვ-ჭამ--თ,n
4ac2fb6e-af21-4661-ae69-385ab37b5f05,fut,2p,შე--ჭამ--თ,n
4ac2fb6e-af21-4661-ae69-385ab37b5f05,fut,3p,შე--ჭამ--ენ,n
4ac2fb6e-af21-4661-ae69-385ab37b5f05,cond,1s,შე-ვ-ჭამ--დი,n
4ac2fb6e-af21-4661-ae69-385ab37b5f05,cond,2s,შე--ჭამ--დი,n
4ac2fb6e-af21-4661-ae69-385ab37b5f05,cond,3s,შე--ჭამ--და,n
4ac2fb6e-af21-4661-ae69-385ab37b5f05,cond,1p,შე-ვ-ჭამ--დით,n
4ac2fb6e-af21-4661-ae69-385ab37b5f05,cond,2p,შე--ჭამ--დით,n
4ac2fb6e-af21-4661-ae69-385ab37b5f05,cond,3p,შე--ჭამ--დნენ,n
4ac2fb6e-af21-4661-ae69-385ab37b5f05,aor,1s,შე-ვ-ჭამ--ე,n
4ac2fb6e-af21-4661-ae69-385ab37b5f05,aor,2s,შე--ჭამ--ე,n
4ac2fb6e-af21-4661-ae69-385ab37b5f05,aor,3s,შე--ჭამ--ა,n
4ac2fb6e-af21-4661-ae69-385ab37b5f05,aor,1p,შე-ვ-ჭამ--ეთ,n
4ac2fb6e-af21-4661-ae69-385ab37b5f05,aor,2p,შე--ჭამ--ეთ,n
4ac2fb6e-af21-4661-ae69-385ab37b5f05,aor,3p,შე--ჭამ--ეს,n
4ac2fb6e-af21-4661-ae69-385ab37b5f05,opt,1s,შე-ვ-ჭამ--,n
4ac2fb6e-af21-4661-ae69-385ab37b5f05,opt,2s,შე--ჭამ--,n
4ac2fb6e-af21-4661-ae69-385ab37b5f05,opt,3s,შე--ჭამ--ოს,n
4ac2fb6e-af21-4661-ae69-385ab37b5f05,opt,1p,შე-ვ-ჭამ--ოთ,n
4ac2fb6e-af21-4661-ae69-385ab37b5f05,opt,2p,შე--ჭამ--ოთ,n
4ac2fb6e-af21-4661-ae69-385ab37b5f05,opt,3p,შე--ჭამ--ონ,n
e59613de-7d8b-44e7-b9e1-ccd86140112d,pres,1s,ამო-ვ-ყვინთ-ავ-,n
e59613de-7d8b-44e7-b9e1-ccd86140112d,pres,2s,ამო--ყვინთ-ავ-,n
e59613de-7d8b-44e7-b9e1-ccd86140112d,pres,3s,ამო--ყვინთ-ავ-ს,n
e59613de-7d8b-44e7-b9e1-ccd86140112d,pres,1p,ამო-ვ-ყვინთ-ავ-თ,n
e59613de-7d8b-44e7-b9e1-ccd86140112d,pres,2p,ამო--ყვინთ-ავ-თ,n
e59613de-7d8b-44e7-b9e1-ccd86140112d,pres,3p,ამო--ყვინთ-ავ-ენ,n
e59613de-7d8b-44e7-b9e1-ccd86140112d,imp,1s,ამო-ვ-ყვინთ-ავ-დი,n
e59613de-7d8b-44e7-b9e1-ccd86140112d,imp,2s,ამო--ყვინთ-ავ-დი,n
e59613de-7d8b-44e7-b9e1-ccd86140112d,imp,3s,ამო--ყვინთ-ავ-და,n
e59613de-7d8b-44e7-b9e1-ccd86140112d,imp,1p,ამო-ვ-ყვინთ-ავ-დით,n
e59613de-7d8b-44e7-b9e1-ccd86140112d,imp,2p,ამო--ყვინთ-ავ-დით,n
e59613de-7d8b-44e7-b9e1-ccd86140112d,imp,3p,ამო--ყვინთ-ავ-დნენ,n
e59613de-7d8b-44e7-b9e1-ccd86140112d,pres-subj,1s,ამო-ვ-ყვინთ-ავ-დე,n
e59613de-7d8b-44e7-b9e1-ccd86140112d,pres-subj,2s,ამო--ყვინთ-ავ-დე,n
e59613de-7d8b-44e7-b9e1-ccd86140112d,pres-subj,3s,ამო--ყვინთ-ავ-დეს,n
e59613de-7d8b-44e7-b9e1-ccd86140112d,pres-subj,1p,ამო-ვ-ყვინთ-ავ-დეთ,n
e59613de-7d8b-44e7-b9e1-ccd86140112d,pres-subj,2p,ამო--ყვინთ-ავ-დეთ,n
e59613de-7d8b-44e7-b9e1-ccd86140112d,pres-subj,3p,ამო--ყვინთ-ავ-დნენ,n
e59613de-7d8b-44e7-b9e1-ccd86140112d,fut,1s,ამო-ვ-ყვინთ-ავ-,n
e59613de-7d8b-44e7-b9e1-ccd86140112d,fut,2s,ამო--ყვინთ-ავ-,n
e59613de-7d8b-44e7-b9e1-ccd86140112d,fut,3s,ამო--ყვინთ-ავ-ს,n
e59613de-7d8b-44e7-b9e1-ccd86140112d,fut,1p,ამო-ვ-ყვინთ-ავ-თ,n
e59613de-7d8b-44e7-b9e1-ccd86140112d,fut,2p,ამო--ყვინთ-ავ-თ,n
e59613de-7d8b-44e7-b9e1-ccd86140112d,fut,3p,ამო--ყვინთ-ავ-ენ,n
e59613de-7d8b-44e7-b9e1-ccd86140112d,cond,1s,ამო-ვ-ყვინთ-ავ-დი,n
e59613de-7d8b-44e7-b9e1-ccd86140112d,cond,2s,ამო--ყვინთ-ავ-დი,n
e59613de-7d8b-44e7-b9e1-ccd86140112d,cond,3s,ამო--ყვინთ-ავ-და,n
e59613de-7d8b-44e7-b9e1-ccd86140112d,cond,1p,ამო-ვ-ყვინთ-ავ-დით,n
e59613de-7d8b-44e7-b9e1-ccd86140112d,cond,2p,ამო--ყვინთ-ავ-დით,n
e59613de-7d8b-44e7-b9e1-ccd86140112d,cond,3p,ამო--ყვინთ-ავ-დნენ,n
e59613de-7d8b-44e7-b9e1-ccd86140112d,aor,1s,ამო-ვ-ყვინთ--ე,n
e59613de-7d8b-44e7-b9e1-ccd86140112d,aor,2s,ამო--ყვინთ--ე,n
e59613de-7d8b-44e7-b9e1-ccd86140112d,aor,3s,ამო--ყვინთ--ა,n
e59613de-7d8b-44e7-b9e1-ccd86140112d,aor,1p,ამო-ვ-ყვინთ--ეთ,n
e59613de-7d8b-44e7-b9e1-ccd86140112d,aor,2p,ამო--ყვინთ--ეთ,n
e59613de-7d8b-44e7-b9e1-ccd86140112d,aor,3p,ამო--ყვინთ--ეს,n
e59613de-7d8b-44e7-b9e1-ccd86140112d,opt,1s,ამო-ვ-ყვინთ--,n
e59613de-7d8b-44e7-b9e1-ccd86140112d,opt,2s,ამო--ყვინთ--,n
e59613de-7d8b-44e7-b9e1-ccd86140112d,opt,3s,ამო--ყვინთ--ოს,n
e59613de-7d8b-44e7-b9e1-ccd86140112d,opt,1p,ამო-ვ-ყვინთ--ოთ,n
e59613de-7d8b-44e7-b9e1-ccd86140112d,opt,2p,ამო--ყვინთ--ოთ,n
e59613de-7d8b-44e7-b9e1-ccd86140112d,opt,3p,ამო--ყვინთ--ონ,n
5a9f7d3a-76a2-4970-af62-99fc7ec0ee43,pres,1s,-ვ-ცლ-ი-,n
5a9f7d3a-76a2-4970-af62-99fc7ec0ee43,pres,2s,--ცლ-ი-,n
5a9f7d3a-76a2-4970-af62-99fc7ec0ee43,pres,3s,--ცლ-ი-ს,n
5a9f7d3a-76a2-4970-af62-99fc7ec0ee43,pres,1p,-ვ-ცლ-ი-თ,n
5a9f7d3a-76a2-4970-af62-99fc7ec0ee43,pres,2p,--ცლ-ი-თ,n
5a9f7d3a-76a2-4970-af62-99fc7ec0ee43,pres,3p,--ცლ-ი-ან,n
5a9f7d3a-76a2-4970-af62-99fc7ec0ee43,imp,1s,-ვ-ცლ-ი-დი,n
5a9f7d3a-76a2-4970-af62-99fc7ec0ee43,imp,2s,--ცლ-ი-დი,n
5a9f7d3a-76a2-4970-af62-99fc7ec0ee43,imp,3s,--ცლ-ი-და,n
5a9f7d3a-76a2-4970-af62-99fc7ec0ee43,imp,1p,-ვ-ცლ-ი-დით,n
5a9f7d3a-76a2-4970-af62-99fc7ec0ee43,imp,2p,--ცლ-ი-დით,n
5a9f7d3a-76a2-4970-af62-99fc7ec0ee43,imp,3p,--ცლ-ი-დნენ,n
5a9f7d3a-76a2-4970-af62-99fc7ec0ee43,pres-subj,1s,-ვ-ცლ-ი-დე,n
5a9f7d3a-76a2-4970-af62-99fc7ec0ee43,pres-subj,2s,--ცლ-ი-დე,n
5a9f7d3a-76a2-4970-af62-99fc7ec0ee43,pres-subj,3s,--ცლ-ი-დეს,n
5a9f7d3a-76a2-4970-af62-99fc7ec0ee43,pres-subj,1p,-ვ-ცლ-ი-დეთ,n
5a9f7d3a-76a2-4970-af62-99fc7ec0ee43,pres-subj,2p,--ცლ-ი-დეთ,n
5a9f7d3a-76a2-4970-af62-99fc7ec0ee43,pres-subj,3p,--ცლ-ი-დნენ,n
5a9f7d3a-76a2-4970-af62-99fc7ec0ee43,fut,1s,და-ვ-ცლ-ი-,n
5a9f7d3a-76a2-4970-af62-99fc7ec0ee43,fut,2s,და--ცლ-ი-,n
5a9f7d3a-76a2-4970-af62-99fc7ec0ee43,fut,3s,და--ცლ-ი-ს,n
5a9f7d3a-76a2-4970-af62-99fc7ec0ee43,fut,1p,და-ვ-ცლ-ი-თ,n
5a9f7d3a-76a2-4970-af62-99fc7ec0ee43,fut,2p,და--ცლ-ი-თ,n
5a9f7d3a-76a2-4970-af62-99fc7ec0ee43,fut,3p,და--ცლ-ი-ან,n
5a9f7d3a-76a2-4970-af62-99fc7ec0ee43,cond,1s,და-ვ-ცლ-ი-დი,n
5a9f7d3a-76a2-4970-af62-99fc7ec0ee43,cond,2s,და--ცლ-ი-დი,n
5a9f7d3a-76a2-4970-af62-99fc7ec0ee43,cond,3s,და--ცლ-ი-და,n
5a9f7d3a-76a2-4970-af62-99fc7ec0ee43,cond,1p,და-ვ-ცლ-ი-დით,n
5a9f7d3a-76a2-4970-af62-99fc7ec0ee43,cond,2p,და--ცლ-ი-დით,n
5a9f7d3a-76a2-4970-af62-99fc7ec0ee43,cond,3p,და--ცლ-ი-დნენ,n
5a9f7d3a-76a2-4970-af62-99fc7ec0ee43,aor,1s,და-ვ-ცალ--ე,n
5a9f7d3a-76a2-4970-af62-99fc7ec0ee43,aor,2s,და--ცალ--ე,n
5a9f7d3a-76a2-4970-af62-99fc7ec0ee43,aor,3s,და--ცალ--ა,n
5a9f7d3a-76a2-4970-af62-99fc7ec0ee43,aor,1p,და-ვ-ცალ--ეთ,n
5a9f7d3a-76a2-4970-af62-99fc7ec0ee43,aor,2p,და--ცალ--ეთ,n
5a9f7d3a-76a2-4970-af62-99fc7ec0ee43,aor,3p,და--ცალ--ეს,n
5a9f7d3a-76a2-4970-af62-99fc7ec0ee43,opt,1s,და-ვ-ცალ--,n
5a9f7d3a-76a2-4970-af62-99fc7ec0ee43,opt,2s,და--ცალ--,n
5a9f7d3a-76a2-4970-af62-99fc7ec0ee43,opt,3s,და--ცალ--ოს,n
5a9f7d3a-76a2-4970-af62-99fc7ec0ee43,opt,1p,და-ვ-ცალ--ოთ,n
5a9f7d3a-76a2-4970-af62-99fc7ec0ee43,opt,2p,და--ცალ--ოთ,n
5a9f7d3a-76a2-4970-af62-99fc7ec0ee43,opt,3p,და--ცალ--ონ,n
0cf65f81-1d6a-4655-a62c-c95e36b24b24,pres,1s,-ვ-ამხნევ-ებ-,n
0cf65f81-1d6a-4655-a62c-c95e36b24b24,pres,2s,--ამხნევ-ებ-,n
0cf65f81-1d6a-4655-a62c-c95e36b24b24,pres,3s,--ამხნევ-ებ-ს,n
0cf65f81-1d6a-4655-a62c-c95e36b24b24,pres,1p,-ვ-ამხნევ-ებ-თ,n
0cf65f81-1d6a-4655-a62c-c95e36b24b24,pres,2p,--ამხნევ-ებ-თ,n
0cf65f81-1d6a-4655-a62c-c95e36b24b24,pres,3p,--ამხნევ-ებ-ენ,n
0cf65f81-1d6a-4655-a62c-c95e36b24b24,imp,1s,-ვ-ამხნევ-ებ-დი,n
0cf65f81-1d6a-4655-a62c-c95e36b24b24,imp,2s,--ამხნევ-ებ-დი,n
0cf65f81-1d6a-4655-a62c-c95e36b24b24,imp,3s,--ამხნევ-ებ-და,n
0cf65f81-1d6a-4655-a62c-c95e36b24b24,imp,1p,-ვ-ამხნევ-ებ-დით,n
0cf65f81-1d6a-4655-a62c-c95e36b24b24,imp,2p,--ამხნევ-ებ-დით,n
0cf65f81-1d6a-4655-a62c-c95e36b24b24,imp,3p,--ამხნევ-ებ-დნენ,n
0cf65f81-1d6a-4655-a62c-c95e36b24b24,pres-subj,1s,-ვ-ამხნევ-ებ-დე,n
0cf65f81-1d6a-4655-a62c-c95e36b24b24,pres-subj,2s,--ამხნევ-ებ-დე,n
0cf65f81-1d6a-4655-a62c-c95e36b24b24,pres-subj,3s,--ამხნევ-ებ-დეს,n
0cf65f81-1d6a-4655-a62c-c95e36b24b24,pres-subj,1p,-ვ-ამხნევ-ებ-დეთ,n
0cf65f81-1d6a-4655-a62c-c95e36b24b24,pres-subj,2p,--ამხნევ-ებ-დეთ,n
0cf65f81-1d6a-4655-a62c-c95e36b24b24,pres-subj,3p,--ამხნევ-ებ-დნენ,n
0cf65f81-1d6a-4655-a62c-c95e36b24b24,fut,1s,გა-ვ-ამხნევ-ებ-,n
0cf65f81-1d6a-4655-a62c-c95e36b24b24,fut,2s,გა--ამხნევ-ებ-,n
0cf65f81-1d6a-4655-a62c-c95e36b24b24,fut,3s,გა--ამხნევ-ებ-ს,n
0cf65f81-1d6a-4655-a62c-c95e36b24b24,fut,1p,გა-ვ-ამხნევ-ებ-თ,n
0cf65f81-1d6a-4655-a62c-c95e36b24b24,fut,2p,გა--ამხნევ-ებ-თ,n
0cf65f81-1d6a-4655-a62c-c95e36b24b24,fut,3p,გა--ამხნევ-ებ-ენ,n
0cf65f81-1d6a-4655-a62c-c95e36b24b24,cond,1s,გა-ვ-ამხნევ-ებ-დი,n
0cf65f81-1d6a-4655-a62c-c95e36b24b24,cond,2s,გა--ამხნევ-ებ-დი,n
0cf65f81-1d6a-4655-a62c-c95e36b24b24,cond,3s,გა--ამხნევ-ებ-და,n
0cf65f81-1d6a-4655-a62c-c95e36b24b24,cond,1p,გა-ვ-ამხნევ-ებ-დით,n
0cf65f81-1d6a-4655-a62c-c95e36b24b24,cond,2p,გა--ამხნევ-ებ-დით,n
0cf65f81-1d6a-4655-a62c-c95e36b24b24,cond,3p,გა--ამხნევ-ებ-დნენ,n
0cf65f81-1d6a-4655-a62c-c95e36b24b24,aor,1s,გა-ვ-ამხნევ--ე,n
0cf65f81-1d6a-4655-a62c-c95e36b24b24,aor,2s,გა--ამხნევ--ე,n
0cf65f81-1d6a-4655-a62c-c95e36b24b24,aor,3s,გა--ამხნევ--ა,n
0cf65f81-1d6a-4655-a62c-c95e36b24b24,aor,1p,გა-ვ-ამხნევ--ეთ,n
0cf65f81-1d6a-4655-a62c-c95e36b24b24,aor,2p,გა--ამხნევ--ეთ,n
0cf65f81-1d6a-4655-a62c-c95e36b24b24,aor,3p,გა--ამხნევ--ეს,n
0cf65f81-1d6a-4655-a62c-c95e36b24b24,opt,1s,გა-ვ-ამხნევ--,n
0cf65f81-1d6a-4655-a62c-c95e36b24b24,opt,2s,გა--ამხნევ--,n
0cf65f81-1d6a-4655-a62c-c95e36b24b24,opt,3s,გა--ამხნევ--ოს,n
0cf65f81-1d6a-4655-a62c-c95e36b24b24,opt,1p,გა-ვ-ამხნევ--ოთ,n
0cf65f81-1d6a-4655-a62c-c95e36b24b24,opt,2p,გა--ამხნევ--ოთ,n
0cf65f81-1d6a-4655-a62c-c95e36b24b24,opt,3p,გა--ამხნევ--ონ,n
15634b6e-ea8d-4a0b-b8ae-f3ed299b8fc9,pres,1s,-ვ-ამთავრ-ებ-,n
15634b6e-ea8d-4a0b-b8ae-f3ed299b8fc9,pres,2s,--ამთავრ-ებ-,n
15634b6e-ea8d-4a0b-b8ae-f3ed299b8fc9,pres,3s,--ამთავრ-ებ-ს,n
15634b6e-ea8d-4a0b-b8ae-f3ed299b8fc9,pres,1p,-ვ-ამთავრ-ებ-თ,n
15634b6e-ea8d-4a0b-b8ae-f3ed299b8fc9,pres,2p,--ამთავრ-ებ-თ,n
15634b6e-ea8d-4a0b-b8ae-f3ed299b8fc9,pres,3p,--ამთავრ-ებ-ენ,n
15634b6e-ea8d-4a0b-b8ae-f3ed299b8fc9,imp,1s,-ვ-ამთავრ-ებ-დი,n
15634b6e-ea8d-4a0b-b8ae-f3ed299b8fc9,imp,2s,--ამთავრ-ებ-დი,n
15634b6e-ea8d-4a0b-b8ae-f3ed299b8fc9,imp,3s,--ამთავრ-ებ-და,n
15634b6e-ea8d-4a0b-b8ae-f3ed299b8fc9,imp,1p,-ვ-ამთავრ-ებ-დით,n
15634b6e-ea8d-4a0b-b8ae-f3ed299b8fc9,imp,2p,--ამთავრ-ებ-დით,n
15634b6e-ea8d-4a0b-b8ae-f3ed299b8fc9,imp,3p,--ამთავრ-ებ-დნენ,n
15634b6e-ea8d-4a0b-b8ae-f3ed299b8fc9,pres-subj,1s,-ვ-ამთავრ-ებ-დე,n
15634b6e-ea8d-4a0b-b8ae-f3ed299b8fc9,pres-subj,2s,--ამთავრ-ებ-დე,n
15634b6e-ea8d-4a0b-b8ae-f3ed299b8fc9,pres-subj,3s,--ამთავრ-ებ-დეს,n
15634b6e-ea8d-4a0b-b8ae-f3ed299b8fc9,pres-subj,1p,-ვ-ამთავრ-ებ-დეთ,n
15634b6e-ea8d-4a0b-b8ae-f3ed299b8fc9,pres-subj,2p,--ამთავრ-ებ-დეთ,n
15634b6e-ea8d-4a0b-b8ae-f3ed299b8fc9,pres-subj,3p,--ამთავრ-ებ-დნენ,n
15634b6e-ea8d-4a0b-b8ae-f3ed299b8fc9,fut,1s,და-ვ-ამთავრ-ებ-,n
15634b6e-ea8d-4a0b-b8ae-f3ed299b8fc9,fut,2s,და--ამთავრ-ებ-,n
15634b6e-ea8d-4a0b-b8ae-f3ed299b8fc9,fut,3s,და--ამთავრ-ებ-ს,n
15634b6e-ea8d-4a0b-b8ae-f3ed299b8fc9,fut,1p,და-ვ-ამთავრ-ებ-თ,n
15634b6e-ea8d-4a0b-b8ae-f3ed299b8fc9,fut,2p,და--ამთავრ-ებ-თ,n
15634b6e-ea8d-4a0b-b8ae-f3ed299b8fc9,fut,3p,და--ამთავრ-ებ-ენ,n
15634b6e-ea8d-4a0b-b8ae-f3ed299b8fc9,cond,1s,და-ვ-ამთავრ-ებ-დი,n
15634b6e-ea8d-4a0b-b8ae-f3ed299b8fc9,cond,2s,და--ამთავრ-ებ-დი,n
15634b6e-ea8d-4a0b-b8ae-f3ed299b8fc9,cond,3s,და--ამთავრ-ებ-და,n
15634b6e-ea8d-4a0b-b8ae-f3ed299b8fc9,cond,1p,და-ვ-ამთავრ-ებ-დით,n
15634b6e-ea8d-4a0b-b8ae-f3ed299b8fc9,cond,2p,და--ამთავრ-ებ-დით,n
15634b6e-ea8d-4a0b-b8ae-f3ed299b8fc9,cond,3p,და--ამთავრ-ებ-დნენ,n
15634b6e-ea8d-4a0b-b8ae-f3ed299b8fc9,aor,1s,და-ვ-ამთავრ--ე,n
15634b6e-ea8d-4a0b-b8ae-f3ed299b8fc9,aor,2s,და--ამთავრ--ე,n
15634b6e-ea8d-4a0b-b8ae-f3ed299b8fc9,aor,3s,და--ამთავრ--ა,n
15634b6e-ea8d-4a0b-b8ae-f3ed299b8fc9,aor,1p,და-ვ-ამთავრ--ეთ,n
15634b6e-ea8d-4a0b-b8ae-f3ed299b8fc9,aor,2p,და--ამთავრ--ეთ,n
15634b6e-ea8d-4a0b-b8ae-f3ed299b8fc9,aor,3p,და--ამთავრ--ეს,n
15634b6e-ea8d-4a0b-b8ae-f3ed299b8fc9,opt,1s,და-ვ-ამთავრ--,n
15634b6e-ea8d-4a0b-b8ae-f3ed299b8fc9,opt,2s,და--ამთავრ--,n
15634b6e-ea8d-4a0b-b8ae-f3ed299b8fc9,opt,3s,და--ამთავრ--ოს,n
15634b6e-ea8d-4a0b-b8ae-f3ed299b8fc9,opt,1p,და-ვ-ამთავრ--ოთ,n
15634b6e-ea8d-4a0b-b8ae-f3ed299b8fc9,opt,2p,და--ამთავრ--ოთ,n
15634b6e-ea8d-4a0b-b8ae-f3ed299b8fc9,opt,3p,და--ამთავრ--ონ,n
cd857473-428a-48c9-b744-6fbad4be1051,pres,1s,-ვ-რჩ-ებ-ი,n
cd857473-428a-48c9-b744-6fbad4be1051,pres,2s,--რჩ-ებ-ი,n
cd857473-428a-48c9-b744-6fbad4be1051,pres,3s,--რჩ-ებ-ა,n
cd857473-428a-48c9-b744-6fbad4be1051,pres,1p,-ვ-რჩ-ებ-ით,n
cd857473-428a-48c9-b744-6fbad4be1051,pres,2p,--რჩ-ებ-ით,n
cd857473-428a-48c9-b744-6fbad4be1051,pres,3p,--რჩ-ებ-იან,n
cd857473-428a-48c9-b744-6fbad4be1051,imp,1s,-ვ-რჩ-ებ-ოდი,n
cd857473-428a-48c9-b744-6fbad4be1051,imp,2s,--რჩ-ებ-ოდი,n
cd857473-428a-48c9-b744-6fbad4be1051,imp,3s,--რჩ-ებ-ოდა,n
cd857473-428a-48c9-b744-6fbad4be1051,imp,1p,-ვ-რჩ-ებ-ოდით,n
cd857473-428a-48c9-b744-6fbad4be1051,imp,2p,--რჩ-ებ-ოდით,n
cd857473-428a-48c9-b744-6fbad4be1051,imp,3p,--რჩ-ებ-ოდნენ,n
cd857473-428a-48c9-b744-6fbad4be1051,pres-subj,1s,-ვ-რჩ-ებ-ოდე,n
cd857473-428a-48c9-b744-6fbad4be1051,pres-subj,2s,--რჩ-ებ-ოდე,n
cd857473-428a-48c9-b744-6fbad4be1051,pres-subj,3s,--რჩ-ებ-ოდეს,n
cd857473-428a-48c9-b744-6fbad4be1051,pres-subj,1p,-ვ-რჩ-ებ-ოდეთ,n
cd857473-428a-48c9-b744-6fbad4be1051,pres-subj,2p,--რჩ-ებ-ოდეთ,n
cd857473-428a-48c9-b744-6fbad4be1051,pres-subj,3p,--რჩ-ებ-ოდნენ,n
cd857473-428a-48c9-b744-6fbad4be1051,fut,1s,მო-ვ-რჩ-ებ-ი,n
cd857473-428a-48c9-b744-6fbad4be1051,fut,2s,მო--რჩ-ებ-ი,n
cd857473-428a-48c9-b744-6fbad4be1051,fut,3s,მო--რჩ-ებ-ა,n
cd857473-428a-48c9-b744-6fbad4be1051,fut,1p,მო-ვ-რჩ-ებ-ით,n
cd857473-428a-48c9-b744-6fbad4be1051,fut,2p,მო--რჩ-ებ-ით,n
cd857473-428a-48c9-b744-6fbad4be1051,fut,3p,მო--რჩ-ებ-იან,n
cd857473-428a-48c9-b744-6fbad4be1051,cond,1s,მო-ვ-რჩ-ებ-ოდი,n
cd857473-428a-48c9-b744-6fbad4be1051,cond,2s,მო--რჩ-ებ-ოდი,n
cd857473-428a-48c9-b744-6fbad4be1051,cond,3s,მო--რჩ-ებ-ოდა,n
cd857473-428a-48c9-b744-6fbad4be1051,cond,1p,მო-ვ-რჩ-ებ-ოდით,n
cd857473-428a-48c9-b744-6fbad4be1051,cond,2p,მო--რჩ-ებ-ოდით,n
cd857473-428a-48c9-b744-6fbad4be1051,cond,3p,მო--რჩ-ებ-ოდნენ,n
cd857473-428a-48c9-b744-6fbad4be1051,aor,1s,მო-ვ-რჩ--ი,n
cd857473-428a-48c9-b744-6fbad4be1051,aor,2s,მო--რჩ--ი,n
cd857473-428a-48c9-b744-6fbad4be1051,aor,3s,მო--რჩ--ა,n
cd857473-428a-48c9-b744-6fbad4be1051,aor,1p,მო-ვ-რჩ--ით,n
cd857473-428a-48c9-b744-6fbad4be1051,aor,2p,მო--რჩ--ით,n
cd857473-428a-48c9-b744-6fbad4be1051,aor,3p,მო--რჩ--ნენ,n
cd857473-428a-48c9-b744-6fbad4be1051,opt,1s,მო-ვ-რჩ--,n
cd857473-428a-48c9-b744-6fbad4be1051,opt,2s,მო--რჩ--,n
cd857473-428a-48c9-b744-6fbad4be1051,opt,3s,მო--რჩ--ოს,n
cd857473-428a-48c9-b744-6fbad4be1051,opt,1p,მო-ვ-რჩ--ოთ,n
cd857473-428a-48c9-b744-6fbad4be1051,opt,2p,მო--რჩ--ოთ,n
cd857473-428a-48c9-b744-6fbad4be1051,opt,3p,მო--რჩ--ონ,n
369b4ee0-2e43-4df1-b891-0f413677456f,pres,1s,-ვ-ტკბ-ებ-ი,n
369b4ee0-2e43-4df1-b891-0f413677456f,pres,2s,--ტკბ-ებ-ი,n
369b4ee0-2e43-4df1-b891-0f413677456f,pres,3s,--ტკბ-ებ-ა,n
369b4ee0-2e43-4df1-b891-0f413677456f,pres,1p,-ვ-ტკბ-ებ-ით,n
369b4ee0-2e43-4df1-b891-0f413677456f,pres,2p,--ტკბ-ებ-ით,n
369b4ee0-2e43-4df1-b891-0f413677456f,pres,3p,--ტკბ-ებ-იან,n
369b4ee0-2e43-4df1-b891-0f413677456f,imp,1s,-ვ-ტკბ-ებ-ოდი,n
369b4ee0-2e43-4df1-b891-0f413677456f,imp,2s,--ტკბ-ებ-ოდი,n
369b4ee0-2e43-4df1-b891-0f413677456f,imp,3s,--ტკბ-ებ-ოდა,n
369b4ee0-2e43-4df1-b891-0f413677456f,imp,1p,-ვ-ტკბ-ებ-ოდით,n
369b4ee0-2e43-4df1-b891-0f413677456f,imp,2p,--ტკბ-ებ-ოდით,n
369b4ee0-2e43-4df1-b891-0f413677456f,imp,3p,--ტკბ-ებ-ოდნენ,n
369b4ee0-2e43-4df1-b891-0f413677456f,pres-subj,1s,-ვ-ტკბ-ებ-ოდე,n
369b4ee0-2e43-4df1-b891-0f413677456f,pres-subj,2s,--ტკბ-ებ-ოდე,n
369b4ee0-2e43-4df1-b891-0f413677456f,pres-subj,3s,--ტკბ-ებ-ოდეს,n
369b4ee0-2e43-4df1-b891-0f413677456f,pres-subj,1p,-ვ-ტკბ-ებ-ოდეთ,n
369b4ee0-2e43-4df1-b891-0f413677456f,pres-subj,2p,--ტკბ-ებ-ოდეთ,n
369b4ee0-2e43-4df1-b891-0f413677456f,pres-subj,3p,--ტკბ-ებ-ოდნენ,n
369b4ee0-2e43-4df1-b891-0f413677456f,fut,1s,და-ვ-ტკბ-ებ-ი,n
369b4ee0-2e43-4df1-b891-0f413677456f,fut,2s,და--ტკბ-ებ-ი,n
369b4ee0-2e43-4df1-b891-0f413677456f,fut,3s,და--ტკბ-ებ-ა,n
369b4ee0-2e43-4df1-b891-0f413677456f,fut,1p,და-ვ-ტკბ-ებ-ით,n
369b4ee0-2e43-4df1-b891-0f413677456f,fut,2p,და--ტკბ-ებ-ით,n
369b4ee0-2e43-4df1-b891-0f413677456f,fut,3p,და--ტკბ-ებ-იან,n
369b4ee0-2e43-4df1-b891-0f413677456f,cond,1s,და-ვ-ტკბ-ებ-ოდი,n
369b4ee0-2e43-4df1-b891-0f413677456f,cond,2s,და--ტკბ-ებ-ოდი,n
369b4ee0-2e43-4df1-b891-0f413677456f,cond,3s,და--ტკბ-ებ-ოდა,n
369b4ee0-2e43-4df1-b891-0f413677456f,cond,1p,და-ვ-ტკბ-ებ-ოდით,n
369b4ee0-2e43-4df1-b891-0f413677456f,cond,2p,და--ტკბ-ებ-ოდით,n
369b4ee0-2e43-4df1-b891-0f413677456f,cond,3p,და--ტკბ-ებ-ოდნენ,n
369b4ee0-2e43-4df1-b891-0f413677456f,aor,1s,და-ვ-ტკბ--ი,n
369b4ee0-2e43-4df1-b891-0f413677456f,aor,2s,და--ტკბ--ი,n
369b4ee0-2e43-4df1-b891-0f413677456f,aor,3s,და--ტკბ--ა,n
369b4ee0-2e43-4df1-b891-0f413677456f,aor,1p,და-ვ-ტკბ--ით,n
369b4ee0-2e43-4df1-b891-0f413677456f,aor,2p,და--ტკბ--ით,n
369b4ee0-2e43-4df1-b891-0f413677456f,aor,3p,და--ტკბ--ნენ,n
369b4ee0-2e43-4df1-b891-0f413677456f,opt,1s,და-ვ-ტკბ--,n
369b4ee0-2e43-4df1-b891-0f413677456f,opt,2s,და--ტკბ--,n
369b4ee0-2e43-4df1-b891-0f413677456f,opt,3s,და--ტკბ--ოს,n
369b4ee0-2e43-4df1-b891-0f413677456f,opt,1p,და-ვ-ტკბ--ოთ,n
369b4ee0-2e43-4df1-b891-0f413677456f,opt,2p,და--ტკბ--ოთ,n
369b4ee0-2e43-4df1-b891-0f413677456f,opt,3p,და--ტკბ--ონ,n
95f9e1d3-ba0b-4208-b204-45c52da6bf2b,pres,1s,-ვ-შლ-ი-,n
95f9e1d3-ba0b-4208-b204-45c52da6bf2b,pres,2s,--შლ-ი-,n
95f9e1d3-ba0b-4208-b204-45c52da6bf2b,pres,3s,--შლ-ი-ს,n
95f9e1d3-ba0b-4208-b204-45c52da6bf2b,pres,1p,-ვ-შლ-ი-თ,n
95f9e1d3-ba0b-4208-b204-45c52da6bf2b,pres,2p,--შლ-ი-თ,n
95f9e1d3-ba0b-4208-b204-45c52da6bf2b,pres,3p,--შლ-ი-ან,n
95f9e1d3-ba0b-4208-b204-45c52da6bf2b,imp,1s,-ვ-შლ-ი-დი,n
95f9e1d3-ba0b-4208-b204-45c52da6bf2b,imp,2s,--შლ-ი-დი,n
95f9e1d3-ba0b-4208-b204-45c52da6bf2b,imp,3s,--შლ-ი-და,n
95f9e1d3-ba0b-4208-b204-45c52da6bf2b,imp,1p,-ვ-შლ-ი-დით,n
95f9e1d3-ba0b-4208-b204-45c52da6bf2b,imp,2p,--შლ-ი-დით,n
95f9e1d3-ba0b-4208-b204-45c52da6bf2b,imp,3p,--შლ-ი-დნენ,n
95f9e1d3-ba0b-4208-b204-45c52da6bf2b,pres-subj,1s,-ვ-შლ-ი-დე,n
95f9e1d3-ba0b-4208-b204-45c52da6bf2b,pres-subj,2s,--შლ-ი-დე,n
95f9e1d3-ba0b-4208-b204-45c52da6bf2b,pres-subj,3s,--შლ-ი-დეს,n
95f9e1d3-ba0b-4208-b204-45c52da6bf2b,pres-subj,1p,-ვ-შლ-ი-დეთ,n
95f9e1d3-ba0b-4208-b204-45c52da6bf2b,pres-subj,2p,--შლ-ი-დეთ,n
95f9e1d3-ba0b-4208-b204-45c52da6bf2b,pres-subj,3p,--შლ-ი-დნენ,n
95f9e1d3-ba0b-4208-b204-45c52da6bf2b,fut,1s,წა-ვ-შლ-ი-,n
95f9e1d3-ba0b-4208-b204-45c52da6bf2b,fut,2s,წა--შლ-ი-,n
95f9e1d3-ba0b-4208-b204-45c52da6bf2b,fut,3s,წა--შლ-ი-ს,n
95f9e1d3-ba0b-4208-b204-45c52da6bf2b,fut,1p,წა-ვ-შლ-ი-თ,n
95f9e1d3-ba0b-4208-b204-45c52da6bf2b,fut,2p,წა--შლ-ი-თ,n
95f9e1d3-ba0b-4208-b204-45c52da6bf2b,fut,3p,წა--შლ-ი-ან,n
95f9e1d3-ba0b-4208-b204-45c52da6bf2b,cond,1s,წა-ვ-შლ-ი-დი,n
95f9e1d3-ba0b-4208-b204-45c52da6bf2b,cond,2s,წა--შლ-ი-დი,n
95f9e1d3-ba0b-4208-b204-45c52da6bf2b,cond,3s,წა--შლ-ი-და,n
95f9e1d3-ba0b-4208-b204-45c52da6bf2b,cond,1p,წა-ვ-შლ-ი-დით,n
95f9e1d3-ba0b-4208-b204-45c52da6bf2b,cond,2p,წა--შლ-ი-დით,n
95f9e1d3-ba0b-4208-b204-45c52da6bf2b,cond,3p,წა--შლ-ი-დნენ,n
95f9e1d3-ba0b-4208-b204-45c52da6bf2b,aor,1s,წა-ვ-აშლ--ე,n
95f9e1d3-ba0b-4208-b204-45c52da6bf2b,aor,2s,წა--შალ--ე,n
95f9e1d3-ba0b-4208-b204-45c52da6bf2b,aor,3s,წა--შალ--ა,n
95f9e1d3-ba0b-4208-b204-45c52da6bf2b,aor,1p,წა-ვ-შალ--ეთ,n
95f9e1d3-ba0b-4208-b204-45c52da6bf2b,aor,2p,წა--შალ--ეთ,n
95f9e1d3-ba0b-4208-b204-45c52da6bf2b,aor,3p,წა--შალ--ეს,n
95f9e1d3-ba0b-4208-b204-45c52da6bf2b,opt,1s,წა-ვ-აშლ--,n
95f9e1d3-ba0b-4208-b204-45c52da6bf2b,opt,2s,წა--შალ--,n
95f9e1d3-ba0b-4208-b204-45c52da6bf2b,opt,3s,წა--შალ--ოს,n
95f9e1d3-ba0b-4208-b204-45c52da6bf2b,opt,1p,წა-ვ-შალ--ოთ,n
95f9e1d3-ba0b-4208-b204-45c52da6bf2b,opt,2p,წა--შალ--ოთ,n
95f9e1d3-ba0b-4208-b204-45c52da6bf2b,opt,3p,წა--შალ--ონ,n
7f0ea997-c6b6-4f8a-9b44-b3e1b0b4749a,pres,1s,წამო-ვ-იძახ-ებ-,n
7f0ea997-c6b6-4f8a-9b44-b3e1b0b4749a,pres,2s,წამო--იძახ-ებ-,n
7f0ea997-c6b6-4f8a-9b44-b3e1b0b4749a,pres,3s,წამო--იძახ-ებ-ს,n
7f0ea997-c6b6-4f8a-9b44-b3e1b0b4749a,pres,1p,წამო-ვ-იძახ-ებ-თ,n
7f0ea997-c6b6-4f8a-9b44-b3e1b0b4749a,pres,2p,წამო--იძახ-ებ-თ,n
7f0ea997-c6b6-4f8a-9b44-b3e1b0b4749a,pres,3p,წამო--იძახ-ებ-ენ,n
7f0ea997-c6b6-4f8a-9b44-b3e1b0b4749a,imp,1s,წამო-ვ-იძახ-ებ-დი,n
7f0ea997-c6b6-4f8a-9b44-b3e1b0b4749a,imp,2s,წამო--იძახ-ებ-დი,n
7f0ea997-c6b6-4f8a-9b44-b3e1b0b4749a,imp,3s,წამო--იძახ-ებ-და,n
7f0ea997-c6b6-4f8a-9b44-b3e1b0b4749a,imp,1p,წამო-ვ-იძახ-ებ-დით,n
7f0ea997-c6b6-4f8a-9b44-b3e1b0b4749a,imp,2p,წამო--იძახ-ებ-დით,n
7f0ea997-c6b6-4f8a-9b44-b3e1b0b4749a,imp,3p,წამო--იძახ-ებ-დნენ,n
7f0ea997-c6b6-4f8a-9b44-b3e1b0b4749a,pres-subj,1s,წამო-ვ-იძახ-ებ-დე,n
7f0ea997-c6b6-4f8a-9b44-b3e1b0b4749a,pres-subj,2s,წამო--იძახ-ებ-დე,n
7f0ea997-c6b6-4f8a-9b44-b3e1b0b4749a,pres-subj,3s,წამო--იძახ-ებ-დეს,n
7f0ea997-c6b6-4f8a-9b44-b3e1b0b4749a,pres-subj,1p,წამო-ვ-იძახ-ებ-დეთ,n
7f0ea997-c6b6-4f8a-9b44-b3e1b0b4749a,pres-subj,2p,წამო--იძახ-ებ-დეთ,n
7f0ea997-c6b6-4f8a-9b44-b3e1b0b4749a,pres-subj,3p,წამო--იძახ-ებ-დნენ,n
7f0ea997-c6b6-4f8a-9b44-b3e1b0b4749a,fut,1s,წამო-ვ-იძახ-ებ-,n
7f0ea997-c6b6-4f8a-9b44-b3e1b0b4749a,fut,2s,წამო--იძახ-ებ-,n
7f0ea997-c6b6-4f8a-9b44-b3e1b0b4749a,fut,3s,წამო--იძახ-ებ-ს,n
7f0ea997-c6b6-4f8a-9b44-b3e1b0b4749a,fut,1p,წამო-ვ-იძახ-ებ-თ,n
7f0ea997-c6b6-4f8a-9b44-b3e1b0b4749a,fut,2p,წამო--იძახ-ებ-თ,n
7f0ea997-c6b6-4f8a-9b44-b3e1b0b4749a,fut,3p,წამო--იძახ-ებ-ენ,n
7f0ea997-c6b6-4f8a-9b44-b3e1b0b4749a,cond,1s,წამო-ვ-იძახ-ებ-დი,n
7f0ea997-c6b6-4f8a-9b44-b3e1b0b4749a,cond,2s,წამო--იძახ-ებ-დი,n
7f0ea997-c6b6-4f8a-9b44-b3e1b0b4749a,cond,3s,წამო--იძახ-ებ-და,n
7f0ea997-c6b6-4f8a-9b44-b3e1b0b4749a,cond,1p,წამო-ვ-იძახ-ებ-დით,n
7f0ea997-c6b6-4f8a-9b44-b3e1b0b4749a,cond,2p,წამო--იძახ-ებ-დით,n
7f0ea997-c6b6-4f8a-9b44-b3e1b0b4749a,cond,3p,წამო--იძახ-ებ-დნენ,n
7f0ea997-c6b6-4f8a-9b44-b3e1b0b4749a,aor,1s,წამო-ვ-იძახ--ე,n
7f0ea997-c6b6-4f8a-9b44-b3e1b0b4749a,aor,2s,წამო--იძახ--ე,n
7f0ea997-c6b6-4f8a-9b44-b3e1b0b4749a,aor,3s,წამო--იძახ--ა,n
7f0ea997-c6b6-4f8a-9b44-b3e1b0b4749a,aor,1p,წამო-ვ-იძახ--ეთ,n
7f0ea997-c6b6-4f8a-9b44-b3e1b0b4749a,aor,2p,წამო--იძახ--ეთ,n
7f0ea997-c6b6-4f8a-9b44-b3e1b0b4749a,aor,3p,წამო--იძახ--ეს,n
7f0ea997-c6b6-4f8a-9b44-b3e1b0b4749a,opt,1s,წამო-ვ-იძახ--,n
7f0ea997-c6b6-4f8a-9b44-b3e1b0b4749a,opt,2s,წამო--იძახ--,n
7f0ea997-c6b6-4f8a-9b44-b3e1b0b4749a,opt,3s,წამო--იძახ--ოს,n
7f0ea997-c6b6-4f8a-9b44-b3e1b0b4749a,opt,1p,წამო-ვ-იძახ--ოთ,n
7f0ea997-c6b6-4f8a-9b44-b3e1b0b4749a,opt,2p,წამო--იძახ--ოთ,n
7f0ea997-c6b6-4f8a-9b44-b3e1b0b4749a,opt,3p,წამო--იძახ--ონ,n
5242981d-2ad2-4579-be69-ab9e4d145b1c,pres,1s,-ვ-სჯ-ი-,n
5242981d-2ad2-4579-be69-ab9e4d145b1c,pres,2s,--სჯ-ი-,n
5242981d-2ad2-4579-be69-ab9e4d145b1c,pres,3s,--სჯ-ი-ს,n
5242981d-2ad2-4579-be69-ab9e4d145b1c,pres,1p,-ვ-სჯ-ი-თ,n
5242981d-2ad2-4579-be69-ab9e4d145b1c,pres,2p,--სჯ-ი-თ,n
5242981d-2ad2-4579-be69-ab9e4d145b1c,pres,3p,--სჯ-ი-ან,n
5242981d-2ad2-4579-be69-ab9e4d145b1c,imp,1s,-ვ-სჯ-ი-დი,n
5242981d-2ad2-4579-be69-ab9e4d145b1c,imp,2s,--სჯ-ი-დი,n
5242981d-2ad2-4579-be69-ab9e4d145b1c,imp,3s,--სჯ-ი-და,n
5242981d-2ad2-4579-be69-ab9e4d145b1c,imp,1p,-ვ-სჯ-ი-დით,n
5242981d-2ad2-4579-be69-ab9e4d145b1c,imp,2p,--სჯ-ი-დით,n
5242981d-2ad2-4579-be69-ab9e4d145b1c,imp,3p,--სჯ-ი-დნენ,n
5242981d-2ad2-4579-be69-ab9e4d145b1c,pres-subj,1s,-ვ-სჯ-ი-დე,n
5242981d-2ad2-4579-be69-ab9e4d145b1c,pres-subj,2s,--სჯ-ი-დე,n
5242981d-2ad2-4579-be69-ab9e4d145b1c,pres-subj,3s,--სჯ-ი-დეს,n
5242981d-2ad2-4579-be69-ab9e4d145b1c,pres-subj,1p,-ვ-სჯ-ი-დეთ,n
5242981d-2ad2-4579-be69-ab9e4d145b1c,pres-subj,2p,--სჯ-ი-დეთ,n
5242981d-2ad2-4579-be69-ab9e4d145b1c,pres-subj,3p,--სჯ-ი-დნენ,n
5242981d-2ad2-4579-be69-ab9e4d145b1c,fut,1s,და-ვ-სჯ-ი-,n
5242981d-2ad2-4579-be69-ab9e4d145b1c,fut,2s,და--სჯ-ი-,n
5242981d-2ad2-4579-be69-ab9e4d145b1c,fut,3s,და--სჯ-ი-ს,n
5242981d-2ad2-4579-be69-ab9e4d145b1c,fut,1p,და-ვ-სჯ-ი-თ,n
5242981d-2ad2-4579-be69-ab9e4d145b1c,fut,2p,და--სჯ-ი-თ,n
5242981d-2ad2-4579-be69-ab9e4d145b1c,fut,3p,და--სჯ-ი-ან,n
5242981d-2ad2-4579-be69-ab9e4d145b1c,cond,1s,და-ვ-სჯ-ი-დი,n
5242981d-2ad2-4579-be69-ab9e4d145b1c,cond,2s,და--სჯ-ი-დი,n
5242981d-2ad2-4579-be69-ab9e4d145b1c,cond,3s,და--სჯ-ი-და,n
5242981d-2ad2-4579-be69-ab9e4d145b1c,cond,1p,და-ვ-სჯ-ი-დით,n
5242981d-2ad2-4579-be69-ab9e4d145b1c,cond,2p,და--სჯ-ი-დით,n
5242981d-2ad2-4579-be69-ab9e4d145b1c,cond,3p,და--სჯ-ი-დნენ,n
5242981d-2ad2-4579-be69-ab9e4d145b1c,aor,1s,და-ვ-საჯ--ე,n
5242981d-2ad2-4579-be69-ab9e4d145b1c,aor,2s,და--საჯ--ე,n
5242981d-2ad2-4579-be69-ab9e4d145b1c,aor,3s,და--საჯ--ა,n
5242981d-2ad2-4579-be69-ab9e4d145b1c,aor,1p,და-ვ-საჯ--ეთ,n
5242981d-2ad2-4579-be69-ab9e4d145b1c,aor,2p,და--საჯ--ეთ,n
5242981d-2ad2-4579-be69-ab9e4d145b1c,aor,3p,და--საჯ--ეს,n
5242981d-2ad2-4579-be69-ab9e4d145b1c,opt,1s,და-ვ-საჯ--,n
5242981d-2ad2-4579-be69-ab9e4d145b1c,opt,2s,და--საჯ--,n
5242981d-2ad2-4579-be69-ab9e4d145b1c,opt,3s,და--საჯ--ოს,n
5242981d-2ad2-4579-be69-ab9e4d145b1c,opt,1p,და-ვ-საჯ--ოთ,n
5242981d-2ad2-4579-be69-ab9e4d145b1c,opt,2p,და--საჯ--ოთ,n
5242981d-2ad2-4579-be69-ab9e4d145b1c,opt,3p,და--საჯ--ონ,n
de34e1df-0bf3-4057-9c6c-53b9046a8b25,pres,1s,-ვ-იქც-ევ-ი,n
de34e1df-0bf3-4057-9c6c-53b9046a8b25,pres,2s,--იქც-ევ-ი,n
de34e1df-0bf3-4057-9c6c-53b9046a8b25,pres,3s,--იქც-ევ-ა,n
de34e1df-0bf3-4057-9c6c-53b9046a8b25,pres,1p,-ვ-იქც-ევ-ით,n
de34e1df-0bf3-4057-9c6c-53b9046a8b25,pres,2p,--იქც-ევ-ით,n
de34e1df-0bf3-4057-9c6c-53b9046a8b25,pres,3p,--იქც-ევ-იან,n
de34e1df-0bf3-4057-9c6c-53b9046a8b25,imp,1s,-ვ-იქც-ევ-ოდი,n
de34e1df-0bf3-4057-9c6c-53b9046a8b25,imp,2s,--იქც-ევ-ოდი,n
de34e1df-0bf3-4057-9c6c-53b9046a8b25,imp,3s,--იქც-ევ-ოდა,n
de34e1df-0bf3-4057-9c6c-53b9046a8b25,imp,1p,-ვ-იქც-ევ-ოდით,n
de34e1df-0bf3-4057-9c6c-53b9046a8b25,imp,2p,--იქც-ევ-ოდით,n
de34e1df-0bf3-4057-9c6c-53b9046a8b25,imp,3p,--იქც-ევ-ოდნენ,n
de34e1df-0bf3-4057-9c6c-53b9046a8b25,pres-subj,1s,-ვ-იქც-ევ-ოდე,n
de34e1df-0bf3-4057-9c6c-53b9046a8b25,pres-subj,2s,--იქც-ევ-ოდე,n
de34e1df-0bf3-4057-9c6c-53b9046a8b25,pres-subj,3s,--იქც-ევ-ოდეს,n
de34e1df-0bf3-4057-9c6c-53b9046a8b25,pres-subj,1p,-ვ-იქც-ევ-ოდეთ,n
de34e1df-0bf3-4057-9c6c-53b9046a8b25,pres-subj,2p,--იქც-ევ-ოდეთ,n
de34e1df-0bf3-4057-9c6c-53b9046a8b25,pres-subj,3p,--იქც-ევ-ოდნენ,n
de34e1df-0bf3-4057-9c6c-53b9046a8b25,fut,1s,წა-ვ-იქც-ევ-ი,n
de34e1df-0bf3-4057-9c6c-53b9046a8b25,fut,2s,წა--იქც-ევ-ი,n
de34e1df-0bf3-4057-9c6c-53b9046a8b25,fut,3s,წა--იქც-ევ-ა,n
de34e1df-0bf3-4057-9c6c-53b9046a8b25,fut,1p,წა-ვ-იქც-ევ-ით,n
de34e1df-0bf3-4057-9c6c-53b9046a8b25,fut,2p,წა--იქც-ევ-ით,n
de34e1df-0bf3-4057-9c6c-53b9046a8b25,fut,3p,წა--იქც-ევ-იან,n
de34e1df-0bf3-4057-9c6c-53b9046a8b25,cond,1s,წა-ვ-იქც-ევ-ოდი,n
de34e1df-0bf3-4057-9c6c-53b9046a8b25,cond,2s,წა--იქც-ევ-ოდი,n
de34e1df-0bf3-4057-9c6c-53b9046a8b25,cond,3s,წა--იქც-ევ-ოდა,n
de34e1df-0bf3-4057-9c6c-53b9046a8b25,cond,1p,წა-ვ-იქც-ევ-ოდით,n
de34e1df-0bf3-4057-9c6c-53b9046a8b25,cond,2p,წა--იქც-ევ-ოდით,n
de34e1df-0bf3-4057-9c6c-53b9046a8b25,cond,3p,წა--იქც-ევ-ოდნენ,n
de34e1df-0bf3-4057-9c6c-53b9046a8b25,aor,1s,წა-ვ-იქეც--ი,n
de34e1df-0bf3-4057-9c6c-53b9046a8b25,aor,2s,წა--იქეც--ი,n
de34e1df-0bf3-4057-9c6c-53b9046a8b25,aor,3s,წა--იქც--ა,n
de34e1df-0bf3-4057-9c6c-53b9046a8b25,aor,1p,წა-ვ-იქეც--ით,n
de34e1df-0bf3-4057-9c6c-53b9046a8b25,aor,2p,წა--იქეც--ით,n
de34e1df-0bf3-4057-9c6c-53b9046a8b25,aor,3p,წა--იქც--ნენ,n
de34e1df-0bf3-4057-9c6c-53b9046a8b25,opt,1s,წა-ვ-იქეც--ე,n
de34e1df-0bf3-4057-9c6c-53b9046a8b25,opt,2s,წა--იქეც--ე,n
de34e1df-0bf3-4057-9c6c-53b9046a8b25,opt,3s,წა--იქც--ეს,n
de34e1df-0bf3-4057-9c6c-53b9046a8b25,opt,1p,წა-ვ-იქეც--ეთ,n
de34e1df-0bf3-4057-9c6c-53b9046a8b25,opt,2p,წა--იქეც--ეთ,n
de34e1df-0bf3-4057-9c6c-53b9046a8b25,opt,3p,წა--იქც--ენ,n
91587a51-0e48-4770-b10d-0bce595ee4bd,pres,1s,ვ--ოცნებ-ობ-,y
91587a51-0e48-4770-b10d-0bce595ee4bd,pres,2s,--ოცნებ-ობ-,y
91587a51-0e48-4770-b10d-0bce595ee4bd,pres,3s,--ოცნებ-ობ-ს,y
91587a51-0e48-4770-b10d-0bce595ee4bd,pres,1p,ვ--ოცნებ-ობ-თ,y
91587a51-0e48-4770-b10d-0bce595ee4bd,pres,2p,--ოცნებ-ობ-თ,y
91587a51-0e48-4770-b10d-0bce595ee4bd,pres,3p,--ოცნებ-ობ-ენ,y
91587a51-0e48-4770-b10d-0bce595ee4bd,imp,1s,ვ--ოცნებ-ობ-დი,y
91587a51-0e48-4770-b10d-0bce595ee4bd,imp,2s,--ოცნებ-ობ-დი,y
91587a51-0e48-4770-b10d-0bce595ee4bd,imp,3s,--ოცნებ-ობ-და,y
91587a51-0e48-4770-b10d-0bce595ee4bd,imp,1p,ვ--ოცნებ-ობ-დით,y
91587a51-0e48-4770-b10d-0bce595ee4bd,imp,2p,--ოცნებ-ობ-დით,y
91587a51-0e48-4770-b10d-0bce595ee4bd,imp,3p,--ოცნებ-ობ-დნენ,y
91587a51-0e48-4770-b10d-0bce595ee4bd,pres-subj,1s,ვ--ოცნებ-ობ-დე,y
91587a51-0e48-4770-b10d-0bce595ee4bd,pres-subj,2s,--ოცნებ-ობ-დე,y
91587a51-0e48-4770-b10d-0bce595ee4bd,pres-subj,3s,--ოცნებ-ობ-დეს,y
91587a51-0e48-4770-b10d-0bce595ee4bd,pres-subj,1p,ვ--ოცნებ-ობ-დეთ,y
91587a51-0e48-4770-b10d-0bce595ee4bd,pres-subj,2p,--ოცნებ-ობ-დეთ,y
91587a51-0e48-4770-b10d-0bce595ee4bd,pres-subj,3p,--ოცნებ-ობ-დნენ,y
91587a51-0e48-4770-b10d-0bce595ee4bd,fut,1s,ვ-ი-ოცნებ-ებ-,y
91587a51-0e48-4770-b10d-0bce595ee4bd,fut,2s,-ი-ოცნებ-ებ-,y
91587a51-0e48-4770-b10d-0bce595ee4bd,fut,3s,-ი-ოცნებ-ებ-ს,y
91587a51-0e48-4770-b10d-0bce595ee4bd,fut,1p,ვ-ი-ოცნებ-ებ-თ,y
91587a51-0e48-4770-b10d-0bce595ee4bd,fut,2p,-ი-ოცნებ-ებ-თ,y
91587a51-0e48-4770-b10d-0bce595ee4bd,fut,3p,-ი-ოცნებ-ებ-ენ,y
91587a51-0e48-4770-b10d-0bce595ee4bd,cond,1s,ვ-ი-ოცნებ-ებ-დი,y
91587a51-0e48-4770-b10d-0bce595ee4bd,cond,2s,-ი-ოცნებ-ებ-დი,y
91587a51-0e48-4770-b10d-0bce595ee4bd,cond,3s,-ი-ოცნებ-ებ-და,y
91587a51-0e48-4770-b10d-0bce595ee4bd,cond,1p,ვ-ი-ოცნებ-ებ-დით,y
91587a51-0e48-4770-b10d-0bce595ee4bd,cond,2p,-ი-ოცნებ-ებ-დით,y
91587a51-0e48-4770-b10d-0bce595ee4bd,cond,3p,-ი-ოცნებ-ებ-დნენ,y
91587a51-0e48-4770-b10d-0bce595ee4bd,aor,1s,ვ-ი-ოცნებ--ე,y
91587a51-0e48-4770-b10d-0bce595ee4bd,aor,2s,-ი-ოცნებ--ე,y
91587a51-0e48-4770-b10d-0bce595ee4bd,aor,3s,-ი-ოცნებ--ა,y
91587a51-0e48-4770-b10d-0bce595ee4bd,aor,1p,ვ-ი-ოცნებ--ეთ,y
91587a51-0e48-4770-b10d-0bce595ee4bd,aor,2p,-ი-ოცნებ--ეთ,y
91587a51-0e48-4770-b10d-0bce595ee4bd,aor,3p,-ი-ოცნებ--ეს,y
91587a51-0e48-4770-b10d-0bce595ee4bd,opt,1s,ვ-ი-ოცნებ--,y
91587a51-0e48-4770-b10d-0bce595ee4bd,opt,2s,-ი-ოცნებ--,y
91587a51-0e48-4770-b10d-0bce595ee4bd,opt,3s,-ი-ოცნებ--ოს,y
91587a51-0e48-4770-b10d-0bce595ee4bd,opt,1p,ვ-ი-ოცნებ--ოთ,y
91587a51-0e48-4770-b10d-0bce595ee4bd,opt,2p,-ი-ოცნებ--ოთ,y
91587a51-0e48-4770-b10d-0bce595ee4bd,opt,3p,-ი-ოცნებ--ონ,y
20260dd1-a9b1-4416-bd70-5899dea8734d,pres,1s,ვ--გრძნ-ობ-,y
20260dd1-a9b1-4416-bd70-5899dea8734d,pres,2s,--გრძნ-ობ-,y
20260dd1-a9b1-4416-bd70-5899dea8734d,pres,3s,--გრძნ-ობ-ს,y
20260dd1-a9b1-4416-bd70-5899dea8734d,pres,1p,ვ--გრძნ-ობ-თ,y
20260dd1-a9b1-4416-bd70-5899dea8734d,pres,2p,--გრძნ-ობ-თ,y
20260dd1-a9b1-4416-bd70-5899dea8734d,pres,3p,--გრძნ-ობ-ენ,y
20260dd1-a9b1-4416-bd70-5899dea8734d,imp,1s,ვ--გრძნ-ობ-დი,y
20260dd1-a9b1-4416-bd70-5899dea8734d,imp,2s,--გრძნ-ობ-დი,y
20260dd1-a9b1-4416-bd70-5899dea8734d,imp,3s,--გრძნ-ობ-და,y
20260dd1-a9b1-4416-bd70-5899dea8734d,imp,1p,ვ--გრძნ-ობ-დით,y
20260dd1-a9b1-4416-bd70-5899dea8734d,imp,2p,--გრძნ-ობ-დით,y
20260dd1-a9b1-4416-bd70-5899dea8734d,imp,3p,--გრძნ-ობ-დნენ,y
20260dd1-a9b1-4416-bd70-5899dea8734d,pres-subj,1s,ვ--გრძნ-ობ-დე,y
20260dd1-a9b1-4416-bd70-5899dea8734d,pres-subj,2s,--გრძნ-ობ-დე,y
20260dd1-a9b1-4416-bd70-5899dea8734d,pres-subj,3s,--გრძნ-ობ-დეს,y
20260dd1-a9b1-4416-bd70-5899dea8734d,pres-subj,1p,ვ--გრძნ-ობ-დეთ,y
20260dd1-a9b1-4416-bd70-5899dea8734d,pres-subj,2p,--გრძნ-ობ-დეთ,y
20260dd1-a9b1-4416-bd70-5899dea8734d,pres-subj,3p,--გრძნ-ობ-დნენ,y
20260dd1-a9b1-4416-bd70-5899dea8734d,fut,1s,ვ-ი-გრძნ-ებ-,y
20260dd1-a9b1-4416-bd70-5899dea8734d,fut,2s,-ი-გრძნ-ებ-,y
20260dd1-a9b1-4416-bd70-5899dea8734d,fut,3s,-ი-გრძნ-ებ-ს,y
20260dd1-a9b1-4416-bd70-5899dea8734d,fut,1p,ვ-ი-გრძნ-ებ-თ,y
20260dd1-a9b1-4416-bd70-5899dea8734d,fut,2p,-ი-გრძნ-ებ-თ,y
20260dd1-a9b1-4416-bd70-5899dea8734d,fut,3p,-ი-გრძნ-ებ-ენ,y
20260dd1-a9b1-4416-bd70-5899dea8734d,cond,1s,ვ-ი-გრძნ-ებ-დი,y
20260dd1-a9b1-4416-bd70-5899dea8734d,cond,2s,-ი-გრძნ-ებ-დი,y
20260dd1-a9b1-4416-bd70-5899dea8734d,cond,3s,-ი-გრძნ-ებ-და,y
20260dd1-a9b1-4416-bd70-5899dea8734d,cond,1p,ვ-ი-გრძნ-ებ-დით,y
20260dd1-a9b1-4416-bd70-5899dea8734d,cond,2p,-ი-გრძნ-ებ-დით,y
20260dd1-a9b1-4416-bd70-5899dea8734d,cond,3p,-ი-გრძნ-ებ-დნენ,y
20260dd1-a9b1-4416-bd70-5899dea8734d,aor,1s,ვ-ი-გრძნ--ე,y
20260dd1-a9b1-4416-bd70-5899dea8734d,aor,2s,-ი-გრძნ--ე,y
20260dd1-a9b1-4416-bd70-5899dea8734d,aor,3s,-ი-გრძნ--ო,y
20260dd1-a9b1-4416-bd70-5899dea8734d,aor,1p,ვ-ი-გრძნ--ეთ,y
20260dd1-a9b1-4416-bd70-5899dea8734d,aor,2p,-ი-გრძნ--ეთ,y
20260dd1-a9b1-4416-bd70-5899dea8734d,aor,3p,-ი-გრძნ--ეს,y
20260dd1-a9b1-4416-bd70-5899dea8734d,opt,1s,ვ-ი-გრძნ--,y
20260dd1-a9b1-4416-bd70-5899dea8734d,opt,2s,-ი-გრძნ--,y
20260dd1-a9b1-4416-bd70-5899dea8734d,opt,3s,-ი-გრძნ--ოს,y
20260dd1-a9b1-4416-bd70-5899dea8734d,opt,1p,ვ-ი-გრძნ--ოთ,y
20260dd1-a9b1-4416-bd70-5899dea8734d,opt,2p,-ი-გრძნ--ოთ,y
20260dd1-a9b1-4416-bd70-5899dea8734d,opt,3p,-ი-გრძნ--ონ,y
1a566e64-2cd1-4f66-aa0e-8432b4992975,pres,1s,ვ--ჩხუბ-ობ-,y
1a566e64-2cd1-4f66-aa0e-8432b4992975,pres,2s,--ჩხუბ-ობ-,y
1a566e64-2cd1-4f66-aa0e-8432b4992975,pres,3s,--ჩხუბ-ობ-ს,y
1a566e64-2cd1-4f66-aa0e-8432b4992975,pres,1p,ვ--ჩხუბ-ობ-თ,y
1a566e64-2cd1-4f66-aa0e-8432b4992975,pres,2p,--ჩხუბ-ობ-თ,y
1a566e64-2cd1-4f66-aa0e-8432b4992975,pres,3p,--ჩხუბ-ობ-ენ,y
1a566e64-2cd1-4f66-aa0e-8432b4992975,imp,1s,ვ--ჩხუბ-ობ-დი,y
1a566e64-2cd1-4f66-aa0e-8432b4992975,imp,2s,--ჩხუბ-ობ-დი,y
1a566e64-2cd1-4f66-aa0e-8432b4992975,imp,3s,--ჩხუბ-ობ-და,y
1a566e64-2cd1-4f66-aa0e-8432b4992975,imp,1p,ვ--ჩხუბ-ობ-დით,y
1a566e64-2cd1-4f66-aa0e-8432b4992975,imp,2p,--ჩხუბ-ობ-დით,y
1a566e64-2cd1-4f66-aa0e-8432b4992975,imp,3p,--ჩხუბ-ობ-დნენ,y
1a566e64-2cd1-4f66-aa0e-8432b4992975,pres-subj,1s,ვ--ჩხუბ-ობ-დე,y
1a566e64-2cd1-4f66-aa0e-8432b4992975,pres-subj,2s,--ჩხუბ-ობ-დე,y
1a566e64-2cd1-4f66-aa0e-8432b4992975,pres-subj,3s,--ჩხუბ-ობ-დეს,y
1a566e64-2cd1-4f66-aa0e-8432b4992975,pres-subj,1p,ვ--ჩხუბ-ობ-დეთ,y
1a566e64-2cd1-4f66-aa0e-8432b4992975,pres-subj,2p,--ჩხუბ-ობ-დეთ,y
1a566e64-2cd1-4f66-aa0e-8432b4992975,pres-subj,3p,--ჩხუბ-ობ-დნენ,y
1a566e64-2cd1-4f66-aa0e-8432b4992975,fut,1s,ვ-ი-ჩხუბ-ებ-,y
1a566e64-2cd1-4f66-aa0e-8432b4992975,fut,2s,-ი-ჩხუბ-ებ-,y
1a566e64-2cd1-4f66-aa0e-8432b4992975,fut,3s,-ი-ჩხუბ-ებ-ს,y
1a566e64-2cd1-4f66-aa0e-8432b4992975,fut,1p,ვ-ი-ჩხუბ-ებ-თ,y
1a566e64-2cd1-4f66-aa0e-8432b4992975,fut,2p,-ი-ჩხუბ-ებ-თ,y
1a566e64-2cd1-4f66-aa0e-8432b4992975,fut,3p,-ი-ჩხუბ-ებ-ენ,y
1a566e64-2cd1-4f66-aa0e-8432b4992975,cond,1s,ვ-ი-ჩხუბ-ებ-დი,y
1a566e64-2cd1-4f66-aa0e-8432b4992975,cond,2s,-ი-ჩხუბ-ებ-დი,y
1a566e64-2cd1-4f66-aa0e-8432b4992975,cond,3s,-ი-ჩხუბ-ებ-და,y
1a566e64-2cd1-4f66-aa0e-8432b4992975,cond,1p,ვ-ი-ჩხუბ-ებ-დით,y
1a566e64-2cd1-4f66-aa0e-8432b4992975,cond,2p,-ი-ჩხუბ-ებ-დით,y
1a566e64-2cd1-4f66-aa0e-8432b4992975,cond,3p,-ი-ჩხუბ-ებ-დნენ,y
1a566e64-2cd1-4f66-aa0e-8432b4992975,aor,1s,ვ-ი-ჩხუბ--ე,y
1a566e64-2cd1-4f66-aa0e-8432b4992975,aor,2s,-ი-ჩხუბ--ე,y
1a566e64-2cd1-4f66-aa0e-8432b4992975,aor,3s,-ი-ჩხუბ--ა,y
1a566e64-2cd1-4f66-aa0e-8432b4992975,aor,1p,ვ-ი-ჩხუბ--ეთ,y
1a566e64-2cd1-4f66-aa0e-8432b4992975,aor,2p,-ი-ჩხუბ--ეთ,y
1a566e64-2cd1-4f66-aa0e-8432b4992975,aor,3p,-ი-ჩხუბ--ეს,y
1a566e64-2cd1-4f66-aa0e-8432b4992975,opt,1s,ვ-ი-ჩხუბ--,y
1a566e64-2cd1-4f66-aa0e-8432b4992975,opt,2s,-ი-ჩხუბ--,y
1a566e64-2cd1-4f66-aa0e-8432b4992975,opt,3s,-ი-ჩხუბ--ოს,y
1a566e64-2cd1-4f66-aa0e-8432b4992975,opt,1p,ვ-ი-ჩხუბ--ოთ,y
1a566e64-2cd1-4f66-aa0e-8432b4992975,opt,2p,-ი-ჩხუბ--ოთ,y
1a566e64-2cd1-4f66-aa0e-8432b4992975,opt,3p,-ი-ჩხუბ--ონ,y
dcbf1f7f-f385-405a-991a-cc6d828ca960,pres,1s,ვ--პოულ-ობ-,y
dcbf1f7f-f385-405a-991a-cc6d828ca960,pres,2s,--პოულ-ობ-,y
dcbf1f7f-f385-405a-991a-cc6d828ca960,pres,3s,--პოულ-ობ-ს,y
dcbf1f7f-f385-405a-991a-cc6d828ca960,pres,1p,ვ--პოულ-ობ-თ,y
dcbf1f7f-f385-405a-991a-cc6d828ca960,pres,2p,--პოულ-ობ-თ,y
dcbf1f7f-f385-405a-991a-cc6d828ca960,pres,3p,--პოულ-ობ-ენ,y
dcbf1f7f-f385-405a-991a-cc6d828ca960,imp,1s,ვ--პოულ-ობ-დი,y
dcbf1f7f-f385-405a-991a-cc6d828ca960,imp,2s,--პოულ-ობ-დი,y
dcbf1f7f-f385-405a-991a-cc6d828ca960,imp,3s,--პოულ-ობ-და,y
dcbf1f7f-f385-405a-991a-cc6d828ca960,imp,1p,ვ--პოულ-ობ-დით,y
dcbf1f7f-f385-405a-991a-cc6d828ca960,imp,2p,--პოულ-ობ-დით,y
dcbf1f7f-f385-405a-991a-cc6d828ca960,imp,3p,--პოულ-ობ-დნენ,y
dcbf1f7f-f385-405a-991a-cc6d828ca960,pres-subj,1s,ვ--პოულ-ობ-დე,y
dcbf1f7f-f385-405a-991a-cc6d828ca960,pres-subj,2s,--პოულ-ობ-დე,y
dcbf1f7f-f385-405a-991a-cc6d828ca960,pres-subj,3s,--პოულ-ობ-დეს,y
dcbf1f7f-f385-405a-991a-cc6d828ca960,pres-subj,1p,ვ--პოულ-ობ-დეთ,y
dcbf1f7f-f385-405a-991a-cc6d828ca960,pres-subj,2p,--პოულ-ობ-დეთ,y
dcbf1f7f-f385-405a-991a-cc6d828ca960,pres-subj,3p,--პოულ-ობ-დნენ,y
dcbf1f7f-f385-405a-991a-cc6d828ca960,fut,1s,ვ-ი-პოულ-ებ-,y
dcbf1f7f-f385-405a-991a-cc6d828ca960,fut,2s,-ი-პოულ-ებ-,y
dcbf1f7f-f385-405a-991a-cc6d828ca960,fut,3s,-ი-პოულ-ებ-ს,y
dcbf1f7f-f385-405a-991a-cc6d828ca960,fut,1p,ვ-ი-პოულ-ებ-თ,y
dcbf1f7f-f385-405a-991a-cc6d828ca960,fut,2p,-ი-პოულ-ებ-თ,y
dcbf1f7f-f385-405a-991a-cc6d828ca960,fut,3p,-ი-პოულ-ებ-ენ,y
dcbf1f7f-f385-405a-991a-cc6d828ca960,cond,1s,ვ-ი-პოულ-ებ-დი,y
dcbf1f7f-f385-405a-991a-cc6d828ca960,cond,2s,-ი-პოულ-ებ-დი,y
dcbf1f7f-f385-405a-991a-cc6d828ca960,cond,3s,-ი-პოულ-ებ-და,y
dcbf1f7f-f385-405a-991a-cc6d828ca960,cond,1p,ვ-ი-პოულ-ებ-დით,y
dcbf1f7f-f385-405a-991a-cc6d828ca960,cond,2p,-ი-პოულ-ებ-დით,y
dcbf1f7f-f385-405a-991a-cc6d828ca960,cond,3p,-ი-პოულ-ებ-დნენ,y
dcbf1f7f-f385-405a-991a-cc6d828ca960,aor,1s,ვ-ი-პოვნ--ე,y
dcbf1f7f-f385-405a-991a-cc6d828ca960,aor,2s,-ი-პოვნ--ე,y
dcbf1f7f-f385-405a-991a-cc6d828ca960,aor,3s,-ი-პოვნ--ა,y
dcbf1f7f-f385-405a-991a-cc6d828ca960,aor,1p,ვ-ი-პოვნ--ეთ,y
dcbf1f7f-f385-405a-991a-cc6d828ca960,aor,2p,-ი-პოვნ--ეთ,y
dcbf1f7f-f385-405a-991a-cc6d828ca960,aor,3p,-ი-პოვნ--ეს,y
dcbf1f7f-f385-405a-991a-cc6d828ca960,opt,1s,ვ-ი-პოვნ--,y
dcbf1f7f-f385-405a-991a-cc6d828ca960,opt,2s,-ი-პოვნ--,y
dcbf1f7f-f385-405a-991a-cc6d828ca960,opt,3s,-ი-პოვნ--ოს,y
dcbf1f7f-f385-405a-991a-cc6d828ca960,opt,1p,ვ-ი-პოვნ--ოთ,y
dcbf1f7f-f385-405a-991a-cc6d828ca960,opt,2p,-ი-პოვნ--ოთ,y
dcbf1f7f-f385-405a-991a-cc6d828ca960,opt,3p,-ი-პოვნ--ონ,y
8575175d-9c73-41f2-b539-25542056d4c6,pres,1s,ვ--თევზა-ობ-,y
8575175d-9c73-41f2-b539-25542056d4c6,pres,2s,--თევზა-ობ-,y
8575175d-9c73-41f2-b539-25542056d4c6,pres,3s,--თევზა-ობ-ს,y
8575175d-9c73-41f2-b539-25542056d4c6,pres,1p,ვ--თევზა-ობ-თ,y
8575175d-9c73-41f2-b539-25542056d4c6,pres,2p,--თევზა-ობ-თ,y
8575175d-9c73-41f2-b539-25542056d4c6,pres,3p,--თევზა-ობ-ენ,y
8575175d-9c73-41f2-b539-25542056d4c6,imp,1s,ვ--თევზა-ობ-დი,y
8575175d-9c73-41f2-b539-25542056d4c6,imp,2s,--თევზა-ობ-დი,y
8575175d-9c73-41f2-b539-25542056d4c6,imp,3s,--თევზა-ობ-და,y
8575175d-9c73-41f2-b539-25542056d4c6,imp,1p,ვ--თევზა-ობ-დით,y
8575175d-9c73-41f2-b539-25542056d4c6,imp,2p,--თევზა-ობ-დით,y
8575175d-9c73-41f2-b539-25542056d4c6,imp,3p,--თევზა-ობ-დნენ,y
8575175d-9c73-41f2-b539-25542056d4c6,pres-subj,1s,ვ--თევზა-ობ-დე,y
8575175d-9c73-41f2-b539-25542056d4c6,pres-subj,2s,--თევზა-ობ-დე,y
8575175d-9c73-41f2-b539-25542056d4c6,pres-subj,3s,--თევზა-ობ-დეს,y
8575175d-9c73-41f2-b539-25542056d4c6,pres-subj,1p,ვ--თევზა-ობ-დეთ,y
8575175d-9c73-41f2-b539-25542056d4c6,pres-subj,2p,--თევზა-ობ-დეთ,y
8575175d-9c73-41f2-b539-25542056d4c6,pres-subj,3p,--თევზა-ობ-დნენ,y
8575175d-9c73-41f2-b539-25542056d4c6,fut,1s,ვ-ი-თევზა-ებ-,y
8575175d-9c73-41f2-b539-25542056d4c6,fut,2s,-ი-თევზა-ებ-,y
8575175d-9c73-41f2-b539-25542056d4c6,fut,3s,-ი-თევზა-ებ-ს,y
8575175d-9c73-41f2-b539-25542056d4c6,fut,1p,ვ-ი-თევზა-ებ-თ,y
8575175d-9c73-41f2-b539-25542056d4c6,fut,2p,-ი-თევზა-ებ-თ,y
8575175d-9c73-41f2-b539-25542056d4c6,fut,3p,-ი-თევზა-ებ-ენ,y
8575175d-9c73-41f2-b539-25542056d4c6,cond,1s,ვ-ი-თევზა-ებ-დი,y
8575175d-9c73-41f2-b539-25542056d4c6,cond,2s,-ი-თევზა-ებ-დი,y
8575175d-9c73-41f2-b539-25542056d4c6,cond,3s,-ი-თევზა-ებ-და,y
8575175d-9c73-41f2-b539-25542056d4c6,cond,1p,ვ-ი-თევზა-ებ-დით,y
8575175d-9c73-41f2-b539-25542056d4c6,cond,2p,-ი-თევზა-ებ-დით,y
8575175d-9c73-41f2-b539-25542056d4c6,cond,3p,-ი-თევზა-ებ-დნენ,y
8575175d-9c73-41f2-b539-25542056d4c6,aor,1s,ვ-ი-თევზავ--ე,y
8575175d-9c73-41f2-b539-25542056d4c6,aor,2s,-ი-თევზავ--ე,y
8575175d-9c73-41f2-b539-25542056d4c6,aor,3s,-ი-თევზავ--ა,y
8575175d-9c73-41f2-b539-25542056d4c6,aor,1p,ვ-ი-თევზავ--ეთ,y
8575175d-9c73-41f2-b539-25542056d4c6,aor,2p,-ი-თევზავ--ეთ,y
8575175d-9c73-41f2-b539-25542056d4c6,aor,3p,-ი-თევზავ--ეს,y
8575175d-9c73-41f2-b539-25542056d4c6,opt,1s,ვ-ი-თევზავ--,y
8575175d-9c73-41f2-b539-25542056d4c6,opt,2s,-ი-თევზავ--,y
8575175d-9c73-41f2-b539-25542056d4c6,opt,3s,-ი-თევზავ--ოს,y
8575175d-9c73-41f2-b539-25542056d4c6,opt,1p,ვ-ი-თევზავ--ოთ,y
8575175d-9c73-41f2-b539-25542056d4c6,opt,2p,-ი-თევზავ--ოთ,y
8575175d-9c73-41f2-b539-25542056d4c6,opt,3p,-ი-თევზავ--ონ,y
d30823f2-f989-4d67-816b-31b73109be21,pres,1s,ვ--კეკლუც-ობ-,y
d30823f2-f989-4d67-816b-31b73109be21,pres,2s,--კეკლუც-ობ-,y
d30823f2-f989-4d67-816b-31b73109be21,pres,3s,--კეკლუც-ობ-ს,y
d30823f2-f989-4d67-816b-31b73109be21,pres,1p,ვ--კეკლუც-ობ-თ,y
d30823f2-f989-4d67-816b-31b73109be21,pres,2p,--კეკლუც-ობ-თ,y
d30823f2-f989-4d67-816b-31b73109be21,pres,3p,--კეკლუც-ობ-ენ,y
d30823f2-f989-4d67-816b-31b73109be21,imp,1s,ვ--კეკლუც-ობ-დი,y
d30823f2-f989-4d67-816b-31b73109be21,imp,2s,--კეკლუც-ობ-დი,y
d30823f2-f989-4d67-816b-31b73109be21,imp,3s,--კეკლუც-ობ-და,y
d30823f2-f989-4d67-816b-31b73109be21,imp,1p,ვ--კეკლუც-ობ-დით,y
d30823f2-f989-4d67-816b-31b73109be21,imp,2p,--კეკლუც-ობ-დით,y
d30823f2-f989-4d67-816b-31b73109be21,imp,3p,--კეკლუც-ობ-დნენ,y
d30823f2-f989-4d67-816b-31b73109be21,pres-subj,1s,ვ--კეკლუც-ობ-დე,y
d30823f2-f989-4d67-816b-31b73109be21,pres-subj,2s,--კეკლუც-ობ-დე,y
d30823f2-f989-4d67-816b-31b73109be21,pres-subj,3s,--კეკლუც-ობ-დეს,y
d30823f2-f989-4d67-816b-31b73109be21,pres-subj,1p,ვ--კეკლუც-ობ-დეთ,y
d30823f2-f989-4d67-816b-31b73109be21,pres-subj,2p,--კეკლუც-ობ-დეთ,y
d30823f2-f989-4d67-816b-31b73109be21,pres-subj,3p,--კეკლუც-ობ-დნენ,y
d30823f2-f989-4d67-816b-31b73109be21,fut,1s,ვ-ი-კეკლუც-ებ-,y
d30823f2-f989-4d67-816b-31b73109be21,fut,2s,-ი-კეკლუც-ებ-,y
d30823f2-f989-4d67-816b-31b73109be21,fut,3s,-ი-კეკლუც-ებ-ს,y
d30823f2-f989-4d67-816b-31b73109be21,fut,1p,ვ-ი-კეკლუც-ებ-თ,y
d30823f2-f989-4d67-816b-31b73109be21,fut,2p,-ი-კეკლუც-ებ-თ,y
d30823f2-f989-4d67-816b-31b73109be21,fut,3p,-ი-კეკლუც-ებ-ენ,y
d30823f2-f989-4d67-816b-31b73109be21,cond,1s,ვ-ი-კეკლუც-ებ-დი,y
d30823f2-f989-4d67-816b-31b73109be21,cond,2s,-ი-კეკლუც-ებ-დი,y
d30823f2-f989-4d67-816b-31b73109be21,cond,3s,-ი-კეკლუც-ებ-და,y
d30823f2-f989-4d67-816b-31b73109be21,cond,1p,ვ-ი-კეკლუც-ებ-დით,y
d30823f2-f989-4d67-816b-31b73109be21,cond,2p,-ი-კეკლუც-ებ-დით,y
d30823f2-f989-4d67-816b-31b73109be21,cond,3p,-ი-კეკლუც-ებ-დნენ,y
d30823f2-f989-4d67-816b-31b73109be21,aor,1s,ვ-ი-კეკლუც--ე,y
d30823f2-f989-4d67-816b-31b73109be21,aor,2s,-ი-კეკლუც--ე,y
d30823f2-f989-4d67-816b-31b73109be21,aor,3s,-ი-კეკლუც--ა,y
d30823f2-f989-4d67-816b-31b73109be21,aor,1p,ვ-ი-კეკლუც--ეთ,y
d30823f2-f989-4d67-816b-31b73109be21,aor,2p,-ი-კეკლუც--ეთ,y
d30823f2-f989-4d67-816b-31b73109be21,aor,3p,-ი-კეკლუც--ეს,y
d30823f2-f989-4d67-816b-31b73109be21,opt,1s,ვ-ი-კეკლუც--,y
d30823f2-f989-4d67-816b-31b73109be21,opt,2s,-ი-კეკლუც--,y
d30823f2-f989-4d67-816b-31b73109be21,opt,3s,-ი-კეკლუც--ოს,y
d30823f2-f989-4d67-816b-31b73109be21,opt,1p,ვ-ი-კეკლუც--ოთ,y
d30823f2-f989-4d67-816b-31b73109be21,opt,2p,-ი-კეკლუც--ოთ,y
d30823f2-f989-4d67-816b-31b73109be21,opt,3p,-ი-კეკლუც--ონ,y
6def2d44-3df8-4a92-b365-644e61ebbd32,pres,1s,-ვ-აფრენ--,n
6def2d44-3df8-4a92-b365-644e61ebbd32,pres,2s,--აფრენ--,n
6def2d44-3df8-4a92-b365-644e61ebbd32,pres,3s,--აფრენ--ს,n
6def2d44-3df8-4a92-b365-644e61ebbd32,pres,1p,-ვ-აფრენ--თ,n
6def2d44-3df8-4a92-b365-644e61ebbd32,pres,2p,--აფრენ--თ,n
6def2d44-3df8-4a92-b365-644e61ebbd32,pres,3p,--აფრენ--ენ,n
6def2d44-3df8-4a92-b365-644e61ebbd32,imp,1s,-ვ-აფრენ--დი,n
6def2d44-3df8-4a92-b365-644e61ebbd32,imp,2s,--აფრენ--დი,n
6def2d44-3df8-4a92-b365-644e61ebbd32,imp,3s,--აფრენ--და,n
6def2d44-3df8-4a92-b365-644e61ebbd32,imp,1p,-ვ-აფრენ--დით,n
6def2d44-3df8-4a92-b365-644e61ebbd32,imp,2p,--აფრენ--დით,n
6def2d44-3df8-4a92-b365-644e61ebbd32,imp,3p,--აფრენ--დნენ,n
6def2d44-3df8-4a92-b365-644e61ebbd32,pres-subj,1s,-ვ-აფრენ--დე,n
6def2d44-3df8-4a92-b365-644e61ebbd32,pres-subj,2s,--აფრენ--დე,n
6def2d44-3df8-4a92-b365-644e61ebbd32,pres-subj,3s,--აფრენ--დეს,n
6def2d44-3df8-4a92-b365-644e61ebbd32,pres-subj,1p,-ვ-აფრენ--დეთ,n
6def2d44-3df8-4a92-b365-644e61ebbd32,pres-subj,2p,--აფრენ--დეთ,n
6def2d44-3df8-4a92-b365-644e61ebbd32,pres-subj,3p,--აფრენ--დნენ,n
6def2d44-3df8-4a92-b365-644e61ebbd32,fut,1s,გა-ვ-აფრენ--,n
6def2d44-3df8-4a92-b365-644e61ebbd32,fut,2s,გა--აფრენ--,n
6def2d44-3df8-4a92-b365-644e61ebbd32,fut,3s,გა--აფრენ--ს,n
6def2d44-3df8-4a92-b365-644e61ebbd32,fut,1p,გა-ვ-აფრენ--თ,n
6def2d44-3df8-4a92-b365-644e61ebbd32,fut,2p,გა--აფრენ--თ,n
6def2d44-3df8-4a92-b365-644e61ebbd32,fut,3p,გა--აფრენ--ენ,n
6def2d44-3df8-4a92-b365-644e61ebbd32,cond,1s,გა-ვ-აფრენ--დი,n
6def2d44-3df8-4a92-b365-644e61ebbd32,cond,2s,გა--აფრენ--დი,n
6def2d44-3df8-4a92-b365-644e61ebbd32,cond,3s,გა--აფრენ--და,n
6def2d44-3df8-4a92-b365-644e61ebbd32,cond,1p,გა-ვ-აფრენ--დით,n
6def2d44-3df8-4a92-b365-644e61ebbd32,cond,2p,გა--აფრენ--დით,n
6def2d44-3df8-4a92-b365-644e61ebbd32,cond,3p,გა--აფრენ--დნენ,n
6def2d44-3df8-4a92-b365-644e61ebbd32,aor,1s,გა-ვ-ფრინდ--ი,n
6def2d44-3df8-4a92-b365-644e61ebbd32,aor,2s,გა--ფრინდ--ი,n
6def2d44-3df8-4a92-b365-644e61ebbd32,aor,3s,გა--ფრინდ--ა,n
6def2d44-3df8-4a92-b365-644e61ebbd32,aor,1p,გა-ვ-ფრინდ--ით,n
6def2d44-3df8-4a92-b365-644e61ebbd32,aor,2p,გა--ფრინდ--ით,n
6def2d44-3df8-4a92-b365-644e61ebbd32,aor,3p,გა--ფრინდ--ნენ,n
6def2d44-3df8-4a92-b365-644e61ebbd32,opt,1s,გა-ვ-ფრინდ--,n
6def2d44-3df8-4a92-b365-644e61ebbd32,opt,2s,გა--ფრინდ--,n
6def2d44-3df8-4a92-b365-644e61ebbd32,opt,3s,გა--ფრინდ--ოს,n
6def2d44-3df8-4a92-b365-644e61ebbd32,opt,1p,გა-ვ-ფრინდ--ოთ,n
6def2d44-3df8-4a92-b365-644e61ebbd32,opt,2p,გა--ფრინდ--ოთ,n
6def2d44-3df8-4a92-b365-644e61ebbd32,opt,3p,გა--ფრინდ--ონ,n
d1228db9-3d8a-49d4-9faf-41cb697b3276,pres,1s,-ვ-ფრინდ-ებ-ი,n
d1228db9-3d8a-49d4-9faf-41cb697b3276,pres,2s,--ფრინდ-ებ-ი,n
d1228db9-3d8a-49d4-9faf-41cb697b3276,pres,3s,--ფრინდ-ებ-ა,n
d1228db9-3d8a-49d4-9faf-41cb697b3276,pres,1p,-ვ-ფრინდ-ებ-ით,n
d1228db9-3d8a-49d4-9faf-41cb697b3276,pres,2p,--ფრინდ-ებ-ით,n
d1228db9-3d8a-49d4-9faf-41cb697b3276,pres,3p,--ფრინდ-ებ-იან,n
d1228db9-3d8a-49d4-9faf-41cb697b3276,imp,1s,-ვ-ფრინდ-ებ-ოდი,n
d1228db9-3d8a-49d4-9faf-41cb697b3276,imp,2s,--ფრინდ-ებ-ოდი,n
d1228db9-3d8a-49d4-9faf-41cb697b3276,imp,3s,--ფრინდ-ებ-ოდა,n
d1228db9-3d8a-49d4-9faf-41cb697b3276,imp,1p,-ვ-ფრინდ-ებ-ოდით,n
d1228db9-3d8a-49d4-9faf-41cb697b3276,imp,2p,--ფრინდ-ებ-ოდით,n
d1228db9-3d8a-49d4-9faf-41cb697b3276,imp,3p,--ფრინდ-ებ-ოდნენ,n
d1228db9-3d8a-49d4-9faf-41cb697b3276,pres-subj,1s,-ვ-ფრინდ-ებ-ოდე,n
d1228db9-3d8a-49d4-9faf-41cb697b3276,pres-subj,2s,--ფრინდ-ებ-ოდე,n
d1228db9-3d8a-49d4-9faf-41cb697b3276,pres-subj,3s,--ფრინდ-ებ-ოდეს,n
d1228db9-3d8a-49d4-9faf-41cb697b3276,pres-subj,1p,-ვ-ფრინდ-ებ-ოდეთ,n
d1228db9-3d8a-49d4-9faf-41cb697b3276,pres-subj,2p,--ფრინდ-ებ-ოდეთ,n
d1228db9-3d8a-49d4-9faf-41cb697b3276,pres-subj,3p,--ფრინდ-ებ-ოდნენ,n
d1228db9-3d8a-49d4-9faf-41cb697b3276,fut,1s,გა-ვ-ფრინდ-ებ-ი,n
d1228db9-3d8a-49d4-9faf-41cb697b3276,fut,2s,გა--ფრინდ-ებ-ი,n
d1228db9-3d8a-49d4-9faf-41cb697b3276,fut,3s,გა--ფრინდ-ებ-ა,n
d1228db9-3d8a-49d4-9faf-41cb697b3276,fut,1p,გა-ვ-ფრინდ-ებ-ით,n
d1228db9-3d8a-49d4-9faf-41cb697b3276,fut,2p,გა--ფრინდ-ებ-ით,n
d1228db9-3d8a-49d4-9faf-41cb697b3276,fut,3p,გა--ფრინდ-ებ-იან,n
d1228db9-3d8a-49d4-9faf-41cb697b3276,cond,1s,გა-ვ-ფრინდ-ებ-ოდი,n
d1228db9-3d8a-49d4-9faf-41cb697b3276,cond,2s,გა--ფრინდ-ებ-ოდი,n
d1228db9-3d8a-49d4-9faf-41cb697b3276,cond,3s,გა--ფრინდ-ებ-ოდა,n
d1228db9-3d8a-49d4-9faf-41cb697b3276,cond,1p,გა-ვ-ფრინდ-ებ-ოდით,n
d1228db9-3d8a-49d4-9faf-41cb697b3276,cond,2p,გა--ფრინდ-ებ-ოდით,n
d1228db9-3d8a-49d4-9faf-41cb697b3276,cond,3p,გა--ფრინდ-ებ-ოდნენ,n
d1228db9-3d8a-49d4-9faf-41cb697b3276,aor,1s,გა-ვ-ფრინდ--ი,n
d1228db9-3d8a-49d4-9faf-41cb697b3276,aor,2s,გა--ფრინდ--ი,n
d1228db9-3d8a-49d4-9faf-41cb697b3276,aor,3s,გა--ფრინდ--ა,n
d1228db9-3d8a-49d4-9faf-41cb697b3276,aor,1p,გა-ვ-ფრინდ--ით,n
d1228db9-3d8a-49d4-9faf-41cb697b3276,aor,2p,გა--ფრინდ--ით,n
d1228db9-3d8a-49d4-9faf-41cb697b3276,aor,3p,გა--ფრინდ--ნენ,n
d1228db9-3d8a-49d4-9faf-41cb697b3276,opt,1s,გა-ვ-ფრინდ--ა,n
d1228db9-3d8a-49d4-9faf-41cb697b3276,opt,2s,გა--ფრინდ--ა,n
d1228db9-3d8a-49d4-9faf-41cb697b3276,opt,3s,გა--ფრინდ--ას,n
d1228db9-3d8a-49d4-9faf-41cb697b3276,opt,1p,გა-ვ-ფრინდ--ათ,n
d1228db9-3d8a-49d4-9faf-41cb697b3276,opt,2p,გა--ფრინდ--ათ,n
d1228db9-3d8a-49d4-9faf-41cb697b3276,opt,3p,გა--ფრინდ--ან,n
ea3ec443-9985-4d19-af4f-aa78d287868b,pres,1s,მი-ვ-ყვ-ებ-ი,n
ea3ec443-9985-4d19-af4f-aa78d287868b,pres,2s,მი--ყვ-ებ-ი,n
ea3ec443-9985-4d19-af4f-aa78d287868b,pres,3s,მი--ყვ-ებ-ა,n
ea3ec443-9985-4d19-af4f-aa78d287868b,pres,1p,მი-ვ-ყვ-ებ-ით,n
ea3ec443-9985-4d19-af4f-aa78d287868b,pres,2p,მი--ყვ-ებ-ით,n
ea3ec443-9985-4d19-af4f-aa78d287868b,pres,3p,მი--ყვ-ებ-იან,n
ea3ec443-9985-4d19-af4f-aa78d287868b,imp,1s,მი-ვ-ყვ-ებ-ოდი,n
ea3ec443-9985-4d19-af4f-aa78d287868b,imp,2s,მი--ყვ-ებ-ოდი,n
ea3ec443-9985-4d19-af4f-aa78d287868b,imp,3s,მი--ყვ-ებ-ოდა,n
ea3ec443-9985-4d19-af4f-aa78d287868b,imp,1p,მი-ვ-ყვ-ებ-ოდით,n
ea3ec443-9985-4d19-af4f-aa78d287868b,imp,2p,მი--ყვ-ებ-ოდით,n
ea3ec443-9985-4d19-af4f-aa78d287868b,imp,3p,მი--ყვ-ებ-ოდნენ,n
ea3ec443-9985-4d19-af4f-aa78d287868b,pres-subj,1s,მი-ვ-ყვ-ებ-ოდე,n
ea3ec443-9985-4d19-af4f-aa78d287868b,pres-subj,2s,მი--ყვ-ებ-ოდე,n
ea3ec443-9985-4d19-af4f-aa78d287868b,pres-subj,3s,მი--ყვ-ებ-ოდეს,n
ea3ec443-9985-4d19-af4f-aa78d287868b,pres-subj,1p,მი-ვ-ყვ-ებ-ოდეთ,n
ea3ec443-9985-4d19-af4f-aa78d287868b,pres-subj,2p,მი--ყვ-ებ-ოდეთ,n
ea3ec443-9985-4d19-af4f-aa78d287868b,pres-subj,3p,მი--ყვ-ებ-ოდნენ,n
ea3ec443-9985-4d19-af4f-aa78d287868b,fut,1s,მი-ვ-ყვ-ებ-ი,n
ea3ec443-9985-4d19-af4f-aa78d287868b,fut,2s,მი--ყვ-ებ-ი,n
ea3ec443-9985-4d19-af4f-aa78d287868b,fut,3s,მი--ყვ-ებ-ა,n
ea3ec443-9985-4d19-af4f-aa78d287868b,fut,1p,მი-ვ-ყვ-ებ-ით,n
ea3ec443-9985-4d19-af4f-aa78d287868b,fut,2p,მი--ყვ-ებ-ით,n
ea3ec443-9985-4d19-af4f-aa78d287868b,fut,3p,მი--ყვ-ებ-იან,n
ea3ec443-9985-4d19-af4f-aa78d287868b,cond,1s,მი-ვ-ყვ-ებ-ოდი,n
ea3ec443-9985-4d19-af4f-aa78d287868b,cond,2s,მი--ყვ-ებ-ოდი,n
ea3ec443-9985-4d19-af4f-aa78d287868b,cond,3s,მი--ყვ-ებ-ოდა,n
ea3ec443-9985-4d19-af4f-aa78d287868b,cond,1p,მი-ვ-ყვ-ებ-ოდით,n
ea3ec443-9985-4d19-af4f-aa78d287868b,cond,2p,მი--ყვ-ებ-ოდით,n
ea3ec443-9985-4d19-af4f-aa78d287868b,cond,3p,მი--ყვ-ებ-ოდნენ,n
ea3ec443-9985-4d19-af4f-aa78d287868b,aor,1s,მი-ვ-ყევ--ი,n
ea3ec443-9985-4d19-af4f-aa78d287868b,aor,2s,მი--ყევ--ი,n
ea3ec443-9985-4d19-af4f-aa78d287868b,aor,3s,მი--ყვ--ა,n
ea3ec443-9985-4d19-af4f-aa78d287868b,aor,1p,მი-ვ-ყევ--ით,n
ea3ec443-9985-4d19-af4f-aa78d287868b,aor,2p,მი--ყევ--ით,n
ea3ec443-9985-4d19-af4f-aa78d287868b,aor,3p,მი--ყვ--ნენ,n
ea3ec443-9985-4d19-af4f-aa78d287868b,opt,1s,მი-ვ-ყევ--ე,n
ea3ec443-9985-4d19-af4f-aa78d287868b,opt,2s,მი--ყევ--ე,n
ea3ec443-9985-4d19-af4f-aa78d287868b,opt,3s,მი--ყვ--ეს,n
ea3ec443-9985-4d19-af4f-aa78d287868b,opt,1p,მი-ვ-ყევ--ეთ,n
ea3ec443-9985-4d19-af4f-aa78d287868b,opt,2p,მი--ყევ--ეთ,n
ea3ec443-9985-4d19-af4f-aa78d287868b,opt,3p,მი--ყვ--ნენ,n
e62639e2-e993-4a69-afa7-87b701b3522f,pres,1s,-ვ-კრძალ-ავ-,n
e62639e2-e993-4a69-afa7-87b701b3522f,pres,2s,--კრძალ-ავ-,n
e62639e2-e993-4a69-afa7-87b701b3522f,pres,3s,--კრძალ-ავ-ს,n
e62639e2-e993-4a69-afa7-87b701b3522f,pres,1p,-ვ-კრძალ-ავ-თ,n
e62639e2-e993-4a69-afa7-87b701b3522f,pres,2p,--კრძალ-ავ-თ,n
e62639e2-e993-4a69-afa7-87b701b3522f,pres,3p,--კრძალ-ავ-ენ,n
e62639e2-e993-4a69-afa7-87b701b3522f,imp,1s,-ვ-კრძალ-ავ-დი,n
e62639e2-e993-4a69-afa7-87b701b3522f,imp,2s,--კრძალ-ავ-დი,n
e62639e2-e993-4a69-afa7-87b701b3522f,imp,3s,--კრძალ-ავ-და,n
e62639e2-e993-4a69-afa7-87b701b3522f,imp,1p,-ვ-კრძალ-ავ-დით,n
e62639e2-e993-4a69-afa7-87b701b3522f,imp,2p,--კრძალ-ავ-დით,n
e62639e2-e993-4a69-afa7-87b701b3522f,imp,3p,--კრძალ-ავ-დნენ,n
e62639e2-e993-4a69-afa7-87b701b3522f,pres-subj,1s,-ვ-კრძალ-ავ-დე,n
e62639e2-e993-4a69-afa7-87b701b3522f,pres-subj,2s,--კრძალ-ავ-დე,n
e62639e2-e993-4a69-afa7-87b701b3522f,pres-subj,3s,--კრძალ-ავ-დეს,n
e62639e2-e993-4a69-afa7-87b701b3522f,pres-subj,1p,-ვ-კრძალ-ავ-დეთ,n
e62639e2-e993-4a69-afa7-87b701b3522f,pres-subj,2p,--კრძალ-ავ-დეთ,n
e62639e2-e993-4a69-afa7-87b701b3522f,pres-subj,3p,--კრძალ-ავ-დნენ,n
e62639e2-e993-4a69-afa7-87b701b3522f,fut,1s,ა-ვ-კრძალ-ავ-,n
e62639e2-e993-4a69-afa7-87b701b3522f,fut,2s,ა--კრძალ-ავ-,n
e62639e2-e993-4a69-afa7-87b701b3522f,fut,3s,ა--კრძალ-ავ-ს,n
e62639e2-e993-4a69-afa7-87b701b3522f,fut,1p,ა-ვ-კრძალ-ავ-თ,n
e62639e2-e993-4a69-afa7-87b701b3522f,fut,2p,ა--კრძალ-ავ-თ,n
e62639e2-e993-4a69-afa7-87b701b3522f,fut,3p,ა--კრძალ-ავ-ენ,n
e62639e2-e993-4a69-afa7-87b701b3522f,cond,1s,ა-ვ-კრძალ-ავ-დი,n
e62639e2-e993-4a69-afa7-87b701b3522f,cond,2s,ა--კრძალ-ავ-დი,n
e62639e2-e993-4a69-afa7-87b701b3522f,cond,3s,ა--კრძალ-ავ-და,n
e62639e2-e993-4a69-afa7-87b701b3522f,cond,1p,ა-ვ-კრძალ-ავ-დით,n
e62639e2-e993-4a69-afa7-87b701b3522f,cond,2p,ა--კრძალ-ავ-დით,n
e62639e2-e993-4a69-afa7-87b701b3522f,cond,3p,ა--კრძალ-ავ-დნენ,n
e62639e2-e993-4a69-afa7-87b701b3522f,aor,1s,ა-ვ-კრძალ--ე,n
e62639e2-e993-4a69-afa7-87b701b3522f,aor,2s,ა--კრძალ--ე,n
e62639e2-e993-4a69-afa7-87b701b3522f,aor,3s,ა--კრძალ--ა,n
e62639e2-e993-4a69-afa7-87b701b3522f,aor,1p,ა-ვ-კრძალ--ეთ,n
e62639e2-e993-4a69-afa7-87b701b3522f,aor,2p,ა--კრძალ--ეთ,n
e62639e2-e993-4a69-afa7-87b701b3522f,aor,3p,ა--კრძალ--ეს,n
e62639e2-e993-4a69-afa7-87b701b3522f,opt,1s,ა-ვ-კრძალ--,n
e62639e2-e993-4a69-afa7-87b701b3522f,opt,2s,ა--კრძალ--,n
e62639e2-e993-4a69-afa7-87b701b3522f,opt,3s,ა--კრძალ--ოს,n
e62639e2-e993-4a69-afa7-87b701b3522f,opt,1p,ა-ვ-კრძალ--ოთ,n
e62639e2-e993-4a69-afa7-87b701b3522f,opt,2p,ა--კრძალ--ოთ,n
e62639e2-e993-4a69-afa7-87b701b3522f,opt,3p,ა--კრძალ--ონ,n
1dce3d00-a699-4446-b571-cca989e3db86,pres,1s,-ვ-ივიწყ-ებ-,n
1dce3d00-a699-4446-b571-cca989e3db86,pres,2s,--ივიწყ-ებ-,n
1dce3d00-a699-4446-b571-cca989e3db86,pres,3s,--ივიწყ-ებ-ს,n
1dce3d00-a699-4446-b571-cca989e3db86,pres,1p,-ვ-ივიწყ-ებ-თ,n
1dce3d00-a699-4446-b571-cca989e3db86,pres,2p,--ივიწყ-ებ-თ,n
1dce3d00-a699-4446-b571-cca989e3db86,pres,3p,--ივიწყ-ებ-ენ,n
1dce3d00-a699-4446-b571-cca989e3db86,imp,1s,-ვ-ივიწყ-ებ-დი,n
1dce3d00-a699-4446-b571-cca989e3db86,imp,2s,--ივიწყ-ებ-დი,n
1dce3d00-a699-4446-b571-cca989e3db86,imp,3s,--ივიწყ-ებ-და,n
1dce3d00-a699-4446-b571-cca989e3db86,imp,1p,-ვ-ივიწყ-ებ-დით,n
1dce3d00-a699-4446-b571-cca989e3db86,imp,2p,--ივიწყ-ებ-დით,n
1dce3d00-a699-4446-b571-cca989e3db86,imp,3p,--ივიწყ-ებ-დნენ,n
1dce3d00-a699-4446-b571-cca989e3db86,pres-subj,1s,-ვ-ივიწყ-ებ-დე,n
1dce3d00-a699-4446-b571-cca989e3db86,pres-subj,2s,--ივიწყ-ებ-დე,n
1dce3d00-a699-4446-b571-cca989e3db86,pres-subj,3s,--ივიწყ-ებ-დეს,n
1dce3d00-a699-4446-b571-cca989e3db86,pres-subj,1p,-ვ-ივიწყ-ებ-დეთ,n
1dce3d00-a699-4446-b571-cca989e3db86,pres-subj,2p,--ივიწყ-ებ-დეთ,n
1dce3d00-a699-4446-b571-cca989e3db86,pres-subj,3p,--ივიწყ-ებ-დნენ,n
1dce3d00-a699-4446-b571-cca989e3db86,fut,1s,და-ვ-ივიწყ-ებ-,n
1dce3d00-a699-4446-b571-cca989e3db86,fut,2s,და--ივიწყ-ებ-,n
1dce3d00-a699-4446-b571-cca989e3db86,fut,3s,და--ივიწყ-ებ-ს,n
1dce3d00-a699-4446-b571-cca989e3db86,fut,1p,და-ვ-ივიწყ-ებ-თ,n
1dce3d00-a699-4446-b571-cca989e3db86,fut,2p,და--ივიწყ-ებ-თ,n
1dce3d00-a699-4446-b571-cca989e3db86,fut,3p,და--ივიწყ-ებ-ენ,n
1dce3d00-a699-4446-b571-cca989e3db86,cond,1s,და-ვ-ივიწყ-ებ-დი,n
1dce3d00-a699-4446-b571-cca989e3db86,cond,2s,და--ივიწყ-ებ-დი,n
1dce3d00-a699-4446-b571-cca989e3db86,cond,3s,და--ივიწყ-ებ-და,n
1dce3d00-a699-4446-b571-cca989e3db86,cond,1p,და-ვ-ივიწყ-ებ-დით,n
1dce3d00-a699-4446-b571-cca989e3db86,cond,2p,და--ივიწყ-ებ-დით,n
1dce3d00-a699-4446-b571-cca989e3db86,cond,3p,და--ივიწყ-ებ-დნენ,n
1dce3d00-a699-4446-b571-cca989e3db86,aor,1s,და-ვ-ივიწყ--ე,n
1dce3d00-a699-4446-b571-cca989e3db86,aor,2s,და--ივიწყ--ე,n
1dce3d00-a699-4446-b571-cca989e3db86,aor,3s,და--ივიწყ--ა,n
1dce3d00-a699-4446-b571-cca989e3db86,aor,1p,და-ვ-ივიწყ--ეთ,n
1dce3d00-a699-4446-b571-cca989e3db86,aor,2p,და--ივიწყ--ეთ,n
1dce3d00-a699-4446-b571-cca989e3db86,aor,3p,და--ივიწყ--ეს,n
1dce3d00-a699-4446-b571-cca989e3db86,opt,1s,და-ვ-ივიწყ--,n
1dce3d00-a699-4446-b571-cca989e3db86,opt,2s,და--ივიწყ--,n
1dce3d00-a699-4446-b571-cca989e3db86,opt,3s,და--ივიწყ--ოს,n
1dce3d00-a699-4446-b571-cca989e3db86,opt,1p,და-ვ-ივიწყ--ოთ,n
1dce3d00-a699-4446-b571-cca989e3db86,opt,2p,და--ივიწყ--ოთ,n
1dce3d00-a699-4446-b571-cca989e3db86,opt,3p,და--ივიწყ--ონ,n
ec8e7fd3-edd1-4b73-a302-cb27d9ccc703,pres,1s,შე-ვ-უნდ-ობ-,n
ec8e7fd3-edd1-4b73-a302-cb27d9ccc703,pres,2s,შე--უნდ-ობ-,n
ec8e7fd3-edd1-4b73-a302-cb27d9ccc703,pres,3s,შე--უნდ-ობ-ს,n
ec8e7fd3-edd1-4b73-a302-cb27d9ccc703,pres,1p,შე-ვ-უნდ-ობ-თ,n
ec8e7fd3-edd1-4b73-a302-cb27d9ccc703,pres,2p,შე--უნდ-ობ-თ,n
ec8e7fd3-edd1-4b73-a302-cb27d9ccc703,pres,3p,შე--უნდ-ობ-ენ,n
ec8e7fd3-edd1-4b73-a302-cb27d9ccc703,imp,1s,შე-ვ-უნდ-ობ-დი,n
ec8e7fd3-edd1-4b73-a302-cb27d9ccc703,imp,2s,შე--უნდ-ობ-დი,n
ec8e7fd3-edd1-4b73-a302-cb27d9ccc703,imp,3s,შე--უნდ-ობ-და,n
ec8e7fd3-edd1-4b73-a302-cb27d9ccc703,imp,1p,შე-ვ-უნდ-ობ-დით,n
ec8e7fd3-edd1-4b73-a302-cb27d9ccc703,imp,2p,შე--უნდ-ობ-დით,n
ec8e7fd3-edd1-4b73-a302-cb27d9ccc703,imp,3p,შე--უნდ-ობ-დნენ,n
ec8e7fd3-edd1-4b73-a302-cb27d9ccc703,pres-subj,1s,შე-ვ-უნდ-ობ-დე,n
ec8e7fd3-edd1-4b73-a302-cb27d9ccc703,pres-subj,2s,შე--უნდ-ობ-დე,n
ec8e7fd3-edd1-4b73-a302-cb27d9ccc703,pres-subj,3s,შე--უნდ-ობ-დეს,n
ec8e7fd3-edd1-4b73-a302-cb27d9ccc703,pres-subj,1p,შე-ვ-უნდ-ობ-დეთ,n
ec8e7fd3-edd1-4b73-a302-cb27d9ccc703,pres-subj,2p,შე--უნდ-ობ-დეთ,n
ec8e7fd3-edd1-4b73-a302-cb27d9ccc703,pres-subj,3p,შე--უნდ-ობ-დნენ,n
ec8e7fd3-edd1-4b73-a302-cb27d9ccc703,fut,1s,შე-ვ-უნდ-ობ-,n
ec8e7fd3-edd1-4b73-a302-cb27d9ccc703,fut,2s,შე--უნდ-ობ-,n
ec8e7fd3-edd1-4b73-a302-cb27d9ccc703,fut,3s,შე--უნდ-ობ-ს,n
ec8e7fd3-edd1-4b73-a302-cb27d9ccc703,fut,1p,შე-ვ-უნდ-ობ-თ,n
ec8e7fd3-edd1-4b73-a302-cb27d9ccc703,fut,2p,შე--უნდ-ობ-თ,n
ec8e7fd3-edd1-4b73-a302-cb27d9ccc703,fut,3p,შე--უნდ-ობ-ენ,n
ec8e7fd3-edd1-4b73-a302-cb27d9ccc703,cond,1s,შე-ვ-უნდ-ობ-დი,n
ec8e7fd3-edd1-4b73-a302-cb27d9ccc703,cond,2s,შე--უნდ-ობ-დი,n
ec8e7fd3-edd1-4b73-a302-cb27d9ccc703,cond,3s,შე--უნდ-ობ-და,n
ec8e7fd3-edd1-4b73-a302-cb27d9ccc703,cond,1p,შე-ვ-უნდ-ობ-დით,n
ec8e7fd3-edd1-4b73-a302-cb27d9ccc703,cond,2p,შე--უნდ-ობ-დით,n
ec8e7fd3-edd1-4b73-a302-cb27d9ccc703,cond,3p,შე--უნდ-ობ-დნენ,n
ec8e7fd3-edd1-4b73-a302-cb27d9ccc703,aor,1s,შე-ვ-უნდ--ე,n
ec8e7fd3-edd1-4b73-a302-cb27d9ccc703,aor,2s,შე--უნდ--ე,n
ec8e7fd3-edd1-4b73-a302-cb27d9ccc703,aor,3s,შე--უნდ--ო,n
ec8e7fd3-edd1-4b73-a302-cb27d9ccc703,aor,1p,შე-ვ-უნდ--ეთ,n
ec8e7fd3-edd1-4b73-a302-cb27d9ccc703,aor,2p,შე--უნდ--ეთ,n
ec8e7fd3-edd1-4b73-a302-cb27d9ccc703,aor,3p,შე--უნდ--ეს,n
ec8e7fd3-edd1-4b73-a302-cb27d9ccc703,opt,1s,შე-ვ-უნდ--,n
ec8e7fd3-edd1-4b73-a302-cb27d9ccc703,opt,2s,შე--უნდ--,n
ec8e7fd3-edd1-4b73-a302-cb27d9ccc703,opt,3s,შე--უნდ--ოს,n
ec8e7fd3-edd1-4b73-a302-cb27d9ccc703,opt,1p,შე-ვ-უნდ--ოთ,n
ec8e7fd3-edd1-4b73-a302-cb27d9ccc703,opt,2p,შე--უნდ--ოთ,n
ec8e7fd3-edd1-4b73-a302-cb27d9ccc703,opt,3p,შე--უნდ--ონ,n
4d80ad94-936e-473e-ad0b-674b74ef1ebc,pres,1s,-ვ-ყინ-ავ-,n
4d80ad94-936e-473e-ad0b-674b74ef1ebc,pres,2s,--ყინ-ავ-,n
4d80ad94-936e-473e-ad0b-674b74ef1ebc,pres,3s,--ყინ-ავ-ს,n
4d80ad94-936e-473e-ad0b-674b74ef1ebc,pres,1p,-ვ-ყინ-ავ-თ,n
4d80ad94-936e-473e-ad0b-674b74ef1ebc,pres,2p,--ყინ-ავ-თ,n
4d80ad94-936e-473e-ad0b-674b74ef1ebc,pres,3p,--ყინ-ავ-ენ,n
4d80ad94-936e-473e-ad0b-674b74ef1ebc,imp,1s,-ვ-ყინ-ავ-დი,n
4d80ad94-936e-473e-ad0b-674b74ef1ebc,imp,2s,--ყინ-ავ-დი,n
4d80ad94-936e-473e-ad0b-674b74ef1ebc,imp,3s,--ყინ-ავ-და,n
4d80ad94-936e-473e-ad0b-674b74ef1ebc,imp,1p,-ვ-ყინ-ავ-დით,n
4d80ad94-936e-473e-ad0b-674b74ef1ebc,imp,2p,--ყინ-ავ-დით,n
4d80ad94-936e-473e-ad0b-674b74ef1ebc,imp,3p,--ყინ-ავ-დნენ,n
4d80ad94-936e-473e-ad0b-674b74ef1ebc,pres-subj,1s,-ვ-ყინ-ავ-დე,n
4d80ad94-936e-473e-ad0b-674b74ef1ebc,pres-subj,2s,--ყინ-ავ-დე,n
4d80ad94-936e-473e-ad0b-674b74ef1ebc,pres-subj,3s,--ყინ-ავ-დეს,n
4d80ad94-936e-473e-ad0b-674b74ef1ebc,pres-subj,1p,-ვ-ყინ-ავ-დეთ,n
4d80ad94-936e-473e-ad0b-674b74ef1ebc,pres-subj,2p,--ყინ-ავ-დეთ,n
4d80ad94-936e-473e-ad0b-674b74ef1ebc,pres-subj,3p,--ყინ-ავ-დნენ,n
4d80ad94-936e-473e-ad0b-674b74ef1ebc,fut,1s,გა-ვ-ყინ-ავ-,n
4d80ad94-936e-473e-ad0b-674b74ef1ebc,fut,2s,გა--ყინ-ავ-,n
4d80ad94-936e-473e-ad0b-674b74ef1ebc,fut,3s,გა--ყინ-ავ-ს,n
4d80ad94-936e-473e-ad0b-674b74ef1ebc,fut,1p,გა-ვ-ყინ-ავ-თ,n
4d80ad94-936e-473e-ad0b-674b74ef1ebc,fut,2p,გა--ყინ-ავ-თ,n
4d80ad94-936e-473e-ad0b-674b74ef1ebc,fut,3p,გა--ყინ-ავ-ენ,n
4d80ad94-936e-473e-ad0b-674b74ef1ebc,cond,1s,გა-ვ-ყინ-ავ-დი,n
4d80ad94-936e-473e-ad0b-674b74ef1ebc,cond,2s,გა--ყინ-ავ-დი,n
4d80ad94-936e-473e-ad0b-674b74ef1ebc,cond,3s,გა--ყინ-ავ-და,n
4d80ad94-936e-473e-ad0b-674b74ef1ebc,cond,1p,გა-ვ-ყინ-ავ-დით,n
4d80ad94-936e-473e-ad0b-674b74ef1ebc,cond,2p,გა--ყინ-ავ-დით,n
4d80ad94-936e-473e-ad0b-674b74ef1ebc,cond,3p,გა--ყინ-ავ-დნენ,n
4d80ad94-936e-473e-ad0b-674b74ef1ebc,aor,1s,გა-ვ-ყინ--ე,n
4d80ad94-936e-473e-ad0b-674b74ef1ebc,aor,2s,გა--ყინ--ე,n
4d80ad94-936e-473e-ad0b-674b74ef1ebc,aor,3s,გა--ყინ--ა,n
4d80ad94-936e-473e-ad0b-674b74ef1ebc,aor,1p,გა-ვ-ყინ--ეთ,n
4d80ad94-936e-473e-ad0b-674b74ef1ebc,aor,2p,გა--ყინ--ეთ,n
4d80ad94-936e-473e-ad0b-674b74ef1ebc,aor,3p,გა--ყინ--ეს,n
4d80ad94-936e-473e-ad0b-674b74ef1ebc,opt,1s,გა-ვ-ყინ--,n
4d80ad94-936e-473e-ad0b-674b74ef1ebc,opt,2s,გა--ყინ--,n
4d80ad94-936e-473e-ad0b-674b74ef1ebc,opt,3s,გა--ყინ--ოს,n
4d80ad94-936e-473e-ad0b-674b74ef1ebc,opt,1p,გა-ვ-ყინ--ოთ,n
4d80ad94-936e-473e-ad0b-674b74ef1ebc,opt,2p,გა--ყინ--ოთ,n
4d80ad94-936e-473e-ad0b-674b74ef1ebc,opt,3p,გა--ყინ--ონ,n
8a2c4b26-d47b-430d-957a-7eb275a93b4e,pres,1s,-ვ-წვ-ავ-,n
8a2c4b26-d47b-430d-957a-7eb275a93b4e,pres,2s,--წვ-ავ-,n
8a2c4b26-d47b-430d-957a-7eb275a93b4e,pres,3s,--წვ-ავ-ს,n
8a2c4b26-d47b-430d-957a-7eb275a93b4e,pres,1p,-ვ-წვ-ავ-თ,n
8a2c4b26-d47b-430d-957a-7eb275a93b4e,pres,2p,--წვ-ავ-თ,n
8a2c4b26-d47b-430d-957a-7eb275a93b4e,pres,3p,--წვ-ავ-ენ,n
8a2c4b26-d47b-430d-957a-7eb275a93b4e,imp,1s,-ვ-წვ-ავ-დი,n
8a2c4b26-d47b-430d-957a-7eb275a93b4e,imp,2s,--წვ-ავ-დი,n
8a2c4b26-d47b-430d-957a-7eb275a93b4e,imp,3s,--წვ-ავ-და,n
8a2c4b26-d47b-430d-957a-7eb275a93b4e,imp,1p,-ვ-წვ-ავ-დით,n
8a2c4b26-d47b-430d-957a-7eb275a93b4e,imp,2p,--წვ-ავ-დით,n
8a2c4b26-d47b-430d-957a-7eb275a93b4e,imp,3p,--წვ-ავ-დნენ,n
8a2c4b26-d47b-430d-957a-7eb275a93b4e,pres-subj,1s,-ვ-წვ-ავ-დე,n
8a2c4b26-d47b-430d-957a-7eb275a93b4e,pres-subj,2s,--წვ-ავ-დე,n
8a2c4b26-d47b-430d-957a-7eb275a93b4e,pres-subj,3s,--წვ-ავ-დეს,n
8a2c4b26-d47b-430d-957a-7eb275a93b4e,pres-subj,1p,-ვ-წვ-ავ-დეთ,n
8a2c4b26-d47b-430d-957a-7eb275a93b4e,pres-subj,2p,--წვ-ავ-დეთ,n
8a2c4b26-d47b-430d-957a-7eb275a93b4e,pres-subj,3p,--წვ-ავ-დნენ,n
8a2c4b26-d47b-430d-957a-7eb275a93b4e,fut,1s,შე-ვ-წვ-ავ-,n
8a2c4b26-d47b-430d-957a-7eb275a93b4e,fut,2s,შე--წვ-ავ-,n
8a2c4b26-d47b-430d-957a-7eb275a93b4e,fut,3s,შე--წვ-ავ-ს,n
8a2c4b26-d47b-430d-957a-7eb275a93b4e,fut,1p,შე-ვ-წვ-ავ-თ,n
8a2c4b26-d47b-430d-957a-7eb275a93b4e,fut,2p,შე--წვ-ავ-თ,n
8a2c4b26-d47b-430d-957a-7eb275a93b4e,fut,3p,შე--წვ-ავ-ენ,n
8a2c4b26-d47b-430d-957a-7eb275a93b4e,cond,1s,შე-ვ-წვ-ავ-დი,n
8a2c4b26-d47b-430d-957a-7eb275a93b4e,cond,2s,შე--წვ-ავ-დი,n
8a2c4b26-d47b-430d-957a-7eb275a93b4e,cond,3s,შე--წვ-ავ-და,n
8a2c4b26-d47b-430d-957a-7eb275a93b4e,cond,1p,შე-ვ-წვ-ავ-დით,n
8a2c4b26-d47b-430d-957a-7eb275a93b4e,cond,2p,შე--წვ-ავ-დით,n
8a2c4b26-d47b-430d-957a-7eb275a93b4e,cond,3p,შე--წვ-ავ-დნენ,n
8a2c4b26-d47b-430d-957a-7eb275a93b4e,aor,1s,შე-ვ-წვ--ი,n
8a2c4b26-d47b-430d-957a-7eb275a93b4e,aor,2s,შე--წვ--ი,n
8a2c4b26-d47b-430d-957a-7eb275a93b4e,aor,3s,შე--წვ--ა,n
8a2c4b26-d47b-430d-957a-7eb275a93b4e,aor,1p,შე-ვ-წვ--ით,n
8a2c4b26-d47b-430d-957a-7eb275a93b4e,aor,2p,შე--წვ--ით,n
8a2c4b26-d47b-430d-957a-7eb275a93b4e,aor,3p,შე--წვ--ეს,n
8a2c4b26-d47b-430d-957a-7eb275a93b4e,opt,1s,შე-ვ-წვ--ა,n
8a2c4b26-d47b-430d-957a-7eb275a93b4e,opt,2s,შე--წვ--ა,n
8a2c4b26-d47b-430d-957a-7eb275a93b4e,opt,3s,შე--წვ--ას,n
8a2c4b26-d47b-430d-957a-7eb275a93b4e,opt,1p,შე-ვ-წვ--ათ,n
8a2c4b26-d47b-430d-957a-7eb275a93b4e,opt,2p,შე--წვ--ათ,n
8a2c4b26-d47b-430d-957a-7eb275a93b4e,opt,3p,შე--წვ--ან,n
4b959104-ae40-488e-a3a3-85b242f1d9de,pres,1s,-ვ-აგროვ-ებ-,n
4b959104-ae40-488e-a3a3-85b242f1d9de,pres,2s,--აგროვ-ებ-,n
4b959104-ae40-488e-a3a3-85b242f1d9de,pres,3s,--აგროვ-ებ-ს,n
4b959104-ae40-488e-a3a3-85b242f1d9de,pres,1p,-ვ-აგროვ-ებ-თ,n
4b959104-ae40-488e-a3a3-85b242f1d9de,pres,2p,--აგროვ-ებ-თ,n
4b959104-ae40-488e-a3a3-85b242f1d9de,pres,3p,--აგროვ-ებ-ენ,n
4b959104-ae40-488e-a3a3-85b242f1d9de,imp,1s,-ვ-აგროვ-ებ-დი,n
4b959104-ae40-488e-a3a3-85b242f1d9de,imp,2s,--აგროვ-ებ-დი,n
4b959104-ae40-488e-a3a3-85b242f1d9de,imp,3s,--აგროვ-ებ-და,n
4b959104-ae40-488e-a3a3-85b242f1d9de,imp,1p,-ვ-აგროვ-ებ-დით,n
4b959104-ae40-488e-a3a3-85b242f1d9de,imp,2p,--აგროვ-ებ-დით,n
4b959104-ae40-488e-a3a3-85b242f1d9de,imp,3p,--აგროვ-ებ-დნენ,n
4b959104-ae40-488e-a3a3-85b242f1d9de,pres-subj,1s,-ვ-აგროვ-ებ-დე,n
4b959104-ae40-488e-a3a3-85b242f1d9de,pres-subj,2s,--აგროვ-ებ-დე,n
4b959104-ae40-488e-a3a3-85b242f1d9de,pres-subj,3s,--აგროვ-ებ-დეს,n
4b959104-ae40-488e-a3a3-85b242f1d9de,pres-subj,1p,-ვ-აგროვ-ებ-დეთ,n
4b959104-ae40-488e-a3a3-85b242f1d9de,pres-subj,2p,--აგროვ-ებ-დეთ,n
4b959104-ae40-488e-a3a3-85b242f1d9de,pres-subj,3p,--აგროვ-ებ-დნენ,n
4b959104-ae40-488e-a3a3-85b242f1d9de,fut,1s,შე-ვ-აგროვ-ებ-,n
4b959104-ae40-488e-a3a3-85b242f1d9de,fut,2s,შე--აგროვ-ებ-,n
4b959104-ae40-488e-a3a3-85b242f1d9de,fut,3s,შე--აგროვ-ებ-ს,n
4b959104-ae40-488e-a3a3-85b242f1d9de,fut,1p,შე-ვ-აგროვ-ებ-თ,n
4b959104-ae40-488e-a3a3-85b242f1d9de,fut,2p,შე--აგროვ-ებ-თ,n
4b959104-ae40-488e-a3a3-85b242f1d9de,fut,3p,შე--აგროვ-ებ-ენ,n
4b959104-ae40-488e-a3a3-85b242f1d9de,cond,1s,შე-ვ-აგროვ-ებ-დი,n
4b959104-ae40-488e-a3a3-85b242f1d9de,cond,2s,შე--აგროვ-ებ-დი,n
4b959104-ae40-488e-a3a3-85b242f1d9de,cond,3s,შე--აგროვ-ებ-და,n
4b959104-ae40-488e-a3a3-85b242f1d9de,cond,1p,შე-ვ-აგროვ-ებ-დით,n
4b959104-ae40-488e-a3a3-85b242f1d9de,cond,2p,შე--აგროვ-ებ-დით,n
4b959104-ae40-488e-a3a3-85b242f1d9de,cond,3p,შე--აგროვ-ებ-დნენ,n
4b959104-ae40-488e-a3a3-85b242f1d9de,aor,1s,შე-ვ-აგროვ--ე,n
4b959104-ae40-488e-a3a3-85b242f1d9de,aor,2s,შე--აგროვ--ე,n
4b959104-ae40-488e-a3a3-85b242f1d9de,aor,3s,შე--აგროვ--ა,n
4b959104-ae40-488e-a3a3-85b242f1d9de,aor,1p,შე-ვ-აგროვ--ეთ,n
4b959104-ae40-488e-a3a3-85b242f1d9de,aor,2p,შე--აგროვ--ეთ,n
4b959104-ae40-488e-a3a3-85b242f1d9de,aor,3p,შე--აგროვ--ეს,n
4b959104-ae40-488e-a3a3-85b242f1d9de,opt,1s,შე-ვ-აგროვ--,n
4b959104-ae40-488e-a3a3-85b242f1d9de,opt,2s,შე--აგროვ--,n
4b959104-ae40-488e-a3a3-85b242f1d9de,opt,3s,შე--აგროვ--ოს,n
4b959104-ae40-488e-a3a3-85b242f1d9de,opt,1p,შე-ვ-აგროვ--ოთ,n
4b959104-ae40-488e-a3a3-85b242f1d9de,opt,2p,შე--აგროვ--ოთ,n
4b959104-ae40-488e-a3a3-85b242f1d9de,opt,3p,შე--აგროვ--ონ,n
ed911666-39c5-4de3-ad5f-601561abf063,pres,1s,-ვ-იღ-ებ-,n
ed911666-39c5-4de3-ad5f-601561abf063,pres,2s,--იღ-ებ-,n
ed911666-39c5-4de3-ad5f-601561abf063,pres,3s,--იღ-ებ-ს,n
ed911666-39c5-4de3-ad5f-601561abf063,pres,1p,-ვ-იღ-ებ-თ,n
ed911666-39c5-4de3-ad5f-601561abf063,pres,2p,--იღ-ებ-თ,n
ed911666-39c5-4de3-ad5f-601561abf063,pres,3p,--იღ-ებ-ენ,n
ed911666-39c5-4de3-ad5f-601561abf063,imp,1s,-ვ-იღ-ებ-დი,n
ed911666-39c5-4de3-ad5f-601561abf063,imp,2s,--იღ-ებ-დი,n
ed911666-39c5-4de3-ad5f-601561abf063,imp,3s,--იღ-ებ-და,n
ed911666-39c5-4de3-ad5f-601561abf063,imp,1p,-ვ-იღ-ებ-დით,n
ed911666-39c5-4de3-ad5f-601561abf063,imp,2p,--იღ-ებ-დით,n
ed911666-39c5-4de3-ad5f-601561abf063,imp,3p,--იღ-ებ-დნენ,n
ed911666-39c5-4de3-ad5f-601561abf063,pres-subj,1s,-ვ-იღ-ებ-დე,n
ed911666-39c5-4de3-ad5f-601561abf063,pres-subj,2s,--იღ-ებ-დე,n
ed911666-39c5-4de3-ad5f-601561abf063,pres-subj,3s,--იღ-ებ-დეს,n
ed911666-39c5-4de3-ad5f-601561abf063,pres-subj,1p,-ვ-იღ-ებ-დეთ,n
ed911666-39c5-4de3-ad5f-601561abf063,pres-subj,2p,--იღ-ებ-დეთ,n
ed911666-39c5-4de3-ad5f-601561abf063,pres-subj,3p,--იღ-ებ-დნენ,n
ed911666-39c5-4de3-ad5f-601561abf063,fut,1s,მი-ვ-იღ-ებ-,n
ed911666-39c5-4de3-ad5f-601561abf063,fut,2s,მი--იღ-ებ-,n
ed911666-39c5-4de3-ad5f-601561abf063,fut,3s,მი--იღ-ებ-ს,n
ed911666-39c5-4de3-ad5f-601561abf063,fut,1p,მი-ვ-იღ-ებ-თ,n
ed911666-39c5-4de3-ad5f-601561abf063,fut,2p,მი--იღ-ებ-თ,n
ed911666-39c5-4de3-ad5f-601561abf063,fut,3p,მი--იღ-ებ-ენ,n
ed911666-39c5-4de3-ad5f-601561abf063,cond,1s,მი-ვ-იღ-ებ-დი,n
ed911666-39c5-4de3-ad5f-601561abf063,cond,2s,მი--იღ-ებ-დი,n
ed911666-39c5-4de3-ad5f-601561abf063,cond,3s,მი--იღ-ებ-და,n
ed911666-39c5-4de3-ad5f-601561abf063,cond,1p,მი-ვ-იღ-ებ-დით,n
ed911666-39c5-4de3-ad5f-601561abf063,cond,2p,მი--იღ-ებ-დით,n
ed911666-39c5-4de3-ad5f-601561abf063,cond,3p,მი--იღ-ებ-დნენ,n
ed911666-39c5-4de3-ad5f-601561abf063,aor,1s,მი-ვ-იღ--ე,n
ed911666-39c5-4de3-ad5f-601561abf063,aor,2s,მი--იღ--ე,n
ed911666-39c5-4de3-ad5f-601561abf063,aor,3s,მი--იღ--ო,n
ed911666-39c5-4de3-ad5f-601561abf063,aor,1p,მი-ვ-იღ--ეთ,n
ed911666-39c5-4de3-ad5f-601561abf063,aor,2p,მი--იღ--ეთ,n
ed911666-39c5-4de3-ad5f-601561abf063,aor,3p,მი--იღ--ეს,n
ed911666-39c5-4de3-ad5f-601561abf063,opt,1s,მი-ვ-იღ--,n
ed911666-39c5-4de3-ad5f-601561abf063,opt,2s,მი--იღ--,n
ed911666-39c5-4de3-ad5f-601561abf063,opt,3s,მი--იღ--ოს,n
ed911666-39c5-4de3-ad5f-601561abf063,opt,1p,მი-ვ-იღ--ოთ,n
ed911666-39c5-4de3-ad5f-601561abf063,opt,2p,მი--იღ--ოთ,n
ed911666-39c5-4de3-ad5f-601561abf063,opt,3p,მი--იღ--ონ,n
f9f46a05-e489-4d4c-acef-5bb5a7ecaa53,pres,1s,-ვ-აძლ-ევ-,n
f9f46a05-e489-4d4c-acef-5bb5a7ecaa53,pres,2s,--აძლ-ევ-,n
f9f46a05-e489-4d4c-acef-5bb5a7ecaa53,pres,3s,--აძლ-ევ-ს,n
f9f46a05-e489-4d4c-acef-5bb5a7ecaa53,pres,1p,-ვ-აძლ-ევ-თ,n
f9f46a05-e489-4d4c-acef-5bb5a7ecaa53,pres,2p,--აძლ-ევ-თ,n
f9f46a05-e489-4d4c-acef-5bb5a7ecaa53,pres,3p,--აძლ-ევ-ენ,n
f9f46a05-e489-4d4c-acef-5bb5a7ecaa53,pres-subj,1s,-ვ-აძლ-ევ-დე,n
f9f46a05-e489-4d4c-acef-5bb5a7ecaa53,pres-subj,2s,--აძლ-ევ-დე,n
f9f46a05-e489-4d4c-acef-5bb5a7ecaa53,pres-subj,3s,--აძლ-ევ-დეს,n
f9f46a05-e489-4d4c-acef-5bb5a7ecaa53,pres-subj,1p,-ვ-აძლ-ევ-დეთ,n
f9f46a05-e489-4d4c-acef-5bb5a7ecaa53,pres-subj,2p,--აძლ-ევ-დეთ,n
f9f46a05-e489-4d4c-acef-5bb5a7ecaa53,pres-subj,3p,--აძლ-ევ-დნენ,n
f9f46a05-e489-4d4c-acef-5bb5a7ecaa53,fut,1s,მი-ვ-ცემ--,n
f9f46a05-e489-4d4c-acef-5bb5a7ecaa53,fut,2s,მი--სცემ--,n
f9f46a05-e489-4d4c-acef-5bb5a7ecaa53,fut,3s,მი--სცემ--ს,n
f9f46a05-e489-4d4c-acef-5bb5a7ecaa53,fut,1p,მი-ვ-ცემ--თ,n
f9f46a05-e489-4d4c-acef-5bb5a7ecaa53,fut,2p,მი--სცემ--თ,n
f9f46a05-e489-4d4c-acef-5bb5a7ecaa53,fut,3p,მი--სცემ--ენ,n
f9f46a05-e489-4d4c-acef-5bb5a7ecaa53,cond,1s,მი-ვ-ცემ--დი,n
f9f46a05-e489-4d4c-acef-5bb5a7ecaa53,cond,2s,მი--სცემ--დი,n
f9f46a05-e489-4d4c-acef-5bb5a7ecaa53,cond,3s,მი--სცემ--და,n
f9f46a05-e489-4d4c-acef-5bb5a7ecaa53,cond,1p,მი-ვ-ცემ--დით,n
f9f46a05-e489-4d4c-acef-5bb5a7ecaa53,cond,2p,მი--სცემ--დით,n
f9f46a05-e489-4d4c-acef-5bb5a7ecaa53,cond,3p,მი--სცემ--დნენ,n
f9f46a05-e489-4d4c-acef-5bb5a7ecaa53,aor,1s,მი-ვ-ეც--ი,n
f9f46a05-e489-4d4c-acef-5bb5a7ecaa53,aor,2s,მი--ეც--ი,n
f9f46a05-e489-4d4c-acef-5bb5a7ecaa53,aor,3s,მი--სც--ა,n
f9f46a05-e489-4d4c-acef-5bb5a7ecaa53,aor,1p,მი-ვ-ეც--ით,n
f9f46a05-e489-4d4c-acef-5bb5a7ecaa53,aor,2p,მი--ეც--ით,n
f9f46a05-e489-4d4c-acef-5bb5a7ecaa53,aor,3p,მი--სც--ეს,n
f9f46a05-e489-4d4c-acef-5bb5a7ecaa53,opt,1s,მი-ვ-ც--ე,n
f9f46a05-e489-4d4c-acef-5bb5a7ecaa53,opt,2s,მი--სც--ე,n
f9f46a05-e489-4d4c-acef-5bb5a7ecaa53,opt,3s,მი--სც--ეს,n
f9f46a05-e489-4d4c-acef-5bb5a7ecaa53,opt,1p,მი-ვ-ც--ეთ,n
f9f46a05-e489-4d4c-acef-5bb5a7ecaa53,opt,2p,მი--სც--ეთ,n
f9f46a05-e489-4d4c-acef-5bb5a7ecaa53,opt,3p,მი--სც--ენ,n
d2937437-bc52-4c89-be4d-3a8889acca18,pres,1s,ვ--ჩუქნ-ი-,y
d2937437-bc52-4c89-be4d-3a8889acca18,pres,2s,--ჩუქნ-ი-,y
d2937437-bc52-4c89-be4d-3a8889acca18,pres,3s,--ჩუქნ-ი-ს,y
d2937437-bc52-4c89-be4d-3a8889acca18,pres,1p,ვ--ჩუქნ-ი-თ,y
d2937437-bc52-4c89-be4d-3a8889acca18,pres,2p,--ჩუქნ-ი-თ,y
d2937437-bc52-4c89-be4d-3a8889acca18,pres,3p,--ჩუქნ-ი-ან,y
d2937437-bc52-4c89-be4d-3a8889acca18,imp,1s,ვ--ჩუქნ-ი-ოდი,y
d2937437-bc52-4c89-be4d-3a8889acca18,imp,2s,--ჩუქნ-ი-ოდი,y
d2937437-bc52-4c89-be4d-3a8889acca18,imp,3s,--ჩუქნ-ი-ოდა,y
d2937437-bc52-4c89-be4d-3a8889acca18,imp,1p,ვ--ჩუქნ-ი-ოდით,y
d2937437-bc52-4c89-be4d-3a8889acca18,imp,2p,--ჩუქნ-ი-ოდით,y
d2937437-bc52-4c89-be4d-3a8889acca18,imp,3p,--ჩუქნ-ი-ოდნენ,y
d2937437-bc52-4c89-be4d-3a8889acca18,pres-subj,1s,ვ--ჩუქნ-ი-დე,y
d2937437-bc52-4c89-be4d-3a8889acca18,pres-subj,2s,--ჩუქნ-ი-დე,y
d2937437-bc52-4c89-be4d-3a8889acca18,pres-subj,3s,--ჩუქნ-ი-დეს,y
d2937437-bc52-4c89-be4d-3a8889acca18,pres-subj,1p,ვ--ჩუქნ-ი-დეთ,y
d2937437-bc52-4c89-be4d-3a8889acca18,pres-subj,2p,--ჩუქნ-ი-დეთ,y
d2937437-bc52-4c89-be4d-3a8889acca18,pres-subj,3p,--ჩუქნ-ი-დნენ,y
d2937437-bc52-4c89-be4d-3a8889acca18,fut,1s,ვ-ა-ჩუქნ-ი-,y
d2937437-bc52-4c89-be4d-3a8889acca18,fut,2s,-ა-ჩუქნ-ი-,y
d2937437-bc52-4c89-be4d-3a8889acca18,fut,3s,-ა-ჩუქნ-ი-ს,y
d2937437-bc52-4c89-be4d-3a8889acca18,fut,1p,ვ-ა-ჩუქნ-ი-თ,y
d2937437-bc52-4c89-be4d-3a8889acca18,fut,2p,-ა-ჩუქნ-ი-თ,y
d2937437-bc52-4c89-be4d-3a8889acca18,fut,3p,-ა-ჩუქნ-ი-ან,y
d2937437-bc52-4c89-be4d-3a8889acca18,cond,1s,ვ-ა-ჩუქნ-ი-ოდი,y
d2937437-bc52-4c89-be4d-3a8889acca18,cond,2s,-ა-ჩუქნ-ი-ოდი,y
d2937437-bc52-4c89-be4d-3a8889acca18,cond,3s,-ა-ჩუქნ-ი-ოდა,y
d2937437-bc52-4c89-be4d-3a8889acca18,cond,1p,ვ-ა-ჩუქნ-ი-ოდით,y
d2937437-bc52-4c89-be4d-3a8889acca18,cond,2p,-ა-ჩუქნ-ი-ოდით,y
d2937437-bc52-4c89-be4d-3a8889acca18,cond,3p,-ა-ჩუქნ-ი-ოდნენ,y
d2937437-bc52-4c89-be4d-3a8889acca18,aor,1s,ვ-ა-ჩუქ--ე,y
d2937437-bc52-4c89-be4d-3a8889acca18,aor,2s,-ა-ჩუქ--ე,y
d2937437-bc52-4c89-be4d-3a8889acca18,aor,3s,-ა-ჩუქ--ა,y
d2937437-bc52-4c89-be4d-3a8889acca18,aor,1p,ვ-ა-ჩუქ--ეთ,y
d2937437-bc52-4c89-be4d-3a8889acca18,aor,2p,-ა-ჩუქ--ეთ,y
d2937437-bc52-4c89-be4d-3a8889acca18,aor,3p,-ა-ჩუქ--ეს,y
d2937437-bc52-4c89-be4d-3a8889acca18,opt,1s,ვ-ა-ჩუქ--,y
d2937437-bc52-4c89-be4d-3a8889acca18,opt,2s,-ა-ჩუქ--,y
d2937437-bc52-4c89-be4d-3a8889acca18,opt,3s,-ა-ჩუქ--ოს,y
d2937437-bc52-4c89-be4d-3a8889acca18,opt,1p,ვ-ა-ჩუქ--ოთ,y
d2937437-bc52-4c89-be4d-3a8889acca18,opt,2p,-ა-ჩუქ--ოთ,y
d2937437-bc52-4c89-be4d-3a8889acca18,opt,3p,-ა-ჩუქ--ონ,y
a567d93b-bfbe-41f8-b648-39fa685a6bc3,pres,1s,-მი-ხარ-ი-ა,n
a567d93b-bfbe-41f8-b648-39fa685a6bc3,pres,2s,-გი-ხარ-ი-ა,n
a567d93b-bfbe-41f8-b648-39fa685a6bc3,pres,3s,-უ-ხარ-ი-ა,n
a567d93b-bfbe-41f8-b648-39fa685a6bc3,pres,1p,-გვი-ხარ-ი-ა,n
a567d93b-bfbe-41f8-b648-39fa685a6bc3,pres,2p,-გი-ხარ-ი-ათ,n
a567d93b-bfbe-41f8-b648-39fa685a6bc3,pres,3p,-უ-ხარ-ი-ათ,n
a567d93b-bfbe-41f8-b648-39fa685a6bc3,imp,1s,-მი-ხარ--ოდა,n
a567d93b-bfbe-41f8-b648-39fa685a6bc3,imp,2s,-გი-ხარ--ოდა,n
a567d93b-bfbe-41f8-b648-39fa685a6bc3,imp,3s,-უ-ხარ--ოდა,n
a567d93b-bfbe-41f8-b648-39fa685a6bc3,imp,1p,-გვი-ხარ--ოდა,n
a567d93b-bfbe-41f8-b648-39fa685a6bc3,imp,2p,-გი-ხარ--ოდათ,n
a567d93b-bfbe-41f8-b648-39fa685a6bc3,imp,3p,-უ-ხარ--ოდათ,n
a567d93b-bfbe-41f8-b648-39fa685a6bc3,pres-subj,1s,-მი-ხარ-ი-ოდეს,n
a567d93b-bfbe-41f8-b648-39fa685a6bc3,pres-subj,2s,-გი-ხარ-ი-ოდეს,n
a567d93b-bfbe-41f8-b648-39fa685a6bc3,pres-subj,3s,-უ-ხარ-ი-ოდეს,n
a567d93b-bfbe-41f8-b648-39fa685a6bc3,pres-subj,1p,-გვი-ხარ-ი-ოდეს,n
a567d93b-bfbe-41f8-b648-39fa685a6bc3,pres-subj,2p,-გი-ხარ-ი-ოდეთ,n
a567d93b-bfbe-41f8-b648-39fa685a6bc3,pres-subj,3p,-უ-ხარ-ი-ოდეთ,n
a567d93b-bfbe-41f8-b648-39fa685a6bc3,fut,1s,გა-მი-ხარდ-ებ-ა,n
a567d93b-bfbe-41f8-b648-39fa685a6bc3,fut,2s,გა-გი-ხარდ-ებ-ა,n
a567d93b-bfbe-41f8-b648-39fa685a6bc3,fut,3s,გა-უ-ხარდ-ებ-ა,n
a567d93b-bfbe-41f8-b648-39fa685a6bc3,fut,1p,გა-გვი-ხარდ-ებ-ა,n
a567d93b-bfbe-41f8-b648-39fa685a6bc3,fut,2p,გა-გი-ხარდ-ებ-ათ,n
a567d93b-bfbe-41f8-b648-39fa685a6bc3,fut,3p,გა-უ-ხარდ-ებ-ათ,n
a567d93b-bfbe-41f8-b648-39fa685a6bc3,cond,1s,გა-მი-ხარდ-ებ-ოდი,n
a567d93b-bfbe-41f8-b648-39fa685a6bc3,cond,2s,გა-გი-ხარდ-ებ-ოდი,n
a567d93b-bfbe-41f8-b648-39fa685a6bc3,cond,3s,გა-უ-ხარდ-ებ-ოდა,n
a567d93b-bfbe-41f8-b648-39fa685a6bc3,cond,1p,გა-გვი-ხარდ-ებ-ოდით,n
a567d93b-bfbe-41f8-b648-39fa685a6bc3,cond,2p,გა-გი-ხარდ-ებ-ოდით,n
a567d93b-bfbe-41f8-b648-39fa685a6bc3,cond,3p,გა-უ-ხარდ-ებ-ოდნენ,n
a567d93b-bfbe-41f8-b648-39fa685a6bc3,aor,1s,გა-მი-ხარდ--ა,n
a567d93b-bfbe-41f8-b648-39fa685a6bc3,aor,2s,გა-გი-ხარდ--ა,n
a567d93b-bfbe-41f8-b648-39fa685a6bc3,aor,3s,გა-უ-ხარდ--ა,n
a567d93b-bfbe-41f8-b648-39fa685a6bc3,aor,1p,გა-გვი-ხარდ--ა,n
a567d93b-bfbe-41f8-b648-39fa685a6bc3,aor,2p,გა-გი-ხარდ--ათ,n
a567d93b-bfbe-41f8-b648-39fa685a6bc3,aor,3p,გა-უ-ხარდ--ათ,n
5783cd6d-2b47-490e-a333-c02eaf19c176,pres,1s,მი-ვ-დი--ვარ,n
5783cd6d-2b47-490e-a333-c02eaf19c176,pres,2s,მი--დი--ხარ,n
5783cd6d-2b47-490e-a333-c02eaf19c176,pres,3s,მი--დი--ს,n
5783cd6d-2b47-490e-a333-c02eaf19c176,pres,1p,მი-ვ-დი--ვართ,n
5783cd6d-2b47-490e-a333-c02eaf19c176,pres,2p,მი--დი--ხართ,n
5783cd6d-2b47-490e-a333-c02eaf19c176,pres,3p,მი--დი--ან,n
5783cd6d-2b47-490e-a333-c02eaf19c176,imp,1s,მი-ვ-დი--ოდი,n
5783cd6d-2b47-490e-a333-c02eaf19c176,imp,2s,მი--დი--ოდი,n
5783cd6d-2b47-490e-a333-c02eaf19c176,imp,3s,მი--დი--ოდა,n
5783cd6d-2b47-490e-a333-c02eaf19c176,imp,1p,მი-ვ-დი--ოდით,n
5783cd6d-2b47-490e-a333-c02eaf19c176,imp,2p,მი--დი--ოდით,n
5783cd6d-2b47-490e-a333-c02eaf19c176,imp,3p,მი--დი--ოდნენ,n
5783cd6d-2b47-490e-a333-c02eaf19c176,opt,1s,წა--ვიდ--ე,n
5783cd6d-2b47-490e-a333-c02eaf19c176,opt,2s,წა-ხ-ვიდ--ე,n
5783cd6d-2b47-490e-a333-c02eaf19c176,opt,3s,წა--ვიდ--ეს,n
5783cd6d-2b47-490e-a333-c02eaf19c176,opt,1p,წა--ვიდ--ეთ,n
5783cd6d-2b47-490e-a333-c02eaf19c176,opt,2p,წა-ხ-ვიდ--ეთ,n
5783cd6d-2b47-490e-a333-c02eaf19c176,opt,3p,წა--ვიდ--ნენ,n
5783cd6d-2b47-490e-a333-c02eaf19c176,fut,1s,წა--ვალ--,n
5783cd6d-2b47-490e-a333-c02eaf19c176,fut,2s,წა-ხ-ვალ--,n
5783cd6d-2b47-490e-a333-c02eaf19c176,fut,3s,წა--ვა--,n
5783cd6d-2b47-490e-a333-c02eaf19c176,fut,1p,წა--ვალ--თ,n
5783cd6d-2b47-490e-a333-c02eaf19c176,fut,2p,წა-ხ-ვალ--თ,n
5783cd6d-2b47-490e-a333-c02eaf19c176,fut,3p,წა--ვლ--ენ,n
5783cd6d-2b47-490e-a333-c02eaf19c176,cond,1s,წა--ვიდ--ოდი,n
5783cd6d-2b47-490e-a333-c02eaf19c176,cond,2s,წა-ხ-ვიდ--ოდი,n
5783cd6d-2b47-490e-a333-c02eaf19c176,cond,3s,წა--ვიდ--ოდა,n
5783cd6d-2b47-490e-a333-c02eaf19c176,cond,1p,წა--ვიდ--ოდით,n
5783cd6d-2b47-490e-a333-c02eaf19c176,cond,2p,წა-ხ-ვიდ--ოდით,n
5783cd6d-2b47-490e-a333-c02eaf19c176,cond,3p,წა--ვიდ--ოდნენ,n
5783cd6d-2b47-490e-a333-c02eaf19c176,aor,1s,წა--ვედ--ი,n
5783cd6d-2b47-490e-a333-c02eaf19c176,aor,2s,წა-ხ-ვედ--ი,n
5783cd6d-2b47-490e-a333-c02eaf19c176,aor,3s,წა--ვიდ--ა,n
5783cd6d-2b47-490e-a333-c02eaf19c176,aor,1p,წა--ვედ--ით,n
5783cd6d-2b47-490e-a333-c02eaf19c176,aor,2p,წა-ხ-ვედ--ით,n
5783cd6d-2b47-490e-a333-c02eaf19c176,aor,3p,წა--ვიდ--ნენ,n
aa0fe3a8-c2b5-4202-84ed-508b78b1489f,pres,1s,ვ--ჭორა-ობ-,y
aa0fe3a8-c2b5-4202-84ed-508b78b1489f,pres,2s,--ჭორა-ობ-,y
aa0fe3a8-c2b5-4202-84ed-508b78b1489f,pres,3s,--ჭორა-ობ-ს,y
aa0fe3a8-c2b5-4202-84ed-508b78b1489f,pres,1p,ვ--ჭორა-ობ-თ,y
aa0fe3a8-c2b5-4202-84ed-508b78b1489f,pres,2p,--ჭორა-ობ-თ,y
aa0fe3a8-c2b5-4202-84ed-508b78b1489f,pres,3p,--ჭორა-ობ-ენ,y
aa0fe3a8-c2b5-4202-84ed-508b78b1489f,imp,1s,ვ--ჭორა-ობ-დი,y
aa0fe3a8-c2b5-4202-84ed-508b78b1489f,imp,2s,--ჭორა-ობ-დი,y
aa0fe3a8-c2b5-4202-84ed-508b78b1489f,imp,3s,--ჭორა-ობ-და,y
aa0fe3a8-c2b5-4202-84ed-508b78b1489f,imp,1p,ვ--ჭორა-ობ-დით,y
aa0fe3a8-c2b5-4202-84ed-508b78b1489f,imp,2p,--ჭორა-ობ-დით,y
aa0fe3a8-c2b5-4202-84ed-508b78b1489f,imp,3p,--ჭორა-ობ-დნენ,y
aa0fe3a8-c2b5-4202-84ed-508b78b1489f,pres-subj,1s,ვ--ჭორა-ობ-დე,y
aa0fe3a8-c2b5-4202-84ed-508b78b1489f,pres-subj,2s,--ჭორა-ობ-დე,y
aa0fe3a8-c2b5-4202-84ed-508b78b1489f,pres-subj,3s,--ჭორა-ობ-დეს,y
aa0fe3a8-c2b5-4202-84ed-508b78b1489f,pres-subj,1p,ვ--ჭორა-ობ-დეთ,y
aa0fe3a8-c2b5-4202-84ed-508b78b1489f,pres-subj,2p,--ჭორა-ობ-დეთ,y
aa0fe3a8-c2b5-4202-84ed-508b78b1489f,pres-subj,3p,--ჭორა-ობ-დნენ,y
aa0fe3a8-c2b5-4202-84ed-508b78b1489f,fut,1s,ვ-ი-ჭორა-ვებ-,y
aa0fe3a8-c2b5-4202-84ed-508b78b1489f,fut,2s,-ი-ჭორა-ვებ-,y
aa0fe3a8-c2b5-4202-84ed-508b78b1489f,fut,3s,-ი-ჭორა-ვებ-ს,y
aa0fe3a8-c2b5-4202-84ed-508b78b1489f,fut,1p,ვ-ი-ჭორა-ვებ-თ,y
aa0fe3a8-c2b5-4202-84ed-508b78b1489f,fut,2p,-ი-ჭორა-ვებ-თ,y
aa0fe3a8-c2b5-4202-84ed-508b78b1489f,fut,3p,-ი-ჭორა-ვებ-ენ,y
aa0fe3a8-c2b5-4202-84ed-508b78b1489f,cond,1s,ვ-ი-ჭორა-ვებ-დი,y
aa0fe3a8-c2b5-4202-84ed-508b78b1489f,cond,2s,-ი-ჭორა-ვებ-დი,y
aa0fe3a8-c2b5-4202-84ed-508b78b1489f,cond,3s,-ი-ჭორა-ვებ-და,y
aa0fe3a8-c2b5-4202-84ed-508b78b1489f,cond,1p,ვ-ი-ჭორა-ვებ-დით,y
aa0fe3a8-c2b5-4202-84ed-508b78b1489f,cond,2p,-ი-ჭორა-ვებ-დით,y
aa0fe3a8-c2b5-4202-84ed-508b78b1489f,cond,3p,-ი-ჭორა-ვებ-დნენ,y
aa0fe3a8-c2b5-4202-84ed-508b78b1489f,aor,1s,ვ-ი-ჭორავ--ე,y
aa0fe3a8-c2b5-4202-84ed-508b78b1489f,aor,2s,-ი-ჭორავ--ე,y
aa0fe3a8-c2b5-4202-84ed-508b78b1489f,aor,3s,-ი-ჭორავ--ა,y
aa0fe3a8-c2b5-4202-84ed-508b78b1489f,aor,1p,ვ-ი-ჭორავ--ეთ,y
aa0fe3a8-c2b5-4202-84ed-508b78b1489f,aor,2p,-ი-ჭორავ--ეთ,y
aa0fe3a8-c2b5-4202-84ed-508b78b1489f,aor,3p,-ი-ჭორავ--ეს,y
aa0fe3a8-c2b5-4202-84ed-508b78b1489f,opt,1s,ვ-ი-ჭორავ--,y
aa0fe3a8-c2b5-4202-84ed-508b78b1489f,opt,2s,-ი-ჭორავ--,y
aa0fe3a8-c2b5-4202-84ed-508b78b1489f,opt,3s,-ი-ჭორავ--ოს,y
aa0fe3a8-c2b5-4202-84ed-508b78b1489f,opt,1p,ვ-ი-ჭორავ--ოთ,y
aa0fe3a8-c2b5-4202-84ed-508b78b1489f,opt,2p,-ი-ჭორავ--ოთ,y
aa0fe3a8-c2b5-4202-84ed-508b78b1489f,opt,3p,-ი-ჭორავ--ონ,y
29fb3255-eb54-42b8-a5f2-163e34f51cdc,pres,1s,-ვ-ხეხ-ავ-,n
29fb3255-eb54-42b8-a5f2-163e34f51cdc,pres,2s,--ხეხ-ავ-,n
29fb3255-eb54-42b8-a5f2-163e34f51cdc,pres,3s,--ხეხ-ავ-ს,n
29fb3255-eb54-42b8-a5f2-163e34f51cdc,pres,1p,-ვ-ხეხ-ავ-თ,n
29fb3255-eb54-42b8-a5f2-163e34f51cdc,pres,2p,--ხეხ-ავ-თ,n
29fb3255-eb54-42b8-a5f2-163e34f51cdc,pres,3p,--ხეხ-ავ-ენ,n
29fb3255-eb54-42b8-a5f2-163e34f51cdc,imp,1s,-ვ-ხეხ-ავ-დი,n
29fb3255-eb54-42b8-a5f2-163e34f51cdc,imp,2s,--ხეხ-ავ-დი,n
29fb3255-eb54-42b8-a5f2-163e34f51cdc,imp,3s,--ხეხ-ავ-და,n
29fb3255-eb54-42b8-a5f2-163e34f51cdc,imp,1p,-ვ-ხეხ-ავ-დით,n
29fb3255-eb54-42b8-a5f2-163e34f51cdc,imp,2p,--ხეხ-ავ-დით,n
29fb3255-eb54-42b8-a5f2-163e34f51cdc,imp,3p,--ხეხ-ავ-დნენ,n
29fb3255-eb54-42b8-a5f2-163e34f51cdc,pres-subj,1s,-ვ-ხეხ-ავ-დე,n
29fb3255-eb54-42b8-a5f2-163e34f51cdc,pres-subj,2s,--ხეხ-ავ-დე,n
29fb3255-eb54-42b8-a5f2-163e34f51cdc,pres-subj,3s,--ხეხ-ავ-დეს,n
29fb3255-eb54-42b8-a5f2-163e34f51cdc,pres-subj,1p,-ვ-ხეხ-ავ-დეთ,n
29fb3255-eb54-42b8-a5f2-163e34f51cdc,pres-subj,2p,--ხეხ-ავ-დეთ,n
29fb3255-eb54-42b8-a5f2-163e34f51cdc,pres-subj,3p,--ხეხ-ავ-დნენ,n
29fb3255-eb54-42b8-a5f2-163e34f51cdc,fut,1s,გა-ვ-ხეხ-ავ-,n
29fb3255-eb54-42b8-a5f2-163e34f51cdc,fut,2s,გა--ხეხ-ავ-,n
29fb3255-eb54-42b8-a5f2-163e34f51cdc,fut,3s,გა--ხეხ-ავ-ს,n
29fb3255-eb54-42b8-a5f2-163e34f51cdc,fut,1p,გა-ვ-ხეხ-ავ-თ,n
29fb3255-eb54-42b8-a5f2-163e34f51cdc,fut,2p,გა--ხეხ-ავ-თ,n
29fb3255-eb54-42b8-a5f2-163e34f51cdc,fut,3p,გა--ხეხ-ავ-ენ,n
29fb3255-eb54-42b8-a5f2-163e34f51cdc,cond,1s,გა-ვ-ხეხ-ავ-დი,n
29fb3255-eb54-42b8-a5f2-163e34f51cdc,cond,2s,გა--ხეხ-ავ-დი,n
29fb3255-eb54-42b8-a5f2-163e34f51cdc,cond,3s,გა--ხეხ-ავ-და,n
29fb3255-eb54-42b8-a5f2-163e34f51cdc,cond,1p,გა-ვ-ხეხ-ავ-დით,n
29fb3255-eb54-42b8-a5f2-163e34f51cdc,cond,2p,გა--ხეხ-ავ-დით,n
29fb3255-eb54-42b8-a5f2-163e34f51cdc,cond,3p,გა--ხეხ-ავ-დნენ,n
29fb3255-eb54-42b8-a5f2-163e34f51cdc,aor,1s,გა-ვ-ხეხ--ე,n
29fb3255-eb54-42b8-a5f2-163e34f51cdc,aor,2s,გა--ხეხ--ე,n
29fb3255-eb54-42b8-a5f2-163e34f51cdc,aor,3s,გა--ხეხ--ა,n
29fb3255-eb54-42b8-a5f2-163e34f51cdc,aor,1p,გა-ვ-ხეხ--ეთ,n
29fb3255-eb54-42b8-a5f2-163e34f51cdc,aor,2p,გა--ხეხ--ეთ,n
29fb3255-eb54-42b8-a5f2-163e34f51cdc,aor,3p,გა--ხეხ--ეს,n
29fb3255-eb54-42b8-a5f2-163e34f51cdc,opt,1s,გა-ვ-ხეხ--,n
29fb3255-eb54-42b8-a5f2-163e34f51cdc,opt,2s,გა--ხეხ--,n
29fb3255-eb54-42b8-a5f2-163e34f51cdc,opt,3s,გა--ხეხ--ოს,n
29fb3255-eb54-42b8-a5f2-163e34f51cdc,opt,1p,გა-ვ-ხეხ--ოთ,n
29fb3255-eb54-42b8-a5f2-163e34f51cdc,opt,2p,გა--ხეხ--ოთ,n
29fb3255-eb54-42b8-a5f2-163e34f51cdc,opt,3p,გა--ხეხ--ონ,n
8ebbc619-0852-4869-bd1c-fc62f6f82d83,pres,1s,-ვ-ისვ-ამ-,n
8ebbc619-0852-4869-bd1c-fc62f6f82d83,pres,2s,--ისვ-ამ-,n
8ebbc619-0852-4869-bd1c-fc62f6f82d83,pres,3s,--ისვ-ამ-ს,n
8ebbc619-0852-4869-bd1c-fc62f6f82d83,pres,1p,-ვ-ისვ-ამ-თ,n
8ebbc619-0852-4869-bd1c-fc62f6f82d83,pres,2p,--ისვ-ამ-თ,n
8ebbc619-0852-4869-bd1c-fc62f6f82d83,pres,3p,--ისვ-ამ-ენ,n
8ebbc619-0852-4869-bd1c-fc62f6f82d83,imp,1s,-ვ-ისვ-ამ-დი,n
8ebbc619-0852-4869-bd1c-fc62f6f82d83,imp,2s,--ისვ-ამ-დი,n
8ebbc619-0852-4869-bd1c-fc62f6f82d83,imp,3s,--ისვ-ამ-და,n
8ebbc619-0852-4869-bd1c-fc62f6f82d83,imp,1p,-ვ-ისვ-ამ-დით,n
8ebbc619-0852-4869-bd1c-fc62f6f82d83,imp,2p,--ისვ-ამ-დით,n
8ebbc619-0852-4869-bd1c-fc62f6f82d83,imp,3p,--ისვ-ამ-დნენ,n
8ebbc619-0852-4869-bd1c-fc62f6f82d83,pres-subj,1s,-ვ-ისვ-ამ-დე,n
8ebbc619-0852-4869-bd1c-fc62f6f82d83,pres-subj,2s,--ისვ-ამ-დე,n
8ebbc619-0852-4869-bd1c-fc62f6f82d83,pres-subj,3s,--ისვ-ამ-დეს,n
8ebbc619-0852-4869-bd1c-fc62f6f82d83,pres-subj,1p,-ვ-ისვ-ამ-დეთ,n
8ebbc619-0852-4869-bd1c-fc62f6f82d83,pres-subj,2p,--ისვ-ამ-დეთ,n
8ebbc619-0852-4869-bd1c-fc62f6f82d83,pres-subj,3p,--ისვ-ამ-დნენ,n
8ebbc619-0852-4869-bd1c-fc62f6f82d83,fut,1s,წა-ვ-ისვ-ამ-,n
8ebbc619-0852-4869-bd1c-fc62f6f82d83,fut,2s,წა--ისვ-ამ-,n
8ebbc619-0852-4869-bd1c-fc62f6f82d83,fut,3s,წა--ისვ-ამ-ს,n
8ebbc619-0852-4869-bd1c-fc62f6f82d83,fut,1p,წა-ვ-ისვ-ამ-თ,n
8ebbc619-0852-4869-bd1c-fc62f6f82d83,fut,2p,წა--ისვ-ამ-თ,n
8ebbc619-0852-4869-bd1c-fc62f6f82d83,fut,3p,წა--ისვ-ამ-ენ,n
8ebbc619-0852-4869-bd1c-fc62f6f82d83,cond,1s,წა-ვ-ისვ-ამ-დი,n
8ebbc619-0852-4869-bd1c-fc62f6f82d83,cond,2s,წა--ისვ-ამ-დი,n
8ebbc619-0852-4869-bd1c-fc62f6f82d83,cond,3s,წა--ისვ-ამ-და,n
8ebbc619-0852-4869-bd1c-fc62f6f82d83,cond,1p,წა-ვ-ისვ-ამ-დით,n
8ebbc619-0852-4869-bd1c-fc62f6f82d83,cond,2p,წა--ისვ-ამ-დით,n
8ebbc619-0852-4869-bd1c-fc62f6f82d83,cond,3p,წა--ისვ-ამ-დნენ,n
8ebbc619-0852-4869-bd1c-fc62f6f82d83,aor,1s,წა-ვ-ისვ--ი,n
8ebbc619-0852-4869-bd1c-fc62f6f82d83,aor,2s,წა--ისვ--ი,n
8ebbc619-0852-4869-bd1c-fc62f6f82d83,aor,3s,წა--ისვ--ა,n
8ebbc619-0852-4869-bd1c-fc62f6f82d83,aor,1p,წა-ვ-ისვ--ით,n
8ebbc619-0852-4869-bd1c-fc62f6f82d83,aor,2p,წა--ისვ--ით,n
8ebbc619-0852-4869-bd1c-fc62f6f82d83,aor,3p,წა--ისვ--ეს,n
8ebbc619-0852-4869-bd1c-fc62f6f82d83,opt,1s,წა-ვ-ისვ--ა,n
8ebbc619-0852-4869-bd1c-fc62f6f82d83,opt,2s,წა--ისვ--ა,n
8ebbc619-0852-4869-bd1c-fc62f6f82d83,opt,3s,წა--ისვ--ას,n
8ebbc619-0852-4869-bd1c-fc62f6f82d83,opt,1p,წა-ვ-ისვ--ათ,n
8ebbc619-0852-4869-bd1c-fc62f6f82d83,opt,2p,წა--ისვ--ათ,n
8ebbc619-0852-4869-bd1c-fc62f6f82d83,opt,3p,წა--ისვ--ან,n
eba112b2-c2b1-4fe1-9043-e611bcb0bf1a,pres,1s,-ვ-იზრდ-ებ-ი,n
eba112b2-c2b1-4fe1-9043-e611bcb0bf1a,pres,2s,--იზრდ-ებ-ი,n
eba112b2-c2b1-4fe1-9043-e611bcb0bf1a,pres,3s,--იზრდ-ებ-ა,n
eba112b2-c2b1-4fe1-9043-e611bcb0bf1a,pres,1p,-ვ-იზრდ-ებ-ით,n
eba112b2-c2b1-4fe1-9043-e611bcb0bf1a,pres,2p,--იზრდ-ებ-ით,n
eba112b2-c2b1-4fe1-9043-e611bcb0bf1a,pres,3p,--იზრდ-ებ-იან,n
eba112b2-c2b1-4fe1-9043-e611bcb0bf1a,imp,1s,-ვ-იზრდ-ებ-დი,n
eba112b2-c2b1-4fe1-9043-e611bcb0bf1a,imp,2s,--იზრდ-ებ-დი,n
eba112b2-c2b1-4fe1-9043-e611bcb0bf1a,imp,3s,--იზრდ-ებ-და,n
eba112b2-c2b1-4fe1-9043-e611bcb0bf1a,imp,1p,-ვ-იზრდ-ებ-დით,n
eba112b2-c2b1-4fe1-9043-e611bcb0bf1a,imp,2p,--იზრდ-ებ-დით,n
eba112b2-c2b1-4fe1-9043-e611bcb0bf1a,imp,3p,--იზრდ-ებ-დნენ,n
eba112b2-c2b1-4fe1-9043-e611bcb0bf1a,pres-subj,1s,-ვ-იზრდ-ებ-დე,n
eba112b2-c2b1-4fe1-9043-e611bcb0bf1a,pres-subj,2s,--იზრდ-ებ-დე,n
eba112b2-c2b1-4fe1-9043-e611bcb0bf1a,pres-subj,3s,--იზრდ-ებ-დეს,n
eba112b2-c2b1-4fe1-9043-e611bcb0bf1a,pres-subj,1p,-ვ-იზრდ-ებ-დეთ,n
eba112b2-c2b1-4fe1-9043-e611bcb0bf1a,pres-subj,2p,--იზრდ-ებ-დეთ,n
eba112b2-c2b1-4fe1-9043-e611bcb0bf1a,pres-subj,3p,--იზრდ-ებ-დნენ,n
eba112b2-c2b1-4fe1-9043-e611bcb0bf1a,fut,1s,გა-ვ-იზრდ-ებ-ი,n
eba112b2-c2b1-4fe1-9043-e611bcb0bf1a,fut,2s,გა--იზრდ-ებ-ი,n
eba112b2-c2b1-4fe1-9043-e611bcb0bf1a,fut,3s,გა--იზრდ-ებ-ა,n
eba112b2-c2b1-4fe1-9043-e611bcb0bf1a,fut,1p,გა-ვ-იზრდ-ებ-ით,n
eba112b2-c2b1-4fe1-9043-e611bcb0bf1a,fut,2p,გა--იზრდ-ებ-ით,n
eba112b2-c2b1-4fe1-9043-e611bcb0bf1a,fut,3p,გა--იზრდ-ებ-იან,n
eba112b2-c2b1-4fe1-9043-e611bcb0bf1a,cond,1s,გა-ვ-იზრდ-ებ-დი,n
eba112b2-c2b1-4fe1-9043-e611bcb0bf1a,cond,2s,გა--იზრდ-ებ-დი,n
eba112b2-c2b1-4fe1-9043-e611bcb0bf1a,cond,3s,გა--იზრდ-ებ-და,n
eba112b2-c2b1-4fe1-9043-e611bcb0bf1a,cond,1p,გა-ვ-იზრდ-ებ-დით,n
eba112b2-c2b1-4fe1-9043-e611bcb0bf1a,cond,2p,გა--იზრდ-ებ-დით,n
eba112b2-c2b1-4fe1-9043-e611bcb0bf1a,cond,3p,გა--იზრდ-ებ-დნენ,n
eba112b2-c2b1-4fe1-9043-e611bcb0bf1a,aor,1s,გა-ვ-იზარდ--ე,n
eba112b2-c2b1-4fe1-9043-e611bcb0bf1a,aor,2s,გა--იზარდ--ე,n
eba112b2-c2b1-4fe1-9043-e611bcb0bf1a,aor,3s,გა--იზარდ--ა,n
eba112b2-c2b1-4fe1-9043-e611bcb0bf1a,aor,1p,გა-ვ-იზარდ--ეთ,n
eba112b2-c2b1-4fe1-9043-e611bcb0bf1a,aor,2p,გა--იზარდ--ეთ,n
eba112b2-c2b1-4fe1-9043-e611bcb0bf1a,aor,3p,გა--იზარდ--ნენ,n
eba112b2-c2b1-4fe1-9043-e611bcb0bf1a,opt,1s,გა-ვ-იზარდ--ა,n
eba112b2-c2b1-4fe1-9043-e611bcb0bf1a,opt,2s,გა--იზარდ--ა,n
eba112b2-c2b1-4fe1-9043-e611bcb0bf1a,opt,3s,გა--იზარდ--ას,n
eba112b2-c2b1-4fe1-9043-e611bcb0bf1a,opt,1p,გა-ვ-იზარდ--ათ,n
eba112b2-c2b1-4fe1-9043-e611bcb0bf1a,opt,2p,გა--იზარდ--ათ,n
eba112b2-c2b1-4fe1-9043-e611bcb0bf1a,opt,3p,გა--იზარდ--ან,n
598de25c-4ac5-46bd-b818-cda53000985b,pres,1s,-ვ-ზრდ-ი-,n
598de25c-4ac5-46bd-b818-cda53000985b,pres,2s,--ზრდ-ი-,n
598de25c-4ac5-46bd-b818-cda53000985b,pres,3s,--ზრდ-ი-ს,n
598de25c-4ac5-46bd-b818-cda53000985b,pres,1p,-ვ-ზრდ-ი-თ,n
598de25c-4ac5-46bd-b818-cda53000985b,pres,2p,--ზრდ-ი-თ,n
598de25c-4ac5-46bd-b818-cda53000985b,pres,3p,--ზრდ-ი-ან,n
598de25c-4ac5-46bd-b818-cda53000985b,imp,1s,-ვ-ზრდ-ი-დი,n
598de25c-4ac5-46bd-b818-cda53000985b,imp,2s,--ზრდ-ი-დი,n
598de25c-4ac5-46bd-b818-cda53000985b,imp,3s,--ზრდ-ი-და,n
598de25c-4ac5-46bd-b818-cda53000985b,imp,1p,-ვ-ზრდ-ი-დით,n
598de25c-4ac5-46bd-b818-cda53000985b,imp,2p,--ზრდ-ი-დით,n
598de25c-4ac5-46bd-b818-cda53000985b,imp,3p,--ზრდ-ი-დნენ,n
598de25c-4ac5-46bd-b818-cda53000985b,pres-subj,1s,-ვ-ზრდ-ი-დე,n
598de25c-4ac5-46bd-b818-cda53000985b,pres-subj,2s,--ზრდ-ი-დე,n
598de25c-4ac5-46bd-b818-cda53000985b,pres-subj,3s,--ზრდ-ი-დეს,n
598de25c-4ac5-46bd-b818-cda53000985b,pres-subj,1p,-ვ-ზრდ-ი-დეთ,n
598de25c-4ac5-46bd-b818-cda53000985b,pres-subj,2p,--ზრდ-ი-დეთ,n
598de25c-4ac5-46bd-b818-cda53000985b,pres-subj,3p,--ზრდ-ი-დნენ,n
598de25c-4ac5-46bd-b818-cda53000985b,fut,1s,გა-ვ-ზრდ-ი-,n
598de25c-4ac5-46bd-b818-cda53000985b,fut,2s,გა--ზრდ-ი-,n
598de25c-4ac5-46bd-b818-cda53000985b,fut,3s,გა--ზრდ-ი-ს,n
598de25c-4ac5-46bd-b818-cda53000985b,fut,1p,გა-ვ-ზრდ-ი-თ,n
598de25c-4ac5-46bd-b818-cda53000985b,fut,2p,გა--ზრდ-ი-თ,n
598de25c-4ac5-46bd-b818-cda53000985b,fut,3p,გა--ზრდ-ი-ან,n
598de25c-4ac5-46bd-b818-cda53000985b,cond,1s,გა-ვ-ზრდ-ი-დი,n
598de25c-4ac5-46bd-b818-cda53000985b,cond,2s,გა--ზრდ-ი-დი,n
598de25c-4ac5-46bd-b818-cda53000985b,cond,3s,გა--ზრდ-ი-და,n
598de25c-4ac5-46bd-b818-cda53000985b,cond,1p,გა-ვ-ზრდ-ი-დით,n
598de25c-4ac5-46bd-b818-cda53000985b,cond,2p,გა--ზრდ-ი-დით,n
598de25c-4ac5-46bd-b818-cda53000985b,cond,3p,გა--ზრდ-ი-დნენ,n
598de25c-4ac5-46bd-b818-cda53000985b,aor,1s,გა-ვ-ზარდ--ე,n
598de25c-4ac5-46bd-b818-cda53000985b,aor,2s,გა--ზარდ--ე,n
598de25c-4ac5-46bd-b818-cda53000985b,aor,3s,გა--ზარდ--ა,n
598de25c-4ac5-46bd-b818-cda53000985b,aor,1p,გა-ვ-ზარდ--ეთ,n
598de25c-4ac5-46bd-b818-cda53000985b,aor,2p,გა--ზარდ--ეთ,n
598de25c-4ac5-46bd-b818-cda53000985b,aor,3p,გა--ზარდ--ეს,n
598de25c-4ac5-46bd-b818-cda53000985b,opt,1s,გა-ვ-ზარდ--,n
598de25c-4ac5-46bd-b818-cda53000985b,opt,2s,გა--ზარდ--,n
598de25c-4ac5-46bd-b818-cda53000985b,opt,3s,გა--ზარდ--ოს,n
598de25c-4ac5-46bd-b818-cda53000985b,opt,1p,გა-ვ-ზარდ--ოთ,n
598de25c-4ac5-46bd-b818-cda53000985b,opt,2p,გა--ზარდ--ოთ,n
598de25c-4ac5-46bd-b818-cda53000985b,opt,3p,გა--ზარდ--ონ,n
56baacc2-de21-40de-b6bb-2496ba9a26ff,pres,1s,-ვ-კიდ-ებ-,n
56baacc2-de21-40de-b6bb-2496ba9a26ff,pres,2s,--კიდ-ებ-,n
56baacc2-de21-40de-b6bb-2496ba9a26ff,pres,3s,--კიდ-ებ-ს,n
56baacc2-de21-40de-b6bb-2496ba9a26ff,pres,1p,-ვ-კიდ-ებ-თ,n
56baacc2-de21-40de-b6bb-2496ba9a26ff,pres,2p,--კიდ-ებ-თ,n
56baacc2-de21-40de-b6bb-2496ba9a26ff,pres,3p,--კიდ-ებ-ენ,n
56baacc2-de21-40de-b6bb-2496ba9a26ff,imp,1s,-ვ-კიდ-ებ-დი,n
56baacc2-de21-40de-b6bb-2496ba9a26ff,imp,2s,--კიდ-ებ-დი,n
56baacc2-de21-40de-b6bb-2496ba9a26ff,imp,3s,--კიდ-ებ-და,n
56baacc2-de21-40de-b6bb-2496ba9a26ff,imp,1p,-ვ-კიდ-ებ-დით,n
56baacc2-de21-40de-b6bb-2496ba9a26ff,imp,2p,--კიდ-ებ-დით,n
56baacc2-de21-40de-b6bb-2496ba9a26ff,imp,3p,--კიდ-ებ-დნენ,n
56baacc2-de21-40de-b6bb-2496ba9a26ff,pres-subj,1s,-ვ-კიდ-ებ-დე,n
56baacc2-de21-40de-b6bb-2496ba9a26ff,pres-subj,2s,--კიდ-ებ-დე,n
56baacc2-de21-40de-b6bb-2496ba9a26ff,pres-subj,3s,--კიდ-ებ-დეს,n
56baacc2-de21-40de-b6bb-2496ba9a26ff,pres-subj,1p,-ვ-კიდ-ებ-დეთ,n
56baacc2-de21-40de-b6bb-2496ba9a26ff,pres-subj,2p,--კიდ-ებ-დეთ,n
56baacc2-de21-40de-b6bb-2496ba9a26ff,pres-subj,3p,--კიდ-ებ-დნენ,n
56baacc2-de21-40de-b6bb-2496ba9a26ff,fut,1s,ჩამო-ვ-კიდ-ებ-,n
56baacc2-de21-40de-b6bb-2496ba9a26ff,fut,2s,ჩამო--კიდ-ებ-,n
56baacc2-de21-40de-b6bb-2496ba9a26ff,fut,3s,ჩამო--კიდ-ებ-ს,n
56baacc2-de21-40de-b6bb-2496ba9a26ff,fut,1p,ჩამო-ვ-კიდ-ებ-თ,n
56baacc2-de21-40de-b6bb-2496ba9a26ff,fut,2p,ჩამო--კიდ-ებ-თ,n
56baacc2-de21-40de-b6bb-2496ba9a26ff,fut,3p,ჩამო--კიდ-ებ-ენ,n
56baacc2-de21-40de-b6bb-2496ba9a26ff,cond,1s,ჩამო-ვ-კიდ-ებ-დი,n
56baacc2-de21-40de-b6bb-2496ba9a26ff,cond,2s,ჩამო--კიდ-ებ-დი,n
56baacc2-de21-40de-b6bb-2496ba9a26ff,cond,3s,ჩამო--კიდ-ებ-და,n
56baacc2-de21-40de-b6bb-2496ba9a26ff,cond,1p,ჩამო-ვ-კიდ-ებ-დით,n
56baacc2-de21-40de-b6bb-2496ba9a26ff,cond,2p,ჩამო--კიდ-ებ-დით,n
56baacc2-de21-40de-b6bb-2496ba9a26ff,cond,3p,ჩამო--კიდ-ებ-დნენ,n
56baacc2-de21-40de-b6bb-2496ba9a26ff,aor,1s,ჩამო-ვ-კიდ--ე,n
56baacc2-de21-40de-b6bb-2496ba9a26ff,aor,2s,ჩამო--კიდ--ე,n
56baacc2-de21-40de-b6bb-2496ba9a26ff,aor,3s,ჩამო--კიდ--ა,n
56baacc2-de21-40de-b6bb-2496ba9a26ff,aor,1p,ჩამო-ვ-კიდ--ეთ,n
56baacc2-de21-40de-b6bb-2496ba9a26ff,aor,2p,ჩამო--კიდ--ეთ,n
56baacc2-de21-40de-b6bb-2496ba9a26ff,aor,3p,ჩამო--კიდ--ეს,n
56baacc2-de21-40de-b6bb-2496ba9a26ff,opt,1s,ჩამო-ვ-კიდ--,n
56baacc2-de21-40de-b6bb-2496ba9a26ff,opt,2s,ჩამო--კიდ--,n
56baacc2-de21-40de-b6bb-2496ba9a26ff,opt,3s,ჩამო--კიდ--ოს,n
56baacc2-de21-40de-b6bb-2496ba9a26ff,opt,1p,ჩამო-ვ-კიდ--ოთ,n
56baacc2-de21-40de-b6bb-2496ba9a26ff,opt,2p,ჩამო--კიდ--ოთ,n
56baacc2-de21-40de-b6bb-2496ba9a26ff,opt,3p,ჩამო--კიდ--ონ,n
95cfe4f8-6384-44a4-a0dc-9183d7fa3e44,pres,1s,-მ-ძულ--ს,n
95cfe4f8-6384-44a4-a0dc-9183d7fa3e44,pres,2s,-გ-ძულ--ს,n
95cfe4f8-6384-44a4-a0dc-9183d7fa3e44,pres,3s,-ს-ძულ--ს,n
95cfe4f8-6384-44a4-a0dc-9183d7fa3e44,pres,1p,-გვ-ძულ--ს,n
95cfe4f8-6384-44a4-a0dc-9183d7fa3e44,pres,2p,-გ-ძულ--თ,n
95cfe4f8-6384-44a4-a0dc-9183d7fa3e44,pres,3p,-ს-ძულ--თ,n
95cfe4f8-6384-44a4-a0dc-9183d7fa3e44,imp,1s,-მ-ძულ--და,n
95cfe4f8-6384-44a4-a0dc-9183d7fa3e44,imp,2s,-გ-ძულ--და,n
95cfe4f8-6384-44a4-a0dc-9183d7fa3e44,imp,3s,-ს-ძულ--და,n
95cfe4f8-6384-44a4-a0dc-9183d7fa3e44,imp,1p,-გვ-ძულ--და,n
95cfe4f8-6384-44a4-a0dc-9183d7fa3e44,imp,2p,-გ-ძულ--დათ,n
95cfe4f8-6384-44a4-a0dc-9183d7fa3e44,imp,3p,-ს-ძულ--დათ,n
95cfe4f8-6384-44a4-a0dc-9183d7fa3e44,pres-subj,1s,-მ-ძულ--დე,n
95cfe4f8-6384-44a4-a0dc-9183d7fa3e44,pres-subj,2s,-გ-ძულ--დე,n
95cfe4f8-6384-44a4-a0dc-9183d7fa3e44,pres-subj,3s,-ს-ძულ--დეს,n
95cfe4f8-6384-44a4-a0dc-9183d7fa3e44,pres-subj,1p,-გვ-ძულ--დეთ,n
95cfe4f8-6384-44a4-a0dc-9183d7fa3e44,pres-subj,2p,-გ-ძულ--დეთ,n
95cfe4f8-6384-44a4-a0dc-9183d7fa3e44,pres-subj,3p,-ს-ძულ--დნენ,n
95cfe4f8-6384-44a4-a0dc-9183d7fa3e44,fut,1s,შე-ვ-იძულ-ებ-,n
95cfe4f8-6384-44a4-a0dc-9183d7fa3e44,fut,2s,შე--იძულ-ებ-,n
95cfe4f8-6384-44a4-a0dc-9183d7fa3e44,fut,3s,შე--იძულ-ებ-ს,n
95cfe4f8-6384-44a4-a0dc-9183d7fa3e44,fut,1p,შე-ვ-იძულ-ებ-თ,n
95cfe4f8-6384-44a4-a0dc-9183d7fa3e44,fut,2p,შე--იძულ-ებ-თ,n
95cfe4f8-6384-44a4-a0dc-9183d7fa3e44,fut,3p,შე--იძულ-ებ-ენ,n
95cfe4f8-6384-44a4-a0dc-9183d7fa3e44,cond,1s,შე-ვ-იძულ-ებ-დი,n
95cfe4f8-6384-44a4-a0dc-9183d7fa3e44,cond,2s,შე--იძულ-ებ-დი,n
95cfe4f8-6384-44a4-a0dc-9183d7fa3e44,cond,3s,შე--იძულ-ებ-და,n
95cfe4f8-6384-44a4-a0dc-9183d7fa3e44,cond,1p,შე-ვ-იძულ-ებ-დით,n
95cfe4f8-6384-44a4-a0dc-9183d7fa3e44,cond,2p,შე--იძულ-ებ-დით,n
95cfe4f8-6384-44a4-a0dc-9183d7fa3e44,cond,3p,შე--იძულ-ებ-დნენ,n
95cfe4f8-6384-44a4-a0dc-9183d7fa3e44,aor,1s,-მ-ძულ--და,n
95cfe4f8-6384-44a4-a0dc-9183d7fa3e44,aor,2s,-გ-ძულ--და,n
95cfe4f8-6384-44a4-a0dc-9183d7fa3e44,aor,3s,-ს-ძულ--და,n
95cfe4f8-6384-44a4-a0dc-9183d7fa3e44,aor,1p,-გვ-ძულ--და,n
95cfe4f8-6384-44a4-a0dc-9183d7fa3e44,aor,2p,-გ-ძულ--დათ,n
95cfe4f8-6384-44a4-a0dc-9183d7fa3e44,aor,3p,-ს-ძულ--დათ,n
95cfe4f8-6384-44a4-a0dc-9183d7fa3e44,opt,1s,-მ-ძულ--ე,n
95cfe4f8-6384-44a4-a0dc-9183d7fa3e44,opt,2s,-გ-ძულ--ე,n
95cfe4f8-6384-44a4-a0dc-9183d7fa3e44,opt,3s,-ს-ძულ--ე,n
95cfe4f8-6384-44a4-a0dc-9183d7fa3e44,opt,1p,-გვ-ძულ--ე,n
95cfe4f8-6384-44a4-a0dc-9183d7fa3e44,opt,2p,-გ-ძულ--ეთ,n
95cfe4f8-6384-44a4-a0dc-9183d7fa3e44,opt,3p,-ს-ძულ--ეთ,n
1f3d1870-d903-4748-8605-9792fe284a43,pres,1s,-მ-ყ-ავ-ს,n
1f3d1870-d903-4748-8605-9792fe284a43,pres,2s,-გ-ყ-ავ-ს,n
1f3d1870-d903-4748-8605-9792fe284a43,pres,3s,-ჰ-ყ-ავ-ს,n
1f3d1870-d903-4748-8605-9792fe284a43,pres,1p,-გვ-ყ-ავ-ს,n
1f3d1870-d903-4748-8605-9792fe284a43,pres,2p,-გ-ყ-ავ-თ,n
1f3d1870-d903-4748-8605-9792fe284a43,pres,3p,-ჰ-ყ-ავ-თ,n
1f3d1870-d903-4748-8605-9792fe284a43,imp,1s,-მ-ყ-ავ-და,n
1f3d1870-d903-4748-8605-9792fe284a43,imp,2s,-გ-ყ-ავ-და,n
1f3d1870-d903-4748-8605-9792fe284a43,imp,3s,-ჰ-ყ-ავ-და,n
1f3d1870-d903-4748-8605-9792fe284a43,imp,1p,-გვ-ყ-ავ-და,n
1f3d1870-d903-4748-8605-9792fe284a43,imp,2p,-გ-ყ-ავ-დათ,n
1f3d1870-d903-4748-8605-9792fe284a43,imp,3p,-ჰ-ყ-ავ-დათ,n
1f3d1870-d903-4748-8605-9792fe284a43,pres-subj,1s,-მ-ყ-ავ-დეს,n
1f3d1870-d903-4748-8605-9792fe284a43,pres-subj,2s,-გ-ყ-ავ-დეს,n
1f3d1870-d903-4748-8605-9792fe284a43,pres-subj,3s,-ჰ-ყ-ავ-დეს,n
1f3d1870-d903-4748-8605-9792fe284a43,pres-subj,1p,-გვ-ყ-ავ-დეს,n
1f3d1870-d903-4748-8605-9792fe284a43,pres-subj,2p,-გ-ყ-ავ-დეთ,n
1f3d1870-d903-4748-8605-9792fe284a43,pres-subj,3p,-ჰ-ყ-ავ-დეთ,n
1f3d1870-d903-4748-8605-9792fe284a43,fut,1s,-მ-ეყოლ-ებ-ა,n
1f3d1870-d903-4748-8605-9792fe284a43,fut,2s,-გ-ეყოლ-ებ-ა,n
1f3d1870-d903-4748-8605-9792fe284a43,fut,3s,--ეყოლ-ებ-ა,n
1f3d1870-d903-4748-8605-9792fe284a43,fut,1p,-გვ-ეყოლ-ებ-ა,n
1f3d1870-d903-4748-8605-9792fe284a43,fut,2p,-გ-ეყოლ-ებ-ათ,n
1f3d1870-d903-4748-8605-9792fe284a43,fut,3p,--ეყოლ-ებ-ათ,n
1f3d1870-d903-4748-8605-9792fe284a43,cond,1s,-მ-ეყოლ-ებ-ოდი,n
1f3d1870-d903-4748-8605-9792fe284a43,cond,2s,-გ-ეყოლ-ებ-ოდი,n
1f3d1870-d903-4748-8605-9792fe284a43,cond,3s,--ეყოლ-ებ-ოდა,n
1f3d1870-d903-4748-8605-9792fe284a43,cond,1p,-გვ-ეყოლ-ებ-ოდით,n
1f3d1870-d903-4748-8605-9792fe284a43,cond,2p,-გ-ეყოლ-ებ-ოდით,n
1f3d1870-d903-4748-8605-9792fe284a43,cond,3p,--ეყოლ-ებ-ოდნენ,n
1f3d1870-d903-4748-8605-9792fe284a43,aor,1s,-მ-ყ-ავ-და,n
1f3d1870-d903-4748-8605-9792fe284a43,aor,2s,-გ-ყ-ავ-და,n
1f3d1870-d903-4748-8605-9792fe284a43,aor,3s,-ჰ-ყ-ავ-და,n
1f3d1870-d903-4748-8605-9792fe284a43,aor,1p,-გვ-ყ-ავ-და,n
1f3d1870-d903-4748-8605-9792fe284a43,aor,2p,-გ-ყ-ავ-დათ,n
1f3d1870-d903-4748-8605-9792fe284a43,aor,3p,-ჰ-ყ-ავ-დათ,n
1f3d1870-d903-4748-8605-9792fe284a43,opt,1s,-მ-ყ-ავ-ეს,n
1f3d1870-d903-4748-8605-9792fe284a43,opt,2s,-გ-ყ-ავ-ეს,n
1f3d1870-d903-4748-8605-9792fe284a43,opt,3s,-ჰ-ყ-ავ-ეს,n
1f3d1870-d903-4748-8605-9792fe284a43,opt,1p,-გვ-ყ-ავ-ეს,n
1f3d1870-d903-4748-8605-9792fe284a43,opt,2p,-გ-ყ-ავ-ეთ,n
1f3d1870-d903-4748-8605-9792fe284a43,opt,3p,-ჰ-ყ-ავ-ეთ,n
8aee3d94-511f-4376-a6fc-5bc66a7aeaf3,pres,1s,-მ-აქვ--ს,n
8aee3d94-511f-4376-a6fc-5bc66a7aeaf3,pres,2s,-გ-აქვ--ს,n
8aee3d94-511f-4376-a6fc-5bc66a7aeaf3,pres,3s,--აქვ--ს,n
8aee3d94-511f-4376-a6fc-5bc66a7aeaf3,pres,1p,-გვ-აქვ--ს,n
8aee3d94-511f-4376-a6fc-5bc66a7aeaf3,pres,2p,-გ-აქვ--თ,n
8aee3d94-511f-4376-a6fc-5bc66a7aeaf3,pres,3p,--აქვ--თ,n
8aee3d94-511f-4376-a6fc-5bc66a7aeaf3,imp,1s,-მ-ქონდ--ა,n
8aee3d94-511f-4376-a6fc-5bc66a7aeaf3,imp,2s,-გ-ქონდ--ა,n
8aee3d94-511f-4376-a6fc-5bc66a7aeaf3,imp,3s,-ჰ-ქონდ--ა,n
8aee3d94-511f-4376-a6fc-5bc66a7aeaf3,imp,1p,-გვ-ქონდ--ა,n
8aee3d94-511f-4376-a6fc-5bc66a7aeaf3,imp,2p,-გ-ქონდ--ათ,n
8aee3d94-511f-4376-a6fc-5bc66a7aeaf3,imp,3p,-ჰ-ქონდ--ათ,n
8aee3d94-511f-4376-a6fc-5bc66a7aeaf3,pres-subj,1s,-მ-აქვ--დეს,n
8aee3d94-511f-4376-a6fc-5bc66a7aeaf3,pres-subj,2s,-გ-აქვ--დეს,n
8aee3d94-511f-4376-a6fc-5bc66a7aeaf3,pres-subj,3s,--აქვ--დეს,n
8aee3d94-511f-4376-a6fc-5bc66a7aeaf3,pres-subj,1p,-გვ-აქვ--დეს,n
8aee3d94-511f-4376-a6fc-5bc66a7aeaf3,pres-subj,2p,-გ-აქვ--დეთ,n
8aee3d94-511f-4376-a6fc-5bc66a7aeaf3,pres-subj,3p,--აქვ--დეთ,n
8aee3d94-511f-4376-a6fc-5bc66a7aeaf3,fut,1s,-მ-ექნ-ებ-ა,n
8aee3d94-511f-4376-a6fc-5bc66a7aeaf3,fut,2s,-გ-ექნ-ებ-ა,n
8aee3d94-511f-4376-a6fc-5bc66a7aeaf3,fut,3s,--ექნ-ებ-ა,n
8aee3d94-511f-4376-a6fc-5bc66a7aeaf3,fut,1p,-გვ-ექნ-ებ-ა,n
8aee3d94-511f-4376-a6fc-5bc66a7aeaf3,fut,2p,-გ-ექნ-ებ-ათ,n
8aee3d94-511f-4376-a6fc-5bc66a7aeaf3,fut,3p,--ექნ-ებ-ათ,n
8aee3d94-511f-4376-a6fc-5bc66a7aeaf3,cond,1s,-მ-ექნ-ებ-ოდი,n
8aee3d94-511f-4376-a6fc-5bc66a7aeaf3,cond,2s,-გ-ექნ-ებ-ოდი,n
8aee3d94-511f-4376-a6fc-5bc66a7aeaf3,cond,3s,--ექნ-ებ-ოდა,n
8aee3d94-511f-4376-a6fc-5bc66a7aeaf3,cond,1p,-გვ-ექნ-ებ-ოდით,n
8aee3d94-511f-4376-a6fc-5bc66a7aeaf3,cond,2p,-გ-ექნ-ებ-ოდით,n
8aee3d94-511f-4376-a6fc-5bc66a7aeaf3,cond,3p,--ექნ-ებ-ოდნენ,n
8aee3d94-511f-4376-a6fc-5bc66a7aeaf3,aor,1s,-მ-ქონდ--ა,n
8aee3d94-511f-4376-a6fc-5bc66a7aeaf3,aor,2s,-გ-ქონდ--ა,n
8aee3d94-511f-4376-a6fc-5bc66a7aeaf3,aor,3s,-ჰ-ქონდ--ა,n
8aee3d94-511f-4376-a6fc-5bc66a7aeaf3,aor,1p,-გვ-ქონდ--ა,n
8aee3d94-511f-4376-a6fc-5bc66a7aeaf3,aor,2p,-გ-ქონდ--ათ,n
8aee3d94-511f-4376-a6fc-5bc66a7aeaf3,aor,3p,-ჰ-ქონდ--ათ,n
8aee3d94-511f-4376-a6fc-5bc66a7aeaf3,opt,1s,-მ-ქონდ--ეს,n
8aee3d94-511f-4376-a6fc-5bc66a7aeaf3,opt,2s,-გ-ქონდ--ეს,n
8aee3d94-511f-4376-a6fc-5bc66a7aeaf3,opt,3s,-ჰ-ქონდ--ეს,n
8aee3d94-511f-4376-a6fc-5bc66a7aeaf3,opt,1p,-გვ-ქონდ--ეს,n
8aee3d94-511f-4376-a6fc-5bc66a7aeaf3,opt,2p,-გ-ქონდ--ეთ,n
8aee3d94-511f-4376-a6fc-5bc66a7aeaf3,opt,3p,-ჰ-ქონდ--ეთ,n
abc9f1f4-7181-462c-b60e-8e18d569f909,pres,1s,-მ-ესმ-ი-ს,n
abc9f1f4-7181-462c-b60e-8e18d569f909,pres,2s,-გ-ესმ-ი-ს,n
abc9f1f4-7181-462c-b60e-8e18d569f909,pres,3s,--ესმ-ი-ს,n
abc9f1f4-7181-462c-b60e-8e18d569f909,pres,1p,-გვ-ესმ-ი-ს,n
abc9f1f4-7181-462c-b60e-8e18d569f909,pres,2p,-გ-ესმ-ი-თ,n
abc9f1f4-7181-462c-b60e-8e18d569f909,pres,3p,--ესმ-ი-თ,n
abc9f1f4-7181-462c-b60e-8e18d569f909,imp,1s,-მ-ესმ-ი-დი,n
abc9f1f4-7181-462c-b60e-8e18d569f909,imp,2s,-გ-ესმ-ი-დი,n
abc9f1f4-7181-462c-b60e-8e18d569f909,imp,3s,--ესმ-ი-და,n
abc9f1f4-7181-462c-b60e-8e18d569f909,imp,1p,-გვ-ესმ-ი-დით,n
abc9f1f4-7181-462c-b60e-8e18d569f909,imp,2p,-გ-ესმ-ი-დით,n
abc9f1f4-7181-462c-b60e-8e18d569f909,imp,3p,--ესმ-ი-დნენ,n
abc9f1f4-7181-462c-b60e-8e18d569f909,pres-subj,1s,-მ-ესმ-ი-დეს,n
abc9f1f4-7181-462c-b60e-8e18d569f909,pres-subj,2s,-გ-ესმ-ი-დეს,n
abc9f1f4-7181-462c-b60e-8e18d569f909,pres-subj,3s,--ესმ-ი-დეს,n
abc9f1f4-7181-462c-b60e-8e18d569f909,pres-subj,1p,-გვ-ესმ-ი-დეს,n
abc9f1f4-7181-462c-b60e-8e18d569f909,pres-subj,2p,-გ-ესმ-ი-დეთ,n
abc9f1f4-7181-462c-b60e-8e18d569f909,pres-subj,3p,--ესმ-ი-დეთ,n
abc9f1f4-7181-462c-b60e-8e18d569f909,fut,1s,მო-მ-ესმ-ი-ს,n
abc9f1f4-7181-462c-b60e-8e18d569f909,fut,2s,მო-გ-ესმ-ი-ს,n
abc9f1f4-7181-462c-b60e-8e18d569f909,fut,3s,მო--ესმ-ი-ს,n
abc9f1f4-7181-462c-b60e-8e18d569f909,fut,1p,მო-გვ-ესმ-ი-ს,n
abc9f1f4-7181-462c-b60e-8e18d569f909,fut,2p,მო-გ-ესმ-ი-თ,n
abc9f1f4-7181-462c-b60e-8e18d569f909,fut,3p,მო--ესმ-ი-თ,n
abc9f1f4-7181-462c-b60e-8e18d569f909,cond,1s,მო-მ-ესმ-ი-დი,n
abc9f1f4-7181-462c-b60e-8e18d569f909,cond,2s,მო-გ-ესმ-ი-დი,n
abc9f1f4-7181-462c-b60e-8e18d569f909,cond,3s,მო--ესმ-ი-და,n
abc9f1f4-7181-462c-b60e-8e18d569f909,cond,1p,მო-გვ-ესმ-ი-დით,n
abc9f1f4-7181-462c-b60e-8e18d569f909,cond,2p,მო-გ-ესმ-ი-დით,n
abc9f1f4-7181-462c-b60e-8e18d569f909,cond,3p,მო--ესმ-ი-დნენ,n
abc9f1f4-7181-462c-b60e-8e18d569f909,aor,1s,მო-მ-ესმ--ა,n
abc9f1f4-7181-462c-b60e-8e18d569f909,aor,2s,მო-გ-ესმ--ა,n
abc9f1f4-7181-462c-b60e-8e18d569f909,aor,3s,მო--ესმ--ა,n
abc9f1f4-7181-462c-b60e-8e18d569f909,aor,1p,მო-გვ-ესმ--ა,n
abc9f1f4-7181-462c-b60e-8e18d569f909,aor,2p,მო-გ-ესმ--ათ,n
abc9f1f4-7181-462c-b60e-8e18d569f909,aor,3p,მო--ესმ--ათ,n
abc9f1f4-7181-462c-b60e-8e18d569f909,opt,1s,მო-მ-ესმ--,n
abc9f1f4-7181-462c-b60e-8e18d569f909,opt,2s,მო-გ-ესმ--,n
abc9f1f4-7181-462c-b60e-8e18d569f909,opt,3s,მო--ესმ--ოს,n
abc9f1f4-7181-462c-b60e-8e18d569f909,opt,1p,მო-გვ-ესმ--ოთ,n
abc9f1f4-7181-462c-b60e-8e18d569f909,opt,2p,მო-გ-ესმ--ოთ,n
abc9f1f4-7181-462c-b60e-8e18d569f909,opt,3p,მო--ესმ--ონ,n
f326dca5-a239-479b-bbde-c60e4b8d5ad9,pres,1s,-ვ-ეხმარ-ებ-ი,n
f326dca5-a239-479b-bbde-c60e4b8d5ad9,pres,2s,--ეხმარ-ებ-ი,n
f326dca5-a239-479b-bbde-c60e4b8d5ad9,pres,3s,--ეხმარ-ებ-ა,n
f326dca5-a239-479b-bbde-c60e4b8d5ad9,pres,1p,-ვ-ეხმარ-ებ-ით,n
f326dca5-a239-479b-bbde-c60e4b8d5ad9,pres,2p,--ეხმარ-ებ-ით,n
f326dca5-a239-479b-bbde-c60e4b8d5ad9,pres,3p,--ეხმარ-ებ-იან,n
f326dca5-a239-479b-bbde-c60e4b8d5ad9,imp,1s,-ვ-ეხმარ-ებ-ოდი,n
f326dca5-a239-479b-bbde-c60e4b8d5ad9,imp,2s,--ეხმარ-ებ-ოდი,n
f326dca5-a239-479b-bbde-c60e4b8d5ad9,imp,3s,--ეხმარ-ებ-ოდა,n
f326dca5-a239-479b-bbde-c60e4b8d5ad9,imp,1p,-ვ-ეხმარ-ებ-ოდით,n
f326dca5-a239-479b-bbde-c60e4b8d5ad9,imp,2p,--ეხმარ-ებ-ოდით,n
f326dca5-a239-479b-bbde-c60e4b8d5ad9,imp,3p,--ეხმარ-ებ-ოდნენ,n
f326dca5-a239-479b-bbde-c60e4b8d5ad9,pres-subj,1s,-ვ-ეხმარ-ებ-დე,n
f326dca5-a239-479b-bbde-c60e4b8d5ad9,pres-subj,2s,--ეხმარ-ებ-დე,n
f326dca5-a239-479b-bbde-c60e4b8d5ad9,pres-subj,3s,--ეხმარ-ებ-დეს,n
f326dca5-a239-479b-bbde-c60e4b8d5ad9,pres-subj,1p,-ვ-ეხმარ-ებ-დეთ,n
f326dca5-a239-479b-bbde-c60e4b8d5ad9,pres-subj,2p,--ეხმარ-ებ-დეთ,n
f326dca5-a239-479b-bbde-c60e4b8d5ad9,pres-subj,3p,--ეხმარ-ებ-დნენ,n
f326dca5-a239-479b-bbde-c60e4b8d5ad9,fut,1s,და-ვ-ეხმარ-ებ-ი,n
f326dca5-a239-479b-bbde-c60e4b8d5ad9,fut,2s,და--ეხმარ-ებ-ი,n
f326dca5-a239-479b-bbde-c60e4b8d5ad9,fut,3s,და--ეხმარ-ებ-ა,n
f326dca5-a239-479b-bbde-c60e4b8d5ad9,fut,1p,და-ვ-ეხმარ-ებ-ით,n
f326dca5-a239-479b-bbde-c60e4b8d5ad9,fut,2p,და--ეხმარ-ებ-ით,n
f326dca5-a239-479b-bbde-c60e4b8d5ad9,fut,3p,და--ეხმარ-ებ-იან,n
f326dca5-a239-479b-bbde-c60e4b8d5ad9,cond,1s,და-ვ-ეხმარ-ებ-ოდი,n
f326dca5-a239-479b-bbde-c60e4b8d5ad9,cond,2s,და--ეხმარ-ებ-ოდი,n
f326dca5-a239-479b-bbde-c60e4b8d5ad9,cond,3s,და--ეხმარ-ებ-ოდა,n
f326dca5-a239-479b-bbde-c60e4b8d5ad9,cond,1p,და-ვ-ეხმარ-ებ-ოდით,n
f326dca5-a239-479b-bbde-c60e4b8d5ad9,cond,2p,და--ეხმარ-ებ-ოდით,n
f326dca5-a239-479b-bbde-c60e4b8d5ad9,cond,3p,და--ეხმარ-ებ-ოდნენ,n
f326dca5-a239-479b-bbde-c60e4b8d5ad9,aor,1s,და-ვ-ეხმარ--ე,n
f326dca5-a239-479b-bbde-c60e4b8d5ad9,aor,2s,და--ეხმარ--ე,n
f326dca5-a239-479b-bbde-c60e4b8d5ad9,aor,3s,და--ეხმარ--ა,n
f326dca5-a239-479b-bbde-c60e4b8d5ad9,aor,1p,და-ვ-ეხმარ--ეთ,n
f326dca5-a239-479b-bbde-c60e4b8d5ad9,aor,2p,და--ეხმარ--ეთ,n
f326dca5-a239-479b-bbde-c60e4b8d5ad9,aor,3p,და--ეხმარ--ნენ,n
f326dca5-a239-479b-bbde-c60e4b8d5ad9,opt,1s,და-ვ-ეხმარ--,n
f326dca5-a239-479b-bbde-c60e4b8d5ad9,opt,2s,და--ეხმარ--,n
f326dca5-a239-479b-bbde-c60e4b8d5ad9,opt,3s,და--ეხმარ--ოს,n
f326dca5-a239-479b-bbde-c60e4b8d5ad9,opt,1p,და-ვ-ეხმარ--ოთ,n
f326dca5-a239-479b-bbde-c60e4b8d5ad9,opt,2p,და--ეხმარ--ოთ,n
f326dca5-a239-479b-bbde-c60e4b8d5ad9,opt,3p,და--ეხმარ--ონ,n
597c1822-be3f-499f-adfb-1afc5d739955,pres,1s,-ვ-იმალ-ებ-ი,n
597c1822-be3f-499f-adfb-1afc5d739955,pres,2s,--იმალ-ებ-ი,n
597c1822-be3f-499f-adfb-1afc5d739955,pres,3s,--იმალ-ებ-ა,n
597c1822-be3f-499f-adfb-1afc5d739955,pres,1p,-ვ-იმალ-ებ-ით,n
597c1822-be3f-499f-adfb-1afc5d739955,pres,2p,--იმალ-ებ-ით,n
597c1822-be3f-499f-adfb-1afc5d739955,pres,3p,--იმალ-ებ-იან,n
597c1822-be3f-499f-adfb-1afc5d739955,imp,1s,-ვ-იმალ-ებ-ოდი,n
597c1822-be3f-499f-adfb-1afc5d739955,imp,2s,--იმალ-ებ-ოდი,n
597c1822-be3f-499f-adfb-1afc5d739955,imp,3s,--იმალ-ებ-ოდა,n
597c1822-be3f-499f-adfb-1afc5d739955,imp,1p,-ვ-იმალ-ებ-ოდით,n
597c1822-be3f-499f-adfb-1afc5d739955,imp,2p,--იმალ-ებ-ოდით,n
597c1822-be3f-499f-adfb-1afc5d739955,imp,3p,--იმალ-ებ-ოდნენ,n
597c1822-be3f-499f-adfb-1afc5d739955,pres-subj,1s,-ვ-იმალ-ებ-დე,n
597c1822-be3f-499f-adfb-1afc5d739955,pres-subj,2s,--იმალ-ებ-დე,n
597c1822-be3f-499f-adfb-1afc5d739955,pres-subj,3s,--იმალ-ებ-დეს,n
597c1822-be3f-499f-adfb-1afc5d739955,pres-subj,1p,-ვ-იმალ-ებ-დეთ,n
597c1822-be3f-499f-adfb-1afc5d739955,pres-subj,2p,--იმალ-ებ-დეთ,n
597c1822-be3f-499f-adfb-1afc5d739955,pres-subj,3p,--იმალ-ებ-დნენ,n
597c1822-be3f-499f-adfb-1afc5d739955,fut,1s,და-ვ-იმალ-ებ-ი,n
597c1822-be3f-499f-adfb-1afc5d739955,fut,2s,და--იმალ-ებ-ი,n
597c1822-be3f-499f-adfb-1afc5d739955,fut,3s,და--იმალ-ებ-ა,n
597c1822-be3f-499f-adfb-1afc5d739955,fut,1p,და-ვ-იმალ-ებ-ით,n
597c1822-be3f-499f-adfb-1afc5d739955,fut,2p,და--იმალ-ებ-ით,n
597c1822-be3f-499f-adfb-1afc5d739955,fut,3p,და--იმალ-ებ-იან,n
597c1822-be3f-499f-adfb-1afc5d739955,cond,1s,და-ვ-იმალ-ებ-ოდი,n
597c1822-be3f-499f-adfb-1afc5d739955,cond,2s,და--იმალ-ებ-ოდი,n
597c1822-be3f-499f-adfb-1afc5d739955,cond,3s,და--იმალ-ებ-ოდა,n
597c1822-be3f-499f-adfb-1afc5d739955,cond,1p,და-ვ-იმალ-ებ-ოდით,n
597c1822-be3f-499f-adfb-1afc5d739955,cond,2p,და--იმალ-ებ-ოდით,n
597c1822-be3f-499f-adfb-1afc5d739955,cond,3p,და--იმალ-ებ-ოდნენ,n
597c1822-be3f-499f-adfb-1afc5d739955,aor,1s,და-ვ-იმალ--ე,n
597c1822-be3f-499f-adfb-1afc5d739955,aor,2s,და--იმალ--ე,n
597c1822-be3f-499f-adfb-1afc5d739955,aor,3s,და--იმალ--ა,n
597c1822-be3f-499f-adfb-1afc5d739955,aor,1p,და-ვ-იმალ--ეთ,n
597c1822-be3f-499f-adfb-1afc5d739955,aor,2p,და--იმალ--ეთ,n
597c1822-be3f-499f-adfb-1afc5d739955,aor,3p,და--იმალ--ნენ,n
597c1822-be3f-499f-adfb-1afc5d739955,opt,1s,და-ვ-იმალ--,n
597c1822-be3f-499f-adfb-1afc5d739955,opt,2s,და--იმალ--,n
597c1822-be3f-499f-adfb-1afc5d739955,opt,3s,და--იმალ--ოს,n
597c1822-be3f-499f-adfb-1afc5d739955,opt,1p,და-ვ-იმალ--ოთ,n
597c1822-be3f-499f-adfb-1afc5d739955,opt,2p,და--იმალ--ოთ,n
597c1822-be3f-499f-adfb-1afc5d739955,opt,3p,და--იმალ--ონ,n
9efe9c66-2494-4d79-87b0-ad6693946b9f,pres,1s,-ვ-მალ-ავ-,n
9efe9c66-2494-4d79-87b0-ad6693946b9f,pres,2s,--მალ-ავ-,n
9efe9c66-2494-4d79-87b0-ad6693946b9f,pres,3s,--მალ-ავ-ს,n
9efe9c66-2494-4d79-87b0-ad6693946b9f,pres,1p,-ვ-მალ-ავ-თ,n
9efe9c66-2494-4d79-87b0-ad6693946b9f,pres,2p,--მალ-ავ-თ,n
9efe9c66-2494-4d79-87b0-ad6693946b9f,pres,3p,--მალ-ავ-ენ,n
9efe9c66-2494-4d79-87b0-ad6693946b9f,imp,1s,-ვ-მალ-ავ-დი,n
9efe9c66-2494-4d79-87b0-ad6693946b9f,imp,2s,--მალ-ავ-დი,n
9efe9c66-2494-4d79-87b0-ad6693946b9f,imp,3s,--მალ-ავ-და,n
9efe9c66-2494-4d79-87b0-ad6693946b9f,imp,1p,-ვ-მალ-ავ-დით,n
9efe9c66-2494-4d79-87b0-ad6693946b9f,imp,2p,--მალ-ავ-დით,n
9efe9c66-2494-4d79-87b0-ad6693946b9f,imp,3p,--მალ-ავ-დნენ,n
9efe9c66-2494-4d79-87b0-ad6693946b9f,pres-subj,1s,-ვ-მალ-ავ-დე,n
9efe9c66-2494-4d79-87b0-ad6693946b9f,pres-subj,2s,--მალ-ავ-დე,n
9efe9c66-2494-4d79-87b0-ad6693946b9f,pres-subj,3s,--მალ-ავ-დეს,n
9efe9c66-2494-4d79-87b0-ad6693946b9f,pres-subj,1p,-ვ-მალ-ავ-დეთ,n
9efe9c66-2494-4d79-87b0-ad6693946b9f,pres-subj,2p,--მალ-ავ-დეთ,n
9efe9c66-2494-4d79-87b0-ad6693946b9f,pres-subj,3p,--მალ-ავ-დნენ,n
9efe9c66-2494-4d79-87b0-ad6693946b9f,fut,1s,და-ვ-მალ-ავ-,n
9efe9c66-2494-4d79-87b0-ad6693946b9f,fut,2s,და--მალ-ავ-,n
9efe9c66-2494-4d79-87b0-ad6693946b9f,fut,3s,და--მალ-ავ-ს,n
9efe9c66-2494-4d79-87b0-ad6693946b9f,fut,1p,და-ვ-მალ-ავ-თ,n
9efe9c66-2494-4d79-87b0-ad6693946b9f,fut,2p,და--მალ-ავ-თ,n
9efe9c66-2494-4d79-87b0-ad6693946b9f,fut,3p,და--მალ-ავ-ენ,n
9efe9c66-2494-4d79-87b0-ad6693946b9f,cond,1s,და-ვ-მალ-ავ-დი,n
9efe9c66-2494-4d79-87b0-ad6693946b9f,cond,2s,და--მალ-ავ-დი,n
9efe9c66-2494-4d79-87b0-ad6693946b9f,cond,3s,და--მალ-ავ-და,n
9efe9c66-2494-4d79-87b0-ad6693946b9f,cond,1p,და-ვ-მალ-ავ-დით,n
9efe9c66-2494-4d79-87b0-ad6693946b9f,cond,2p,და--მალ-ავ-დით,n
9efe9c66-2494-4d79-87b0-ad6693946b9f,cond,3p,და--მალ-ავ-დნენ,n
9efe9c66-2494-4d79-87b0-ad6693946b9f,aor,1s,და-ვ-მალ--ე,n
9efe9c66-2494-4d79-87b0-ad6693946b9f,aor,2s,და--მალ--ე,n
9efe9c66-2494-4d79-87b0-ad6693946b9f,aor,3s,და--მალ--ა,n
9efe9c66-2494-4d79-87b0-ad6693946b9f,aor,1p,და-ვ-მალ--ეთ,n
9efe9c66-2494-4d79-87b0-ad6693946b9f,aor,2p,და--მალ--ეთ,n
9efe9c66-2494-4d79-87b0-ad6693946b9f,aor,3p,და--მალ--ეს,n
9efe9c66-2494-4d79-87b0-ad6693946b9f,opt,1s,და-ვ-მალ--,n
9efe9c66-2494-4d79-87b0-ad6693946b9f,opt,2s,და--მალ--,n
9efe9c66-2494-4d79-87b0-ad6693946b9f,opt,3s,და--მალ--ოს,n
9efe9c66-2494-4d79-87b0-ad6693946b9f,opt,1p,და-ვ-მალ--ოთ,n
9efe9c66-2494-4d79-87b0-ad6693946b9f,opt,2p,და--მალ--ოთ,n
9efe9c66-2494-4d79-87b0-ad6693946b9f,opt,3p,და--მალ--ონ,n
40db6c19-eb02-4752-b38a-b4260ffb620f,pres,1s,-მ-ცხელ--ა,n
40db6c19-eb02-4752-b38a-b4260ffb620f,pres,2s,-გ-ცხელ--ა,n
40db6c19-eb02-4752-b38a-b4260ffb620f,pres,3s,-ს-ცხელ--ა,n
40db6c19-eb02-4752-b38a-b4260ffb620f,pres,1p,-გვ-ცხელ--ა,n
40db6c19-eb02-4752-b38a-b4260ffb620f,pres,2p,-გ-ცხელ--ათ,n
40db6c19-eb02-4752-b38a-b4260ffb620f,pres,3p,-ს-ცხელ--ათ,n
40db6c19-eb02-4752-b38a-b4260ffb620f,imp,1s,-მ-ცხელ--ოდი,n
40db6c19-eb02-4752-b38a-b4260ffb620f,imp,2s,-გ-ცხელ--ოდი,n
40db6c19-eb02-4752-b38a-b4260ffb620f,imp,3s,-ს-ცხელ--ოდა,n
40db6c19-eb02-4752-b38a-b4260ffb620f,imp,1p,-გვ-ცხელ--ოდით,n
40db6c19-eb02-4752-b38a-b4260ffb620f,imp,2p,-გ-ცხელ--ოდით,n
40db6c19-eb02-4752-b38a-b4260ffb620f,imp,3p,-ს-ცხელ--ოდნენ,n
40db6c19-eb02-4752-b38a-b4260ffb620f,pres-subj,1s,-მ-ცხელ--ოდეს,n
40db6c19-eb02-4752-b38a-b4260ffb620f,pres-subj,2s,-გ-ცხელ--ოდეს,n
40db6c19-eb02-4752-b38a-b4260ffb620f,pres-subj,3s,-ს-ცხელ--ოდეს,n
40db6c19-eb02-4752-b38a-b4260ffb620f,pres-subj,1p,-გვ-ცხელ--ოდეს,n
40db6c19-eb02-4752-b38a-b4260ffb620f,pres-subj,2p,-გ-ცხელ--ოდეთ,n
40db6c19-eb02-4752-b38a-b4260ffb620f,pres-subj,3p,-ს-ცხელ--ოდეთ,n
40db6c19-eb02-4752-b38a-b4260ffb620f,fut,1s,და-მ-ცხელ--ა,n
40db6c19-eb02-4752-b38a-b4260ffb620f,fut,2s,და-გ-ცხელ--ა,n
40db6c19-eb02-4752-b38a-b4260ffb620f,fut,3s,და-ს-ცხელ--ა,n
40db6c19-eb02-4752-b38a-b4260ffb620f,fut,1p,და-გვ-ცხელ--ა,n
40db6c19-eb02-4752-b38a-b4260ffb620f,fut,2p,და-გ-ცხელ--ათ,n
40db6c19-eb02-4752-b38a-b4260ffb620f,fut,3p,და-ს-ცხელ--ათ,n
40db6c19-eb02-4752-b38a-b4260ffb620f,cond,1s,და-მ-ცხელ--ოდი,n
40db6c19-eb02-4752-b38a-b4260ffb620f,cond,2s,და-გ-ცხელ--ოდი,n
40db6c19-eb02-4752-b38a-b4260ffb620f,cond,3s,და-ს-ცხელ--ოდა,n
40db6c19-eb02-4752-b38a-b4260ffb620f,cond,1p,და-გვ-ცხელ--ოდით,n
40db6c19-eb02-4752-b38a-b4260ffb620f,cond,2p,და-გ-ცხელ--ოდით,n
40db6c19-eb02-4752-b38a-b4260ffb620f,cond,3p,და-ს-ცხელ--ოდნენ,n
40db6c19-eb02-4752-b38a-b4260ffb620f,aor,1s,და-მ-ცხ--ა,n
40db6c19-eb02-4752-b38a-b4260ffb620f,aor,2s,და-გ-ცხ--ა,n
40db6c19-eb02-4752-b38a-b4260ffb620f,aor,3s,და-ს-ცხ--ა,n
40db6c19-eb02-4752-b38a-b4260ffb620f,aor,1p,და-გვ-ცხ--ა,n
40db6c19-eb02-4752-b38a-b4260ffb620f,aor,2p,და-გ-ცხ--ათ,n
40db6c19-eb02-4752-b38a-b4260ffb620f,aor,3p,და-ს-ცხ--ათ,n
40db6c19-eb02-4752-b38a-b4260ffb620f,opt,1s,და-მ-ცხ--ეს,n
40db6c19-eb02-4752-b38a-b4260ffb620f,opt,2s,და-გ-ცხ--ეს,n
40db6c19-eb02-4752-b38a-b4260ffb620f,opt,3s,და-ს-ცხ--ეს,n
40db6c19-eb02-4752-b38a-b4260ffb620f,opt,1p,და-გვ-ცხ--ეს,n
40db6c19-eb02-4752-b38a-b4260ffb620f,opt,2p,და-გ-ცხ--ეთ,n
40db6c19-eb02-4752-b38a-b4260ffb620f,opt,3p,და-ს-ცხ--ეთ,n
ee542578-e067-4838-99a9-f60ed82cbcf8,pres,1s,-ვ-იხუტ-ებ-,n
ee542578-e067-4838-99a9-f60ed82cbcf8,pres,2s,--იხუტ-ებ-,n
ee542578-e067-4838-99a9-f60ed82cbcf8,pres,3s,--იხუტ-ებ-ს,n
ee542578-e067-4838-99a9-f60ed82cbcf8,pres,1p,-ვ-იხუტ-ებ-თ,n
ee542578-e067-4838-99a9-f60ed82cbcf8,pres,2p,--იხუტ-ებ-თ,n
ee542578-e067-4838-99a9-f60ed82cbcf8,pres,3p,--იხუტ-ებ-ენ,n
ee542578-e067-4838-99a9-f60ed82cbcf8,imp,1s,-ვ-იხუტ-ებ-დი,n
ee542578-e067-4838-99a9-f60ed82cbcf8,imp,2s,--იხუტ-ებ-დი,n
ee542578-e067-4838-99a9-f60ed82cbcf8,imp,3s,--იხუტ-ებ-და,n
ee542578-e067-4838-99a9-f60ed82cbcf8,imp,1p,-ვ-იხუტ-ებ-დით,n
ee542578-e067-4838-99a9-f60ed82cbcf8,imp,2p,--იხუტ-ებ-დით,n
ee542578-e067-4838-99a9-f60ed82cbcf8,imp,3p,--იხუტ-ებ-დნენ,n
ee542578-e067-4838-99a9-f60ed82cbcf8,pres-subj,1s,-ვ-იხუტ-ებ-დე,n
ee542578-e067-4838-99a9-f60ed82cbcf8,pres-subj,2s,--იხუტ-ებ-დე,n
ee542578-e067-4838-99a9-f60ed82cbcf8,pres-subj,3s,--იხუტ-ებ-დეს,n
ee542578-e067-4838-99a9-f60ed82cbcf8,pres-subj,1p,-ვ-იხუტ-ებ-დეთ,n
ee542578-e067-4838-99a9-f60ed82cbcf8,pres-subj,2p,--იხუტ-ებ-დეთ,n
ee542578-e067-4838-99a9-f60ed82cbcf8,pres-subj,3p,--იხუტ-ებ-დნენ,n
ee542578-e067-4838-99a9-f60ed82cbcf8,fut,1s,ჩა-ვ-იხუტ-ებ-,n
ee542578-e067-4838-99a9-f60ed82cbcf8,fut,2s,ჩა--იხუტ-ებ-,n
ee542578-e067-4838-99a9-f60ed82cbcf8,fut,3s,ჩა--იხუტ-ებ-ს,n
ee542578-e067-4838-99a9-f60ed82cbcf8,fut,1p,ჩა-ვ-იხუტ-ებ-თ,n
ee542578-e067-4838-99a9-f60ed82cbcf8,fut,2p,ჩა--იხუტ-ებ-თ,n
ee542578-e067-4838-99a9-f60ed82cbcf8,fut,3p,ჩა--იხუტ-ებ-ენ,n
ee542578-e067-4838-99a9-f60ed82cbcf8,cond,1s,ჩა-ვ-იხუტ-ებ-დი,n
ee542578-e067-4838-99a9-f60ed82cbcf8,cond,2s,ჩა--იხუტ-ებ-დი,n
ee542578-e067-4838-99a9-f60ed82cbcf8,cond,3s,ჩა--იხუტ-ებ-და,n
ee542578-e067-4838-99a9-f60ed82cbcf8,cond,1p,ჩა-ვ-იხუტ-ებ-დით,n
ee542578-e067-4838-99a9-f60ed82cbcf8,cond,2p,ჩა--იხუტ-ებ-დით,n
ee542578-e067-4838-99a9-f60ed82cbcf8,cond,3p,ჩა--იხუტ-ებ-დნენ,n
ee542578-e067-4838-99a9-f60ed82cbcf8,aor,1s,ჩა-ვ-იხუტ--ე,n
ee542578-e067-4838-99a9-f60ed82cbcf8,aor,2s,ჩა--იხუტ--ე,n
ee542578-e067-4838-99a9-f60ed82cbcf8,aor,3s,ჩა--იხუტ--ა,n
ee542578-e067-4838-99a9-f60ed82cbcf8,aor,1p,ჩა-ვ-იხუტ--ეთ,n
ee542578-e067-4838-99a9-f60ed82cbcf8,aor,2p,ჩა--იხუტ--ეთ,n
ee542578-e067-4838-99a9-f60ed82cbcf8,aor,3p,ჩა--იხუტ--ეს,n
ee542578-e067-4838-99a9-f60ed82cbcf8,opt,1s,ჩა-ვ-იხუტ--,n
ee542578-e067-4838-99a9-f60ed82cbcf8,opt,2s,ჩა--იხუტ--,n
ee542578-e067-4838-99a9-f60ed82cbcf8,opt,3s,ჩა--იხუტ--ოს,n
ee542578-e067-4838-99a9-f60ed82cbcf8,opt,1p,ჩა-ვ-იხუტ--ოთ,n
ee542578-e067-4838-99a9-f60ed82cbcf8,opt,2p,ჩა--იხუტ--ოთ,n
ee542578-e067-4838-99a9-f60ed82cbcf8,opt,3p,ჩა--იხუტ--ონ,n
1cfec790-6f50-4716-9d18-c162b289bda5,pres,1s,-მ-ში--ა,n
1cfec790-6f50-4716-9d18-c162b289bda5,pres,2s,-გ-ში--ა,n
1cfec790-6f50-4716-9d18-c162b289bda5,pres,3s,--ში--ა,n
1cfec790-6f50-4716-9d18-c162b289bda5,pres,1p,-გვ-ში--ა,n
1cfec790-6f50-4716-9d18-c162b289bda5,pres,2p,-გ-ში--ათ,n
1cfec790-6f50-4716-9d18-c162b289bda5,pres,3p,--ში--ათ,n
1cfec790-6f50-4716-9d18-c162b289bda5,imp,1s,-მ-ში--ოდა,n
1cfec790-6f50-4716-9d18-c162b289bda5,imp,2s,-გ-ში--ოდა,n
1cfec790-6f50-4716-9d18-c162b289bda5,imp,3s,--ში--ოდა,n
1cfec790-6f50-4716-9d18-c162b289bda5,imp,1p,-გვ-ში--ოდა,n
1cfec790-6f50-4716-9d18-c162b289bda5,imp,2p,-გ-ში--ოდათ,n
1cfec790-6f50-4716-9d18-c162b289bda5,imp,3p,--ში--ოდათ,n
1cfec790-6f50-4716-9d18-c162b289bda5,pres-subj,1s,-მ-ში--ოდეს,n
1cfec790-6f50-4716-9d18-c162b289bda5,pres-subj,2s,-გ-ში--ოდეს,n
1cfec790-6f50-4716-9d18-c162b289bda5,pres-subj,3s,--ში--ოდეს,n
1cfec790-6f50-4716-9d18-c162b289bda5,pres-subj,1p,-გვ-ში--ოდეს,n
1cfec790-6f50-4716-9d18-c162b289bda5,pres-subj,2p,-გ-ში--ოდეთ,n
1cfec790-6f50-4716-9d18-c162b289bda5,pres-subj,3p,--ში--ოდეთ,n
1cfec790-6f50-4716-9d18-c162b289bda5,fut,1s,-მ-ში--ა,n
1cfec790-6f50-4716-9d18-c162b289bda5,fut,2s,-გ-ში--ა,n
1cfec790-6f50-4716-9d18-c162b289bda5,fut,3s,--ში--ა,n
1cfec790-6f50-4716-9d18-c162b289bda5,fut,1p,-გვ-ში--ა,n
1cfec790-6f50-4716-9d18-c162b289bda5,fut,2p,-გ-ში--ათ,n
1cfec790-6f50-4716-9d18-c162b289bda5,fut,3p,--ში--ათ,n
1cfec790-6f50-4716-9d18-c162b289bda5,aor,1s,-მ-ში--ოდა,n
1cfec790-6f50-4716-9d18-c162b289bda5,aor,2s,-გ-ში--ოდა,n
1cfec790-6f50-4716-9d18-c162b289bda5,aor,3s,--ში--ოდა,n
1cfec790-6f50-4716-9d18-c162b289bda5,aor,1p,-გვ-ში--ოდა,n
1cfec790-6f50-4716-9d18-c162b289bda5,aor,2p,-გ-ში--ოდათ,n
1cfec790-6f50-4716-9d18-c162b289bda5,aor,3p,--ში--ოდათ,n
1cfec790-6f50-4716-9d18-c162b289bda5,opt,1s,-მ-ში--ეს,n
1cfec790-6f50-4716-9d18-c162b289bda5,opt,2s,-გ-ში--ეს,n
1cfec790-6f50-4716-9d18-c162b289bda5,opt,3s,--ში--ეს,n
1cfec790-6f50-4716-9d18-c162b289bda5,opt,1p,-გვ-ში--ეს,n
1cfec790-6f50-4716-9d18-c162b289bda5,opt,2p,-გ-ში--ეთ,n
1cfec790-6f50-4716-9d18-c162b289bda5,opt,3p,--ში--ეთ,n
06ce2b34-76e8-43d4-9331-a86c384ca223,pres,1s,ვ--ნადირ-ობ-,y
06ce2b34-76e8-43d4-9331-a86c384ca223,pres,2s,--ნადირ-ობ-,y
06ce2b34-76e8-43d4-9331-a86c384ca223,pres,3s,--ნადირ-ობ-ს,y
06ce2b34-76e8-43d4-9331-a86c384ca223,pres,1p,ვ--ნადირ-ობ-თ,y
06ce2b34-76e8-43d4-9331-a86c384ca223,pres,2p,--ნადირ-ობ-თ,y
06ce2b34-76e8-43d4-9331-a86c384ca223,pres,3p,--ნადირ-ობ-ენ,y
06ce2b34-76e8-43d4-9331-a86c384ca223,imp,1s,ვ--ნადირ-ობ-დი,y
06ce2b34-76e8-43d4-9331-a86c384ca223,imp,2s,--ნადირ-ობ-დი,y
06ce2b34-76e8-43d4-9331-a86c384ca223,imp,3s,--ნადირ-ობ-და,y
06ce2b34-76e8-43d4-9331-a86c384ca223,imp,1p,ვ--ნადირ-ობ-დით,y
06ce2b34-76e8-43d4-9331-a86c384ca223,imp,2p,--ნადირ-ობ-დით,y
06ce2b34-76e8-43d4-9331-a86c384ca223,imp,3p,--ნადირ-ობ-დნენ,y
06ce2b34-76e8-43d4-9331-a86c384ca223,pres-subj,1s,ვ--ნადირ-ობ-დე,y
06ce2b34-76e8-43d4-9331-a86c384ca223,pres-subj,2s,--ნადირ-ობ-დე,y
06ce2b34-76e8-43d4-9331-a86c384ca223,pres-subj,3s,--ნადირ-ობ-დეს,y
06ce2b34-76e8-43d4-9331-a86c384ca223,pres-subj,1p,ვ--ნადირ-ობ-დეთ,y
06ce2b34-76e8-43d4-9331-a86c384ca223,pres-subj,2p,--ნადირ-ობ-დეთ,y
06ce2b34-76e8-43d4-9331-a86c384ca223,pres-subj,3p,--ნადირ-ობ-დნენ,y
06ce2b34-76e8-43d4-9331-a86c384ca223,fut,1s,ვ-ი-ნადირ-ებ-,y
06ce2b34-76e8-43d4-9331-a86c384ca223,fut,2s,-ი-ნადირ-ებ-,y
06ce2b34-76e8-43d4-9331-a86c384ca223,fut,3s,-ი-ნადირ-ებ-ს,y
06ce2b34-76e8-43d4-9331-a86c384ca223,fut,1p,ვ-ი-ნადირ-ებ-თ,y
06ce2b34-76e8-43d4-9331-a86c384ca223,fut,2p,-ი-ნადირ-ებ-თ,y
06ce2b34-76e8-43d4-9331-a86c384ca223,fut,3p,-ი-ნადირ-ებ-ენ,y
06ce2b34-76e8-43d4-9331-a86c384ca223,cond,1s,ვ-ი-ნადირ-ებ-დი,y
06ce2b34-76e8-43d4-9331-a86c384ca223,cond,2s,-ი-ნადირ-ებ-დი,y
06ce2b34-76e8-43d4-9331-a86c384ca223,cond,3s,-ი-ნადირ-ებ-და,y
06ce2b34-76e8-43d4-9331-a86c384ca223,cond,1p,ვ-ი-ნადირ-ებ-დით,y
06ce2b34-76e8-43d4-9331-a86c384ca223,cond,2p,-ი-ნადირ-ებ-დით,y
06ce2b34-76e8-43d4-9331-a86c384ca223,cond,3p,-ი-ნადირ-ებ-დნენ,y
06ce2b34-76e8-43d4-9331-a86c384ca223,aor,1s,ვ-ი-ნადირ--ე,y
06ce2b34-76e8-43d4-9331-a86c384ca223,aor,2s,-ი-ნადირ--ე,y
06ce2b34-76e8-43d4-9331-a86c384ca223,aor,3s,-ი-ნადირ--ა,y
06ce2b34-76e8-43d4-9331-a86c384ca223,aor,1p,ვ-ი-ნადირ--ეთ,y
06ce2b34-76e8-43d4-9331-a86c384ca223,aor,2p,-ი-ნადირ--ეთ,y
06ce2b34-76e8-43d4-9331-a86c384ca223,aor,3p,-ი-ნადირ--ეს,y
06ce2b34-76e8-43d4-9331-a86c384ca223,opt,1s,ვ-ი-ნადირ--,y
06ce2b34-76e8-43d4-9331-a86c384ca223,opt,2s,-ი-ნადირ--,y
06ce2b34-76e8-43d4-9331-a86c384ca223,opt,3s,-ი-ნადირ--ოს,y
06ce2b34-76e8-43d4-9331-a86c384ca223,opt,1p,ვ-ი-ნადირ--ოთ,y
06ce2b34-76e8-43d4-9331-a86c384ca223,opt,2p,-ი-ნადირ--ოთ,y
06ce2b34-76e8-43d4-9331-a86c384ca223,opt,3p,-ი-ნადირ--ონ,y
4bc18dab-b1ba-48eb-a27f-c531e5b015ed,pres,1s,ვ--ჩქარ-ობ-,y
4bc18dab-b1ba-48eb-a27f-c531e5b015ed,pres,2s,--ჩქარ-ობ-,y
4bc18dab-b1ba-48eb-a27f-c531e5b015ed,pres,3s,--ჩქარ-ობ-ს,y
4bc18dab-b1ba-48eb-a27f-c531e5b015ed,pres,1p,ვ--ჩქარ-ობ-თ,y
4bc18dab-b1ba-48eb-a27f-c531e5b015ed,pres,2p,--ჩქარ-ობ-თ,y
4bc18dab-b1ba-48eb-a27f-c531e5b015ed,pres,3p,--ჩქარ-ობ-ენ,y
4bc18dab-b1ba-48eb-a27f-c531e5b015ed,imp,1s,ვ--ჩქარ-ობ-დი,y
4bc18dab-b1ba-48eb-a27f-c531e5b015ed,imp,2s,--ჩქარ-ობ-დი,y
4bc18dab-b1ba-48eb-a27f-c531e5b015ed,imp,3s,--ჩქარ-ობ-და,y
4bc18dab-b1ba-48eb-a27f-c531e5b015ed,imp,1p,ვ--ჩქარ-ობ-დით,y
4bc18dab-b1ba-48eb-a27f-c531e5b015ed,imp,2p,--ჩქარ-ობ-დით,y
4bc18dab-b1ba-48eb-a27f-c531e5b015ed,imp,3p,--ჩქარ-ობ-დნენ,y
4bc18dab-b1ba-48eb-a27f-c531e5b015ed,pres-subj,1s,ვ--ჩქარ-ობ-დე,y
4bc18dab-b1ba-48eb-a27f-c531e5b015ed,pres-subj,2s,--ჩქარ-ობ-დე,y
4bc18dab-b1ba-48eb-a27f-c531e5b015ed,pres-subj,3s,--ჩქარ-ობ-დეს,y
4bc18dab-b1ba-48eb-a27f-c531e5b015ed,pres-subj,1p,ვ--ჩქარ-ობ-დეთ,y
4bc18dab-b1ba-48eb-a27f-c531e5b015ed,pres-subj,2p,--ჩქარ-ობ-დეთ,y
4bc18dab-b1ba-48eb-a27f-c531e5b015ed,pres-subj,3p,--ჩქარ-ობ-დნენ,y
4bc18dab-b1ba-48eb-a27f-c531e5b015ed,fut,1s,ვ-ი-ჩქარ-ებ-,y
4bc18dab-b1ba-48eb-a27f-c531e5b015ed,fut,2s,-ი-ჩქარ-ებ-,y
4bc18dab-b1ba-48eb-a27f-c531e5b015ed,fut,3s,-ი-ჩქარ-ებ-ს,y
4bc18dab-b1ba-48eb-a27f-c531e5b015ed,fut,1p,ვ-ი-ჩქარ-ებ-თ,y
4bc18dab-b1ba-48eb-a27f-c531e5b015ed,fut,2p,-ი-ჩქარ-ებ-თ,y
4bc18dab-b1ba-48eb-a27f-c531e5b015ed,fut,3p,-ი-ჩქარ-ებ-ენ,y
4bc18dab-b1ba-48eb-a27f-c531e5b015ed,cond,1s,ვ-ი-ჩქარ-ებ-დი,y
4bc18dab-b1ba-48eb-a27f-c531e5b015ed,cond,2s,-ი-ჩქარ-ებ-დი,y
4bc18dab-b1ba-48eb-a27f-c531e5b015ed,cond,3s,-ი-ჩქარ-ებ-და,y
4bc18dab-b1ba-48eb-a27f-c531e5b015ed,cond,1p,ვ-ი-ჩქარ-ებ-დით,y
4bc18dab-b1ba-48eb-a27f-c531e5b015ed,cond,2p,-ი-ჩქარ-ებ-დით,y
4bc18dab-b1ba-48eb-a27f-c531e5b015ed,cond,3p,-ი-ჩქარ-ებ-დნენ,y
4bc18dab-b1ba-48eb-a27f-c531e5b015ed,aor,1s,ვ-ი-ჩქარ--ე,y
4bc18dab-b1ba-48eb-a27f-c531e5b015ed,aor,2s,-ი-ჩქარ--ე,y
4bc18dab-b1ba-48eb-a27f-c531e5b015ed,aor,3s,-ი-ჩქარ--ა,y
4bc18dab-b1ba-48eb-a27f-c531e5b015ed,aor,1p,ვ-ი-ჩქარ--ეთ,y
4bc18dab-b1ba-48eb-a27f-c531e5b015ed,aor,2p,-ი-ჩქარ--ეთ,y
4bc18dab-b1ba-48eb-a27f-c531e5b015ed,aor,3p,-ი-ჩქარ--ეს,y
4bc18dab-b1ba-48eb-a27f-c531e5b015ed,opt,1s,ვ-ი-ჩქარ--,y
4bc18dab-b1ba-48eb-a27f-c531e5b015ed,opt,2s,-ი-ჩქარ--,y
4bc18dab-b1ba-48eb-a27f-c531e5b015ed,opt,3s,-ი-ჩქარ--ოს,y
4bc18dab-b1ba-48eb-a27f-c531e5b015ed,opt,1p,ვ-ი-ჩქარ--ოთ,y
4bc18dab-b1ba-48eb-a27f-c531e5b015ed,opt,2p,-ი-ჩქარ--ოთ,y
4bc18dab-b1ba-48eb-a27f-c531e5b015ed,opt,3p,-ი-ჩქარ--ონ,y
5a9e6eb5-4773-45e6-bebd-9e146e9067d4,pres,1s,-მ-ეჩქარ-ებ-ა,n
5a9e6eb5-4773-45e6-bebd-9e146e9067d4,pres,2s,-გ-ეჩქარ-ებ-ა,n
5a9e6eb5-4773-45e6-bebd-9e146e9067d4,pres,3s,--ეჩქარ-ებ-ა,n
5a9e6eb5-4773-45e6-bebd-9e146e9067d4,pres,1p,-გვ-ეჩქარ-ებ-ა,n
5a9e6eb5-4773-45e6-bebd-9e146e9067d4,pres,2p,-გ-ეჩქარ-ებ-ათ,n
5a9e6eb5-4773-45e6-bebd-9e146e9067d4,pres,3p,--ეჩქარ-ებ-ათ,n
5a9e6eb5-4773-45e6-bebd-9e146e9067d4,imp,1s,-მ-ეჩქარ-ებ-ოდა,n
5a9e6eb5-4773-45e6-bebd-9e146e9067d4,imp,2s,-გ-ეჩქარ-ებ-ოდა,n
5a9e6eb5-4773-45e6-bebd-9e146e9067d4,imp,3s,--ეჩქარ-ებ-ოდა,n
5a9e6eb5-4773-45e6-bebd-9e146e9067d4,imp,1p,-გვ-ეჩქარ-ებ-ოდა,n
5a9e6eb5-4773-45e6-bebd-9e146e9067d4,imp,2p,-გ-ეჩქარ-ებ-ოდათ,n
5a9e6eb5-4773-45e6-bebd-9e146e9067d4,imp,3p,--ეჩქარ-ებ-ოდათ,n
5a9e6eb5-4773-45e6-bebd-9e146e9067d4,pres-subj,1s,-მ-ეჩქარ-ებ-ოდეს,n
5a9e6eb5-4773-45e6-bebd-9e146e9067d4,pres-subj,2s,-გ-ეჩქარ-ებ-ოდეს,n
5a9e6eb5-4773-45e6-bebd-9e146e9067d4,pres-subj,3s,--ეჩქარ-ებ-ოდეს,n
5a9e6eb5-4773-45e6-bebd-9e146e9067d4,pres-subj,1p,-გვ-ეჩქარ-ებ-ოდეს,n
5a9e6eb5-4773-45e6-bebd-9e146e9067d4,pres-subj,2p,-გ-ეჩქარ-ებ-ოდეთ,n
5a9e6eb5-4773-45e6-bebd-9e146e9067d4,pres-subj,3p,--ეჩქარ-ებ-ოდეთ,n
5a9e6eb5-4773-45e6-bebd-9e146e9067d4,fut,1s,-მ-ეჩქარ-ებ-ა,n
5a9e6eb5-4773-45e6-bebd-9e146e9067d4,fut,2s,-გ-ეჩქარ-ებ-ა,n
5a9e6eb5-4773-45e6-bebd-9e146e9067d4,fut,3s,--ეჩქარ-ებ-ა,n
5a9e6eb5-4773-45e6-bebd-9e146e9067d4,fut,1p,-გვ-ეჩქარ-ებ-ა,n
5a9e6eb5-4773-45e6-bebd-9e146e9067d4,fut,2p,-გ-ეჩქარ-ებ-ათ,n
5a9e6eb5-4773-45e6-bebd-9e146e9067d4,fut,3p,--ეჩქარ-ებ-ათ,n
5a9e6eb5-4773-45e6-bebd-9e146e9067d4,aor,1s,-მ-ეჩქარ-ებ-ოდა,n
5a9e6eb5-4773-45e6-bebd-9e146e9067d4,aor,2s,-გ-ეჩქარ-ებ-ოდა,n
5a9e6eb5-4773-45e6-bebd-9e146e9067d4,aor,3s,--ეჩქარ-ებ-ოდა,n
5a9e6eb5-4773-45e6-bebd-9e146e9067d4,aor,1p,-გვ-ეჩქარ-ებ-ოდა,n
5a9e6eb5-4773-45e6-bebd-9e146e9067d4,aor,2p,-გ-ეჩქარ-ებ-ოდათ,n
5a9e6eb5-4773-45e6-bebd-9e146e9067d4,aor,3p,--ეჩქარ-ებ-ოდათ,n
5a9e6eb5-4773-45e6-bebd-9e146e9067d4,opt,1s,-მ-ეჩქარ-ებ-ეს,n
5a9e6eb5-4773-45e6-bebd-9e146e9067d4,opt,2s,-გ-ეჩქარ-ებ-ეს,n
5a9e6eb5-4773-45e6-bebd-9e146e9067d4,opt,3s,--ეჩქარ-ებ-ეს,n
5a9e6eb5-4773-45e6-bebd-9e146e9067d4,opt,1p,-გვ-ეჩქარ-ებ-ეს,n
5a9e6eb5-4773-45e6-bebd-9e146e9067d4,opt,2p,-გ-ეჩქარ-ებ-ეთ,n
5a9e6eb5-4773-45e6-bebd-9e146e9067d4,opt,3p,--ეჩქარ-ებ-ეთ,n
ca433a66-51d8-4172-ac0f-dac5a48aa8ff,pres,1s,-მ-ტკივ--ა,n
ca433a66-51d8-4172-ac0f-dac5a48aa8ff,pres,2s,-გ-ტკივ--ა,n
ca433a66-51d8-4172-ac0f-dac5a48aa8ff,pres,3s,-ს-ტკივ--ა,n
ca433a66-51d8-4172-ac0f-dac5a48aa8ff,pres,1p,-გვ-ტკივ--ა,n
ca433a66-51d8-4172-ac0f-dac5a48aa8ff,pres,2p,-გ-ტკივ--ათ,n
ca433a66-51d8-4172-ac0f-dac5a48aa8ff,pres,3p,-ს-ტკივ--ათ,n
ca433a66-51d8-4172-ac0f-dac5a48aa8ff,imp,1s,ა-მ-ტკივ--და,n
ca433a66-51d8-4172-ac0f-dac5a48aa8ff,imp,2s,ა-გ-ტკივ--და,n
ca433a66-51d8-4172-ac0f-dac5a48aa8ff,imp,3s,ა-ს-ტკივ--და,n
ca433a66-51d8-4172-ac0f-dac5a48aa8ff,imp,1p,ა-გვ-ტკივ--და,n
ca433a66-51d8-4172-ac0f-dac5a48aa8ff,imp,2p,ა-გ-ტკივ--დათ,n
ca433a66-51d8-4172-ac0f-dac5a48aa8ff,imp,3p,ა-ს-ტკივ--დათ,n
ca433a66-51d8-4172-ac0f-dac5a48aa8ff,pres-subj,1s,-მ-ტკივ--ოდეს,n
ca433a66-51d8-4172-ac0f-dac5a48aa8ff,pres-subj,2s,-გ-ტკივ--ოდეს,n
ca433a66-51d8-4172-ac0f-dac5a48aa8ff,pres-subj,3s,-ს-ტკივ--ოდეს,n
ca433a66-51d8-4172-ac0f-dac5a48aa8ff,pres-subj,1p,-გვ-ტკივ--ოდეს,n
ca433a66-51d8-4172-ac0f-dac5a48aa8ff,pres-subj,2p,-გ-ტკივ--ოდეთ,n
ca433a66-51d8-4172-ac0f-dac5a48aa8ff,pres-subj,3p,-ს-ტკივ--ოდეთ,n
ca433a66-51d8-4172-ac0f-dac5a48aa8ff,fut,1s,ა-მ-ტკივდ-ებ-ა,n
ca433a66-51d8-4172-ac0f-dac5a48aa8ff,fut,2s,ა-გ-ტკივდ-ებ-ა,n
ca433a66-51d8-4172-ac0f-dac5a48aa8ff,fut,3s,ა-ს-ტკივდ-ებ-ა,n
ca433a66-51d8-4172-ac0f-dac5a48aa8ff,fut,1p,ა-გვ-ტკივდ-ებ-ა,n
ca433a66-51d8-4172-ac0f-dac5a48aa8ff,fut,2p,ა-გ-ტკივდ-ებ-ათ,n
ca433a66-51d8-4172-ac0f-dac5a48aa8ff,fut,3p,ა-ს-ტკივდ-ებ-ათ,n
ca433a66-51d8-4172-ac0f-dac5a48aa8ff,cond,1s,ა-მ-ტკივდ-ებ-ოდი,n
ca433a66-51d8-4172-ac0f-dac5a48aa8ff,cond,2s,ა-გ-ტკივდ-ებ-ოდი,n
ca433a66-51d8-4172-ac0f-dac5a48aa8ff,cond,3s,ა-ს-ტკივდ-ებ-ოდა,n
ca433a66-51d8-4172-ac0f-dac5a48aa8ff,cond,1p,ა-გვ-ტკივდ-ებ-ოდით,n
ca433a66-51d8-4172-ac0f-dac5a48aa8ff,cond,2p,ა-გ-ტკივდ-ებ-ოდით,n
ca433a66-51d8-4172-ac0f-dac5a48aa8ff,cond,3p,ა-ს-ტკივდ-ებ-ოდნენ,n
ca433a66-51d8-4172-ac0f-dac5a48aa8ff,aor,1s,ა-მ-ტკივ--და,n
ca433a66-51d8-4172-ac0f-dac5a48aa8ff,aor,2s,ა-გ-ტკივ--და,n
ca433a66-51d8-4172-ac0f-dac5a48aa8ff,aor,3s,ა-ს-ტკივ--და,n
ca433a66-51d8-4172-ac0f-dac5a48aa8ff,aor,1p,ა-გვ-ტკივ--და,n
ca433a66-51d8-4172-ac0f-dac5a48aa8ff,aor,2p,ა-გ-ტკივ--დათ,n
ca433a66-51d8-4172-ac0f-dac5a48aa8ff,aor,3p,ა-ს-ტკივ--დათ,n
ca433a66-51d8-4172-ac0f-dac5a48aa8ff,opt,1s,ა-მ-ტკივ--ეს,n
ca433a66-51d8-4172-ac0f-dac5a48aa8ff,opt,2s,ა-გ-ტკივ--ეს,n
ca433a66-51d8-4172-ac0f-dac5a48aa8ff,opt,3s,ა-ს-ტკივ--ეს,n
ca433a66-51d8-4172-ac0f-dac5a48aa8ff,opt,1p,ა-გვ-ტკივ--ეს,n
ca433a66-51d8-4172-ac0f-dac5a48aa8ff,opt,2p,ა-გ-ტკივ--ეთ,n
ca433a66-51d8-4172-ac0f-dac5a48aa8ff,opt,3p,ა-ს-ტკივ--ეთ,n
6ca00bc3-4503-44bd-be30-39e858110af6,pres,1s,-ვ-აუმჯობეს-ებ-,n
6ca00bc3-4503-44bd-be30-39e858110af6,pres,2s,--აუმჯობეს-ებ-,n
6ca00bc3-4503-44bd-be30-39e858110af6,pres,3s,--აუმჯობეს-ებ-ს,n
6ca00bc3-4503-44bd-be30-39e858110af6,pres,1p,-ვ-აუმჯობეს-ებ-თ,n
6ca00bc3-4503-44bd-be30-39e858110af6,pres,2p,--აუმჯობეს-ებ-თ,n
6ca00bc3-4503-44bd-be30-39e858110af6,pres,3p,--აუმჯობეს-ებ-ენ,n
6ca00bc3-4503-44bd-be30-39e858110af6,imp,1s,-ვ-აუმჯობეს-ებ-დი,n
6ca00bc3-4503-44bd-be30-39e858110af6,imp,2s,--აუმჯობეს-ებ-დი,n
6ca00bc3-4503-44bd-be30-39e858110af6,imp,3s,--აუმჯობეს-ებ-და,n
6ca00bc3-4503-44bd-be30-39e858110af6,imp,1p,-ვ-აუმჯობეს-ებ-დით,n
6ca00bc3-4503-44bd-be30-39e858110af6,imp,2p,--აუმჯობეს-ებ-დით,n
6ca00bc3-4503-44bd-be30-39e858110af6,imp,3p,--აუმჯობეს-ებ-დნენ,n
6ca00bc3-4503-44bd-be30-39e858110af6,pres-subj,1s,-ვ-აუმჯობეს-ებ-დე,n
6ca00bc3-4503-44bd-be30-39e858110af6,pres-subj,2s,--აუმჯობეს-ებ-დე,n
6ca00bc3-4503-44bd-be30-39e858110af6,pres-subj,3s,--აუმჯობეს-ებ-დეს,n
6ca00bc3-4503-44bd-be30-39e858110af6,pres-subj,1p,-ვ-აუმჯობეს-ებ-დეთ,n
6ca00bc3-4503-44bd-be30-39e858110af6,pres-subj,2p,--აუმჯობეს-ებ-დეთ,n
6ca00bc3-4503-44bd-be30-39e858110af6,pres-subj,3p,--აუმჯობეს-ებ-დნენ,n
6ca00bc3-4503-44bd-be30-39e858110af6,fut,1s,გა-ვ-აუმჯობეს-ებ-,n
6ca00bc3-4503-44bd-be30-39e858110af6,fut,2s,გა--აუმჯობეს-ებ-,n
6ca00bc3-4503-44bd-be30-39e858110af6,fut,3s,გა--აუმჯობეს-ებ-ს,n
6ca00bc3-4503-44bd-be30-39e858110af6,fut,1p,გა-ვ-აუმჯობეს-ებ-თ,n
6ca00bc3-4503-44bd-be30-39e858110af6,fut,2p,გა--აუმჯობეს-ებ-თ,n
6ca00bc3-4503-44bd-be30-39e858110af6,fut,3p,გა--აუმჯობეს-ებ-ენ,n
6ca00bc3-4503-44bd-be30-39e858110af6,cond,1s,გა-ვ-აუმჯობეს-ებ-დი,n
6ca00bc3-4503-44bd-be30-39e858110af6,cond,2s,გა--აუმჯობეს-ებ-დი,n
6ca00bc3-4503-44bd-be30-39e858110af6,cond,3s,გა--აუმჯობეს-ებ-და,n
6ca00bc3-4503-44bd-be30-39e858110af6,cond,1p,გა-ვ-აუმჯობეს-ებ-დით,n
6ca00bc3-4503-44bd-be30-39e858110af6,cond,2p,გა--აუმჯობეს-ებ-დით,n
6ca00bc3-4503-44bd-be30-39e858110af6,cond,3p,გა--აუმჯობეს-ებ-დნენ,n
6ca00bc3-4503-44bd-be30-39e858110af6,aor,1s,გა-ვ-აუმჯობეს--ე,n
6ca00bc3-4503-44bd-be30-39e858110af6,aor,2s,გა--აუმჯობეს--ე,n
6ca00bc3-4503-44bd-be30-39e858110af6,aor,3s,გა--აუმჯობეს--ა,n
6ca00bc3-4503-44bd-be30-39e858110af6,aor,1p,გა-ვ-აუმჯობეს--ეთ,n
6ca00bc3-4503-44bd-be30-39e858110af6,aor,2p,გა--აუმჯობეს--ეთ,n
6ca00bc3-4503-44bd-be30-39e858110af6,aor,3p,გა--აუმჯობეს--ეს,n
6ca00bc3-4503-44bd-be30-39e858110af6,opt,1s,გა-ვ-აუმჯობეს--,n
6ca00bc3-4503-44bd-be30-39e858110af6,opt,2s,გა--აუმჯობეს--,n
6ca00bc3-4503-44bd-be30-39e858110af6,opt,3s,გა--აუმჯობეს--ოს,n
6ca00bc3-4503-44bd-be30-39e858110af6,opt,1p,გა-ვ-აუმჯობეს--ოთ,n
6ca00bc3-4503-44bd-be30-39e858110af6,opt,2p,გა--აუმჯობეს--ოთ,n
6ca00bc3-4503-44bd-be30-39e858110af6,opt,3p,გა--აუმჯობეს--ონ,n
a790bbe9-2fae-4789-a9fa-d29d40cdae9f,pres,1s,აღ-ვ-ნიშნ-ავ-,n
a790bbe9-2fae-4789-a9fa-d29d40cdae9f,pres,2s,აღ--ნიშნ-ავ-,n
a790bbe9-2fae-4789-a9fa-d29d40cdae9f,pres,3s,აღ--ნიშნ-ავ-ს,n
a790bbe9-2fae-4789-a9fa-d29d40cdae9f,pres,1p,აღ-ვ-ნიშნ-ავ-თ,n
a790bbe9-2fae-4789-a9fa-d29d40cdae9f,pres,2p,აღ--ნიშნ-ავ-თ,n
a790bbe9-2fae-4789-a9fa-d29d40cdae9f,pres,3p,აღ--ნიშნ-ავ-ენ,n
a790bbe9-2fae-4789-a9fa-d29d40cdae9f,imp,1s,აღ-ვ-ნიშნ-ავ-დი,n
a790bbe9-2fae-4789-a9fa-d29d40cdae9f,imp,2s,აღ--ნიშნ-ავ-დი,n
a790bbe9-2fae-4789-a9fa-d29d40cdae9f,imp,3s,აღ--ნიშნ-ავ-და,n
a790bbe9-2fae-4789-a9fa-d29d40cdae9f,imp,1p,აღ-ვ-ნიშნ-ავ-დით,n
a790bbe9-2fae-4789-a9fa-d29d40cdae9f,imp,2p,აღ--ნიშნ-ავ-დით,n
a790bbe9-2fae-4789-a9fa-d29d40cdae9f,imp,3p,აღ--ნიშნ-ავ-დნენ,n
a790bbe9-2fae-4789-a9fa-d29d40cdae9f,pres-subj,1s,აღ-ვ-ნიშნ-ავ-დე,n
a790bbe9-2fae-4789-a9fa-d29d40cdae9f,pres-subj,2s,აღ--ნიშნ-ავ-დე,n
a790bbe9-2fae-4789-a9fa-d29d40cdae9f,pres-subj,3s,აღ--ნიშნ-ავ-დეს,n
a790bbe9-2fae-4789-a9fa-d29d40cdae9f,pres-subj,1p,აღ-ვ-ნიშნ-ავ-დეთ,n
a790bbe9-2fae-4789-a9fa-d29d40cdae9f,pres-subj,2p,აღ--ნიშნ-ავ-დეთ,n
a790bbe9-2fae-4789-a9fa-d29d40cdae9f,pres-subj,3p,აღ--ნიშნ-ავ-დნენ,n
a790bbe9-2fae-4789-a9fa-d29d40cdae9f,fut,1s,აღ-ვ-ნიშნ-ავ-,n
a790bbe9-2fae-4789-a9fa-d29d40cdae9f,fut,2s,აღ--ნიშნ-ავ-,n
a790bbe9-2fae-4789-a9fa-d29d40cdae9f,fut,3s,აღ--ნიშნ-ავ-ს,n
a790bbe9-2fae-4789-a9fa-d29d40cdae9f,fut,1p,აღ-ვ-ნიშნ-ავ-თ,n
a790bbe9-2fae-4789-a9fa-d29d40cdae9f,fut,2p,აღ--ნიშნ-ავ-თ,n
a790bbe9-2fae-4789-a9fa-d29d40cdae9f,fut,3p,აღ--ნიშნ-ავ-ენ,n
a790bbe9-2fae-4789-a9fa-d29d40cdae9f,cond,1s,აღ-ვ-ნიშნ-ავ-დი,n
a790bbe9-2fae-4789-a9fa-d29d40cdae9f,cond,2s,აღ--ნიშნ-ავ-დი,n
a790bbe9-2fae-4789-a9fa-d29d40cdae9f,cond,3s,აღ--ნიშნ-ავ-და,n
a790bbe9-2fae-4789-a9fa-d29d40cdae9f,cond,1p,აღ-ვ-ნიშნ-ავ-დით,n
a790bbe9-2fae-4789-a9fa-d29d40cdae9f,cond,2p,აღ--ნიშნ-ავ-დით,n
a790bbe9-2fae-4789-a9fa-d29d40cdae9f,cond,3p,აღ--ნიშნ-ავ-დნენ,n
a790bbe9-2fae-4789-a9fa-d29d40cdae9f,aor,1s,აღ-ვ-ნიშნ--ე,n
a790bbe9-2fae-4789-a9fa-d29d40cdae9f,aor,2s,აღ--ნიშნ--ე,n
a790bbe9-2fae-4789-a9fa-d29d40cdae9f,aor,3s,აღ--ნიშნ--ა,n
a790bbe9-2fae-4789-a9fa-d29d40cdae9f,aor,1p,აღ-ვ-ნიშნ--ეთ,n
a790bbe9-2fae-4789-a9fa-d29d40cdae9f,aor,2p,აღ--ნიშნ--ეთ,n
a790bbe9-2fae-4789-a9fa-d29d40cdae9f,aor,3p,აღ--ნიშნ--ეს,n
a790bbe9-2fae-4789-a9fa-d29d40cdae9f,opt,1s,აღ-ვ-ნიშნ--,n
a790bbe9-2fae-4789-a9fa-d29d40cdae9f,opt,2s,აღ--ნიშნ--,n
a790bbe9-2fae-4789-a9fa-d29d40cdae9f,opt,3s,აღ--ნიშნ--ოს,n
a790bbe9-2fae-4789-a9fa-d29d40cdae9f,opt,1p,აღ-ვ-ნიშნ--ოთ,n
a790bbe9-2fae-4789-a9fa-d29d40cdae9f,opt,2p,აღ--ნიშნ--ოთ,n
a790bbe9-2fae-4789-a9fa-d29d40cdae9f,opt,3p,აღ--ნიშნ--ონ,n
805f2cda-f00a-4b72-b7e7-1a2bcbf8be6a,pres,1s,-ვ-ატყობინ-ებ-,n
805f2cda-f00a-4b72-b7e7-1a2bcbf8be6a,pres,2s,--ატყობინ-ებ-,n
805f2cda-f00a-4b72-b7e7-1a2bcbf8be6a,pres,3s,--ატყობინ-ებ-ს,n
805f2cda-f00a-4b72-b7e7-1a2bcbf8be6a,pres,1p,-ვ-ატყობინ-ებ-თ,n
805f2cda-f00a-4b72-b7e7-1a2bcbf8be6a,pres,2p,--ატყობინ-ებ-თ,n
805f2cda-f00a-4b72-b7e7-1a2bcbf8be6a,pres,3p,--ატყობინ-ებ-ენ,n
805f2cda-f00a-4b72-b7e7-1a2bcbf8be6a,imp,1s,-ვ-ატყობინ-ებ-დი,n
805f2cda-f00a-4b72-b7e7-1a2bcbf8be6a,imp,2s,--ატყობინ-ებ-დი,n
805f2cda-f00a-4b72-b7e7-1a2bcbf8be6a,imp,3s,--ატყობინ-ებ-და,n
805f2cda-f00a-4b72-b7e7-1a2bcbf8be6a,imp,1p,-ვ-ატყობინ-ებ-დით,n
805f2cda-f00a-4b72-b7e7-1a2bcbf8be6a,imp,2p,--ატყობინ-ებ-დით,n
805f2cda-f00a-4b72-b7e7-1a2bcbf8be6a,imp,3p,--ატყობინ-ებ-დნენ,n
805f2cda-f00a-4b72-b7e7-1a2bcbf8be6a,pres-subj,1s,-ვ-ატყობინ-ებ-დე,n
805f2cda-f00a-4b72-b7e7-1a2bcbf8be6a,pres-subj,2s,--ატყობინ-ებ-დე,n
805f2cda-f00a-4b72-b7e7-1a2bcbf8be6a,pres-subj,3s,--ატყობინ-ებ-დეს,n
805f2cda-f00a-4b72-b7e7-1a2bcbf8be6a,pres-subj,1p,-ვ-ატყობინ-ებ-დეთ,n
805f2cda-f00a-4b72-b7e7-1a2bcbf8be6a,pres-subj,2p,--ატყობინ-ებ-დეთ,n
805f2cda-f00a-4b72-b7e7-1a2bcbf8be6a,pres-subj,3p,--ატყობინ-ებ-დნენ,n
805f2cda-f00a-4b72-b7e7-1a2bcbf8be6a,fut,1s,შე-ვ-ატყობინ-ებ-,n
805f2cda-f00a-4b72-b7e7-1a2bcbf8be6a,fut,2s,შე--ატყობინ-ებ-,n
805f2cda-f00a-4b72-b7e7-1a2bcbf8be6a,fut,3s,შე--ატყობინ-ებ-ს,n
805f2cda-f00a-4b72-b7e7-1a2bcbf8be6a,fut,1p,შე-ვ-ატყობინ-ებ-თ,n
805f2cda-f00a-4b72-b7e7-1a2bcbf8be6a,fut,2p,შე--ატყობინ-ებ-თ,n
805f2cda-f00a-4b72-b7e7-1a2bcbf8be6a,fut,3p,შე--ატყობინ-ებ-ენ,n
805f2cda-f00a-4b72-b7e7-1a2bcbf8be6a,cond,1s,შე-ვ-ატყობინ-ებ-დი,n
805f2cda-f00a-4b72-b7e7-1a2bcbf8be6a,cond,2s,შე--ატყობინ-ებ-დი,n
805f2cda-f00a-4b72-b7e7-1a2bcbf8be6a,cond,3s,შე--ატყობინ-ებ-და,n
805f2cda-f00a-4b72-b7e7-1a2bcbf8be6a,cond,1p,შე-ვ-ატყობინ-ებ-დით,n
805f2cda-f00a-4b72-b7e7-1a2bcbf8be6a,cond,2p,შე--ატყობინ-ებ-დით,n
805f2cda-f00a-4b72-b7e7-1a2bcbf8be6a,cond,3p,შე--ატყობინ-ებ-დნენ,n
805f2cda-f00a-4b72-b7e7-1a2bcbf8be6a,aor,1s,შე-ვ-ატყობინ--ე,n
805f2cda-f00a-4b72-b7e7-1a2bcbf8be6a,aor,2s,შე--ატყობინ--ე,n
805f2cda-f00a-4b72-b7e7-1a2bcbf8be6a,aor,3s,შე--ატყობინ--ა,n
805f2cda-f00a-4b72-b7e7-1a2bcbf8be6a,aor,1p,შე-ვ-ატყობინ--ეთ,n
805f2cda-f00a-4b72-b7e7-1a2bcbf8be6a,aor,2p,შე--ატყობინ--ეთ,n
805f2cda-f00a-4b72-b7e7-1a2bcbf8be6a,aor,3p,შე--ატყობინ--ეს,n
805f2cda-f00a-4b72-b7e7-1a2bcbf8be6a,opt,1s,შე-ვ-ატყობინ--,n
805f2cda-f00a-4b72-b7e7-1a2bcbf8be6a,opt,2s,შე--ატყობინ--,n
805f2cda-f00a-4b72-b7e7-1a2bcbf8be6a,opt,3s,შე--ატყობინ--ოს,n
805f2cda-f00a-4b72-b7e7-1a2bcbf8be6a,opt,1p,შე-ვ-ატყობინ--ოთ,n
805f2cda-f00a-4b72-b7e7-1a2bcbf8be6a,opt,2p,შე--ატყობინ--ოთ,n
805f2cda-f00a-4b72-b7e7-1a2bcbf8be6a,opt,3p,შე--ატყობინ--ონ,n
2236bee9-cadd-4f9f-b892-a258ea97bc47,pres,1s,-ვ-აპირ-ებ-,n
2236bee9-cadd-4f9f-b892-a258ea97bc47,pres,2s,--აპირ-ებ-,n
2236bee9-cadd-4f9f-b892-a258ea97bc47,pres,3s,--აპირ-ებ-ს,n
2236bee9-cadd-4f9f-b892-a258ea97bc47,pres,1p,-ვ-აპირ-ებ-თ,n
2236bee9-cadd-4f9f-b892-a258ea97bc47,pres,2p,--აპირ-ებ-თ,n
2236bee9-cadd-4f9f-b892-a258ea97bc47,pres,3p,--აპირ-ებ-ენ,n
2236bee9-cadd-4f9f-b892-a258ea97bc47,imp,1s,-ვ-აპირ-ებ-დი,n
2236bee9-cadd-4f9f-b892-a258ea97bc47,imp,2s,--აპირ-ებ-დი,n
2236bee9-cadd-4f9f-b892-a258ea97bc47,imp,3s,--აპირ-ებ-და,n
2236bee9-cadd-4f9f-b892-a258ea97bc47,imp,1p,-ვ-აპირ-ებ-დით,n
2236bee9-cadd-4f9f-b892-a258ea97bc47,imp,2p,--აპირ-ებ-დით,n
2236bee9-cadd-4f9f-b892-a258ea97bc47,imp,3p,--აპირ-ებ-დნენ,n
2236bee9-cadd-4f9f-b892-a258ea97bc47,pres-subj,1s,-ვ-აპირ-ებ-დე,n
2236bee9-cadd-4f9f-b892-a258ea97bc47,pres-subj,2s,--აპირ-ებ-დე,n
2236bee9-cadd-4f9f-b892-a258ea97bc47,pres-subj,3s,--აპირ-ებ-დეს,n
2236bee9-cadd-4f9f-b892-a258ea97bc47,pres-subj,1p,-ვ-აპირ-ებ-დეთ,n
2236bee9-cadd-4f9f-b892-a258ea97bc47,pres-subj,2p,--აპირ-ებ-დეთ,n
2236bee9-cadd-4f9f-b892-a258ea97bc47,pres-subj,3p,--აპირ-ებ-დნენ,n
2236bee9-cadd-4f9f-b892-a258ea97bc47,fut,1s,შე-ვ-აპირ-ებ-,n
2236bee9-cadd-4f9f-b892-a258ea97bc47,fut,2s,შე--აპირ-ებ-,n
2236bee9-cadd-4f9f-b892-a258ea97bc47,fut,3s,შე--აპირ-ებ-ს,n
2236bee9-cadd-4f9f-b892-a258ea97bc47,fut,1p,შე-ვ-აპირ-ებ-თ,n
2236bee9-cadd-4f9f-b892-a258ea97bc47,fut,2p,შე--აპირ-ებ-თ,n
2236bee9-cadd-4f9f-b892-a258ea97bc47,fut,3p,შე--აპირ-ებ-ენ,n
2236bee9-cadd-4f9f-b892-a258ea97bc47,cond,1s,შე-ვ-აპირ-ებ-დი,n
2236bee9-cadd-4f9f-b892-a258ea97bc47,cond,2s,შე--აპირ-ებ-დი,n
2236bee9-cadd-4f9f-b892-a258ea97bc47,cond,3s,შე--აპირ-ებ-და,n
2236bee9-cadd-4f9f-b892-a258ea97bc47,cond,1p,შე-ვ-აპირ-ებ-დით,n
2236bee9-cadd-4f9f-b892-a258ea97bc47,cond,2p,შე--აპირ-ებ-დით,n
2236bee9-cadd-4f9f-b892-a258ea97bc47,cond,3p,შე--აპირ-ებ-დნენ,n
2236bee9-cadd-4f9f-b892-a258ea97bc47,aor,1s,და-ვ-აპირ--ე,n
2236bee9-cadd-4f9f-b892-a258ea97bc47,aor,2s,და--აპირ--ე,n
2236bee9-cadd-4f9f-b892-a258ea97bc47,aor,3s,და--აპირ--ა,n
2236bee9-cadd-4f9f-b892-a258ea97bc47,aor,1p,და-ვ-აპირ--ეთ,n
2236bee9-cadd-4f9f-b892-a258ea97bc47,aor,2p,და--აპირ--ეთ,n
2236bee9-cadd-4f9f-b892-a258ea97bc47,aor,3p,და--აპირ--ეს,n
2236bee9-cadd-4f9f-b892-a258ea97bc47,opt,1s,და-ვ-აპირ--,n
2236bee9-cadd-4f9f-b892-a258ea97bc47,opt,2s,და--აპირ--,n
2236bee9-cadd-4f9f-b892-a258ea97bc47,opt,3s,და--აპირ--ოს,n
2236bee9-cadd-4f9f-b892-a258ea97bc47,opt,1p,და-ვ-აპირ--ოთ,n
2236bee9-cadd-4f9f-b892-a258ea97bc47,opt,2p,და--აპირ--ოთ,n
2236bee9-cadd-4f9f-b892-a258ea97bc47,opt,3p,და--აპირ--ონ,n
171587ed-2401-494c-b5c3-dad927f863a5,pres,1s,-მ-აინტერეს-ებ-ს,n
171587ed-2401-494c-b5c3-dad927f863a5,pres,2s,-გ-აინტერეს-ებ-ს,n
171587ed-2401-494c-b5c3-dad927f863a5,pres,3s,--აინტერეს-ებ-ს,n
171587ed-2401-494c-b5c3-dad927f863a5,pres,1p,-გვ-აინტერეს-ებ-ს,n
171587ed-2401-494c-b5c3-dad927f863a5,pres,2p,-გ-აინტერეს-ებ-თ,n
171587ed-2401-494c-b5c3-dad927f863a5,pres,3p,--აინტერეს-ებ-თ,n
171587ed-2401-494c-b5c3-dad927f863a5,imp,1s,-მ-აინტერეს-ებ-და,n
171587ed-2401-494c-b5c3-dad927f863a5,imp,2s,-გ-აინტერეს-ებ-და,n
171587ed-2401-494c-b5c3-dad927f863a5,imp,3s,--აინტერეს-ებ-და,n
171587ed-2401-494c-b5c3-dad927f863a5,imp,1p,-გვ-აინტერეს-ებ-და,n
171587ed-2401-494c-b5c3-dad927f863a5,imp,2p,-გ-აინტერეს-ებ-დათ,n
171587ed-2401-494c-b5c3-dad927f863a5,imp,3p,--აინტერეს-ებ-დათ,n
171587ed-2401-494c-b5c3-dad927f863a5,pres-subj,1s,-მ-აინტერეს-ებ-დეს,n
171587ed-2401-494c-b5c3-dad927f863a5,pres-subj,2s,-გ-აინტერეს-ებ-დეს,n
171587ed-2401-494c-b5c3-dad927f863a5,pres-subj,3s,--აინტერეს-ებ-დეს,n
171587ed-2401-494c-b5c3-dad927f863a5,pres-subj,1p,-გვ-აინტერეს-ებ-დეს,n
171587ed-2401-494c-b5c3-dad927f863a5,pres-subj,2p,-გ-აინტერეს-ებ-დეთ,n
171587ed-2401-494c-b5c3-dad927f863a5,pres-subj,3p,--აინტერეს-ებ-დეთ,n
171587ed-2401-494c-b5c3-dad927f863a5,fut,1s,და-მ-აინტერეს-ებ-ს,n
171587ed-2401-494c-b5c3-dad927f863a5,fut,2s,და-გ-აინტერეს-ებ-ს,n
171587ed-2401-494c-b5c3-dad927f863a5,fut,3s,და--აინტერეს-ებ-ს,n
171587ed-2401-494c-b5c3-dad927f863a5,fut,1p,და-გვ-აინტერეს-ებ-ს,n
171587ed-2401-494c-b5c3-dad927f863a5,fut,2p,და-გ-აინტერეს-ებ-თ,n
171587ed-2401-494c-b5c3-dad927f863a5,fut,3p,და--აინტერეს-ებ-თ,n
171587ed-2401-494c-b5c3-dad927f863a5,cond,1s,და-მ-აინტერეს-ებ-და,n
171587ed-2401-494c-b5c3-dad927f863a5,cond,2s,და-გ-აინტერეს-ებ-და,n
171587ed-2401-494c-b5c3-dad927f863a5,cond,3s,და--აინტერეს-ებ-და,n
171587ed-2401-494c-b5c3-dad927f863a5,cond,1p,და-გვ-აინტერეს-ებ-და,n
171587ed-2401-494c-b5c3-dad927f863a5,cond,2p,და-გ-აინტერეს-ებ-დათ,n
171587ed-2401-494c-b5c3-dad927f863a5,cond,3p,და--აინტერეს-ებ-დათ,n
171587ed-2401-494c-b5c3-dad927f863a5,aor,1s,და-მ-აინტერეს--ა,n
171587ed-2401-494c-b5c3-dad927f863a5,aor,2s,და-გ-აინტერეს--ა,n
171587ed-2401-494c-b5c3-dad927f863a5,aor,3s,და--აინტერეს--ა,n
171587ed-2401-494c-b5c3-dad927f863a5,aor,1p,და-გვ-აინტერეს--ა,n
171587ed-2401-494c-b5c3-dad927f863a5,aor,2p,და-გ-აინტერეს--ათ,n
171587ed-2401-494c-b5c3-dad927f863a5,aor,3p,და--აინტერეს--ათ,n
171587ed-2401-494c-b5c3-dad927f863a5,opt,1s,და-მ-აინტერეს--ეს,n
171587ed-2401-494c-b5c3-dad927f863a5,opt,2s,და-გ-აინტერეს--ეს,n
171587ed-2401-494c-b5c3-dad927f863a5,opt,3s,და--აინტერეს--ეს,n
171587ed-2401-494c-b5c3-dad927f863a5,opt,1p,და-გვ-აინტერეს--ეს,n
171587ed-2401-494c-b5c3-dad927f863a5,opt,2p,და-გ-აინტერეს--ეთ,n
171587ed-2401-494c-b5c3-dad927f863a5,opt,3p,და--აინტერეს--ეთ,n
3e334d37-deca-41b0-bd8f-922323bb4469,pres,1s,-ვ-აწყვეტინ-ებ-,n
3e334d37-deca-41b0-bd8f-922323bb4469,pres,2s,--აწყვეტინ-ებ-,n
3e334d37-deca-41b0-bd8f-922323bb4469,pres,3s,--აწყვეტინ-ებ-ს,n
3e334d37-deca-41b0-bd8f-922323bb4469,pres,1p,-ვ-აწყვეტინ-ებ-თ,n
3e334d37-deca-41b0-bd8f-922323bb4469,pres,2p,--აწყვეტინ-ებ-თ,n
3e334d37-deca-41b0-bd8f-922323bb4469,pres,3p,--აწყვეტინ-ებ-ენ,n
3e334d37-deca-41b0-bd8f-922323bb4469,imp,1s,-ვ-აწყვეტინ-ებ-დი,n
3e334d37-deca-41b0-bd8f-922323bb4469,imp,2s,--აწყვეტინ-ებ-დი,n
3e334d37-deca-41b0-bd8f-922323bb4469,imp,3s,--აწყვეტინ-ებ-და,n
3e334d37-deca-41b0-bd8f-922323bb4469,imp,1p,-ვ-აწყვეტინ-ებ-დით,n
3e334d37-deca-41b0-bd8f-922323bb4469,imp,2p,--აწყვეტინ-ებ-დით,n
3e334d37-deca-41b0-bd8f-922323bb4469,imp,3p,--აწყვეტინ-ებ-დნენ,n
3e334d37-deca-41b0-bd8f-922323bb4469,pres-subj,1s,-ვ-აწყვეტინ-ებ-დე,n
3e334d37-deca-41b0-bd8f-922323bb4469,pres-subj,2s,--აწყვეტინ-ებ-დე,n
3e334d37-deca-41b0-bd8f-922323bb4469,pres-subj,3s,--აწყვეტინ-ებ-დეს,n
3e334d37-deca-41b0-bd8f-922323bb4469,pres-subj,1p,-ვ-აწყვეტინ-ებ-დეთ,n
3e334d37-deca-41b0-bd8f-922323bb4469,pres-subj,2p,--აწყვეტინ-ებ-დეთ,n
3e334d37-deca-41b0-bd8f-922323bb4469,pres-subj,3p,--აწყვეტინ-ებ-დნენ,n
3e334d37-deca-41b0-bd8f-922323bb4469,fut,1s,შე-ვ-აწყვეტინ-ებ-,n
3e334d37-deca-41b0-bd8f-922323bb4469,fut,2s,შე--აწყვეტინ-ებ-,n
3e334d37-deca-41b0-bd8f-922323bb4469,fut,3s,შე--აწყვეტინ-ებ-ს,n
3e334d37-deca-41b0-bd8f-922323bb4469,fut,1p,შე-ვ-აწყვეტინ-ებ-თ,n
3e334d37-deca-41b0-bd8f-922323bb4469,fut,2p,შე--აწყვეტინ-ებ-თ,n
3e334d37-deca-41b0-bd8f-922323bb4469,fut,3p,შე--აწყვეტინ-ებ-ენ,n
3e334d37-deca-41b0-bd8f-922323bb4469,cond,1s,შე-ვ-აწყვეტინ-ებ-დი,n
3e334d37-deca-41b0-bd8f-922323bb4469,cond,2s,შე--აწყვეტინ-ებ-დი,n
3e334d37-deca-41b0-bd8f-922323bb4469,cond,3s,შე--აწყვეტინ-ებ-და,n
3e334d37-deca-41b0-bd8f-922323bb4469,cond,1p,შე-ვ-აწყვეტინ-ებ-დით,n
3e334d37-deca-41b0-bd8f-922323bb4469,cond,2p,შე--აწყვეტინ-ებ-დით,n
3e334d37-deca-41b0-bd8f-922323bb4469,cond,3p,შე--აწყვეტინ-ებ-დნენ,n
3e334d37-deca-41b0-bd8f-922323bb4469,aor,1s,შე-ვ-აწყვეტინ--ე,n
3e334d37-deca-41b0-bd8f-922323bb4469,aor,2s,შე--აწყვეტინ--ე,n
3e334d37-deca-41b0-bd8f-922323bb4469,aor,3s,შე--აწყვეტინ--ა,n
3e334d37-deca-41b0-bd8f-922323bb4469,aor,1p,შე-ვ-აწყვეტინ--ეთ,n
3e334d37-deca-41b0-bd8f-922323bb4469,aor,2p,შე--აწყვეტინ--ეთ,n
3e334d37-deca-41b0-bd8f-922323bb4469,aor,3p,შე--აწყვეტინ--ეს,n
3e334d37-deca-41b0-bd8f-922323bb4469,opt,1s,შე-ვ-აწყვეტინ--,n
3e334d37-deca-41b0-bd8f-922323bb4469,opt,2s,შე--აწყვეტინ--,n
3e334d37-deca-41b0-bd8f-922323bb4469,opt,3s,შე--აწყვეტინ--ოს,n
3e334d37-deca-41b0-bd8f-922323bb4469,opt,1p,შე-ვ-აწყვეტინ--ოთ,n
3e334d37-deca-41b0-bd8f-922323bb4469,opt,2p,შე--აწყვეტინ--ოთ,n
3e334d37-deca-41b0-bd8f-922323bb4469,opt,3p,შე--აწყვეტინ--ონ,n
f2746cef-57a1-4aaa-bccd-1da8e32a5bc8,pres,1s,-ვ-აცნ-ობ-,n
f2746cef-57a1-4aaa-bccd-1da8e32a5bc8,pres,2s,--აცნ-ობ-,n
f2746cef-57a1-4aaa-bccd-1da8e32a5bc8,pres,3s,--აცნ-ობ-ს,n
f2746cef-57a1-4aaa-bccd-1da8e32a5bc8,pres,1p,-ვ-აცნ-ობ-თ,n
f2746cef-57a1-4aaa-bccd-1da8e32a5bc8,pres,2p,--აცნ-ობ-თ,n
f2746cef-57a1-4aaa-bccd-1da8e32a5bc8,pres,3p,--აცნ-ობ-ენ,n
f2746cef-57a1-4aaa-bccd-1da8e32a5bc8,imp,1s,-ვ-აცნ-ობ-დი,n
f2746cef-57a1-4aaa-bccd-1da8e32a5bc8,imp,2s,--აცნ-ობ-დი,n
f2746cef-57a1-4aaa-bccd-1da8e32a5bc8,imp,3s,--აცნ-ობ-და,n
f2746cef-57a1-4aaa-bccd-1da8e32a5bc8,imp,1p,-ვ-აცნ-ობ-დით,n
f2746cef-57a1-4aaa-bccd-1da8e32a5bc8,imp,2p,--აცნ-ობ-დით,n
f2746cef-57a1-4aaa-bccd-1da8e32a5bc8,imp,3p,--აცნ-ობ-დნენ,n
f2746cef-57a1-4aaa-bccd-1da8e32a5bc8,pres-subj,1s,-ვ-აცნ-ობ-დე,n
f2746cef-57a1-4aaa-bccd-1da8e32a5bc8,pres-subj,2s,--აცნ-ობ-დე,n
f2746cef-57a1-4aaa-bccd-1da8e32a5bc8,pres-subj,3s,--აცნ-ობ-დეს,n
f2746cef-57a1-4aaa-bccd-1da8e32a5bc8,pres-subj,1p,-ვ-აცნ-ობ-დეთ,n
f2746cef-57a1-4aaa-bccd-1da8e32a5bc8,pres-subj,2p,--აცნ-ობ-დეთ,n
f2746cef-57a1-4aaa-bccd-1da8e32a5bc8,pres-subj,3p,--აცნ-ობ-დნენ,n
f2746cef-57a1-4aaa-bccd-1da8e32a5bc8,fut,1s,გა-ვ-აცნ-ობ-,n
f2746cef-57a1-4aaa-bccd-1da8e32a5bc8,fut,2s,გა--აცნ-ობ-,n
f2746cef-57a1-4aaa-bccd-1da8e32a5bc8,fut,3s,გა--აცნ-ობ-ს,n
f2746cef-57a1-4aaa-bccd-1da8e32a5bc8,fut,1p,გა-ვ-აცნ-ობ-თ,n
f2746cef-57a1-4aaa-bccd-1da8e32a5bc8,fut,2p,გა--აცნ-ობ-თ,n
f2746cef-57a1-4aaa-bccd-1da8e32a5bc8,fut,3p,გა--აცნ-ობ-ენ,n
f2746cef-57a1-4aaa-bccd-1da8e32a5bc8,cond,1s,გა-ვ-აცნ-ობ-დი,n
f2746cef-57a1-4aaa-bccd-1da8e32a5bc8,cond,2s,გა--აცნ-ობ-დი,n
f2746cef-57a1-4aaa-bccd-1da8e32a5bc8,cond,3s,გა--აცნ-ობ-და,n
f2746cef-57a1-4aaa-bccd-1da8e32a5bc8,cond,1p,გა-ვ-აცნ-ობ-დით,n
f2746cef-57a1-4aaa-bccd-1da8e32a5bc8,cond,2p,გა--აცნ-ობ-დით,n
f2746cef-57a1-4aaa-bccd-1da8e32a5bc8,cond,3p,გა--აცნ-ობ-დნენ,n
f2746cef-57a1-4aaa-bccd-1da8e32a5bc8,aor,1s,გა-ვ-აცნ--ე,n
f2746cef-57a1-4aaa-bccd-1da8e32a5bc8,aor,2s,გა--აცნ--ე,n
f2746cef-57a1-4aaa-bccd-1da8e32a5bc8,aor,3s,გა--აცნ--ო,n
f2746cef-57a1-4aaa-bccd-1da8e32a5bc8,aor,1p,გა-ვ-აცნ--ეთ,n
f2746cef-57a1-4aaa-bccd-1da8e32a5bc8,aor,2p,გა--აცნ--ეთ,n
f2746cef-57a1-4aaa-bccd-1da8e32a5bc8,aor,3p,გა--აცნ--ეს,n
f2746cef-57a1-4aaa-bccd-1da8e32a5bc8,opt,1s,გა-ვ-აცნ--,n
f2746cef-57a1-4aaa-bccd-1da8e32a5bc8,opt,2s,გა--აცნ--,n
f2746cef-57a1-4aaa-bccd-1da8e32a5bc8,opt,3s,გა--აცნ--ოს,n
f2746cef-57a1-4aaa-bccd-1da8e32a5bc8,opt,1p,გა-ვ-აცნ--ოთ,n
f2746cef-57a1-4aaa-bccd-1da8e32a5bc8,opt,2p,გა--აცნ--ოთ,n
f2746cef-57a1-4aaa-bccd-1da8e32a5bc8,opt,3p,გა--აცნ--ონ,n
f3bfced1-9689-4130-8e89-57dadfea3b92,pres,1s,-ვ-იკვლ-ევ-,n
f3bfced1-9689-4130-8e89-57dadfea3b92,pres,2s,--იკვლ-ევ-,n
f3bfced1-9689-4130-8e89-57dadfea3b92,pres,3s,--იკვლ-ევ-ს,n
f3bfced1-9689-4130-8e89-57dadfea3b92,pres,1p,-ვ-იკვლ-ევ-თ,n
f3bfced1-9689-4130-8e89-57dadfea3b92,pres,2p,--იკვლ-ევ-თ,n
f3bfced1-9689-4130-8e89-57dadfea3b92,pres,3p,--იკვლ-ევ-ენ,n
f3bfced1-9689-4130-8e89-57dadfea3b92,imp,1s,-ვ-იკვლ-ევ-დი,n
f3bfced1-9689-4130-8e89-57dadfea3b92,imp,2s,--იკვლ-ევ-დი,n
f3bfced1-9689-4130-8e89-57dadfea3b92,imp,3s,--იკვლ-ევ-და,n
f3bfced1-9689-4130-8e89-57dadfea3b92,imp,1p,-ვ-იკვლ-ევ-დით,n
f3bfced1-9689-4130-8e89-57dadfea3b92,imp,2p,--იკვლ-ევ-დით,n
f3bfced1-9689-4130-8e89-57dadfea3b92,imp,3p,--იკვლ-ევ-დნენ,n
f3bfced1-9689-4130-8e89-57dadfea3b92,pres-subj,1s,-ვ-იკვლ-ევ-დე,n
f3bfced1-9689-4130-8e89-57dadfea3b92,pres-subj,2s,--იკვლ-ევ-დე,n
f3bfced1-9689-4130-8e89-57dadfea3b92,pres-subj,3s,--იკვლ-ევ-დეს,n
f3bfced1-9689-4130-8e89-57dadfea3b92,pres-subj,1p,-ვ-იკვლ-ევ-დეთ,n
f3bfced1-9689-4130-8e89-57dadfea3b92,pres-subj,2p,--იკვლ-ევ-დეთ,n
f3bfced1-9689-4130-8e89-57dadfea3b92,pres-subj,3p,--იკვლ-ევ-დნენ,n
f3bfced1-9689-4130-8e89-57dadfea3b92,fut,1s,გამო-ვ-იკვლ-ევ-,n
f3bfced1-9689-4130-8e89-57dadfea3b92,fut,2s,გამო--იკვლ-ევ-,n
f3bfced1-9689-4130-8e89-57dadfea3b92,fut,3s,გამო--იკვლ-ევ-ს,n
f3bfced1-9689-4130-8e89-57dadfea3b92,fut,1p,გამო-ვ-იკვლ-ევ-თ,n
f3bfced1-9689-4130-8e89-57dadfea3b92,fut,2p,გამო--იკვლ-ევ-თ,n
f3bfced1-9689-4130-8e89-57dadfea3b92,fut,3p,გამო--იკვლ-ევ-ენ,n
f3bfced1-9689-4130-8e89-57dadfea3b92,cond,1s,გამო-ვ-იკვლ-ევ-დი,n
f3bfced1-9689-4130-8e89-57dadfea3b92,cond,2s,გამო--იკვლ-ევ-დი,n
f3bfced1-9689-4130-8e89-57dadfea3b92,cond,3s,გამო--იკვლ-ევ-და,n
f3bfced1-9689-4130-8e89-57dadfea3b92,cond,1p,გამო-ვ-იკვლ-ევ-დით,n
f3bfced1-9689-4130-8e89-57dadfea3b92,cond,2p,გამო--იკვლ-ევ-დით,n
f3bfced1-9689-4130-8e89-57dadfea3b92,cond,3p,გამო--იკვლ-ევ-დნენ,n
f3bfced1-9689-4130-8e89-57dadfea3b92,aor,1s,გამო-ვ-იკვლი--ე,n
f3bfced1-9689-4130-8e89-57dadfea3b92,aor,2s,გამო--იკვლი--ე,n
f3bfced1-9689-4130-8e89-57dadfea3b92,aor,3s,გამო--იკვლი--ა,n
f3bfced1-9689-4130-8e89-57dadfea3b92,aor,1p,გამო-ვ-იკვლი--ეთ,n
f3bfced1-9689-4130-8e89-57dadfea3b92,aor,2p,გამო--იკვლი--ეთ,n
f3bfced1-9689-4130-8e89-57dadfea3b92,aor,3p,გამო--იკვლი--ეს,n
f3bfced1-9689-4130-8e89-57dadfea3b92,opt,1s,გამო-ვ-იკვლი--,n
f3bfced1-9689-4130-8e89-57dadfea3b92,opt,2s,გამო--იკვლი--,n
f3bfced1-9689-4130-8e89-57dadfea3b92,opt,3s,გამო--იკვლი--ოს,n
f3bfced1-9689-4130-8e89-57dadfea3b92,opt,1p,გამო-ვ-იკვლი--ოთ,n
f3bfced1-9689-4130-8e89-57dadfea3b92,opt,2p,გამო--იკვლი--ოთ,n
f3bfced1-9689-4130-8e89-57dadfea3b92,opt,3p,გამო--იკვლი--ონ,n
8518f7a6-68b1-45a7-9aa7-04147425652f,pres,1s,-ვ-პატიუ-ებ-,n
8518f7a6-68b1-45a7-9aa7-04147425652f,pres,2s,--პატიუ-ებ-,n
8518f7a6-68b1-45a7-9aa7-04147425652f,pres,3s,--პატიუ-ებ-ს,n
8518f7a6-68b1-45a7-9aa7-04147425652f,pres,1p,-ვ-პატიუ-ებ-თ,n
8518f7a6-68b1-45a7-9aa7-04147425652f,pres,2p,--პატიუ-ებ-თ,n
8518f7a6-68b1-45a7-9aa7-04147425652f,pres,3p,--პატიუ-ებ-ენ,n
8518f7a6-68b1-45a7-9aa7-04147425652f,imp,1s,-ვ-პატიუ-ებ-დი,n
8518f7a6-68b1-45a7-9aa7-04147425652f,imp,2s,--პატიუ-ებ-დი,n
8518f7a6-68b1-45a7-9aa7-04147425652f,imp,3s,--პატიუ-ებ-და,n
8518f7a6-68b1-45a7-9aa7-04147425652f,imp,1p,-ვ-პატიუ-ებ-დით,n
8518f7a6-68b1-45a7-9aa7-04147425652f,imp,2p,--პატიუ-ებ-დით,n
8518f7a6-68b1-45a7-9aa7-04147425652f,imp,3p,--პატიუ-ებ-დნენ,n
8518f7a6-68b1-45a7-9aa7-04147425652f,pres-subj,1s,-ვ-პატიუ-ებ-დე,n
8518f7a6-68b1-45a7-9aa7-04147425652f,pres-subj,2s,--პატიუ-ებ-დე,n
8518f7a6-68b1-45a7-9aa7-04147425652f,pres-subj,3s,--პატიუ-ებ-დეს,n
8518f7a6-68b1-45a7-9aa7-04147425652f,pres-subj,1p,-ვ-პატიუ-ებ-დეთ,n
8518f7a6-68b1-45a7-9aa7-04147425652f,pres-subj,2p,--პატიუ-ებ-დეთ,n
8518f7a6-68b1-45a7-9aa7-04147425652f,pres-subj,3p,--პატიუ-ებ-დნენ,n
8518f7a6-68b1-45a7-9aa7-04147425652f,fut,1s,და-ვ-პატიუ-ებ-,n
8518f7a6-68b1-45a7-9aa7-04147425652f,fut,2s,და--პატიუ-ებ-,n
8518f7a6-68b1-45a7-9aa7-04147425652f,fut,3s,და--პატიუ-ებ-ს,n
8518f7a6-68b1-45a7-9aa7-04147425652f,fut,1p,და-ვ-პატიუ-ებ-თ,n
8518f7a6-68b1-45a7-9aa7-04147425652f,fut,2p,და--პატიუ-ებ-თ,n
8518f7a6-68b1-45a7-9aa7-04147425652f,fut,3p,და--პატიუ-ებ-ენ,n
8518f7a6-68b1-45a7-9aa7-04147425652f,cond,1s,და-ვ-პატიუ-ებ-დი,n
8518f7a6-68b1-45a7-9aa7-04147425652f,cond,2s,და--პატიუ-ებ-დი,n
8518f7a6-68b1-45a7-9aa7-04147425652f,cond,3s,და--პატიუ-ებ-და,n
8518f7a6-68b1-45a7-9aa7-04147425652f,cond,1p,და-ვ-პატიუ-ებ-დით,n
8518f7a6-68b1-45a7-9aa7-04147425652f,cond,2p,და--პატიუ-ებ-დით,n
8518f7a6-68b1-45a7-9aa7-04147425652f,cond,3p,და--პატიუ-ებ-დნენ,n
8518f7a6-68b1-45a7-9aa7-04147425652f,aor,1s,და-ვ-პატიუ--ე,n
8518f7a6-68b1-45a7-9aa7-04147425652f,aor,2s,და--პატიუ--ე,n
8518f7a6-68b1-45a7-9aa7-04147425652f,aor,3s,და--პატიუ--ა,n
8518f7a6-68b1-45a7-9aa7-04147425652f,aor,1p,და-ვ-პატიუ--ეთ,n
8518f7a6-68b1-45a7-9aa7-04147425652f,aor,2p,და--პატიუ--ეთ,n
8518f7a6-68b1-45a7-9aa7-04147425652f,aor,3p,და--პატიუ--ეს,n
8518f7a6-68b1-45a7-9aa7-04147425652f,opt,1s,და-ვ-პატიუ--,n
8518f7a6-68b1-45a7-9aa7-04147425652f,opt,2s,და--პატიუ--,n
8518f7a6-68b1-45a7-9aa7-04147425652f,opt,3s,და--პატიუ--ოს,n
8518f7a6-68b1-45a7-9aa7-04147425652f,opt,1p,და-ვ-პატიუ--ოთ,n
8518f7a6-68b1-45a7-9aa7-04147425652f,opt,2p,და--პატიუ--ოთ,n
8518f7a6-68b1-45a7-9aa7-04147425652f,opt,3p,და--პატიუ--ონ,n
4f995a0b-0ebf-4ccd-b738-0a8f1b076311,pres,1s,-ვ-აუთო-ებ-,n
4f995a0b-0ebf-4ccd-b738-0a8f1b076311,pres,2s,--აუთო-ებ-,n
4f995a0b-0ebf-4ccd-b738-0a8f1b076311,pres,3s,--აუთო-ებ-ს,n
4f995a0b-0ebf-4ccd-b738-0a8f1b076311,pres,1p,-ვ-აუთო-ებ-თ,n
4f995a0b-0ebf-4ccd-b738-0a8f1b076311,pres,2p,--აუთო-ებ-თ,n
4f995a0b-0ebf-4ccd-b738-0a8f1b076311,pres,3p,--აუთო-ებ-ენ,n
4f995a0b-0ebf-4ccd-b738-0a8f1b076311,imp,1s,-ვ-აუთო-ებ-დი,n
4f995a0b-0ebf-4ccd-b738-0a8f1b076311,imp,2s,--აუთო-ებ-დი,n
4f995a0b-0ebf-4ccd-b738-0a8f1b076311,imp,3s,--აუთო-ებ-და,n
4f995a0b-0ebf-4ccd-b738-0a8f1b076311,imp,1p,-ვ-აუთო-ებ-დით,n
4f995a0b-0ebf-4ccd-b738-0a8f1b076311,imp,2p,--აუთო-ებ-დით,n
4f995a0b-0ebf-4ccd-b738-0a8f1b076311,imp,3p,--აუთო-ებ-დნენ,n
4f995a0b-0ebf-4ccd-b738-0a8f1b076311,pres-subj,1s,-ვ-აუთო-ებ-დე,n
4f995a0b-0ebf-4ccd-b738-0a8f1b076311,pres-subj,2s,--აუთო-ებ-დე,n
4f995a0b-0ebf-4ccd-b738-0a8f1b076311,pres-subj,3s,--აუთო-ებ-დეს,n
4f995a0b-0ebf-4ccd-b738-0a8f1b076311,pres-subj,1p,-ვ-აუთო-ებ-დეთ,n
4f995a0b-0ebf-4ccd-b738-0a8f1b076311,pres-subj,2p,--აუთო-ებ-დეთ,n
4f995a0b-0ebf-4ccd-b738-0a8f1b076311,pres-subj,3p,--აუთო-ებ-დნენ,n
4f995a0b-0ebf-4ccd-b738-0a8f1b076311,fut,1s,და-ვ-აუთო-ებ-,n
4f995a0b-0ebf-4ccd-b738-0a8f1b076311,fut,2s,და--აუთო-ებ-,n
4f995a0b-0ebf-4ccd-b738-0a8f1b076311,fut,3s,და--აუთო-ებ-ს,n
4f995a0b-0ebf-4ccd-b738-0a8f1b076311,fut,1p,და-ვ-აუთო-ებ-თ,n
4f995a0b-0ebf-4ccd-b738-0a8f1b076311,fut,2p,და--აუთო-ებ-თ,n
4f995a0b-0ebf-4ccd-b738-0a8f1b076311,fut,3p,და--აუთო-ებ-ენ,n
4f995a0b-0ebf-4ccd-b738-0a8f1b076311,cond,1s,და-ვ-აუთო-ებ-დი,n
4f995a0b-0ebf-4ccd-b738-0a8f1b076311,cond,2s,და--აუთო-ებ-დი,n
4f995a0b-0ebf-4ccd-b738-0a8f1b076311,cond,3s,და--აუთო-ებ-და,n
4f995a0b-0ebf-4ccd-b738-0a8f1b076311,cond,1p,და-ვ-აუთო-ებ-დით,n
4f995a0b-0ebf-4ccd-b738-0a8f1b076311,cond,2p,და--აუთო-ებ-დით,n
4f995a0b-0ebf-4ccd-b738-0a8f1b076311,cond,3p,და--აუთო-ებ-დნენ,n
4f995a0b-0ebf-4ccd-b738-0a8f1b076311,aor,1s,და-ვ-აუთოვ--ე,n
4f995a0b-0ebf-4ccd-b738-0a8f1b076311,aor,2s,და--აუთოვ--ე,n
4f995a0b-0ebf-4ccd-b738-0a8f1b076311,aor,3s,და--აუთოვ--ა,n
4f995a0b-0ebf-4ccd-b738-0a8f1b076311,aor,1p,და-ვ-აუთოვ--ეთ,n
4f995a0b-0ebf-4ccd-b738-0a8f1b076311,aor,2p,და--აუთოვ--ეთ,n
4f995a0b-0ebf-4ccd-b738-0a8f1b076311,aor,3p,და--აუთოვ--ეს,n
4f995a0b-0ebf-4ccd-b738-0a8f1b076311,opt,1s,და-ვ-აუთოვ--,n
4f995a0b-0ebf-4ccd-b738-0a8f1b076311,opt,2s,და--აუთოვ--,n
4f995a0b-0ebf-4ccd-b738-0a8f1b076311,opt,3s,და--აუთოვ--ოს,n
4f995a0b-0ebf-4ccd-b738-0a8f1b076311,opt,1p,და-ვ-აუთოვ--ოთ,n
4f995a0b-0ebf-4ccd-b738-0a8f1b076311,opt,2p,და--აუთოვ--ოთ,n
4f995a0b-0ebf-4ccd-b738-0a8f1b076311,opt,3p,და--აუთოვ--ონ,n
e3d4cd86-1201-460c-b5f2-9b94cb9437a9,pres,1s,ვ--ეჭვიან-ობ-,y
e3d4cd86-1201-460c-b5f2-9b94cb9437a9,pres,2s,--ეჭვიან-ობ-,y
e3d4cd86-1201-460c-b5f2-9b94cb9437a9,pres,3s,--ეჭვიან-ობ-ს,y
e3d4cd86-1201-460c-b5f2-9b94cb9437a9,pres,1p,ვ--ეჭვიან-ობ-თ,y
e3d4cd86-1201-460c-b5f2-9b94cb9437a9,pres,2p,--ეჭვიან-ობ-თ,y
e3d4cd86-1201-460c-b5f2-9b94cb9437a9,pres,3p,--ეჭვიან-ობ-ენ,y
e3d4cd86-1201-460c-b5f2-9b94cb9437a9,imp,1s,ვ--ეჭვიან-ობ-დი,y
e3d4cd86-1201-460c-b5f2-9b94cb9437a9,imp,2s,--ეჭვიან-ობ-დი,y
e3d4cd86-1201-460c-b5f2-9b94cb9437a9,imp,3s,--ეჭვიან-ობ-და,y
e3d4cd86-1201-460c-b5f2-9b94cb9437a9,imp,1p,ვ--ეჭვიან-ობ-დით,y
e3d4cd86-1201-460c-b5f2-9b94cb9437a9,imp,2p,--ეჭვიან-ობ-დით,y
e3d4cd86-1201-460c-b5f2-9b94cb9437a9,imp,3p,--ეჭვიან-ობ-დნენ,y
e3d4cd86-1201-460c-b5f2-9b94cb9437a9,pres-subj,1s,ვ--ეჭვიან-ობ-დე,y
e3d4cd86-1201-460c-b5f2-9b94cb9437a9,pres-subj,2s,--ეჭვიან-ობ-დე,y
e3d4cd86-1201-460c-b5f2-9b94cb9437a9,pres-subj,3s,--ეჭვიან-ობ-დეს,y
e3d4cd86-1201-460c-b5f2-9b94cb9437a9,pres-subj,1p,ვ--ეჭვიან-ობ-დეთ,y
e3d4cd86-1201-460c-b5f2-9b94cb9437a9,pres-subj,2p,--ეჭვიან-ობ-დეთ,y
e3d4cd86-1201-460c-b5f2-9b94cb9437a9,pres-subj,3p,--ეჭვიან-ობ-დნენ,y
e3d4cd86-1201-460c-b5f2-9b94cb9437a9,fut,1s,ვ-ი-ეჭვიან-ებ-,y
e3d4cd86-1201-460c-b5f2-9b94cb9437a9,fut,2s,-ი-ეჭვიან-ებ-,y
e3d4cd86-1201-460c-b5f2-9b94cb9437a9,fut,3s,-ი-ეჭვიან-ებ-ს,y
e3d4cd86-1201-460c-b5f2-9b94cb9437a9,fut,1p,ვ-ი-ეჭვიან-ებ-თ,y
e3d4cd86-1201-460c-b5f2-9b94cb9437a9,fut,2p,-ი-ეჭვიან-ებ-თ,y
e3d4cd86-1201-460c-b5f2-9b94cb9437a9,fut,3p,-ი-ეჭვიან-ებ-ენ,y
e3d4cd86-1201-460c-b5f2-9b94cb9437a9,cond,1s,ვ-ი-ეჭვიან-ებ-დი,y
e3d4cd86-1201-460c-b5f2-9b94cb9437a9,cond,2s,-ი-ეჭვიან-ებ-დი,y
e3d4cd86-1201-460c-b5f2-9b94cb9437a9,cond,3s,-ი-ეჭვიან-ებ-და,y
e3d4cd86-1201-460c-b5f2-9b94cb9437a9,cond,1p,ვ-ი-ეჭვიან-ებ-დით,y
e3d4cd86-1201-460c-b5f2-9b94cb9437a9,cond,2p,-ი-ეჭვიან-ებ-დით,y
e3d4cd86-1201-460c-b5f2-9b94cb9437a9,cond,3p,-ი-ეჭვიან-ებ-დნენ,y
e3d4cd86-1201-460c-b5f2-9b94cb9437a9,aor,1s,ვ-ი-ეჭვიან--ე,y
e3d4cd86-1201-460c-b5f2-9b94cb9437a9,aor,2s,-ი-ეჭვიან--ე,y
e3d4cd86-1201-460c-b5f2-9b94cb9437a9,aor,3s,-ი-ეჭვიან--ა,y
e3d4cd86-1201-460c-b5f2-9b94cb9437a9,aor,1p,ვ-ი-ეჭვიან--ეთ,y
e3d4cd86-1201-460c-b5f2-9b94cb9437a9,aor,2p,-ი-ეჭვიან--ეთ,y
e3d4cd86-1201-460c-b5f2-9b94cb9437a9,aor,3p,-ი-ეჭვიან--ეს,y
e3d4cd86-1201-460c-b5f2-9b94cb9437a9,opt,1s,ვ-ი-ეჭვიან--,y
e3d4cd86-1201-460c-b5f2-9b94cb9437a9,opt,2s,-ი-ეჭვიან--,y
e3d4cd86-1201-460c-b5f2-9b94cb9437a9,opt,3s,-ი-ეჭვიან--ოს,y
e3d4cd86-1201-460c-b5f2-9b94cb9437a9,opt,1p,ვ-ი-ეჭვიან--ოთ,y
e3d4cd86-1201-460c-b5f2-9b94cb9437a9,opt,2p,-ი-ეჭვიან--ოთ,y
e3d4cd86-1201-460c-b5f2-9b94cb9437a9,opt,3p,-ი-ეჭვიან--ონ,y
d8f9c09e-5024-4307-a4c1-548dcc53ec74,pres,1s,ვ--ხუმრ-ობ-,y
d8f9c09e-5024-4307-a4c1-548dcc53ec74,pres,2s,--ხუმრ-ობ-,y
d8f9c09e-5024-4307-a4c1-548dcc53ec74,pres,3s,--ხუმრ-ობ-ს,y
d8f9c09e-5024-4307-a4c1-548dcc53ec74,pres,1p,ვ--ხუმრ-ობ-თ,y
d8f9c09e-5024-4307-a4c1-548dcc53ec74,pres,2p,--ხუმრ-ობ-თ,y
d8f9c09e-5024-4307-a4c1-548dcc53ec74,pres,3p,--ხუმრ-ობ-ენ,y
d8f9c09e-5024-4307-a4c1-548dcc53ec74,imp,1s,ვ--ხუმრ-ობ-დი,y
d8f9c09e-5024-4307-a4c1-548dcc53ec74,imp,2s,--ხუმრ-ობ-დი,y
d8f9c09e-5024-4307-a4c1-548dcc53ec74,imp,3s,--ხუმრ-ობ-და,y
d8f9c09e-5024-4307-a4c1-548dcc53ec74,imp,1p,ვ--ხუმრ-ობ-დით,y
d8f9c09e-5024-4307-a4c1-548dcc53ec74,imp,2p,--ხუმრ-ობ-დით,y
d8f9c09e-5024-4307-a4c1-548dcc53ec74,imp,3p,--ხუმრ-ობ-დნენ,y
d8f9c09e-5024-4307-a4c1-548dcc53ec74,pres-subj,1s,ვ--ხუმრ-ობ-დე,y
d8f9c09e-5024-4307-a4c1-548dcc53ec74,pres-subj,2s,--ხუმრ-ობ-დე,y
d8f9c09e-5024-4307-a4c1-548dcc53ec74,pres-subj,3s,--ხუმრ-ობ-დეს,y
d8f9c09e-5024-4307-a4c1-548dcc53ec74,pres-subj,1p,ვ--ხუმრ-ობ-დეთ,y
d8f9c09e-5024-4307-a4c1-548dcc53ec74,pres-subj,2p,--ხუმრ-ობ-დეთ,y
d8f9c09e-5024-4307-a4c1-548dcc53ec74,pres-subj,3p,--ხუმრ-ობ-დნენ,y
d8f9c09e-5024-4307-a4c1-548dcc53ec74,fut,1s,ვ-ი-ხუმრ-ებ-,y
d8f9c09e-5024-4307-a4c1-548dcc53ec74,fut,2s,-ი-ხუმრ-ებ-,y
d8f9c09e-5024-4307-a4c1-548dcc53ec74,fut,3s,-ი-ხუმრ-ებ-ს,y
d8f9c09e-5024-4307-a4c1-548dcc53ec74,fut,1p,ვ-ი-ხუმრ-ებ-თ,y
d8f9c09e-5024-4307-a4c1-548dcc53ec74,fut,2p,-ი-ხუმრ-ებ-თ,y
d8f9c09e-5024-4307-a4c1-548dcc53ec74,fut,3p,-ი-ხუმრ-ებ-ენ,y
d8f9c09e-5024-4307-a4c1-548dcc53ec74,cond,1s,ვ-ი-ხუმრ-ებ-დი,y
d8f9c09e-5024-4307-a4c1-548dcc53ec74,cond,2s,-ი-ხუმრ-ებ-დი,y
d8f9c09e-5024-4307-a4c1-548dcc53ec74,cond,3s,-ი-ხუმრ-ებ-და,y
d8f9c09e-5024-4307-a4c1-548dcc53ec74,cond,1p,ვ-ი-ხუმრ-ებ-დით,y
d8f9c09e-5024-4307-a4c1-548dcc53ec74,cond,2p,-ი-ხუმრ-ებ-დით,y
d8f9c09e-5024-4307-a4c1-548dcc53ec74,cond,3p,-ი-ხუმრ-ებ-დნენ,y
d8f9c09e-5024-4307-a4c1-548dcc53ec74,aor,1s,ვ-ი-ხუმრ--ე,y
d8f9c09e-5024-4307-a4c1-548dcc53ec74,aor,2s,-ი-ხუმრ--ე,y
d8f9c09e-5024-4307-a4c1-548dcc53ec74,aor,3s,-ი-ხუმრ--ა,y
d8f9c09e-5024-4307-a4c1-548dcc53ec74,aor,1p,ვ-ი-ხუმრ--ეთ,y
d8f9c09e-5024-4307-a4c1-548dcc53ec74,aor,2p,-ი-ხუმრ--ეთ,y
d8f9c09e-5024-4307-a4c1-548dcc53ec74,aor,3p,-ი-ხუმრ--ეს,y
d8f9c09e-5024-4307-a4c1-548dcc53ec74,opt,1s,ვ-ი-ხუმრ--,y
d8f9c09e-5024-4307-a4c1-548dcc53ec74,opt,2s,-ი-ხუმრ--,y
d8f9c09e-5024-4307-a4c1-548dcc53ec74,opt,3s,-ი-ხუმრ--ოს,y
d8f9c09e-5024-4307-a4c1-548dcc53ec74,opt,1p,ვ-ი-ხუმრ--ოთ,y
d8f9c09e-5024-4307-a4c1-548dcc53ec74,opt,2p,-ი-ხუმრ--ოთ,y
d8f9c09e-5024-4307-a4c1-548dcc53ec74,opt,3p,-ი-ხუმრ--ონ,y
c8cdbd41-2d70-45c4-a3f6-ed951061c13c,pres,1s,-ვ-ხტ-ებ-ი,n
c8cdbd41-2d70-45c4-a3f6-ed951061c13c,pres,2s,--ხტ-ებ-ი,n
c8cdbd41-2d70-45c4-a3f6-ed951061c13c,pres,3s,--ხტ-ებ-ა,n
c8cdbd41-2d70-45c4-a3f6-ed951061c13c,pres,1p,-ვ-ხტ-ებ-ით,n
c8cdbd41-2d70-45c4-a3f6-ed951061c13c,pres,2p,--ხტ-ებ-ით,n
c8cdbd41-2d70-45c4-a3f6-ed951061c13c,pres,3p,--ხტ-ებ-იან,n
c8cdbd41-2d70-45c4-a3f6-ed951061c13c,imp,1s,-ვ-ხტ-ებ-ოდი,n
c8cdbd41-2d70-45c4-a3f6-ed951061c13c,imp,2s,--ხტ-ებ-ოდი,n
c8cdbd41-2d70-45c4-a3f6-ed951061c13c,imp,3s,--ხტ-ებ-ოდა,n
c8cdbd41-2d70-45c4-a3f6-ed951061c13c,imp,1p,-ვ-ხტ-ებ-ოდით,n
c8cdbd41-2d70-45c4-a3f6-ed951061c13c,imp,2p,--ხტ-ებ-ოდით,n
c8cdbd41-2d70-45c4-a3f6-ed951061c13c,imp,3p,--ხტ-ებ-ოდნენ,n
c8cdbd41-2d70-45c4-a3f6-ed951061c13c,pres-subj,1s,-ვ-ხტ-ებ-დე,n
c8cdbd41-2d70-45c4-a3f6-ed951061c13c,pres-subj,2s,--ხტ-ებ-დე,n
c8cdbd41-2d70-45c4-a3f6-ed951061c13c,pres-subj,3s,--ხტ-ებ-დეს,n
c8cdbd41-2d70-45c4-a3f6-ed951061c13c,pres-subj,1p,-ვ-ხტ-ებ-დეთ,n
c8cdbd41-2d70-45c4-a3f6-ed951061c13c,pres-subj,2p,--ხტ-ებ-დეთ,n
c8cdbd41-2d70-45c4-a3f6-ed951061c13c,pres-subj,3p,--ხტ-ებ-დნენ,n
c8cdbd41-2d70-45c4-a3f6-ed951061c13c,fut,1s,გადა-ვ-ხტ-ებ-ი,n
c8cdbd41-2d70-45c4-a3f6-ed951061c13c,fut,2s,გადა--ხტ-ებ-ი,n
c8cdbd41-2d70-45c4-a3f6-ed951061c13c,fut,3s,გადა--ხტ-ებ-ა,n
c8cdbd41-2d70-45c4-a3f6-ed951061c13c,fut,1p,გადა-ვ-ხტ-ებ-ით,n
c8cdbd41-2d70-45c4-a3f6-ed951061c13c,fut,2p,გადა--ხტ-ებ-ით,n
c8cdbd41-2d70-45c4-a3f6-ed951061c13c,fut,3p,გადა--ხტ-ებ-იან,n
c8cdbd41-2d70-45c4-a3f6-ed951061c13c,cond,1s,გადა-ვ-ხტ-ებ-ოდი,n
c8cdbd41-2d70-45c4-a3f6-ed951061c13c,cond,2s,გადა--ხტ-ებ-ოდი,n
c8cdbd41-2d70-45c4-a3f6-ed951061c13c,cond,3s,გადა--ხტ-ებ-ოდა,n
c8cdbd41-2d70-45c4-a3f6-ed951061c13c,cond,1p,გადა-ვ-ხტ-ებ-ოდით,n
c8cdbd41-2d70-45c4-a3f6-ed951061c13c,cond,2p,გადა--ხტ-ებ-ოდით,n
c8cdbd41-2d70-45c4-a3f6-ed951061c13c,cond,3p,გადა--ხტ-ებ-ოდნენ,n
c8cdbd41-2d70-45c4-a3f6-ed951061c13c,aor,1s,გადა-ვ-ხტ--ი,n
c8cdbd41-2d70-45c4-a3f6-ed951061c13c,aor,2s,გადა--ხტ--ი,n
c8cdbd41-2d70-45c4-a3f6-ed951061c13c,aor,3s,გადა--ხტ--ა,n
c8cdbd41-2d70-45c4-a3f6-ed951061c13c,aor,1p,გადა-ვ-ხტ--ით,n
c8cdbd41-2d70-45c4-a3f6-ed951061c13c,aor,2p,გადა--ხტ--ით,n
c8cdbd41-2d70-45c4-a3f6-ed951061c13c,aor,3p,გადა--ხტ--ნენ,n
c8cdbd41-2d70-45c4-a3f6-ed951061c13c,opt,1s,გადა-ვ-ხტ--ე,n
c8cdbd41-2d70-45c4-a3f6-ed951061c13c,opt,2s,გადა--ხტ--ე,n
c8cdbd41-2d70-45c4-a3f6-ed951061c13c,opt,3s,გადა--ხტ--ეს,n
c8cdbd41-2d70-45c4-a3f6-ed951061c13c,opt,1p,გადა-ვ-ხტ--ეთ,n
c8cdbd41-2d70-45c4-a3f6-ed951061c13c,opt,2p,გადა--ხტ--ეთ,n
c8cdbd41-2d70-45c4-a3f6-ed951061c13c,opt,3p,გადა--ხტ--ენ,n
3792a019-372b-46c1-ad00-dc306419a8e0,pres,1s,-ვ-ინახ-ავ-,n
3792a019-372b-46c1-ad00-dc306419a8e0,pres,2s,--ინახ-ავ-,n
3792a019-372b-46c1-ad00-dc306419a8e0,pres,3s,--ინახ-ავ-ს,n
3792a019-372b-46c1-ad00-dc306419a8e0,pres,1p,-ვ-ინახ-ავ-თ,n
3792a019-372b-46c1-ad00-dc306419a8e0,pres,2p,--ინახ-ავ-თ,n
3792a019-372b-46c1-ad00-dc306419a8e0,pres,3p,--ინახ-ავ-ენ,n
3792a019-372b-46c1-ad00-dc306419a8e0,imp,1s,-ვ-ინახ-ავ-დი,n
3792a019-372b-46c1-ad00-dc306419a8e0,imp,2s,--ინახ-ავ-დი,n
3792a019-372b-46c1-ad00-dc306419a8e0,imp,3s,--ინახ-ავ-და,n
3792a019-372b-46c1-ad00-dc306419a8e0,imp,1p,-ვ-ინახ-ავ-დით,n
3792a019-372b-46c1-ad00-dc306419a8e0,imp,2p,--ინახ-ავ-დით,n
3792a019-372b-46c1-ad00-dc306419a8e0,imp,3p,--ინახ-ავ-დნენ,n
3792a019-372b-46c1-ad00-dc306419a8e0,pres-subj,1s,-ვ-ინახ-ავ-დე,n
3792a019-372b-46c1-ad00-dc306419a8e0,pres-subj,2s,--ინახ-ავ-დე,n
3792a019-372b-46c1-ad00-dc306419a8e0,pres-subj,3s,--ინახ-ავ-დეს,n
3792a019-372b-46c1-ad00-dc306419a8e0,pres-subj,1p,-ვ-ინახ-ავ-დეთ,n
3792a019-372b-46c1-ad00-dc306419a8e0,pres-subj,2p,--ინახ-ავ-დეთ,n
3792a019-372b-46c1-ad00-dc306419a8e0,pres-subj,3p,--ინახ-ავ-დნენ,n
3792a019-372b-46c1-ad00-dc306419a8e0,fut,1s,შე-ვ-ინახ-ავ-,n
3792a019-372b-46c1-ad00-dc306419a8e0,fut,2s,შე--ინახ-ავ-,n
3792a019-372b-46c1-ad00-dc306419a8e0,fut,3s,შე--ინახ-ავ-ს,n
3792a019-372b-46c1-ad00-dc306419a8e0,fut,1p,შე-ვ-ინახ-ავ-თ,n
3792a019-372b-46c1-ad00-dc306419a8e0,fut,2p,შე--ინახ-ავ-თ,n
3792a019-372b-46c1-ad00-dc306419a8e0,fut,3p,შე--ინახ-ავ-ენ,n
3792a019-372b-46c1-ad00-dc306419a8e0,cond,1s,შე-ვ-ინახ-ავ-დი,n
3792a019-372b-46c1-ad00-dc306419a8e0,cond,2s,შე--ინახ-ავ-დი,n
3792a019-372b-46c1-ad00-dc306419a8e0,cond,3s,შე--ინახ-ავ-და,n
3792a019-372b-46c1-ad00-dc306419a8e0,cond,1p,შე-ვ-ინახ-ავ-დით,n
3792a019-372b-46c1-ad00-dc306419a8e0,cond,2p,შე--ინახ-ავ-დით,n
3792a019-372b-46c1-ad00-dc306419a8e0,cond,3p,შე--ინახ-ავ-დნენ,n
3792a019-372b-46c1-ad00-dc306419a8e0,aor,1s,შე-ვ-ინახ--ე,n
3792a019-372b-46c1-ad00-dc306419a8e0,aor,2s,შე--ინახ--ე,n
3792a019-372b-46c1-ad00-dc306419a8e0,aor,3s,შე--ინახ--ა,n
3792a019-372b-46c1-ad00-dc306419a8e0,aor,1p,შე-ვ-ინახ--ეთ,n
3792a019-372b-46c1-ad00-dc306419a8e0,aor,2p,შე--ინახ--ეთ,n
3792a019-372b-46c1-ad00-dc306419a8e0,aor,3p,შე--ინახ--ეს,n
3792a019-372b-46c1-ad00-dc306419a8e0,opt,1s,შე-ვ-ინახ--,n
3792a019-372b-46c1-ad00-dc306419a8e0,opt,2s,შე--ინახ--,n
3792a019-372b-46c1-ad00-dc306419a8e0,opt,3s,შე--ინახ--ოს,n
3792a019-372b-46c1-ad00-dc306419a8e0,opt,1p,შე-ვ-ინახ--ოთ,n
3792a019-372b-46c1-ad00-dc306419a8e0,opt,2p,შე--ინახ--ოთ,n
3792a019-372b-46c1-ad00-dc306419a8e0,opt,3p,შე--ინახ--ონ,n
8b62346a-acf8-4369-a2a9-d504f3d650ab,pres,1s,-ვ-კლ-ავ-,n
8b62346a-acf8-4369-a2a9-d504f3d650ab,pres,2s,--კლ-ავ-,n
8b62346a-acf8-4369-a2a9-d504f3d650ab,pres,3s,--კლ-ავ-ს,n
8b62346a-acf8-4369-a2a9-d504f3d650ab,pres,1p,-ვ-კლ-ავ-თ,n
8b62346a-acf8-4369-a2a9-d504f3d650ab,pres,2p,--კლ-ავ-თ,n
8b62346a-acf8-4369-a2a9-d504f3d650ab,pres,3p,--კლ-ავ-ენ,n
8b62346a-acf8-4369-a2a9-d504f3d650ab,imp,1s,-ვ-კლ-ავ-დი,n
8b62346a-acf8-4369-a2a9-d504f3d650ab,imp,2s,--კლ-ავ-დი,n
8b62346a-acf8-4369-a2a9-d504f3d650ab,imp,3s,--კლ-ავ-და,n
8b62346a-acf8-4369-a2a9-d504f3d650ab,imp,1p,-ვ-კლ-ავ-დით,n
8b62346a-acf8-4369-a2a9-d504f3d650ab,imp,2p,--კლ-ავ-დით,n
8b62346a-acf8-4369-a2a9-d504f3d650ab,imp,3p,--კლ-ავ-დნენ,n
8b62346a-acf8-4369-a2a9-d504f3d650ab,pres-subj,1s,-ვ-კლ-ავ-დე,n
8b62346a-acf8-4369-a2a9-d504f3d650ab,pres-subj,2s,--კლ-ავ-დე,n
8b62346a-acf8-4369-a2a9-d504f3d650ab,pres-subj,3s,--კლ-ავ-დეს,n
8b62346a-acf8-4369-a2a9-d504f3d650ab,pres-subj,1p,-ვ-კლ-ავ-დეთ,n
8b62346a-acf8-4369-a2a9-d504f3d650ab,pres-subj,2p,--კლ-ავ-დეთ,n
8b62346a-acf8-4369-a2a9-d504f3d650ab,pres-subj,3p,--კლ-ავ-დნენ,n
8b62346a-acf8-4369-a2a9-d504f3d650ab,fut,1s,მო-ვ-კლ-ავ-,n
8b62346a-acf8-4369-a2a9-d504f3d650ab,fut,2s,მო--კლ-ავ-,n
8b62346a-acf8-4369-a2a9-d504f3d650ab,fut,3s,მო--კლ-ავ-ს,n
8b62346a-acf8-4369-a2a9-d504f3d650ab,fut,1p,მო-ვ-კლ-ავ-თ,n
8b62346a-acf8-4369-a2a9-d504f3d650ab,fut,2p,მო--კლ-ავ-თ,n
8b62346a-acf8-4369-a2a9-d504f3d650ab,fut,3p,მო--კლ-ავ-ენ,n
8b62346a-acf8-4369-a2a9-d504f3d650ab,cond,1s,მო-ვ-კლ-ავ-დი,n
8b62346a-acf8-4369-a2a9-d504f3d650ab,cond,2s,მო--კლ-ავ-დი,n
8b62346a-acf8-4369-a2a9-d504f3d650ab,cond,3s,მო--კლ-ავ-და,n
8b62346a-acf8-4369-a2a9-d504f3d650ab,cond,1p,მო-ვ-კლ-ავ-დით,n
8b62346a-acf8-4369-a2a9-d504f3d650ab,cond,2p,მო--კლ-ავ-დით,n
8b62346a-acf8-4369-a2a9-d504f3d650ab,cond,3p,მო--კლ-ავ-დნენ,n
8b62346a-acf8-4369-a2a9-d504f3d650ab,aor,1s,მო-ვ-კალ--ი,n
8b62346a-acf8-4369-a2a9-d504f3d650ab,aor,2s,მო--კალ--ი,n
8b62346a-acf8-4369-a2a9-d504f3d650ab,aor,3s,მო--კლ--ა,n
8b62346a-acf8-4369-a2a9-d504f3d650ab,aor,1p,მო-ვ-კალ--ით,n
8b62346a-acf8-4369-a2a9-d504f3d650ab,aor,2p,მო--კალ--ით,n
8b62346a-acf8-4369-a2a9-d504f3d650ab,aor,3p,მო--კლ--ეს,n
8b62346a-acf8-4369-a2a9-d504f3d650ab,opt,1s,მო-ვ-კალ--ა,n
8b62346a-acf8-4369-a2a9-d504f3d650ab,opt,2s,მო--კალ--ა,n
8b62346a-acf8-4369-a2a9-d504f3d650ab,opt,3s,მო--კლ--ას,n
8b62346a-acf8-4369-a2a9-d504f3d650ab,opt,1p,მო-ვ-კალ--ათ,n
8b62346a-acf8-4369-a2a9-d504f3d650ab,opt,2p,მო--კალ--ათ,n
8b62346a-acf8-4369-a2a9-d504f3d650ab,opt,3p,მო--კლ--ან,n
4ce72eb3-7de2-4012-bc6e-bcb2f35c2841,pres,1s,-ვ-კოცნ-ი-,n
4ce72eb3-7de2-4012-bc6e-bcb2f35c2841,pres,2s,--კოცნ-ი-,n
4ce72eb3-7de2-4012-bc6e-bcb2f35c2841,pres,3s,--კოცნ-ი-ს,n
4ce72eb3-7de2-4012-bc6e-bcb2f35c2841,pres,1p,-ვ-კოცნ-ი-თ,n
4ce72eb3-7de2-4012-bc6e-bcb2f35c2841,pres,2p,--კოცნ-ი-თ,n
4ce72eb3-7de2-4012-bc6e-bcb2f35c2841,pres,3p,--კოცნ-ი-ან,n
4ce72eb3-7de2-4012-bc6e-bcb2f35c2841,imp,1s,-ვ-კოცნ-ი-დი,n
4ce72eb3-7de2-4012-bc6e-bcb2f35c2841,imp,2s,--კოცნ-ი-დი,n
4ce72eb3-7de2-4012-bc6e-bcb2f35c2841,imp,3s,--კოცნ-ი-და,n
4ce72eb3-7de2-4012-bc6e-bcb2f35c2841,imp,1p,-ვ-კოცნ-ი-დით,n
4ce72eb3-7de2-4012-bc6e-bcb2f35c2841,imp,2p,--კოცნ-ი-დით,n
4ce72eb3-7de2-4012-bc6e-bcb2f35c2841,imp,3p,--კოცნ-ი-დნენ,n
4ce72eb3-7de2-4012-bc6e-bcb2f35c2841,pres-subj,1s,-ვ-კოცნ-ი-დე,n
4ce72eb3-7de2-4012-bc6e-bcb2f35c2841,pres-subj,2s,--კოცნ-ი-დე,n
4ce72eb3-7de2-4012-bc6e-bcb2f35c2841,pres-subj,3s,--კოცნ-ი-დეს,n
4ce72eb3-7de2-4012-bc6e-bcb2f35c2841,pres-subj,1p,-ვ-კოცნ-ი-დეთ,n
4ce72eb3-7de2-4012-bc6e-bcb2f35c2841,pres-subj,2p,--კოცნ-ი-დეთ,n
4ce72eb3-7de2-4012-bc6e-bcb2f35c2841,pres-subj,3p,--კოცნ-ი-დნენ,n
4ce72eb3-7de2-4012-bc6e-bcb2f35c2841,fut,1s,ა-ვ-კოცნ-ი-,n
4ce72eb3-7de2-4012-bc6e-bcb2f35c2841,fut,2s,ა--კოცნ-ი-,n
4ce72eb3-7de2-4012-bc6e-bcb2f35c2841,fut,3s,ა--კოცნ-ი-ს,n
4ce72eb3-7de2-4012-bc6e-bcb2f35c2841,fut,1p,ა-ვ-კოცნ-ი-თ,n
4ce72eb3-7de2-4012-bc6e-bcb2f35c2841,fut,2p,ა--კოცნ-ი-თ,n
4ce72eb3-7de2-4012-bc6e-bcb2f35c2841,fut,3p,ა--კოცნ-ი-ან,n
4ce72eb3-7de2-4012-bc6e-bcb2f35c2841,cond,1s,ა-ვ-კოცნ-ი-დი,n
4ce72eb3-7de2-4012-bc6e-bcb2f35c2841,cond,2s,ა--კოცნ-ი-დი,n
4ce72eb3-7de2-4012-bc6e-bcb2f35c2841,cond,3s,ა--კოცნ-ი-და,n
4ce72eb3-7de2-4012-bc6e-bcb2f35c2841,cond,1p,ა-ვ-კოცნ-ი-დით,n
4ce72eb3-7de2-4012-bc6e-bcb2f35c2841,cond,2p,ა--კოცნ-ი-დით,n
4ce72eb3-7de2-4012-bc6e-bcb2f35c2841,cond,3p,ა--კოცნ-ი-დნენ,n
4ce72eb3-7de2-4012-bc6e-bcb2f35c2841,aor,1s,-ვ-აკოც--ე,n
4ce72eb3-7de2-4012-bc6e-bcb2f35c2841,aor,2s,--აკოც--ე,n
4ce72eb3-7de2-4012-bc6e-bcb2f35c2841,aor,3s,--აკოც--ა,n
4ce72eb3-7de2-4012-bc6e-bcb2f35c2841,aor,1p,-ვ-აკოც--ეთ,n
4ce72eb3-7de2-4012-bc6e-bcb2f35c2841,aor,2p,--აკოც--ეთ,n
4ce72eb3-7de2-4012-bc6e-bcb2f35c2841,aor,3p,--აკოც--ეს,n
4ce72eb3-7de2-4012-bc6e-bcb2f35c2841,opt,1s,-ვ-აკოც--,n
4ce72eb3-7de2-4012-bc6e-bcb2f35c2841,opt,2s,--აკოც--,n
4ce72eb3-7de2-4012-bc6e-bcb2f35c2841,opt,3s,--აკოც--ოს,n
4ce72eb3-7de2-4012-bc6e-bcb2f35c2841,opt,1p,-ვ-აკოც--ოთ,n
4ce72eb3-7de2-4012-bc6e-bcb2f35c2841,opt,2p,--აკოც--ოთ,n
4ce72eb3-7de2-4012-bc6e-bcb2f35c2841,opt,3p,--აკოც--ონ,n
63b79f17-1ac2-443f-b2cf-fd03d5dea554,pres,1s,-ვ-აკაკუნ-ებ-,n
63b79f17-1ac2-443f-b2cf-fd03d5dea554,pres,2s,--აკაკუნ-ებ-,n
63b79f17-1ac2-443f-b2cf-fd03d5dea554,pres,3s,--აკაკუნ-ებ-ს,n
63b79f17-1ac2-443f-b2cf-fd03d5dea554,pres,1p,-ვ-აკაკუნ-ებ-თ,n
63b79f17-1ac2-443f-b2cf-fd03d5dea554,pres,2p,--აკაკუნ-ებ-თ,n
63b79f17-1ac2-443f-b2cf-fd03d5dea554,pres,3p,--აკაკუნ-ებ-ენ,n
63b79f17-1ac2-443f-b2cf-fd03d5dea554,imp,1s,-ვ-აკაკუნ-ებ-დი,n
63b79f17-1ac2-443f-b2cf-fd03d5dea554,imp,2s,--აკაკუნ-ებ-დი,n
63b79f17-1ac2-443f-b2cf-fd03d5dea554,imp,3s,--აკაკუნ-ებ-და,n
63b79f17-1ac2-443f-b2cf-fd03d5dea554,imp,1p,-ვ-აკაკუნ-ებ-დით,n
63b79f17-1ac2-443f-b2cf-fd03d5dea554,imp,2p,--აკაკუნ-ებ-დით,n
63b79f17-1ac2-443f-b2cf-fd03d5dea554,imp,3p,--აკაკუნ-ებ-დნენ,n
63b79f17-1ac2-443f-b2cf-fd03d5dea554,pres-subj,1s,-ვ-აკაკუნ-ებ-დე,n
63b79f17-1ac2-443f-b2cf-fd03d5dea554,pres-subj,2s,--აკაკუნ-ებ-დე,n
63b79f17-1ac2-443f-b2cf-fd03d5dea554,pres-subj,3s,--აკაკუნ-ებ-დეს,n
63b79f17-1ac2-443f-b2cf-fd03d5dea554,pres-subj,1p,-ვ-აკაკუნ-ებ-დეთ,n
63b79f17-1ac2-443f-b2cf-fd03d5dea554,pres-subj,2p,--აკაკუნ-ებ-დეთ,n
63b79f17-1ac2-443f-b2cf-fd03d5dea554,pres-subj,3p,--აკაკუნ-ებ-დნენ,n
63b79f17-1ac2-443f-b2cf-fd03d5dea554,fut,1s,და-ვ-აკაკუნ-ებ-,n
63b79f17-1ac2-443f-b2cf-fd03d5dea554,fut,2s,და--აკაკუნ-ებ-,n
63b79f17-1ac2-443f-b2cf-fd03d5dea554,fut,3s,და--აკაკუნ-ებ-ს,n
63b79f17-1ac2-443f-b2cf-fd03d5dea554,fut,1p,და-ვ-აკაკუნ-ებ-თ,n
63b79f17-1ac2-443f-b2cf-fd03d5dea554,fut,2p,და--აკაკუნ-ებ-თ,n
63b79f17-1ac2-443f-b2cf-fd03d5dea554,fut,3p,და--აკაკუნ-ებ-ენ,n
63b79f17-1ac2-443f-b2cf-fd03d5dea554,cond,1s,და-ვ-აკაკუნ-ებ-დი,n
63b79f17-1ac2-443f-b2cf-fd03d5dea554,cond,2s,და--აკაკუნ-ებ-დი,n
63b79f17-1ac2-443f-b2cf-fd03d5dea554,cond,3s,და--აკაკუნ-ებ-და,n
63b79f17-1ac2-443f-b2cf-fd03d5dea554,cond,1p,და-ვ-აკაკუნ-ებ-დით,n
63b79f17-1ac2-443f-b2cf-fd03d5dea554,cond,2p,და--აკაკუნ-ებ-დით,n
63b79f17-1ac2-443f-b2cf-fd03d5dea554,cond,3p,და--აკაკუნ-ებ-დნენ,n
63b79f17-1ac2-443f-b2cf-fd03d5dea554,aor,1s,და-ვ-აკაკუნ--ე,n
63b79f17-1ac2-443f-b2cf-fd03d5dea554,aor,2s,და--აკაკუნ--ე,n
63b79f17-1ac2-443f-b2cf-fd03d5dea554,aor,3s,და--აკაკუნ--ა,n
63b79f17-1ac2-443f-b2cf-fd03d5dea554,aor,1p,და-ვ-აკაკუნ--ეთ,n
63b79f17-1ac2-443f-b2cf-fd03d5dea554,aor,2p,და--აკაკუნ--ეთ,n
63b79f17-1ac2-443f-b2cf-fd03d5dea554,aor,3p,და--აკაკუნ--ეს,n
63b79f17-1ac2-443f-b2cf-fd03d5dea554,opt,1s,და-ვ-აკაკუნ--,n
63b79f17-1ac2-443f-b2cf-fd03d5dea554,opt,2s,და--აკაკუნ--,n
63b79f17-1ac2-443f-b2cf-fd03d5dea554,opt,3s,და--აკაკუნ--ოს,n
63b79f17-1ac2-443f-b2cf-fd03d5dea554,opt,1p,და-ვ-აკაკუნ--ოთ,n
63b79f17-1ac2-443f-b2cf-fd03d5dea554,opt,2p,და--აკაკუნ--ოთ,n
63b79f17-1ac2-443f-b2cf-fd03d5dea554,opt,3p,და--აკაკუნ--ონ,n
c1a38aa4-a6ef-4a7a-9964-b706286c1d66,pres,1s,-ვ-იცნ-ობ-,n
c1a38aa4-a6ef-4a7a-9964-b706286c1d66,pres,2s,--იცნ-ობ-,n
c1a38aa4-a6ef-4a7a-9964-b706286c1d66,pres,3s,--იცნ-ობ-ს,n
c1a38aa4-a6ef-4a7a-9964-b706286c1d66,pres,1p,-ვ-იცნ-ობ-თ,n
c1a38aa4-a6ef-4a7a-9964-b706286c1d66,pres,2p,--იცნ-ობ-თ,n
c1a38aa4-a6ef-4a7a-9964-b706286c1d66,pres,3p,--იცნ-ობ-ენ,n
c1a38aa4-a6ef-4a7a-9964-b706286c1d66,imp,1s,-ვ-იცნ-ობ-დი,n
c1a38aa4-a6ef-4a7a-9964-b706286c1d66,imp,2s,--იცნ-ობ-დი,n
c1a38aa4-a6ef-4a7a-9964-b706286c1d66,imp,3s,--იცნ-ობ-და,n
c1a38aa4-a6ef-4a7a-9964-b706286c1d66,imp,1p,-ვ-იცნ-ობ-დით,n
c1a38aa4-a6ef-4a7a-9964-b706286c1d66,imp,2p,--იცნ-ობ-დით,n
c1a38aa4-a6ef-4a7a-9964-b706286c1d66,imp,3p,--იცნ-ობ-დნენ,n
c1a38aa4-a6ef-4a7a-9964-b706286c1d66,pres-subj,1s,-ვ-იცნ-ობ-დე,n
c1a38aa4-a6ef-4a7a-9964-b706286c1d66,pres-subj,2s,--იცნ-ობ-დე,n
c1a38aa4-a6ef-4a7a-9964-b706286c1d66,pres-subj,3s,--იცნ-ობ-დეს,n
c1a38aa4-a6ef-4a7a-9964-b706286c1d66,pres-subj,1p,-ვ-იცნ-ობ-დეთ,n
c1a38aa4-a6ef-4a7a-9964-b706286c1d66,pres-subj,2p,--იცნ-ობ-დეთ,n
c1a38aa4-a6ef-4a7a-9964-b706286c1d66,pres-subj,3p,--იცნ-ობ-დნენ,n
c1a38aa4-a6ef-4a7a-9964-b706286c1d66,fut,1s,გა-ვ-იცნ-ობ-,n
c1a38aa4-a6ef-4a7a-9964-b706286c1d66,fut,2s,გა--იცნ-ობ-,n
c1a38aa4-a6ef-4a7a-9964-b706286c1d66,fut,3s,გა--იცნ-ობ-ს,n
c1a38aa4-a6ef-4a7a-9964-b706286c1d66,fut,1p,გა-ვ-იცნ-ობ-თ,n
c1a38aa4-a6ef-4a7a-9964-b706286c1d66,fut,2p,გა--იცნ-ობ-თ,n
c1a38aa4-a6ef-4a7a-9964-b706286c1d66,fut,3p,გა--იცნ-ობ-ენ,n
c1a38aa4-a6ef-4a7a-9964-b706286c1d66,cond,1s,გა-ვ-იცნ-ობ-დი,n
c1a38aa4-a6ef-4a7a-9964-b706286c1d66,cond,2s,გა--იცნ-ობ-დი,n
c1a38aa4-a6ef-4a7a-9964-b706286c1d66,cond,3s,გა--იცნ-ობ-და,n
c1a38aa4-a6ef-4a7a-9964-b706286c1d66,cond,1p,გა-ვ-იცნ-ობ-დით,n
c1a38aa4-a6ef-4a7a-9964-b706286c1d66,cond,2p,გა--იცნ-ობ-დით,n
c1a38aa4-a6ef-4a7a-9964-b706286c1d66,cond,3p,გა--იცნ-ობ-დნენ,n
c1a38aa4-a6ef-4a7a-9964-b706286c1d66,aor,1s,გა-ვ-იცან--ი,n
c1a38aa4-a6ef-4a7a-9964-b706286c1d66,aor,2s,გა--იცან--ი,n
c1a38aa4-a6ef-4a7a-9964-b706286c1d66,aor,3s,გა--იცნ--ო,n
c1a38aa4-a6ef-4a7a-9964-b706286c1d66,aor,1p,გა-ვ-იცან--ით,n
c1a38aa4-a6ef-4a7a-9964-b706286c1d66,aor,2p,გა--იცან--ით,n
c1a38aa4-a6ef-4a7a-9964-b706286c1d66,aor,3p,გა--იცნ--ეს,n
c1a38aa4-a6ef-4a7a-9964-b706286c1d66,opt,1s,გა-ვ-იცან--,n
c1a38aa4-a6ef-4a7a-9964-b706286c1d66,opt,2s,გა--იცან--,n
c1a38aa4-a6ef-4a7a-9964-b706286c1d66,opt,3s,გა--იცნ--ოს,n
c1a38aa4-a6ef-4a7a-9964-b706286c1d66,opt,1p,გა-ვ-იცან--ოთ,n
c1a38aa4-a6ef-4a7a-9964-b706286c1d66,opt,2p,გა--იცან--ოთ,n
c1a38aa4-a6ef-4a7a-9964-b706286c1d66,opt,3p,გა--იცნ--ონ,n
c2ebf2c3-2d28-4845-9dec-95f2f9637932,pres,1s,-ვ-იც-ი-,n
c2ebf2c3-2d28-4845-9dec-95f2f9637932,pres,2s,--იც-ი-,n
c2ebf2c3-2d28-4845-9dec-95f2f9637932,pres,3s,--იც-ი-ს,n
c2ebf2c3-2d28-4845-9dec-95f2f9637932,pres,1p,-ვ-იც-ი-თ,n
c2ebf2c3-2d28-4845-9dec-95f2f9637932,pres,2p,--იც-ი-თ,n
c2ebf2c3-2d28-4845-9dec-95f2f9637932,pres,3p,--იც-ი-ან,n
c2ebf2c3-2d28-4845-9dec-95f2f9637932,imp,1s,-ვ-იც--ოდი,n
c2ebf2c3-2d28-4845-9dec-95f2f9637932,imp,2s,--იც--ოდი,n
c2ebf2c3-2d28-4845-9dec-95f2f9637932,imp,3s,--იც--ოდა,n
c2ebf2c3-2d28-4845-9dec-95f2f9637932,imp,1p,-ვ-იც--ოდით,n
c2ebf2c3-2d28-4845-9dec-95f2f9637932,imp,2p,--იც--ოდით,n
c2ebf2c3-2d28-4845-9dec-95f2f9637932,imp,3p,--იც--ოდნენ,n
c2ebf2c3-2d28-4845-9dec-95f2f9637932,pres-subj,1s,-ვ-იც-ი-დე,n
c2ebf2c3-2d28-4845-9dec-95f2f9637932,pres-subj,2s,--იც-ი-დე,n
c2ebf2c3-2d28-4845-9dec-95f2f9637932,pres-subj,3s,--იც-ი-დეს,n
c2ebf2c3-2d28-4845-9dec-95f2f9637932,pres-subj,1p,-ვ-იც-ი-დეთ,n
c2ebf2c3-2d28-4845-9dec-95f2f9637932,pres-subj,2p,--იც-ი-დეთ,n
c2ebf2c3-2d28-4845-9dec-95f2f9637932,pres-subj,3p,--იც-ი-დნენ,n
c2ebf2c3-2d28-4845-9dec-95f2f9637932,fut,1s,-მ-ეცოდინ-ებ-ა,n
c2ebf2c3-2d28-4845-9dec-95f2f9637932,fut,2s,-გ-ეცოდინ-ებ-ა,n
c2ebf2c3-2d28-4845-9dec-95f2f9637932,fut,3s,--ეცოდინ-ებ-ა,n
c2ebf2c3-2d28-4845-9dec-95f2f9637932,fut,1p,-გვ-ეცოდინ-ებ-ა,n
c2ebf2c3-2d28-4845-9dec-95f2f9637932,fut,2p,-გ-ეცოდინ-ებ-ათ,n
c2ebf2c3-2d28-4845-9dec-95f2f9637932,fut,3p,--ეცოდინ-ებ-ათ,n
c2ebf2c3-2d28-4845-9dec-95f2f9637932,cond,1s,-მ-ეცოდინ-ებ-ოდი,n
c2ebf2c3-2d28-4845-9dec-95f2f9637932,cond,2s,-გ-ეცოდინ-ებ-ოდი,n
c2ebf2c3-2d28-4845-9dec-95f2f9637932,cond,3s,--ეცოდინ-ებ-ოდა,n
c2ebf2c3-2d28-4845-9dec-95f2f9637932,cond,1p,-გვ-ეცოდინ-ებ-ოდით,n
c2ebf2c3-2d28-4845-9dec-95f2f9637932,cond,2p,-გ-ეცოდინ-ებ-ოდით,n
c2ebf2c3-2d28-4845-9dec-95f2f9637932,cond,3p,--ეცოდინ-ებ-ოდნენ,n
c2ebf2c3-2d28-4845-9dec-95f2f9637932,aor,1s,-ვ-იც--ოდი,n
c2ebf2c3-2d28-4845-9dec-95f2f9637932,aor,2s,--იც--ოდი,n
c2ebf2c3-2d28-4845-9dec-95f2f9637932,aor,3s,--იც--ოდა,n
c2ebf2c3-2d28-4845-9dec-95f2f9637932,aor,1p,-ვ-იც--ოდით,n
c2ebf2c3-2d28-4845-9dec-95f2f9637932,aor,2p,--იც--ოდით,n
c2ebf2c3-2d28-4845-9dec-95f2f9637932,aor,3p,--იც--ოდნენ,n
c2ebf2c3-2d28-4845-9dec-95f2f9637932,opt,1s,-ვ-იც--ე,n
c2ebf2c3-2d28-4845-9dec-95f2f9637932,opt,2s,--იც--ე,n
c2ebf2c3-2d28-4845-9dec-95f2f9637932,opt,3s,--იც--ეს,n
c2ebf2c3-2d28-4845-9dec-95f2f9637932,opt,1p,-ვ-იც--ეთ,n
c2ebf2c3-2d28-4845-9dec-95f2f9637932,opt,2p,--იც--ეთ,n
c2ebf2c3-2d28-4845-9dec-95f2f9637932,opt,3p,--იც--ენ,n
4b319452-7031-48e1-86be-9935dba8281f,pres,1s,-ვ-აგვიან-ებ-,n
4b319452-7031-48e1-86be-9935dba8281f,pres,2s,--აგვიან-ებ-,n
4b319452-7031-48e1-86be-9935dba8281f,pres,3s,--აგვიან-ებ-ს,n
4b319452-7031-48e1-86be-9935dba8281f,pres,1p,-ვ-აგვიან-ებ-თ,n
4b319452-7031-48e1-86be-9935dba8281f,pres,2p,--აგვიან-ებ-თ,n
4b319452-7031-48e1-86be-9935dba8281f,pres,3p,--აგვიან-ებ-ენ,n
4b319452-7031-48e1-86be-9935dba8281f,imp,1s,-ვ-აგვიან-ებ-დი,n
4b319452-7031-48e1-86be-9935dba8281f,imp,2s,--აგვიან-ებ-დი,n
4b319452-7031-48e1-86be-9935dba8281f,imp,3s,--აგვიან-ებ-და,n
4b319452-7031-48e1-86be-9935dba8281f,imp,1p,-ვ-აგვიან-ებ-დით,n
4b319452-7031-48e1-86be-9935dba8281f,imp,2p,--აგვიან-ებ-დით,n
4b319452-7031-48e1-86be-9935dba8281f,imp,3p,--აგვიან-ებ-დნენ,n
4b319452-7031-48e1-86be-9935dba8281f,pres-subj,1s,-ვ-აგვიან-ებ-დე,n
4b319452-7031-48e1-86be-9935dba8281f,pres-subj,2s,--აგვიან-ებ-დე,n
4b319452-7031-48e1-86be-9935dba8281f,pres-subj,3s,--აგვიან-ებ-დეს,n
4b319452-7031-48e1-86be-9935dba8281f,pres-subj,1p,-ვ-აგვიან-ებ-დეთ,n
4b319452-7031-48e1-86be-9935dba8281f,pres-subj,2p,--აგვიან-ებ-დეთ,n
4b319452-7031-48e1-86be-9935dba8281f,pres-subj,3p,--აგვიან-ებ-დნენ,n
4b319452-7031-48e1-86be-9935dba8281f,fut,1s,და-ვ-აგვიან-ებ-,n
4b319452-7031-48e1-86be-9935dba8281f,fut,2s,და--აგვიან-ებ-,n
4b319452-7031-48e1-86be-9935dba8281f,fut,3s,და--აგვიან-ებ-ს,n
4b319452-7031-48e1-86be-9935dba8281f,fut,1p,და-ვ-აგვიან-ებ-თ,n
4b319452-7031-48e1-86be-9935dba8281f,fut,2p,და--აგვიან-ებ-თ,n
4b319452-7031-48e1-86be-9935dba8281f,fut,3p,და--აგვიან-ებ-ენ,n
4b319452-7031-48e1-86be-9935dba8281f,cond,1s,და-ვ-აგვიან-ებ-დი,n
4b319452-7031-48e1-86be-9935dba8281f,cond,2s,და--აგვიან-ებ-დი,n
4b319452-7031-48e1-86be-9935dba8281f,cond,3s,და--აგვიან-ებ-და,n
4b319452-7031-48e1-86be-9935dba8281f,cond,1p,და-ვ-აგვიან-ებ-დით,n
4b319452-7031-48e1-86be-9935dba8281f,cond,2p,და--აგვიან-ებ-დით,n
4b319452-7031-48e1-86be-9935dba8281f,cond,3p,და--აგვიან-ებ-დნენ,n
4b319452-7031-48e1-86be-9935dba8281f,aor,1s,და-ვ-აგვიან--ე,n
4b319452-7031-48e1-86be-9935dba8281f,aor,2s,და--აგვიან--ე,n
4b319452-7031-48e1-86be-9935dba8281f,aor,3s,და--აგვიან--ა,n
4b319452-7031-48e1-86be-9935dba8281f,aor,1p,და-ვ-აგვიან--ეთ,n
4b319452-7031-48e1-86be-9935dba8281f,aor,2p,და--აგვიან--ეთ,n
4b319452-7031-48e1-86be-9935dba8281f,aor,3p,და--აგვიან--ეს,n
4b319452-7031-48e1-86be-9935dba8281f,opt,1s,და-ვ-აგვიან--,n
4b319452-7031-48e1-86be-9935dba8281f,opt,2s,და--აგვიან--,n
4b319452-7031-48e1-86be-9935dba8281f,opt,3s,და--აგვიან--ოს,n
4b319452-7031-48e1-86be-9935dba8281f,opt,1p,და-ვ-აგვიან--ოთ,n
4b319452-7031-48e1-86be-9935dba8281f,opt,2p,და--აგვიან--ოთ,n
4b319452-7031-48e1-86be-9935dba8281f,opt,3p,და--აგვიან--ონ,n
e5e3e651-b383-432e-9084-00a4a822f5ec,pres,1s,-ვ-იცინ-ი-,n
e5e3e651-b383-432e-9084-00a4a822f5ec,pres,2s,--იცინ-ი-,n
e5e3e651-b383-432e-9084-00a4a822f5ec,pres,3s,--იცინ-ი-ს,n
e5e3e651-b383-432e-9084-00a4a822f5ec,pres,1p,-ვ-იცინ-ი-თ,n
e5e3e651-b383-432e-9084-00a4a822f5ec,pres,2p,--იცინ-ი-თ,n
e5e3e651-b383-432e-9084-00a4a822f5ec,pres,3p,--იცინ-ი-ან,n
e5e3e651-b383-432e-9084-00a4a822f5ec,imp,1s,-ვ-იცინ-ი-ოდი,n
e5e3e651-b383-432e-9084-00a4a822f5ec,imp,2s,--იცინ-ი-ოდი,n
e5e3e651-b383-432e-9084-00a4a822f5ec,imp,3s,--იცინ-ი-ოდა,n
e5e3e651-b383-432e-9084-00a4a822f5ec,imp,1p,-ვ-იცინ-ი-ოდით,n
e5e3e651-b383-432e-9084-00a4a822f5ec,imp,2p,--იცინ-ი-ოდით,n
e5e3e651-b383-432e-9084-00a4a822f5ec,imp,3p,--იცინ-ი-ოდნენ,n
e5e3e651-b383-432e-9084-00a4a822f5ec,pres-subj,1s,-ვ-იცინ-ი-დე,n
e5e3e651-b383-432e-9084-00a4a822f5ec,pres-subj,2s,--იცინ-ი-დე,n
e5e3e651-b383-432e-9084-00a4a822f5ec,pres-subj,3s,--იცინ-ი-დეს,n
e5e3e651-b383-432e-9084-00a4a822f5ec,pres-subj,1p,-ვ-იცინ-ი-დეთ,n
e5e3e651-b383-432e-9084-00a4a822f5ec,pres-subj,2p,--იცინ-ი-დეთ,n
e5e3e651-b383-432e-9084-00a4a822f5ec,pres-subj,3p,--იცინ-ი-დნენ,n
e5e3e651-b383-432e-9084-00a4a822f5ec,fut,1s,-ვ-იცინ-ებ-,n
e5e3e651-b383-432e-9084-00a4a822f5ec,fut,2s,--იცინ-ებ-,n
e5e3e651-b383-432e-9084-00a4a822f5ec,fut,3s,--იცინ-ებ-ს,n
e5e3e651-b383-432e-9084-00a4a822f5ec,fut,1p,-ვ-იცინ-ებ-თ,n
e5e3e651-b383-432e-9084-00a4a822f5ec,fut,2p,--იცინ-ებ-თ,n
e5e3e651-b383-432e-9084-00a4a822f5ec,fut,3p,--იცინ-ებ-ენ,n
e5e3e651-b383-432e-9084-00a4a822f5ec,cond,1s,-ვ-იცინ-ებ-ოდი,n
e5e3e651-b383-432e-9084-00a4a822f5ec,cond,2s,--იცინ-ებ-ოდი,n
e5e3e651-b383-432e-9084-00a4a822f5ec,cond,3s,--იცინ-ებ-ოდა,n
e5e3e651-b383-432e-9084-00a4a822f5ec,cond,1p,-ვ-იცინ-ებ-ოდით,n
e5e3e651-b383-432e-9084-00a4a822f5ec,cond,2p,--იცინ-ებ-ოდით,n
e5e3e651-b383-432e-9084-00a4a822f5ec,cond,3p,--იცინ-ებ-ოდნენ,n
e5e3e651-b383-432e-9084-00a4a822f5ec,aor,1s,-ვ-იცინ--ე,n
e5e3e651-b383-432e-9084-00a4a822f5ec,aor,2s,--იცინ--ე,n
e5e3e651-b383-432e-9084-00a4a822f5ec,aor,3s,--იცინ--ა,n
e5e3e651-b383-432e-9084-00a4a822f5ec,aor,1p,-ვ-იცინ--ეთ,n
e5e3e651-b383-432e-9084-00a4a822f5ec,aor,2p,--იცინ--ეთ,n
e5e3e651-b383-432e-9084-00a4a822f5ec,aor,3p,--იცინ--ეს,n
e5e3e651-b383-432e-9084-00a4a822f5ec,opt,1s,-ვ-იცინ--,n
e5e3e651-b383-432e-9084-00a4a822f5ec,opt,2s,--იცინ--,n
e5e3e651-b383-432e-9084-00a4a822f5ec,opt,3s,--იცინ--ოს,n
e5e3e651-b383-432e-9084-00a4a822f5ec,opt,1p,-ვ-იცინ--ოთ,n
e5e3e651-b383-432e-9084-00a4a822f5ec,opt,2p,--იცინ--ოთ,n
e5e3e651-b383-432e-9084-00a4a822f5ec,opt,3p,--იცინ--ონ,n
fd87f08a-f9ca-49d7-946f-62e1539458a1,pres,1s,-ვ-წე--ვარ,n
fd87f08a-f9ca-49d7-946f-62e1539458a1,pres,2s,--წევ--ხარ,n
fd87f08a-f9ca-49d7-946f-62e1539458a1,pres,3s,--წევ--ს,n
fd87f08a-f9ca-49d7-946f-62e1539458a1,pres,1p,-ვ-წე--ვართ,n
fd87f08a-f9ca-49d7-946f-62e1539458a1,pres,2p,--წევ--ხართ,n
fd87f08a-f9ca-49d7-946f-62e1539458a1,pres,3p,--წვა--ნან,n
fd87f08a-f9ca-49d7-946f-62e1539458a1,imp,1s,-ვ-წე--დი,n
fd87f08a-f9ca-49d7-946f-62e1539458a1,imp,2s,--წევ--დი,n
fd87f08a-f9ca-49d7-946f-62e1539458a1,imp,3s,--წევ--და,n
fd87f08a-f9ca-49d7-946f-62e1539458a1,imp,1p,-ვ-წე--დით,n
fd87f08a-f9ca-49d7-946f-62e1539458a1,imp,2p,--წევ--დით,n
fd87f08a-f9ca-49d7-946f-62e1539458a1,imp,3p,--წვა--დნენ,n
fd87f08a-f9ca-49d7-946f-62e1539458a1,pres-subj,1s,-ვ-წე--დე,n
fd87f08a-f9ca-49d7-946f-62e1539458a1,pres-subj,2s,--წევ--დე,n
fd87f08a-f9ca-49d7-946f-62e1539458a1,pres-subj,3s,--წევ--დეს,n
fd87f08a-f9ca-49d7-946f-62e1539458a1,pres-subj,1p,-ვ-წე--დეთ,n
fd87f08a-f9ca-49d7-946f-62e1539458a1,pres-subj,2p,--წევ--დეთ,n
fd87f08a-f9ca-49d7-946f-62e1539458a1,pres-subj,3p,--წვა--დნენ,n
fd87f08a-f9ca-49d7-946f-62e1539458a1,fut,1s,და-ვ-წვ-ებ-ი,n
fd87f08a-f9ca-49d7-946f-62e1539458a1,fut,2s,და--წვ-ებ-ი,n
fd87f08a-f9ca-49d7-946f-62e1539458a1,fut,3s,და--წვ-ებ-ა,n
fd87f08a-f9ca-49d7-946f-62e1539458a1,fut,1p,და-ვ-წვ-ებ-ით,n
fd87f08a-f9ca-49d7-946f-62e1539458a1,fut,2p,და--წვ-ებ-ით,n
fd87f08a-f9ca-49d7-946f-62e1539458a1,fut,3p,და--წვ-ებ-იან,n
fd87f08a-f9ca-49d7-946f-62e1539458a1,cond,1s,და-ვ-წვ-ებ-დი,n
fd87f08a-f9ca-49d7-946f-62e1539458a1,cond,2s,და--წვ-ებ-დი,n
fd87f08a-f9ca-49d7-946f-62e1539458a1,cond,3s,და--წვ-ებ-და,n
fd87f08a-f9ca-49d7-946f-62e1539458a1,cond,1p,და-ვ-წვ-ებ-დით,n
fd87f08a-f9ca-49d7-946f-62e1539458a1,cond,2p,და--წვ-ებ-დით,n
fd87f08a-f9ca-49d7-946f-62e1539458a1,cond,3p,და--წვ-ებ-დნენ,n
fd87f08a-f9ca-49d7-946f-62e1539458a1,aor,1s,და-ვ-წექ--ი,n
fd87f08a-f9ca-49d7-946f-62e1539458a1,aor,2s,და--წექ--ი,n
fd87f08a-f9ca-49d7-946f-62e1539458a1,aor,3s,და--წვ--ა,n
fd87f08a-f9ca-49d7-946f-62e1539458a1,aor,1p,და-ვ-წექ--ით,n
fd87f08a-f9ca-49d7-946f-62e1539458a1,aor,2p,და--წექ--ით,n
fd87f08a-f9ca-49d7-946f-62e1539458a1,aor,3p,და--წვ--ნენ,n
fd87f08a-f9ca-49d7-946f-62e1539458a1,opt,1s,და-ვ-წვ--ე,n
fd87f08a-f9ca-49d7-946f-62e1539458a1,opt,2s,და--წვ--ე,n
fd87f08a-f9ca-49d7-946f-62e1539458a1,opt,3s,და--წვ--ეს,n
fd87f08a-f9ca-49d7-946f-62e1539458a1,opt,1p,და-ვ-წვ--ეთ,n
fd87f08a-f9ca-49d7-946f-62e1539458a1,opt,2p,და--წვ--ეთ,n
fd87f08a-f9ca-49d7-946f-62e1539458a1,opt,3p,და--წვ--ნენ,n
e797af24-ee90-42c0-b31e-c9dffb7745ec,pres,1s,-ვ-ტოვ-ებ-,n
e797af24-ee90-42c0-b31e-c9dffb7745ec,pres,2s,--ტოვ-ებ-,n
e797af24-ee90-42c0-b31e-c9dffb7745ec,pres,3s,--ტოვ-ებ-ს,n
e797af24-ee90-42c0-b31e-c9dffb7745ec,pres,1p,-ვ-ტოვ-ებ-თ,n
e797af24-ee90-42c0-b31e-c9dffb7745ec,pres,2p,--ტოვ-ებ-თ,n
e797af24-ee90-42c0-b31e-c9dffb7745ec,pres,3p,--ტოვ-ებ-ენ,n
e797af24-ee90-42c0-b31e-c9dffb7745ec,imp,1s,-ვ-ტოვ-ებ-დი,n
e797af24-ee90-42c0-b31e-c9dffb7745ec,imp,2s,--ტოვ-ებ-დი,n
e797af24-ee90-42c0-b31e-c9dffb7745ec,imp,3s,--ტოვ-ებ-და,n
e797af24-ee90-42c0-b31e-c9dffb7745ec,imp,1p,-ვ-ტოვ-ებ-დით,n
e797af24-ee90-42c0-b31e-c9dffb7745ec,imp,2p,--ტოვ-ებ-დით,n
e797af24-ee90-42c0-b31e-c9dffb7745ec,imp,3p,--ტოვ-ებ-დნენ,n
e797af24-ee90-42c0-b31e-c9dffb7745ec,pres-subj,1s,-ვ-ტოვ-ებ-დე,n
e797af24-ee90-42c0-b31e-c9dffb7745ec,pres-subj,2s,--ტოვ-ებ-დე,n
e797af24-ee90-42c0-b31e-c9dffb7745ec,pres-subj,3s,--ტოვ-ებ-დეს,n
e797af24-ee90-42c0-b31e-c9dffb7745ec,pres-subj,1p,-ვ-ტოვ-ებ-დეთ,n
e797af24-ee90-42c0-b31e-c9dffb7745ec,pres-subj,2p,--ტოვ-ებ-დეთ,n
e797af24-ee90-42c0-b31e-c9dffb7745ec,pres-subj,3p,--ტოვ-ებ-დნენ,n
e797af24-ee90-42c0-b31e-c9dffb7745ec,fut,1s,და-ვ-ტოვ-ებ-,n
e797af24-ee90-42c0-b31e-c9dffb7745ec,fut,2s,და--ტოვ-ებ-,n
e797af24-ee90-42c0-b31e-c9dffb7745ec,fut,3s,და--ტოვ-ებ-ს,n
e797af24-ee90-42c0-b31e-c9dffb7745ec,fut,1p,და-ვ-ტოვ-ებ-თ,n
e797af24-ee90-42c0-b31e-c9dffb7745ec,fut,2p,და--ტოვ-ებ-თ,n
e797af24-ee90-42c0-b31e-c9dffb7745ec,fut,3p,და--ტოვ-ებ-ენ,n
e797af24-ee90-42c0-b31e-c9dffb7745ec,cond,1s,და-ვ-ტოვ-ებ-დი,n
e797af24-ee90-42c0-b31e-c9dffb7745ec,cond,2s,და--ტოვ-ებ-დი,n
e797af24-ee90-42c0-b31e-c9dffb7745ec,cond,3s,და--ტოვ-ებ-და,n
e797af24-ee90-42c0-b31e-c9dffb7745ec,cond,1p,და-ვ-ტოვ-ებ-დით,n
e797af24-ee90-42c0-b31e-c9dffb7745ec,cond,2p,და--ტოვ-ებ-დით,n
e797af24-ee90-42c0-b31e-c9dffb7745ec,cond,3p,და--ტოვ-ებ-დნენ,n
e797af24-ee90-42c0-b31e-c9dffb7745ec,aor,1s,და-ვ-ტოვ--ე,n
e797af24-ee90-42c0-b31e-c9dffb7745ec,aor,2s,და--ტოვ--ე,n
e797af24-ee90-42c0-b31e-c9dffb7745ec,aor,3s,და--ტოვ--ა,n
e797af24-ee90-42c0-b31e-c9dffb7745ec,aor,1p,და-ვ-ტოვ--ეთ,n
e797af24-ee90-42c0-b31e-c9dffb7745ec,aor,2p,და--ტოვ--ეთ,n
e797af24-ee90-42c0-b31e-c9dffb7745ec,aor,3p,და--ტოვ--ეს,n
e797af24-ee90-42c0-b31e-c9dffb7745ec,opt,1s,და-ვ-ტოვ--,n
e797af24-ee90-42c0-b31e-c9dffb7745ec,opt,2s,და--ტოვ--,n
e797af24-ee90-42c0-b31e-c9dffb7745ec,opt,3s,და--ტოვ--ოს,n
e797af24-ee90-42c0-b31e-c9dffb7745ec,opt,1p,და-ვ-ტოვ--ოთ,n
e797af24-ee90-42c0-b31e-c9dffb7745ec,opt,2p,და--ტოვ--ოთ,n
e797af24-ee90-42c0-b31e-c9dffb7745ec,opt,3p,და--ტოვ--ონ,n
b038c044-e57c-4871-9a61-bf51491f097e,pres,1s,-ვ-უშვ-ებ-,n
b038c044-e57c-4871-9a61-bf51491f097e,pres,2s,--უშვ-ებ-,n
b038c044-e57c-4871-9a61-bf51491f097e,pres,3s,--უშვ-ებ-ს,n
b038c044-e57c-4871-9a61-bf51491f097e,pres,1p,-ვ-უშვ-ებ-თ,n
b038c044-e57c-4871-9a61-bf51491f097e,pres,2p,--უშვ-ებ-თ,n
b038c044-e57c-4871-9a61-bf51491f097e,pres,3p,--უშვ-ებ-ენ,n
b038c044-e57c-4871-9a61-bf51491f097e,imp,1s,-ვ-უშვ-ებ-დი,n
b038c044-e57c-4871-9a61-bf51491f097e,imp,2s,--უშვ-ებ-დი,n
b038c044-e57c-4871-9a61-bf51491f097e,imp,3s,--უშვ-ებ-და,n
b038c044-e57c-4871-9a61-bf51491f097e,imp,1p,-ვ-უშვ-ებ-დით,n
b038c044-e57c-4871-9a61-bf51491f097e,imp,2p,--უშვ-ებ-დით,n
b038c044-e57c-4871-9a61-bf51491f097e,imp,3p,--უშვ-ებ-დნენ,n
b038c044-e57c-4871-9a61-bf51491f097e,pres-subj,1s,-ვ-უშვ-ებ-დე,n
b038c044-e57c-4871-9a61-bf51491f097e,pres-subj,2s,--უშვ-ებ-დე,n
b038c044-e57c-4871-9a61-bf51491f097e,pres-subj,3s,--უშვ-ებ-დეს,n
b038c044-e57c-4871-9a61-bf51491f097e,pres-subj,1p,-ვ-უშვ-ებ-დეთ,n
b038c044-e57c-4871-9a61-bf51491f097e,pres-subj,2p,--უშვ-ებ-დეთ,n
b038c044-e57c-4871-9a61-bf51491f097e,pres-subj,3p,--უშვ-ებ-დნენ,n
b038c044-e57c-4871-9a61-bf51491f097e,fut,1s,გა-ვ-უშვ-ებ-,n
b038c044-e57c-4871-9a61-bf51491f097e,fut,2s,გა--უშვ-ებ-,n
b038c044-e57c-4871-9a61-bf51491f097e,fut,3s,გა--უშვ-ებ-ს,n
b038c044-e57c-4871-9a61-bf51491f097e,fut,1p,გა-ვ-უშვ-ებ-თ,n
b038c044-e57c-4871-9a61-bf51491f097e,fut,2p,გა--უშვ-ებ-თ,n
b038c044-e57c-4871-9a61-bf51491f097e,fut,3p,გა--უშვ-ებ-ენ,n
b038c044-e57c-4871-9a61-bf51491f097e,cond,1s,გა-ვ-უშვ-ებ-დი,n
b038c044-e57c-4871-9a61-bf51491f097e,cond,2s,გა--უშვ-ებ-დი,n
b038c044-e57c-4871-9a61-bf51491f097e,cond,3s,გა--უშვ-ებ-და,n
b038c044-e57c-4871-9a61-bf51491f097e,cond,1p,გა-ვ-უშვ-ებ-დით,n
b038c044-e57c-4871-9a61-bf51491f097e,cond,2p,გა--უშვ-ებ-დით,n
b038c044-e57c-4871-9a61-bf51491f097e,cond,3p,გა--უშვ-ებ-დნენ,n
b038c044-e57c-4871-9a61-bf51491f097e,aor,1s,გა-ვ-უშვ--ი,n
b038c044-e57c-4871-9a61-bf51491f097e,aor,2s,გა--უშვ--ი,n
b038c044-e57c-4871-9a61-bf51491f097e,aor,3s,გა--უშვ--ა,n
b038c044-e57c-4871-9a61-bf51491f097e,aor,1p,გა-ვ-უშვ--ით,n
b038c044-e57c-4871-9a61-bf51491f097e,aor,2p,გა--უშვ--ით,n
b038c044-e57c-4871-9a61-bf51491f097e,aor,3p,გა--უშვ--ეს,n
b038c044-e57c-4871-9a61-bf51491f097e,opt,1s,გა-ვ-უშვ--ა,n
b038c044-e57c-4871-9a61-bf51491f097e,opt,2s,გა--უშვ--ა,n
b038c044-e57c-4871-9a61-bf51491f097e,opt,3s,გა--უშვ--ას,n
b038c044-e57c-4871-9a61-bf51491f097e,opt,1p,გა-ვ-უშვ--ათ,n
b038c044-e57c-4871-9a61-bf51491f097e,opt,2p,გა--უშვ--ათ,n
b038c044-e57c-4871-9a61-bf51491f097e,opt,3p,გა--უშვ--ან,n
adb8bd84-cc5f-4c0a-958f-0a655f760637,pres,1s,-ვ-იტყუ-ებ-ი,n
adb8bd84-cc5f-4c0a-958f-0a655f760637,pres,2s,--იტყუ-ებ-ი,n
adb8bd84-cc5f-4c0a-958f-0a655f760637,pres,3s,--იტყუ-ებ-ა,n
adb8bd84-cc5f-4c0a-958f-0a655f760637,pres,1p,-ვ-იტყუ-ებ-ით,n
adb8bd84-cc5f-4c0a-958f-0a655f760637,pres,2p,--იტყუ-ებ-ით,n
adb8bd84-cc5f-4c0a-958f-0a655f760637,pres,3p,--იტყუ-ებ-იან,n
adb8bd84-cc5f-4c0a-958f-0a655f760637,imp,1s,-ვ-იტყუ-ებ-ოდი,n
adb8bd84-cc5f-4c0a-958f-0a655f760637,imp,2s,--იტყუ-ებ-ოდი,n
adb8bd84-cc5f-4c0a-958f-0a655f760637,imp,3s,--იტყუ-ებ-ოდა,n
adb8bd84-cc5f-4c0a-958f-0a655f760637,imp,1p,-ვ-იტყუ-ებ-ოდით,n
adb8bd84-cc5f-4c0a-958f-0a655f760637,imp,2p,--იტყუ-ებ-ოდით,n
adb8bd84-cc5f-4c0a-958f-0a655f760637,imp,3p,--იტყუ-ებ-ოდნენ,n
adb8bd84-cc5f-4c0a-958f-0a655f760637,pres-subj,1s,-ვ-იტყუ-ებ-დე,n
adb8bd84-cc5f-4c0a-958f-0a655f760637,pres-subj,2s,--იტყუ-ებ-დე,n
adb8bd84-cc5f-4c0a-958f-0a655f760637,pres-subj,3s,--იტყუ-ებ-დეს,n
adb8bd84-cc5f-4c0a-958f-0a655f760637,pres-subj,1p,-ვ-იტყუ-ებ-დეთ,n
adb8bd84-cc5f-4c0a-958f-0a655f760637,pres-subj,2p,--იტყუ-ებ-დეთ,n
adb8bd84-cc5f-4c0a-958f-0a655f760637,pres-subj,3p,--იტყუ-ებ-დნენ,n
adb8bd84-cc5f-4c0a-958f-0a655f760637,fut,1s,მო-ვ-იტყუ-ებ-ი,n
adb8bd84-cc5f-4c0a-958f-0a655f760637,fut,2s,მო--იტყუ-ებ-ი,n
adb8bd84-cc5f-4c0a-958f-0a655f760637,fut,3s,მო--იტყუ-ებ-ა,n
adb8bd84-cc5f-4c0a-958f-0a655f760637,fut,1p,მო-ვ-იტყუ-ებ-ით,n
adb8bd84-cc5f-4c0a-958f-0a655f760637,fut,2p,მო--იტყუ-ებ-ით,n
adb8bd84-cc5f-4c0a-958f-0a655f760637,fut,3p,მო--იტყუ-ებ-იან,n
adb8bd84-cc5f-4c0a-958f-0a655f760637,cond,1s,მო-ვ-იტყუ-ებ-ოდი,n
adb8bd84-cc5f-4c0a-958f-0a655f760637,cond,2s,მო--იტყუ-ებ-ოდი,n
adb8bd84-cc5f-4c0a-958f-0a655f760637,cond,3s,მო--იტყუ-ებ-ოდა,n
adb8bd84-cc5f-4c0a-958f-0a655f760637,cond,1p,მო-ვ-იტყუ-ებ-ოდით,n
adb8bd84-cc5f-4c0a-958f-0a655f760637,cond,2p,მო--იტყუ-ებ-ოდით,n
adb8bd84-cc5f-4c0a-958f-0a655f760637,cond,3p,მო--იტყუ-ებ-ოდნენ,n
adb8bd84-cc5f-4c0a-958f-0a655f760637,aor,1s,მო-ვ-იტყუ--ე,n
adb8bd84-cc5f-4c0a-958f-0a655f760637,aor,2s,მო--იტყუ--ე,n
adb8bd84-cc5f-4c0a-958f-0a655f760637,aor,3s,მო--იტყუ--ა,n
adb8bd84-cc5f-4c0a-958f-0a655f760637,aor,1p,მო-ვ-იტყუ--ეთ,n
adb8bd84-cc5f-4c0a-958f-0a655f760637,aor,2p,მო--იტყუ--ეთ,n
adb8bd84-cc5f-4c0a-958f-0a655f760637,aor,3p,მო--იტყუ--ეს,n
adb8bd84-cc5f-4c0a-958f-0a655f760637,opt,1s,მო-ვ-იტყუ--,n
adb8bd84-cc5f-4c0a-958f-0a655f760637,opt,2s,მო--იტყუ--,n
adb8bd84-cc5f-4c0a-958f-0a655f760637,opt,3s,მო--იტყუ--ოს,n
adb8bd84-cc5f-4c0a-958f-0a655f760637,opt,1p,მო-ვ-იტყუ--ოთ,n
adb8bd84-cc5f-4c0a-958f-0a655f760637,opt,2p,მო--იტყუ--ოთ,n
adb8bd84-cc5f-4c0a-958f-0a655f760637,opt,3p,მო--იტყუ--ონ,n
cee7ece3-1fa2-4e7b-bf18-1386bdc84026,pres,1s,-ვ-წ-ევ-,n
cee7ece3-1fa2-4e7b-bf18-1386bdc84026,pres,2s,--წ-ევ-,n
cee7ece3-1fa2-4e7b-bf18-1386bdc84026,pres,3s,--წ-ევ-ს,n
cee7ece3-1fa2-4e7b-bf18-1386bdc84026,pres,1p,-ვ-წ-ევ-თ,n
cee7ece3-1fa2-4e7b-bf18-1386bdc84026,pres,2p,--წ-ევ-თ,n
cee7ece3-1fa2-4e7b-bf18-1386bdc84026,pres,3p,--წ-ევ-ენ,n
cee7ece3-1fa2-4e7b-bf18-1386bdc84026,imp,1s,-ვ-წ-ევ-დი,n
cee7ece3-1fa2-4e7b-bf18-1386bdc84026,imp,2s,--წ-ევ-დი,n
cee7ece3-1fa2-4e7b-bf18-1386bdc84026,imp,3s,--წ-ევ-და,n
cee7ece3-1fa2-4e7b-bf18-1386bdc84026,imp,1p,-ვ-წ-ევ-დით,n
cee7ece3-1fa2-4e7b-bf18-1386bdc84026,imp,2p,--წ-ევ-დით,n
cee7ece3-1fa2-4e7b-bf18-1386bdc84026,imp,3p,--წ-ევ-დნენ,n
cee7ece3-1fa2-4e7b-bf18-1386bdc84026,pres-subj,1s,-ვ-წ-ევ-დე,n
cee7ece3-1fa2-4e7b-bf18-1386bdc84026,pres-subj,2s,--წ-ევ-დე,n
cee7ece3-1fa2-4e7b-bf18-1386bdc84026,pres-subj,3s,--წ-ევ-დეს,n
cee7ece3-1fa2-4e7b-bf18-1386bdc84026,pres-subj,1p,-ვ-წ-ევ-დეთ,n
cee7ece3-1fa2-4e7b-bf18-1386bdc84026,pres-subj,2p,--წ-ევ-დეთ,n
cee7ece3-1fa2-4e7b-bf18-1386bdc84026,pres-subj,3p,--წ-ევ-დნენ,n
cee7ece3-1fa2-4e7b-bf18-1386bdc84026,fut,1s,ა-ვ-წ-ევ-,n
cee7ece3-1fa2-4e7b-bf18-1386bdc84026,fut,2s,ა--წ-ევ-,n
cee7ece3-1fa2-4e7b-bf18-1386bdc84026,fut,3s,ა--წ-ევ-ს,n
cee7ece3-1fa2-4e7b-bf18-1386bdc84026,fut,1p,ა-ვ-წ-ევ-თ,n
cee7ece3-1fa2-4e7b-bf18-1386bdc84026,fut,2p,ა--წ-ევ-თ,n
cee7ece3-1fa2-4e7b-bf18-1386bdc84026,fut,3p,ა--წ-ევ-ენ,n
cee7ece3-1fa2-4e7b-bf18-1386bdc84026,cond,1s,ა-ვ-წ-ევ-დი,n
cee7ece3-1fa2-4e7b-bf18-1386bdc84026,cond,2s,ა--წ-ევ-დი,n
cee7ece3-1fa2-4e7b-bf18-1386bdc84026,cond,3s,ა--წ-ევ-და,n
cee7ece3-1fa2-4e7b-bf18-1386bdc84026,cond,1p,ა-ვ-წ-ევ-დით,n
cee7ece3-1fa2-4e7b-bf18-1386bdc84026,cond,2p,ა--წ-ევ-დით,n
cee7ece3-1fa2-4e7b-bf18-1386bdc84026,cond,3p,ა--წ-ევ-დნენ,n
cee7ece3-1fa2-4e7b-bf18-1386bdc84026,aor,1s,ა-ვ-წი--ე,n
cee7ece3-1fa2-4e7b-bf18-1386bdc84026,aor,2s,ა--წი--ე,n
cee7ece3-1fa2-4e7b-bf18-1386bdc84026,aor,3s,ა--წი--ა,n
cee7ece3-1fa2-4e7b-bf18-1386bdc84026,aor,1p,ა-ვ-წი--ეთ,n
cee7ece3-1fa2-4e7b-bf18-1386bdc84026,aor,2p,ა--წი--ეთ,n
cee7ece3-1fa2-4e7b-bf18-1386bdc84026,aor,3p,ა--წი--ეს,n
cee7ece3-1fa2-4e7b-bf18-1386bdc84026,opt,1s,ა-ვ-წი--,n
cee7ece3-1fa2-4e7b-bf18-1386bdc84026,opt,2s,ა--წი--,n
cee7ece3-1fa2-4e7b-bf18-1386bdc84026,opt,3s,ა--წი--ოს,n
cee7ece3-1fa2-4e7b-bf18-1386bdc84026,opt,1p,ა-ვ-წი--ოთ,n
cee7ece3-1fa2-4e7b-bf18-1386bdc84026,opt,2p,ა--წი--ოთ,n
cee7ece3-1fa2-4e7b-bf18-1386bdc84026,opt,3p,ა--წი--ონ,n
37b9a9e5-3498-42f4-a314-ba09633c96f6,pres,1s,მო-მ-წონ--ს,n
37b9a9e5-3498-42f4-a314-ba09633c96f6,pres,2s,მო-გ-წონ--ს,n
37b9a9e5-3498-42f4-a314-ba09633c96f6,pres,3s,მო-ს-წონ--ს,n
37b9a9e5-3498-42f4-a314-ba09633c96f6,pres,1p,მო-გვ-წონ--ს,n
37b9a9e5-3498-42f4-a314-ba09633c96f6,pres,2p,მო-გ-წონ--თ,n
37b9a9e5-3498-42f4-a314-ba09633c96f6,pres,3p,მო-ს-წონ--თ,n
37b9a9e5-3498-42f4-a314-ba09633c96f6,imp,1s,მო-მ-წონ--და,n
37b9a9e5-3498-42f4-a314-ba09633c96f6,imp,2s,მო-გ-წონ--და,n
37b9a9e5-3498-42f4-a314-ba09633c96f6,imp,3s,მო-ს-წონ--და,n
37b9a9e5-3498-42f4-a314-ba09633c96f6,imp,1p,მო-გვ-წონ--და,n
37b9a9e5-3498-42f4-a314-ba09633c96f6,imp,2p,მო-გ-წონ--დათ,n
37b9a9e5-3498-42f4-a314-ba09633c96f6,imp,3p,მო-ს-წონ--დათ,n
37b9a9e5-3498-42f4-a314-ba09633c96f6,pres-subj,1s,მო-მ-წონ--დეს,n
37b9a9e5-3498-42f4-a314-ba09633c96f6,pres-subj,2s,მო-გ-წონ--დეს,n
37b9a9e5-3498-42f4-a314-ba09633c96f6,pres-subj,3s,მო-ს-წონ--დეს,n
37b9a9e5-3498-42f4-a314-ba09633c96f6,pres-subj,1p,მო-გვ-წონ--დეს,n
37b9a9e5-3498-42f4-a314-ba09633c96f6,pres-subj,2p,მო-გ-წონ--დეთ,n
37b9a9e5-3498-42f4-a314-ba09633c96f6,pres-subj,3p,მო-ს-წონ--დეთ,n
37b9a9e5-3498-42f4-a314-ba09633c96f6,fut,1s,მო-მ-ეწონ--ება,n
37b9a9e5-3498-42f4-a314-ba09633c96f6,fut,2s,მო-გ-ეწონ--ება,n
37b9a9e5-3498-42f4-a314-ba09633c96f6,fut,3s,მო--ეწონ--ება,n
37b9a9e5-3498-42f4-a314-ba09633c96f6,fut,1p,მო-გვ-ეწონ--ება,n
37b9a9e5-3498-42f4-a314-ba09633c96f6,fut,2p,მო-გ-ეწონ--ებათ,n
37b9a9e5-3498-42f4-a314-ba09633c96f6,fut,3p,მო--ეწონ--ებათ,n
37b9a9e5-3498-42f4-a314-ba09633c96f6,cond,1s,მო-მ-ეწონ--ოდა,n
37b9a9e5-3498-42f4-a314-ba09633c96f6,cond,2s,მო-გ-ეწონ--ოდა,n
37b9a9e5-3498-42f4-a314-ba09633c96f6,cond,3s,მო--ეწონ--ოდა,n
37b9a9e5-3498-42f4-a314-ba09633c96f6,cond,1p,მო-გვ-ეწონ--ოდა,n
37b9a9e5-3498-42f4-a314-ba09633c96f6,cond,2p,მო-გ-ეწონ--ოდათ,n
37b9a9e5-3498-42f4-a314-ba09633c96f6,cond,3p,მო--ეწონ--ოდათ,n
37b9a9e5-3498-42f4-a314-ba09633c96f6,aor,1s,მო-მ-ეწონ--ა,n
37b9a9e5-3498-42f4-a314-ba09633c96f6,aor,2s,მო-გ-ეწონ--ა,n
37b9a9e5-3498-42f4-a314-ba09633c96f6,aor,3s,მო--ეწონ--ა,n
37b9a9e5-3498-42f4-a314-ba09633c96f6,aor,1p,მო-გვ-ეწონ--ა,n
37b9a9e5-3498-42f4-a314-ba09633c96f6,aor,2p,მო-გ-ეწონ--ათ,n
37b9a9e5-3498-42f4-a314-ba09633c96f6,aor,3p,მო--ეწონ--ათ,n
37b9a9e5-3498-42f4-a314-ba09633c96f6,opt,1s,მო-მ-ეწონ--ოს,n
37b9a9e5-3498-42f4-a314-ba09633c96f6,opt,2s,მო-გ-ეწონ--ოს,n
37b9a9e5-3498-42f4-a314-ba09633c96f6,opt,3s,მო--ეწონ--ოს,n
37b9a9e5-3498-42f4-a314-ba09633c96f6,opt,1p,მო-გვ-ეწონ--ოს,n
37b9a9e5-3498-42f4-a314-ba09633c96f6,opt,2p,მო-გ-ეწონ--ოთ,n
37b9a9e5-3498-42f4-a314-ba09633c96f6,opt,3p,მო--ეწონ--ოთ,n
0eb6b59c-fa4c-4df6-91ec-6a278dac4a4e,pres,1s,-ვ-უსმენ--,n
0eb6b59c-fa4c-4df6-91ec-6a278dac4a4e,pres,2s,--უსმენ--,n
0eb6b59c-fa4c-4df6-91ec-6a278dac4a4e,pres,3s,--უსმენ--ს,n
0eb6b59c-fa4c-4df6-91ec-6a278dac4a4e,pres,1p,-ვ-უსმენ--თ,n
0eb6b59c-fa4c-4df6-91ec-6a278dac4a4e,pres,2p,--უსმენ--თ,n
0eb6b59c-fa4c-4df6-91ec-6a278dac4a4e,pres,3p,--უსმენ--ენ,n
0eb6b59c-fa4c-4df6-91ec-6a278dac4a4e,imp,1s,-ვ-უსმენ--დი,n
0eb6b59c-fa4c-4df6-91ec-6a278dac4a4e,imp,2s,--უსმენ--დი,n
0eb6b59c-fa4c-4df6-91ec-6a278dac4a4e,imp,3s,--უსმენ--და,n
0eb6b59c-fa4c-4df6-91ec-6a278dac4a4e,imp,1p,-ვ-უსმენ--დით,n
0eb6b59c-fa4c-4df6-91ec-6a278dac4a4e,imp,2p,--უსმენ--დით,n
0eb6b59c-fa4c-4df6-91ec-6a278dac4a4e,imp,3p,--უსმენ--დნენ,n
0eb6b59c-fa4c-4df6-91ec-6a278dac4a4e,pres-subj,1s,-ვ-უსმენ--დე,n
0eb6b59c-fa4c-4df6-91ec-6a278dac4a4e,pres-subj,2s,--უსმენ--დე,n
0eb6b59c-fa4c-4df6-91ec-6a278dac4a4e,pres-subj,3s,--უსმენ--დეს,n
0eb6b59c-fa4c-4df6-91ec-6a278dac4a4e,pres-subj,1p,-ვ-უსმენ--დეთ,n
0eb6b59c-fa4c-4df6-91ec-6a278dac4a4e,pres-subj,2p,--უსმენ--დეთ,n
0eb6b59c-fa4c-4df6-91ec-6a278dac4a4e,pres-subj,3p,--უსმენ--დნენ,n
0eb6b59c-fa4c-4df6-91ec-6a278dac4a4e,fut,1s,მო-ვ-უსმენ--,n
0eb6b59c-fa4c-4df6-91ec-6a278dac4a4e,fut,2s,მო--უსმენ--,n
0eb6b59c-fa4c-4df6-91ec-6a278dac4a4e,fut,3s,მო--უსმენ--ს,n
0eb6b59c-fa4c-4df6-91ec-6a278dac4a4e,fut,1p,მო-ვ-უსმენ--თ,n
0eb6b59c-fa4c-4df6-91ec-6a278dac4a4e,fut,2p,მო--უსმენ--თ,n
0eb6b59c-fa4c-4df6-91ec-6a278dac4a4e,fut,3p,მო--უსმენ--ენ,n
0eb6b59c-fa4c-4df6-91ec-6a278dac4a4e,cond,1s,მო-ვ-უსმენ--დი,n
0eb6b59c-fa4c-4df6-91ec-6a278dac4a4e,cond,2s,მო--უსმენ--დი,n
0eb6b59c-fa4c-4df6-91ec-6a278dac4a4e,cond,3s,მო--უსმენ--და,n
0eb6b59c-fa4c-4df6-91ec-6a278dac4a4e,cond,1p,მო-ვ-უსმენ--დით,n
0eb6b59c-fa4c-4df6-91ec-6a278dac4a4e,cond,2p,მო--უსმენ--დით,n
0eb6b59c-fa4c-4df6-91ec-6a278dac4a4e,cond,3p,მო--უსმენ--დნენ,n
0eb6b59c-fa4c-4df6-91ec-6a278dac4a4e,aor,1s,მო-ვ-უსმინ--ე,n
0eb6b59c-fa4c-4df6-91ec-6a278dac4a4e,aor,2s,მო--უსმინ--ე,n
0eb6b59c-fa4c-4df6-91ec-6a278dac4a4e,aor,3s,მო--უსმინ--ა,n
0eb6b59c-fa4c-4df6-91ec-6a278dac4a4e,aor,1p,მო-ვ-უსმინ--ეთ,n
0eb6b59c-fa4c-4df6-91ec-6a278dac4a4e,aor,2p,მო--უსმინ--ეთ,n
0eb6b59c-fa4c-4df6-91ec-6a278dac4a4e,aor,3p,მო--უსმინ--ეს,n
0eb6b59c-fa4c-4df6-91ec-6a278dac4a4e,opt,1s,მო-ვ-უსმინ--,n
0eb6b59c-fa4c-4df6-91ec-6a278dac4a4e,opt,2s,მო--უსმინ--,n
0eb6b59c-fa4c-4df6-91ec-6a278dac4a4e,opt,3s,მო--უსმინ--ოს,n
0eb6b59c-fa4c-4df6-91ec-6a278dac4a4e,opt,1p,მო-ვ-უსმინ--ოთ,n
0eb6b59c-fa4c-4df6-91ec-6a278dac4a4e,opt,2p,მო--უსმინ--ოთ,n
0eb6b59c-fa4c-4df6-91ec-6a278dac4a4e,opt,3p,მო--უსმინ--ონ,n
1140f629-01ad-48fa-a52c-2b7c811195af,pres,1s,ვ--ცოცხლ-ობ-,y
1140f629-01ad-48fa-a52c-2b7c811195af,pres,2s,--ცოცხლ-ობ-,y
1140f629-01ad-48fa-a52c-2b7c811195af,pres,3s,--ცოცხლ-ობ-ს,y
1140f629-01ad-48fa-a52c-2b7c811195af,pres,1p,ვ--ცოცხლ-ობ-თ,y
1140f629-01ad-48fa-a52c-2b7c811195af,pres,2p,--ცოცხლ-ობ-თ,y
1140f629-01ad-48fa-a52c-2b7c811195af,pres,3p,--ცოცხლ-ობ-ენ,y
1140f629-01ad-48fa-a52c-2b7c811195af,imp,1s,ვ--ცოცხლ-ობ-დი,y
1140f629-01ad-48fa-a52c-2b7c811195af,imp,2s,--ცოცხლ-ობ-დი,y
1140f629-01ad-48fa-a52c-2b7c811195af,imp,3s,--ცოცხლ-ობ-და,y
1140f629-01ad-48fa-a52c-2b7c811195af,imp,1p,ვ--ცოცხლ-ობ-დით,y
1140f629-01ad-48fa-a52c-2b7c811195af,imp,2p,--ცოცხლ-ობ-დით,y
1140f629-01ad-48fa-a52c-2b7c811195af,imp,3p,--ცოცხლ-ობ-დნენ,y
1140f629-01ad-48fa-a52c-2b7c811195af,pres-subj,1s,ვ--ცოცხლ-ობ-დე,y
1140f629-01ad-48fa-a52c-2b7c811195af,pres-subj,2s,--ცოცხლ-ობ-დე,y
1140f629-01ad-48fa-a52c-2b7c811195af,pres-subj,3s,--ცოცხლ-ობ-დეს,y
1140f629-01ad-48fa-a52c-2b7c811195af,pres-subj,1p,ვ--ცოცხლ-ობ-დეთ,y
1140f629-01ad-48fa-a52c-2b7c811195af,pres-subj,2p,--ცოცხლ-ობ-დეთ,y
1140f629-01ad-48fa-a52c-2b7c811195af,pres-subj,3p,--ცოცხლ-ობ-დნენ,y
1140f629-01ad-48fa-a52c-2b7c811195af,fut,1s,ვ-ი-ცოცხლ-ებ-,y
1140f629-01ad-48fa-a52c-2b7c811195af,fut,2s,-ი-ცოცხლ-ებ-,y
1140f629-01ad-48fa-a52c-2b7c811195af,fut,3s,-ი-ცოცხლ-ებ-ს,y
1140f629-01ad-48fa-a52c-2b7c811195af,fut,1p,ვ-ი-ცოცხლ-ებ-თ,y
1140f629-01ad-48fa-a52c-2b7c811195af,fut,2p,-ი-ცოცხლ-ებ-თ,y
1140f629-01ad-48fa-a52c-2b7c811195af,fut,3p,-ი-ცოცხლ-ებ-ენ,y
1140f629-01ad-48fa-a52c-2b7c811195af,cond,1s,ვ-ი-ცოცხლ-ებ-დი,y
1140f629-01ad-48fa-a52c-2b7c811195af,cond,2s,-ი-ცოცხლ-ებ-დი,y
1140f629-01ad-48fa-a52c-2b7c811195af,cond,3s,-ი-ცოცხლ-ებ-და,y
1140f629-01ad-48fa-a52c-2b7c811195af,cond,1p,ვ-ი-ცოცხლ-ებ-დით,y
1140f629-01ad-48fa-a52c-2b7c811195af,cond,2p,-ი-ცოცხლ-ებ-დით,y
1140f629-01ad-48fa-a52c-2b7c811195af,cond,3p,-ი-ცოცხლ-ებ-დნენ,y
1140f629-01ad-48fa-a52c-2b7c811195af,aor,1s,ვ-ი-ცოცხლ--ე,y
1140f629-01ad-48fa-a52c-2b7c811195af,aor,2s,-ი-ცოცხლ--ე,y
1140f629-01ad-48fa-a52c-2b7c811195af,aor,3s,-ი-ცოცხლ--ა,y
1140f629-01ad-48fa-a52c-2b7c811195af,aor,1p,ვ-ი-ცოცხლ--ეთ,y
1140f629-01ad-48fa-a52c-2b7c811195af,aor,2p,-ი-ცოცხლ--ეთ,y
1140f629-01ad-48fa-a52c-2b7c811195af,aor,3p,-ი-ცოცხლ--ეს,y
1140f629-01ad-48fa-a52c-2b7c811195af,opt,1s,ვ-ი-ცოცხლ--,y
1140f629-01ad-48fa-a52c-2b7c811195af,opt,2s,-ი-ცოცხლ--,y
1140f629-01ad-48fa-a52c-2b7c811195af,opt,3s,-ი-ცოცხლ--ოს,y
1140f629-01ad-48fa-a52c-2b7c811195af,opt,1p,ვ-ი-ცოცხლ--ოთ,y
1140f629-01ad-48fa-a52c-2b7c811195af,opt,2p,-ი-ცოცხლ--ოთ,y
1140f629-01ad-48fa-a52c-2b7c811195af,opt,3p,-ი-ცოცხლ--ონ,y
4d32ef69-760b-4654-823f-c31172d6f85f,pres,1s,ვ--ცხოვრ-ობ-,y
4d32ef69-760b-4654-823f-c31172d6f85f,pres,2s,--ცხოვრ-ობ-,y
4d32ef69-760b-4654-823f-c31172d6f85f,pres,3s,--ცხოვრ-ობ-ს,y
4d32ef69-760b-4654-823f-c31172d6f85f,pres,1p,ვ--ცხოვრ-ობ-თ,y
4d32ef69-760b-4654-823f-c31172d6f85f,pres,2p,--ცხოვრ-ობ-თ,y
4d32ef69-760b-4654-823f-c31172d6f85f,pres,3p,--ცხოვრ-ობ-ენ,y
4d32ef69-760b-4654-823f-c31172d6f85f,imp,1s,ვ--ცხოვრ-ობ-დი,y
4d32ef69-760b-4654-823f-c31172d6f85f,imp,2s,--ცხოვრ-ობ-დი,y
4d32ef69-760b-4654-823f-c31172d6f85f,imp,3s,--ცხოვრ-ობ-და,y
4d32ef69-760b-4654-823f-c31172d6f85f,imp,1p,ვ--ცხოვრ-ობ-დით,y
4d32ef69-760b-4654-823f-c31172d6f85f,imp,2p,--ცხოვრ-ობ-დით,y
4d32ef69-760b-4654-823f-c31172d6f85f,imp,3p,--ცხოვრ-ობ-დნენ,y
4d32ef69-760b-4654-823f-c31172d6f85f,pres-subj,1s,ვ--ცხოვრ-ობ-დე,y
4d32ef69-760b-4654-823f-c31172d6f85f,pres-subj,2s,--ცხოვრ-ობ-დე,y
4d32ef69-760b-4654-823f-c31172d6f85f,pres-subj,3s,--ცხოვრ-ობ-დეს,y
4d32ef69-760b-4654-823f-c31172d6f85f,pres-subj,1p,ვ--ცხოვრ-ობ-დეთ,y
4d32ef69-760b-4654-823f-c31172d6f85f,pres-subj,2p,--ცხოვრ-ობ-დეთ,y
4d32ef69-760b-4654-823f-c31172d6f85f,pres-subj,3p,--ცხოვრ-ობ-დნენ,y
4d32ef69-760b-4654-823f-c31172d6f85f,fut,1s,ვ-ი-ცხოვრ-ებ-,y
4d32ef69-760b-4654-823f-c31172d6f85f,fut,2s,-ი-ცხოვრ-ებ-,y
4d32ef69-760b-4654-823f-c31172d6f85f,fut,3s,-ი-ცხოვრ-ებ-ს,y
4d32ef69-760b-4654-823f-c31172d6f85f,fut,1p,ვ-ი-ცხოვრ-ებ-თ,y
4d32ef69-760b-4654-823f-c31172d6f85f,fut,2p,-ი-ცხოვრ-ებ-თ,y
4d32ef69-760b-4654-823f-c31172d6f85f,fut,3p,-ი-ცხოვრ-ებ-ენ,y
4d32ef69-760b-4654-823f-c31172d6f85f,cond,1s,ვ-ი-ცხოვრ-ებ-დი,y
4d32ef69-760b-4654-823f-c31172d6f85f,cond,2s,-ი-ცხოვრ-ებ-დი,y
4d32ef69-760b-4654-823f-c31172d6f85f,cond,3s,-ი-ცხოვრ-ებ-და,y
4d32ef69-760b-4654-823f-c31172d6f85f,cond,1p,ვ-ი-ცხოვრ-ებ-დით,y
4d32ef69-760b-4654-823f-c31172d6f85f,cond,2p,-ი-ცხოვრ-ებ-დით,y
4d32ef69-760b-4654-823f-c31172d6f85f,cond,3p,-ი-ცხოვრ-ებ-დნენ,y
4d32ef69-760b-4654-823f-c31172d6f85f,aor,1s,ვ-ი-ცხოვრ--ე,y
4d32ef69-760b-4654-823f-c31172d6f85f,aor,2s,-ი-ცხოვრ--ე,y
4d32ef69-760b-4654-823f-c31172d6f85f,aor,3s,-ი-ცხოვრ--ა,y
4d32ef69-760b-4654-823f-c31172d6f85f,aor,1p,ვ-ი-ცხოვრ--ეთ,y
4d32ef69-760b-4654-823f-c31172d6f85f,aor,2p,-ი-ცხოვრ--ეთ,y
4d32ef69-760b-4654-823f-c31172d6f85f,aor,3p,-ი-ცხოვრ--ეს,y
4d32ef69-760b-4654-823f-c31172d6f85f,opt,1s,ვ-ი-ცხოვრ--,y
4d32ef69-760b-4654-823f-c31172d6f85f,opt,2s,-ი-ცხოვრ--,y
4d32ef69-760b-4654-823f-c31172d6f85f,opt,3s,-ი-ცხოვრ--ოს,y
4d32ef69-760b-4654-823f-c31172d6f85f,opt,1p,ვ-ი-ცხოვრ--ოთ,y
4d32ef69-760b-4654-823f-c31172d6f85f,opt,2p,-ი-ცხოვრ--ოთ,y
4d32ef69-760b-4654-823f-c31172d6f85f,opt,3p,-ი-ცხოვრ--ონ,y
0e15da98-f944-4836-9109-308983591a03,pres,1s,-ვ-კეტ-ავ-,n
0e15da98-f944-4836-9109-308983591a03,pres,2s,--კეტ-ავ-,n
0e15da98-f944-4836-9109-308983591a03,pres,3s,--კეტ-ავ-ს,n
0e15da98-f944-4836-9109-308983591a03,pres,1p,-ვ-კეტ-ავ-თ,n
0e15da98-f944-4836-9109-308983591a03,pres,2p,--კეტ-ავ-თ,n
0e15da98-f944-4836-9109-308983591a03,pres,3p,--კეტ-ავ-ენ,n
0e15da98-f944-4836-9109-308983591a03,imp,1s,-ვ-კეტ-ავ-დი,n
0e15da98-f944-4836-9109-308983591a03,imp,2s,--კეტ-ავ-დი,n
0e15da98-f944-4836-9109-308983591a03,imp,3s,--კეტ-ავ-და,n
0e15da98-f944-4836-9109-308983591a03,imp,1p,-ვ-კეტ-ავ-დით,n
0e15da98-f944-4836-9109-308983591a03,imp,2p,--კეტ-ავ-დით,n
0e15da98-f944-4836-9109-308983591a03,imp,3p,--კეტ-ავ-დნენ,n
0e15da98-f944-4836-9109-308983591a03,pres-subj,1s,-ვ-კეტ-ავ-დე,n
0e15da98-f944-4836-9109-308983591a03,pres-subj,2s,--კეტ-ავ-დე,n
0e15da98-f944-4836-9109-308983591a03,pres-subj,3s,--კეტ-ავ-დეს,n
0e15da98-f944-4836-9109-308983591a03,pres-subj,1p,-ვ-კეტ-ავ-დეთ,n
0e15da98-f944-4836-9109-308983591a03,pres-subj,2p,--კეტ-ავ-დეთ,n
0e15da98-f944-4836-9109-308983591a03,pres-subj,3p,--კეტ-ავ-დნენ,n
0e15da98-f944-4836-9109-308983591a03,fut,1s,და-ვ-კეტ-ავ-,n
0e15da98-f944-4836-9109-308983591a03,fut,2s,და--კეტ-ავ-,n
0e15da98-f944-4836-9109-308983591a03,fut,3s,და--კეტ-ავ-ს,n
0e15da98-f944-4836-9109-308983591a03,fut,1p,და-ვ-კეტ-ავ-თ,n
0e15da98-f944-4836-9109-308983591a03,fut,2p,და--კეტ-ავ-თ,n
0e15da98-f944-4836-9109-308983591a03,fut,3p,და--კეტ-ავ-ენ,n
0e15da98-f944-4836-9109-308983591a03,cond,1s,და-ვ-კეტ-ავ-დი,n
0e15da98-f944-4836-9109-308983591a03,cond,2s,და--კეტ-ავ-დი,n
0e15da98-f944-4836-9109-308983591a03,cond,3s,და--კეტ-ავ-და,n
0e15da98-f944-4836-9109-308983591a03,cond,1p,და-ვ-კეტ-ავ-დით,n
0e15da98-f944-4836-9109-308983591a03,cond,2p,და--კეტ-ავ-დით,n
0e15da98-f944-4836-9109-308983591a03,cond,3p,და--კეტ-ავ-დნენ,n
0e15da98-f944-4836-9109-308983591a03,aor,1s,და-ვ-კეტ--ე,n
0e15da98-f944-4836-9109-308983591a03,aor,2s,და--კეტ--ე,n
0e15da98-f944-4836-9109-308983591a03,aor,3s,და--კეტ--ა,n
0e15da98-f944-4836-9109-308983591a03,aor,1p,და-ვ-კეტ--ეთ,n
0e15da98-f944-4836-9109-308983591a03,aor,2p,და--კეტ--ეთ,n
0e15da98-f944-4836-9109-308983591a03,aor,3p,და--კეტ--ეს,n
0e15da98-f944-4836-9109-308983591a03,opt,1s,და-ვ-კეტ--,n
0e15da98-f944-4836-9109-308983591a03,opt,2s,და--კეტ--,n
0e15da98-f944-4836-9109-308983591a03,opt,3s,და--კეტ--ოს,n
0e15da98-f944-4836-9109-308983591a03,opt,1p,და-ვ-კეტ--ოთ,n
0e15da98-f944-4836-9109-308983591a03,opt,2p,და--კეტ--ოთ,n
0e15da98-f944-4836-9109-308983591a03,opt,3p,და--კეტ--ონ,n
5b8e8326-3233-4038-84c3-ffc741c44ba5,pres,1s,-ვ-ეძ-ებ-,n
5b8e8326-3233-4038-84c3-ffc741c44ba5,pres,2s,--ეძ-ებ-,n
5b8e8326-3233-4038-84c3-ffc741c44ba5,pres,3s,--ეძ-ებ-ს,n
5b8e8326-3233-4038-84c3-ffc741c44ba5,pres,1p,-ვ-ეძ-ებ-თ,n
5b8e8326-3233-4038-84c3-ffc741c44ba5,pres,2p,--ეძ-ებ-თ,n
5b8e8326-3233-4038-84c3-ffc741c44ba5,pres,3p,--ეძ-ებ-ენ,n
5b8e8326-3233-4038-84c3-ffc741c44ba5,imp,1s,-ვ-ეძ-ებ-ოდი,n
5b8e8326-3233-4038-84c3-ffc741c44ba5,imp,2s,--ეძ-ებ-ოდი,n
5b8e8326-3233-4038-84c3-ffc741c44ba5,imp,3s,--ეძ-ებ-ოდა,n
5b8e8326-3233-4038-84c3-ffc741c44ba5,imp,1p,-ვ-ეძ-ებ-ოდით,n
5b8e8326-3233-4038-84c3-ffc741c44ba5,imp,2p,--ეძ-ებ-ოდით,n
5b8e8326-3233-4038-84c3-ffc741c44ba5,imp,3p,--ეძ-ებ-ოდნენ,n
5b8e8326-3233-4038-84c3-ffc741c44ba5,pres-subj,1s,-ვ-ეძ-ებ-დე,n
5b8e8326-3233-4038-84c3-ffc741c44ba5,pres-subj,2s,--ეძ-ებ-დე,n
5b8e8326-3233-4038-84c3-ffc741c44ba5,pres-subj,3s,--ეძ-ებ-დეს,n
5b8e8326-3233-4038-84c3-ffc741c44ba5,pres-subj,1p,-ვ-ეძ-ებ-დეთ,n
5b8e8326-3233-4038-84c3-ffc741c44ba5,pres-subj,2p,--ეძ-ებ-დეთ,n
5b8e8326-3233-4038-84c3-ffc741c44ba5,pres-subj,3p,--ეძ-ებ-დნენ,n
5b8e8326-3233-4038-84c3-ffc741c44ba5,fut,1s,მო-ვ-ძებნ-ი-,n
5b8e8326-3233-4038-84c3-ffc741c44ba5,fut,2s,მო--ძებნ-ი-,n
5b8e8326-3233-4038-84c3-ffc741c44ba5,fut,3s,მო--ძებნ-ი-ს,n
5b8e8326-3233-4038-84c3-ffc741c44ba5,fut,1p,მო-ვ-ძებნ-ი-თ,n
5b8e8326-3233-4038-84c3-ffc741c44ba5,fut,2p,მო--ძებნ-ი-თ,n
5b8e8326-3233-4038-84c3-ffc741c44ba5,fut,3p,მო--ძებნ-ი-ან,n
5b8e8326-3233-4038-84c3-ffc741c44ba5,aor,1s,მო-ვ-ძებნ--ე,n
5b8e8326-3233-4038-84c3-ffc741c44ba5,aor,2s,მო--ძებნ--ე,n
5b8e8326-3233-4038-84c3-ffc741c44ba5,aor,3s,მო--ძებნ--ა,n
5b8e8326-3233-4038-84c3-ffc741c44ba5,aor,1p,მო-ვ-ძებნ--ეთ,n
5b8e8326-3233-4038-84c3-ffc741c44ba5,aor,2p,მო--ძებნ--ეთ,n
5b8e8326-3233-4038-84c3-ffc741c44ba5,aor,3p,მო--ძებნ--ეს,n
5b8e8326-3233-4038-84c3-ffc741c44ba5,opt,1s,მო-ვ-ძებნ--,n
5b8e8326-3233-4038-84c3-ffc741c44ba5,opt,2s,მო--ძებნ--,n
5b8e8326-3233-4038-84c3-ffc741c44ba5,opt,3s,მო--ძებნ--ოს,n
5b8e8326-3233-4038-84c3-ffc741c44ba5,opt,1p,მო-ვ-ძებნ--ოთ,n
5b8e8326-3233-4038-84c3-ffc741c44ba5,opt,2p,მო--ძებნ--ოთ,n
5b8e8326-3233-4038-84c3-ffc741c44ba5,opt,3p,მო--ძებნ--ონ,n
7c21d55d-044c-4294-81f5-7d6e60bd035e,pres,1s,-მ-გ-ავ-ს,n
7c21d55d-044c-4294-81f5-7d6e60bd035e,pres,2s,-გ-გ-ავ-ს,n
7c21d55d-044c-4294-81f5-7d6e60bd035e,pres,3s,-ჰ-გ-ავ-ს,n
7c21d55d-044c-4294-81f5-7d6e60bd035e,pres,1p,-გვ-გ-ავ-ს,n
7c21d55d-044c-4294-81f5-7d6e60bd035e,pres,2p,-გ-გ-ავ-თ,n
7c21d55d-044c-4294-81f5-7d6e60bd035e,pres,3p,-ჰ-გ-ავ-თ,n
7c21d55d-044c-4294-81f5-7d6e60bd035e,imp,1s,-მ-გ-ავ-და,n
7c21d55d-044c-4294-81f5-7d6e60bd035e,imp,2s,-გ-გ-ავ-და,n
7c21d55d-044c-4294-81f5-7d6e60bd035e,imp,3s,-ჰ-გ-ავ-და,n
7c21d55d-044c-4294-81f5-7d6e60bd035e,imp,1p,-გვ-გ-ავ-და,n
7c21d55d-044c-4294-81f5-7d6e60bd035e,imp,2p,-გ-გ-ავ-დათ,n
7c21d55d-044c-4294-81f5-7d6e60bd035e,imp,3p,-ჰ-გ-ავ-დათ,n
7c21d55d-044c-4294-81f5-7d6e60bd035e,pres-subj,1s,-მ-გ-ავ-დეს,n
7c21d55d-044c-4294-81f5-7d6e60bd035e,pres-subj,2s,-გ-გ-ავ-დეს,n
7c21d55d-044c-4294-81f5-7d6e60bd035e,pres-subj,3s,-ჰ-გ-ავ-დეს,n
7c21d55d-044c-4294-81f5-7d6e60bd035e,pres-subj,1p,-გვ-გ-ავ-დეს,n
7c21d55d-044c-4294-81f5-7d6e60bd035e,pres-subj,2p,-გ-გ-ავ-დეთ,n
7c21d55d-044c-4294-81f5-7d6e60bd035e,pres-subj,3p,-ჰ-გ-ავ-დეთ,n
7c21d55d-044c-4294-81f5-7d6e60bd035e,fut,1s,და-მ-ემგავნ-ებ-ა,n
7c21d55d-044c-4294-81f5-7d6e60bd035e,fut,2s,და-გ-ემგავნ-ებ-ა,n
7c21d55d-044c-4294-81f5-7d6e60bd035e,fut,3s,და--ემგავნ-ებ-ა,n
7c21d55d-044c-4294-81f5-7d6e60bd035e,fut,1p,და-გვ-ემგავნ-ებ-ა,n
7c21d55d-044c-4294-81f5-7d6e60bd035e,fut,2p,და-გ-ემგავნ-ებ-ათ,n
7c21d55d-044c-4294-81f5-7d6e60bd035e,fut,3p,და--ემგავნ-ებ-ათ,n
7c21d55d-044c-4294-81f5-7d6e60bd035e,cond,1s,და-მ-ემგავნ-ებ-ოდი,n
7c21d55d-044c-4294-81f5-7d6e60bd035e,cond,2s,და-გ-ემგავნ-ებ-ოდი,n
7c21d55d-044c-4294-81f5-7d6e60bd035e,cond,3s,და--ემგავნ-ებ-ოდა,n
7c21d55d-044c-4294-81f5-7d6e60bd035e,cond,1p,და-გვ-ემგავნ-ებ-ოდით,n
7c21d55d-044c-4294-81f5-7d6e60bd035e,cond,2p,და-გ-ემგავნ-ებ-ოდით,n
7c21d55d-044c-4294-81f5-7d6e60bd035e,cond,3p,და--ემგავნ-ებ-ოდნენ,n
7c21d55d-044c-4294-81f5-7d6e60bd035e,aor,1s,-მ-გ-ავ-და,n
7c21d55d-044c-4294-81f5-7d6e60bd035e,aor,2s,-გ-გ-ავ-და,n
7c21d55d-044c-4294-81f5-7d6e60bd035e,aor,3s,-ჰ-გ-ავ-და,n
7c21d55d-044c-4294-81f5-7d6e60bd035e,aor,1p,-გვ-გ-ავ-და,n
7c21d55d-044c-4294-81f5-7d6e60bd035e,aor,2p,-გ-გ-ავ-დათ,n
7c21d55d-044c-4294-81f5-7d6e60bd035e,aor,3p,-ჰ-გ-ავ-დათ,n
7c21d55d-044c-4294-81f5-7d6e60bd035e,opt,1s,-მ-გ-ავ-ოს,n
7c21d55d-044c-4294-81f5-7d6e60bd035e,opt,2s,-გ-გ-ავ-ოს,n
7c21d55d-044c-4294-81f5-7d6e60bd035e,opt,3s,-ჰ-გ-ავ-ოს,n
7c21d55d-044c-4294-81f5-7d6e60bd035e,opt,1p,-გვ-გ-ავ-ოს,n
7c21d55d-044c-4294-81f5-7d6e60bd035e,opt,2p,-გ-გ-ავ-ოთ,n
7c21d55d-044c-4294-81f5-7d6e60bd035e,opt,3p,-ჰ-გ-ავ-ოთ,n
cc8bb622-8291-4066-bf26-5f4810789b5b,pres,1s,-ვ-კარგ-ავ-,n
cc8bb622-8291-4066-bf26-5f4810789b5b,pres,2s,--კარგ-ავ-,n
cc8bb622-8291-4066-bf26-5f4810789b5b,pres,3s,--კარგ-ავ-ს,n
cc8bb622-8291-4066-bf26-5f4810789b5b,pres,1p,-ვ-კარგ-ავ-თ,n
cc8bb622-8291-4066-bf26-5f4810789b5b,pres,2p,--კარგ-ავ-თ,n
cc8bb622-8291-4066-bf26-5f4810789b5b,pres,3p,--კარგ-ავ-ენ,n
cc8bb622-8291-4066-bf26-5f4810789b5b,imp,1s,-ვ-კარგ-ავ-დი,n
cc8bb622-8291-4066-bf26-5f4810789b5b,imp,2s,--კარგ-ავ-დი,n
cc8bb622-8291-4066-bf26-5f4810789b5b,imp,3s,--კარგ-ავ-და,n
cc8bb622-8291-4066-bf26-5f4810789b5b,imp,1p,-ვ-კარგ-ავ-დით,n
cc8bb622-8291-4066-bf26-5f4810789b5b,imp,2p,--კარგ-ავ-დით,n
cc8bb622-8291-4066-bf26-5f4810789b5b,imp,3p,--კარგ-ავ-დნენ,n
cc8bb622-8291-4066-bf26-5f4810789b5b,pres-subj,1s,-ვ-კარგ-ავ-დე,n
cc8bb622-8291-4066-bf26-5f4810789b5b,pres-subj,2s,--კარგ-ავ-დე,n
cc8bb622-8291-4066-bf26-5f4810789b5b,pres-subj,3s,--კარგ-ავ-დეს,n
cc8bb622-8291-4066-bf26-5f4810789b5b,pres-subj,1p,-ვ-კარგ-ავ-დეთ,n
cc8bb622-8291-4066-bf26-5f4810789b5b,pres-subj,2p,--კარგ-ავ-დეთ,n
cc8bb622-8291-4066-bf26-5f4810789b5b,pres-subj,3p,--კარგ-ავ-დნენ,n
cc8bb622-8291-4066-bf26-5f4810789b5b,fut,1s,და-ვ-კარგ-ავ-,n
cc8bb622-8291-4066-bf26-5f4810789b5b,fut,2s,და--კარგ-ავ-,n
cc8bb622-8291-4066-bf26-5f4810789b5b,fut,3s,და--კარგ-ავ-ს,n
cc8bb622-8291-4066-bf26-5f4810789b5b,fut,1p,და-ვ-კარგ-ავ-თ,n
cc8bb622-8291-4066-bf26-5f4810789b5b,fut,2p,და--კარგ-ავ-თ,n
cc8bb622-8291-4066-bf26-5f4810789b5b,fut,3p,და--კარგ-ავ-ენ,n
cc8bb622-8291-4066-bf26-5f4810789b5b,cond,1s,და-ვ-კარგ-ავ-დი,n
cc8bb622-8291-4066-bf26-5f4810789b5b,cond,2s,და--კარგ-ავ-დი,n
cc8bb622-8291-4066-bf26-5f4810789b5b,cond,3s,და--კარგ-ავ-და,n
cc8bb622-8291-4066-bf26-5f4810789b5b,cond,1p,და-ვ-კარგ-ავ-დით,n
cc8bb622-8291-4066-bf26-5f4810789b5b,cond,2p,და--კარგ-ავ-დით,n
cc8bb622-8291-4066-bf26-5f4810789b5b,cond,3p,და--კარგ-ავ-დნენ,n
cc8bb622-8291-4066-bf26-5f4810789b5b,aor,1s,და-ვ-კარგ--ე,n
cc8bb622-8291-4066-bf26-5f4810789b5b,aor,2s,და--კარგ--ე,n
cc8bb622-8291-4066-bf26-5f4810789b5b,aor,3s,და--კარგ--ა,n
cc8bb622-8291-4066-bf26-5f4810789b5b,aor,1p,და-ვ-კარგ--ეთ,n
cc8bb622-8291-4066-bf26-5f4810789b5b,aor,2p,და--კარგ--ეთ,n
cc8bb622-8291-4066-bf26-5f4810789b5b,aor,3p,და--კარგ--ეს,n
cc8bb622-8291-4066-bf26-5f4810789b5b,opt,1s,და-ვ-კარგ--,n
cc8bb622-8291-4066-bf26-5f4810789b5b,opt,2s,და--კარგ--,n
cc8bb622-8291-4066-bf26-5f4810789b5b,opt,3s,და--კარგ--ოს,n
cc8bb622-8291-4066-bf26-5f4810789b5b,opt,1p,და-ვ-კარგ--ოთ,n
cc8bb622-8291-4066-bf26-5f4810789b5b,opt,2p,და--კარგ--ოთ,n
cc8bb622-8291-4066-bf26-5f4810789b5b,opt,3p,და--კარგ--ონ,n
d64e494b-a366-49a5-9594-69505c50a2b5,pres,1s,-მი-ყვარ--ს,n
d64e494b-a366-49a5-9594-69505c50a2b5,pres,2s,-გი-ყვარ--ს,n
d64e494b-a366-49a5-9594-69505c50a2b5,pres,3s,-უ-ყვარ--ს,n
d64e494b-a366-49a5-9594-69505c50a2b5,pres,1p,-გვი-ყვარ--ს,n
d64e494b-a366-49a5-9594-69505c50a2b5,pres,2p,-გი-ყვარ--თ,n
d64e494b-a366-49a5-9594-69505c50a2b5,pres,3p,-უ-ყვარ--თ,n
d64e494b-a366-49a5-9594-69505c50a2b5,imp,1s,-მი-ყვარ--და,n
d64e494b-a366-49a5-9594-69505c50a2b5,imp,2s,-გი-ყვარ--და,n
d64e494b-a366-49a5-9594-69505c50a2b5,imp,3s,-უ-ყვარ--და,n
d64e494b-a366-49a5-9594-69505c50a2b5,imp,1p,-გვი-ყვარ--და,n
d64e494b-a366-49a5-9594-69505c50a2b5,imp,2p,-გი-ყვარ--დათ,n
d64e494b-a366-49a5-9594-69505c50a2b5,imp,3p,-უ-ყვარ--დათ,n
d64e494b-a366-49a5-9594-69505c50a2b5,pres-subj,1s,-მი-ყვარ--დეს,n
d64e494b-a366-49a5-9594-69505c50a2b5,pres-subj,2s,-გი-ყვარ--დეს,n
d64e494b-a366-49a5-9594-69505c50a2b5,pres-subj,3s,-უ-ყვარ--დეს,n
d64e494b-a366-49a5-9594-69505c50a2b5,pres-subj,1p,-გვი-ყვარ--დეს,n
d64e494b-a366-49a5-9594-69505c50a2b5,pres-subj,2p,-გი-ყვარ--დეთ,n
d64e494b-a366-49a5-9594-69505c50a2b5,pres-subj,3p,-უ-ყვარ--დეთ,n
d64e494b-a366-49a5-9594-69505c50a2b5,fut,1s,შე-მი-ყვარდ-ებ-ა,n
d64e494b-a366-49a5-9594-69505c50a2b5,fut,2s,შე-გი-ყვარდ-ებ-ა,n
d64e494b-a366-49a5-9594-69505c50a2b5,fut,3s,შე-უ-ყვარდ-ებ-ა,n
d64e494b-a366-49a5-9594-69505c50a2b5,fut,1p,შე-გვი-ყვარდ-ებ-ა,n
d64e494b-a366-49a5-9594-69505c50a2b5,fut,2p,შე-გი-ყვარდ-ებ-ათ,n
d64e494b-a366-49a5-9594-69505c50a2b5,fut,3p,შე-უ-ყვარდ-ებ-ათ,n
d64e494b-a366-49a5-9594-69505c50a2b5,cond,1s,შე-მი-ყვარდ-ებ-ოდა,n
d64e494b-a366-49a5-9594-69505c50a2b5,cond,2s,შე-გი-ყვარდ-ებ-ოდა,n
d64e494b-a366-49a5-9594-69505c50a2b5,cond,3s,შე-უ-ყვარდ-ებ-ოდა,n
d64e494b-a366-49a5-9594-69505c50a2b5,cond,1p,შე-გვი-ყვარდ-ებ-ოდა,n
d64e494b-a366-49a5-9594-69505c50a2b5,cond,2p,შე-გი-ყვარდ-ებ-ოდათ,n
d64e494b-a366-49a5-9594-69505c50a2b5,cond,3p,შე-უ-ყვარდ-ებ-ოდათ,n
d64e494b-a366-49a5-9594-69505c50a2b5,aor,1s,შე-მი-ყვარ--და,n
d64e494b-a366-49a5-9594-69505c50a2b5,aor,2s,შე-გი-ყვარ--და,n
d64e494b-a366-49a5-9594-69505c50a2b5,aor,3s,შე-უ-ყვარ--და,n
d64e494b-a366-49a5-9594-69505c50a2b5,aor,1p,შე-გვი-ყვარ--და,n
d64e494b-a366-49a5-9594-69505c50a2b5,aor,2p,შე-გი-ყვარ--დათ,n
d64e494b-a366-49a5-9594-69505c50a2b5,aor,3p,შე-უ-ყვარ--დათ,n
d64e494b-a366-49a5-9594-69505c50a2b5,opt,1s,შე-მი-ყვარ--ეს,n
d64e494b-a366-49a5-9594-69505c50a2b5,opt,2s,შე-გი-ყვარ--ეს,n
d64e494b-a366-49a5-9594-69505c50a2b5,opt,3s,შე-უ-ყვარ--ეს,n
d64e494b-a366-49a5-9594-69505c50a2b5,opt,1p,შე-გვი-ყვარ--ეს,n
d64e494b-a366-49a5-9594-69505c50a2b5,opt,2p,შე-გი-ყვარ--ეთ,n
d64e494b-a366-49a5-9594-69505c50a2b5,opt,3p,შე-უ-ყვარ--ეთ,n
46ed8f86-51c9-4612-8fa8-9c7c35da9295,pres,1s,-მი-მართლ-ებ-ს,n
46ed8f86-51c9-4612-8fa8-9c7c35da9295,pres,2s,-გი-მართლ-ებ-ს,n
46ed8f86-51c9-4612-8fa8-9c7c35da9295,pres,3s,-უ-მართლ-ებ-ს,n
46ed8f86-51c9-4612-8fa8-9c7c35da9295,pres,1p,-გვი-მართლ-ებ-ს,n
46ed8f86-51c9-4612-8fa8-9c7c35da9295,pres,2p,-გი-მართლ-ებ-თ,n
46ed8f86-51c9-4612-8fa8-9c7c35da9295,pres,3p,-უ-მართლ-ებ-თ,n
46ed8f86-51c9-4612-8fa8-9c7c35da9295,imp,1s,-მი-მართლ-ებ-დი,n
46ed8f86-51c9-4612-8fa8-9c7c35da9295,imp,2s,-გი-მართლ-ებ-დი,n
46ed8f86-51c9-4612-8fa8-9c7c35da9295,imp,3s,-უ-მართლ-ებ-და,n
46ed8f86-51c9-4612-8fa8-9c7c35da9295,imp,1p,-გვი-მართლ-ებ-დით,n
46ed8f86-51c9-4612-8fa8-9c7c35da9295,imp,2p,-გი-მართლ-ებ-დით,n
46ed8f86-51c9-4612-8fa8-9c7c35da9295,imp,3p,-უ-მართლ-ებ-დნენ,n
46ed8f86-51c9-4612-8fa8-9c7c35da9295,pres-subj,1s,-მი-მართლ-ებ-დეს,n
46ed8f86-51c9-4612-8fa8-9c7c35da9295,pres-subj,2s,-გი-მართლ-ებ-დეს,n
46ed8f86-51c9-4612-8fa8-9c7c35da9295,pres-subj,3s,-უ-მართლ-ებ-დეს,n
46ed8f86-51c9-4612-8fa8-9c7c35da9295,pres-subj,1p,-გვი-მართლ-ებ-დეს,n
46ed8f86-51c9-4612-8fa8-9c7c35da9295,pres-subj,2p,-გი-მართლ-ებ-დეთ,n
46ed8f86-51c9-4612-8fa8-9c7c35da9295,pres-subj,3p,-უ-მართლ-ებ-დეთ,n
46ed8f86-51c9-4612-8fa8-9c7c35da9295,fut,1s,გა-მი-მართლ-ებ-ს,n
46ed8f86-51c9-4612-8fa8-9c7c35da9295,fut,2s,გა-გი-მართლ-ებ-ს,n
46ed8f86-51c9-4612-8fa8-9c7c35da9295,fut,3s,გა-უ-მართლ-ებ-ს,n
46ed8f86-51c9-4612-8fa8-9c7c35da9295,fut,1p,გა-გვი-მართლ-ებ-ს,n
46ed8f86-51c9-4612-8fa8-9c7c35da9295,fut,2p,გა-გი-მართლ-ებ-თ,n
46ed8f86-51c9-4612-8fa8-9c7c35da9295,fut,3p,გა-უ-მართლ-ებ-თ,n
46ed8f86-51c9-4612-8fa8-9c7c35da9295,cond,1s,გა-მი-მართლ-ებ-დი,n
46ed8f86-51c9-4612-8fa8-9c7c35da9295,cond,2s,გა-გი-მართლ-ებ-დი,n
46ed8f86-51c9-4612-8fa8-9c7c35da9295,cond,3s,გა-უ-მართლ-ებ-და,n
46ed8f86-51c9-4612-8fa8-9c7c35da9295,cond,1p,გა-გვი-მართლ-ებ-დით,n
46ed8f86-51c9-4612-8fa8-9c7c35da9295,cond,2p,გა-გი-მართლ-ებ-დით,n
46ed8f86-51c9-4612-8fa8-9c7c35da9295,cond,3p,გა-უ-მართლ-ებ-დნენ,n
46ed8f86-51c9-4612-8fa8-9c7c35da9295,aor,1s,გა-მი-მართლ--ა,n
46ed8f86-51c9-4612-8fa8-9c7c35da9295,aor,2s,გა-გი-მართლ--ა,n
46ed8f86-51c9-4612-8fa8-9c7c35da9295,aor,3s,გა-უ-მართლ--ა,n
46ed8f86-51c9-4612-8fa8-9c7c35da9295,aor,1p,გა-გვი-მართლ--ა,n
46ed8f86-51c9-4612-8fa8-9c7c35da9295,aor,2p,გა-გი-მართლ--ათ,n
46ed8f86-51c9-4612-8fa8-9c7c35da9295,aor,3p,გა-უ-მართლ--ათ,n
46ed8f86-51c9-4612-8fa8-9c7c35da9295,opt,1s,გა-მი-მართლ--,n
46ed8f86-51c9-4612-8fa8-9c7c35da9295,opt,2s,გა-გი-მართლ--,n
46ed8f86-51c9-4612-8fa8-9c7c35da9295,opt,3s,გა-უ-მართლ--ოს,n
46ed8f86-51c9-4612-8fa8-9c7c35da9295,opt,1p,გა-გვი-მართლ--ოთ,n
46ed8f86-51c9-4612-8fa8-9c7c35da9295,opt,2p,გა-გი-მართლ--ოთ,n
46ed8f86-51c9-4612-8fa8-9c7c35da9295,opt,3p,გა-უ-მართლ--ონ,n
c7c65703-106c-49cf-a549-07da9e476a70,pres,1s,-ვ-მართ-ავ-,n
c7c65703-106c-49cf-a549-07da9e476a70,pres,2s,--მართ-ავ-,n
c7c65703-106c-49cf-a549-07da9e476a70,pres,3s,--მართ-ავ-ს,n
c7c65703-106c-49cf-a549-07da9e476a70,pres,1p,-ვ-მართ-ავ-თ,n
c7c65703-106c-49cf-a549-07da9e476a70,pres,2p,--მართ-ავ-თ,n
c7c65703-106c-49cf-a549-07da9e476a70,pres,3p,--მართ-ავ-ენ,n
c7c65703-106c-49cf-a549-07da9e476a70,imp,1s,-ვ-მართ-ავ-დი,n
c7c65703-106c-49cf-a549-07da9e476a70,imp,2s,--მართ-ავ-დი,n
c7c65703-106c-49cf-a549-07da9e476a70,imp,3s,--მართ-ავ-და,n
c7c65703-106c-49cf-a549-07da9e476a70,imp,1p,-ვ-მართ-ავ-დით,n
c7c65703-106c-49cf-a549-07da9e476a70,imp,2p,--მართ-ავ-დით,n
c7c65703-106c-49cf-a549-07da9e476a70,imp,3p,--მართ-ავ-დნენ,n
c7c65703-106c-49cf-a549-07da9e476a70,pres-subj,1s,-ვ-მართ-ავ-დე,n
c7c65703-106c-49cf-a549-07da9e476a70,pres-subj,2s,--მართ-ავ-დე,n
c7c65703-106c-49cf-a549-07da9e476a70,pres-subj,3s,--მართ-ავ-დეს,n
c7c65703-106c-49cf-a549-07da9e476a70,pres-subj,1p,-ვ-მართ-ავ-დეთ,n
c7c65703-106c-49cf-a549-07da9e476a70,pres-subj,2p,--მართ-ავ-დეთ,n
c7c65703-106c-49cf-a549-07da9e476a70,pres-subj,3p,--მართ-ავ-დნენ,n
c7c65703-106c-49cf-a549-07da9e476a70,fut,1s,გა-ვ-მართ-ავ-,n
c7c65703-106c-49cf-a549-07da9e476a70,fut,2s,გა--მართ-ავ-,n
c7c65703-106c-49cf-a549-07da9e476a70,fut,3s,გა--მართ-ავ-ს,n
c7c65703-106c-49cf-a549-07da9e476a70,fut,1p,გა-ვ-მართ-ავ-თ,n
c7c65703-106c-49cf-a549-07da9e476a70,fut,2p,გა--მართ-ავ-თ,n
c7c65703-106c-49cf-a549-07da9e476a70,fut,3p,გა--მართ-ავ-ენ,n
c7c65703-106c-49cf-a549-07da9e476a70,cond,1s,გა-ვ-მართ-ავ-დი,n
c7c65703-106c-49cf-a549-07da9e476a70,cond,2s,გა--მართ-ავ-დი,n
c7c65703-106c-49cf-a549-07da9e476a70,cond,3s,გა--მართ-ავ-და,n
c7c65703-106c-49cf-a549-07da9e476a70,cond,1p,გა-ვ-მართ-ავ-დით,n
c7c65703-106c-49cf-a549-07da9e476a70,cond,2p,გა--მართ-ავ-დით,n
c7c65703-106c-49cf-a549-07da9e476a70,cond,3p,გა--მართ-ავ-დნენ,n
c7c65703-106c-49cf-a549-07da9e476a70,aor,1s,-ვ-მართ--ე,n
c7c65703-106c-49cf-a549-07da9e476a70,aor,2s,--მართ--ე,n
c7c65703-106c-49cf-a549-07da9e476a70,aor,3s,--მართ--ა,n
c7c65703-106c-49cf-a549-07da9e476a70,aor,1p,-ვ-მართ--ეთ,n
c7c65703-106c-49cf-a549-07da9e476a70,aor,2p,--მართ--ეთ,n
c7c65703-106c-49cf-a549-07da9e476a70,aor,3p,--მართ--ეს,n
c7c65703-106c-49cf-a549-07da9e476a70,opt,1s,-ვ-მართ--,n
c7c65703-106c-49cf-a549-07da9e476a70,opt,2s,--მართ--,n
c7c65703-106c-49cf-a549-07da9e476a70,opt,3s,--მართ--ოს,n
c7c65703-106c-49cf-a549-07da9e476a70,opt,1p,-ვ-მართ--ოთ,n
c7c65703-106c-49cf-a549-07da9e476a70,opt,2p,--მართ--ოთ,n
c7c65703-106c-49cf-a549-07da9e476a70,opt,3p,--მართ--ონ,n
ff87b5a0-1f22-4c71-a08e-1c05778a437d,pres,1s,-ვ-ახერხ-ებ-,n
ff87b5a0-1f22-4c71-a08e-1c05778a437d,pres,2s,--ახერხ-ებ-,n
ff87b5a0-1f22-4c71-a08e-1c05778a437d,pres,3s,--ახერხ-ებ-ს,n
ff87b5a0-1f22-4c71-a08e-1c05778a437d,pres,1p,-ვ-ახერხ-ებ-თ,n
ff87b5a0-1f22-4c71-a08e-1c05778a437d,pres,2p,--ახერხ-ებ-თ,n
ff87b5a0-1f22-4c71-a08e-1c05778a437d,pres,3p,--ახერხ-ებ-ენ,n
ff87b5a0-1f22-4c71-a08e-1c05778a437d,imp,1s,-ვ-ახერხ-ებ-დი,n
ff87b5a0-1f22-4c71-a08e-1c05778a437d,imp,2s,--ახერხ-ებ-დი,n
ff87b5a0-1f22-4c71-a08e-1c05778a437d,imp,3s,--ახერხ-ებ-და,n
ff87b5a0-1f22-4c71-a08e-1c05778a437d,imp,1p,-ვ-ახერხ-ებ-დით,n
ff87b5a0-1f22-4c71-a08e-1c05778a437d,imp,2p,--ახერხ-ებ-დით,n
ff87b5a0-1f22-4c71-a08e-1c05778a437d,imp,3p,--ახერხ-ებ-დნენ,n
ff87b5a0-1f22-4c71-a08e-1c05778a437d,pres-subj,1s,-ვ-ახერხ-ებ-დე,n
ff87b5a0-1f22-4c71-a08e-1c05778a437d,pres-subj,2s,--ახერხ-ებ-დე,n
ff87b5a0-1f22-4c71-a08e-1c05778a437d,pres-subj,3s,--ახერხ-ებ-დეს,n
ff87b5a0-1f22-4c71-a08e-1c05778a437d,pres-subj,1p,-ვ-ახერხ-ებ-დეთ,n
ff87b5a0-1f22-4c71-a08e-1c05778a437d,pres-subj,2p,--ახერხ-ებ-დეთ,n
ff87b5a0-1f22-4c71-a08e-1c05778a437d,pres-subj,3p,--ახერხ-ებ-დნენ,n
ff87b5a0-1f22-4c71-a08e-1c05778a437d,fut,1s,მო-ვ-ახერხ-ებ-,n
ff87b5a0-1f22-4c71-a08e-1c05778a437d,fut,2s,მო--ახერხ-ებ-,n
ff87b5a0-1f22-4c71-a08e-1c05778a437d,fut,3s,მო--ახერხ-ებ-ს,n
ff87b5a0-1f22-4c71-a08e-1c05778a437d,fut,1p,მო-ვ-ახერხ-ებ-თ,n
ff87b5a0-1f22-4c71-a08e-1c05778a437d,fut,2p,მო--ახერხ-ებ-თ,n
ff87b5a0-1f22-4c71-a08e-1c05778a437d,fut,3p,მო--ახერხ-ებ-ენ,n
ff87b5a0-1f22-4c71-a08e-1c05778a437d,cond,1s,მო-ვ-ახერხ-ებ-დი,n
ff87b5a0-1f22-4c71-a08e-1c05778a437d,cond,2s,მო--ახერხ-ებ-დი,n
ff87b5a0-1f22-4c71-a08e-1c05778a437d,cond,3s,მო--ახერხ-ებ-და,n
ff87b5a0-1f22-4c71-a08e-1c05778a437d,cond,1p,მო-ვ-ახერხ-ებ-დით,n
ff87b5a0-1f22-4c71-a08e-1c05778a437d,cond,2p,მო--ახერხ-ებ-დით,n
ff87b5a0-1f22-4c71-a08e-1c05778a437d,cond,3p,მო--ახერხ-ებ-დნენ,n
ff87b5a0-1f22-4c71-a08e-1c05778a437d,aor,1s,მო-ვ-ახერხ--ე,n
ff87b5a0-1f22-4c71-a08e-1c05778a437d,aor,2s,მო--ახერხ--ე,n
ff87b5a0-1f22-4c71-a08e-1c05778a437d,aor,3s,მო--ახერხ--ა,n
ff87b5a0-1f22-4c71-a08e-1c05778a437d,aor,1p,მო-ვ-ახერხ--ეთ,n
ff87b5a0-1f22-4c71-a08e-1c05778a437d,aor,2p,მო--ახერხ--ეთ,n
ff87b5a0-1f22-4c71-a08e-1c05778a437d,aor,3p,მო--ახერხ--ეს,n
ff87b5a0-1f22-4c71-a08e-1c05778a437d,opt,1s,მო-ვ-ახერხ--,n
ff87b5a0-1f22-4c71-a08e-1c05778a437d,opt,2s,მო--ახერხ--,n
ff87b5a0-1f22-4c71-a08e-1c05778a437d,opt,3s,მო--ახერხ--ოს,n
ff87b5a0-1f22-4c71-a08e-1c05778a437d,opt,1p,მო-ვ-ახერხ--ოთ,n
ff87b5a0-1f22-4c71-a08e-1c05778a437d,opt,2p,მო--ახერხ--ოთ,n
ff87b5a0-1f22-4c71-a08e-1c05778a437d,opt,3p,მო--ახერხ--ონ,n
18b710d7-8aa7-43e5-b545-0dd1b9752484,pres,1s,-ვ-ზომ-ავ-,n
18b710d7-8aa7-43e5-b545-0dd1b9752484,pres,2s,--ზომ-ავ-,n
18b710d7-8aa7-43e5-b545-0dd1b9752484,pres,3s,--ზომ-ავ-ს,n
18b710d7-8aa7-43e5-b545-0dd1b9752484,pres,1p,-ვ-ზომ-ავ-თ,n
18b710d7-8aa7-43e5-b545-0dd1b9752484,pres,2p,--ზომ-ავ-თ,n
18b710d7-8aa7-43e5-b545-0dd1b9752484,pres,3p,--ზომ-ავ-ენ,n
18b710d7-8aa7-43e5-b545-0dd1b9752484,imp,1s,-ვ-ზომ-ავ-დი,n
18b710d7-8aa7-43e5-b545-0dd1b9752484,imp,2s,--ზომ-ავ-დი,n
18b710d7-8aa7-43e5-b545-0dd1b9752484,imp,3s,--ზომ-ავ-და,n
18b710d7-8aa7-43e5-b545-0dd1b9752484,imp,1p,-ვ-ზომ-ავ-დით,n
18b710d7-8aa7-43e5-b545-0dd1b9752484,imp,2p,--ზომ-ავ-დით,n
18b710d7-8aa7-43e5-b545-0dd1b9752484,imp,3p,--ზომ-ავ-დნენ,n
18b710d7-8aa7-43e5-b545-0dd1b9752484,pres-subj,1s,-ვ-ზომ-ავ-დე,n
18b710d7-8aa7-43e5-b545-0dd1b9752484,pres-subj,2s,--ზომ-ავ-დე,n
18b710d7-8aa7-43e5-b545-0dd1b9752484,pres-subj,3s,--ზომ-ავ-დეს,n
18b710d7-8aa7-43e5-b545-0dd1b9752484,pres-subj,1p,-ვ-ზომ-ავ-დეთ,n
18b710d7-8aa7-43e5-b545-0dd1b9752484,pres-subj,2p,--ზომ-ავ-დეთ,n
18b710d7-8aa7-43e5-b545-0dd1b9752484,pres-subj,3p,--ზომ-ავ-დნენ,n
18b710d7-8aa7-43e5-b545-0dd1b9752484,fut,1s,გა-ვ-ზომ-ავ-,n
18b710d7-8aa7-43e5-b545-0dd1b9752484,fut,2s,გა--ზომ-ავ-,n
18b710d7-8aa7-43e5-b545-0dd1b9752484,fut,3s,გა--ზომ-ავ-ს,n
18b710d7-8aa7-43e5-b545-0dd1b9752484,fut,1p,გა-ვ-ზომ-ავ-თ,n
18b710d7-8aa7-43e5-b545-0dd1b9752484,fut,2p,გა--ზომ-ავ-თ,n
18b710d7-8aa7-43e5-b545-0dd1b9752484,fut,3p,გა--ზომ-ავ-ენ,n
18b710d7-8aa7-43e5-b545-0dd1b9752484,cond,1s,გა-ვ-ზომ-ავ-დი,n
18b710d7-8aa7-43e5-b545-0dd1b9752484,cond,2s,გა--ზომ-ავ-დი,n
18b710d7-8aa7-43e5-b545-0dd1b9752484,cond,3s,გა--ზომ-ავ-და,n
18b710d7-8aa7-43e5-b545-0dd1b9752484,cond,1p,გა-ვ-ზომ-ავ-დით,n
18b710d7-8aa7-43e5-b545-0dd1b9752484,cond,2p,გა--ზომ-ავ-დით,n
18b710d7-8aa7-43e5-b545-0dd1b9752484,cond,3p,გა--ზომ-ავ-დნენ,n
18b710d7-8aa7-43e5-b545-0dd1b9752484,aor,1s,გა-ვ-ზომ--ე,n
18b710d7-8aa7-43e5-b545-0dd1b9752484,aor,2s,გა--ზომ--ე,n
18b710d7-8aa7-43e5-b545-0dd1b9752484,aor,3s,გა--ზომ--ა,n
18b710d7-8aa7-43e5-b545-0dd1b9752484,aor,1p,გა-ვ-ზომ--ეთ,n
18b710d7-8aa7-43e5-b545-0dd1b9752484,aor,2p,გა--ზომ--ეთ,n
18b710d7-8aa7-43e5-b545-0dd1b9752484,aor,3p,გა--ზომ--ეს,n
18b710d7-8aa7-43e5-b545-0dd1b9752484,opt,1s,გა-ვ-ზომ--,n
18b710d7-8aa7-43e5-b545-0dd1b9752484,opt,2s,გა--ზომ--,n
18b710d7-8aa7-43e5-b545-0dd1b9752484,opt,3s,გა--ზომ--ოს,n
18b710d7-8aa7-43e5-b545-0dd1b9752484,opt,1p,გა-ვ-ზომ--ოთ,n
18b710d7-8aa7-43e5-b545-0dd1b9752484,opt,2p,გა--ზომ--ოთ,n
18b710d7-8aa7-43e5-b545-0dd1b9752484,opt,3p,გა--ზომ--ონ,n
f361c5f7-f32a-4f27-aaf5-e94e98c9607e,pres,1s,-ვ-ხვდ-ებ-ი,n
f361c5f7-f32a-4f27-aaf5-e94e98c9607e,pres,2s,--ხვდ-ებ-ი,n
f361c5f7-f32a-4f27-aaf5-e94e98c9607e,pres,3s,--ხვდ-ებ-ა,n
f361c5f7-f32a-4f27-aaf5-e94e98c9607e,pres,1p,-ვ-ხვდ-ებ-ით,n
f361c5f7-f32a-4f27-aaf5-e94e98c9607e,pres,2p,--ხვდ-ებ-ით,n
f361c5f7-f32a-4f27-aaf5-e94e98c9607e,pres,3p,--ხვდ-ებ-იან,n
f361c5f7-f32a-4f27-aaf5-e94e98c9607e,imp,1s,-ვ-ხვდ-ებ-ოდი,n
f361c5f7-f32a-4f27-aaf5-e94e98c9607e,imp,2s,--ხვდ-ებ-ოდი,n
f361c5f7-f32a-4f27-aaf5-e94e98c9607e,imp,3s,--ხვდ-ებ-ოდა,n
f361c5f7-f32a-4f27-aaf5-e94e98c9607e,imp,1p,-ვ-ხვდ-ებ-ოდით,n
f361c5f7-f32a-4f27-aaf5-e94e98c9607e,imp,2p,--ხვდ-ებ-ოდით,n
f361c5f7-f32a-4f27-aaf5-e94e98c9607e,imp,3p,--ხვდ-ებ-ოდნენ,n
f361c5f7-f32a-4f27-aaf5-e94e98c9607e,pres-subj,1s,-ვ-ხვდ-ებ-დე,n
f361c5f7-f32a-4f27-aaf5-e94e98c9607e,pres-subj,2s,--ხვდ-ებ-დე,n
f361c5f7-f32a-4f27-aaf5-e94e98c9607e,pres-subj,3s,--ხვდ-ებ-დეს,n
f361c5f7-f32a-4f27-aaf5-e94e98c9607e,pres-subj,1p,-ვ-ხვდ-ებ-დეთ,n
f361c5f7-f32a-4f27-aaf5-e94e98c9607e,pres-subj,2p,--ხვდ-ებ-დეთ,n
f361c5f7-f32a-4f27-aaf5-e94e98c9607e,pres-subj,3p,--ხვდ-ებ-დნენ,n
f361c5f7-f32a-4f27-aaf5-e94e98c9607e,fut,1s,შე-ვ-ხვდ-ებ-ი,n
f361c5f7-f32a-4f27-aaf5-e94e98c9607e,fut,2s,შე--ხვდ-ებ-ი,n
f361c5f7-f32a-4f27-aaf5-e94e98c9607e,fut,3s,შე--ხვდ-ებ-ა,n
f361c5f7-f32a-4f27-aaf5-e94e98c9607e,fut,1p,შე-ვ-ხვდ-ებ-ით,n
f361c5f7-f32a-4f27-aaf5-e94e98c9607e,fut,2p,შე--ხვდ-ებ-ით,n
f361c5f7-f32a-4f27-aaf5-e94e98c9607e,fut,3p,შე--ხვდ-ებ-იან,n
f361c5f7-f32a-4f27-aaf5-e94e98c9607e,cond,1s,შე-ვ-ხვდ-ებ-ოდი,n
f361c5f7-f32a-4f27-aaf5-e94e98c9607e,cond,2s,შე--ხვდ-ებ-ოდი,n
f361c5f7-f32a-4f27-aaf5-e94e98c9607e,cond,3s,შე--ხვდ-ებ-ოდა,n
f361c5f7-f32a-4f27-aaf5-e94e98c9607e,cond,1p,შე-ვ-ხვდ-ებ-ოდით,n
f361c5f7-f32a-4f27-aaf5-e94e98c9607e,cond,2p,შე--ხვდ-ებ-ოდით,n
f361c5f7-f32a-4f27-aaf5-e94e98c9607e,cond,3p,შე--ხვდ-ებ-ოდნენ,n
f361c5f7-f32a-4f27-aaf5-e94e98c9607e,aor,1s,შე-ვ-ხვდ--ი,n
f361c5f7-f32a-4f27-aaf5-e94e98c9607e,aor,2s,შე--ხვდ--ი,n
f361c5f7-f32a-4f27-aaf5-e94e98c9607e,aor,3s,შე--ხვდ--ა,n
f361c5f7-f32a-4f27-aaf5-e94e98c9607e,aor,1p,შე-ვ-ხვდ--ით,n
f361c5f7-f32a-4f27-aaf5-e94e98c9607e,aor,2p,შე--ხვდ--ით,n
f361c5f7-f32a-4f27-aaf5-e94e98c9607e,aor,3p,შე--ხვდ--ნენ,n
f361c5f7-f32a-4f27-aaf5-e94e98c9607e,opt,1s,შე-ვ-ხვდ--,n
f361c5f7-f32a-4f27-aaf5-e94e98c9607e,opt,2s,შე--ხვდ--,n
f361c5f7-f32a-4f27-aaf5-e94e98c9607e,opt,3s,შე--ხვდ--ოს,n
f361c5f7-f32a-4f27-aaf5-e94e98c9607e,opt,1p,შე-ვ-ხვდ--ოთ,n
f361c5f7-f32a-4f27-aaf5-e94e98c9607e,opt,2p,შე--ხვდ--ოთ,n
f361c5f7-f32a-4f27-aaf5-e94e98c9607e,opt,3p,შე--ხვდ--ონ,n
3c177ee1-f7dd-4c55-a622-f84e97939ca2,pres,1s,-ვ-ადნ-ობ-,n
3c177ee1-f7dd-4c55-a622-f84e97939ca2,pres,2s,--ადნ-ობ-,n
3c177ee1-f7dd-4c55-a622-f84e97939ca2,pres,3s,--ადნ-ობ-ს,n
3c177ee1-f7dd-4c55-a622-f84e97939ca2,pres,1p,-ვ-ადნ-ობ-თ,n
3c177ee1-f7dd-4c55-a622-f84e97939ca2,pres,2p,--ადნ-ობ-თ,n
3c177ee1-f7dd-4c55-a622-f84e97939ca2,pres,3p,--ადნ-ობ-ენ,n
3c177ee1-f7dd-4c55-a622-f84e97939ca2,imp,1s,-ვ-ადნ-ობ-დი,n
3c177ee1-f7dd-4c55-a622-f84e97939ca2,imp,2s,--ადნ-ობ-დი,n
3c177ee1-f7dd-4c55-a622-f84e97939ca2,imp,3s,--ადნ-ობ-და,n
3c177ee1-f7dd-4c55-a622-f84e97939ca2,imp,1p,-ვ-ადნ-ობ-დით,n
3c177ee1-f7dd-4c55-a622-f84e97939ca2,imp,2p,--ადნ-ობ-დით,n
3c177ee1-f7dd-4c55-a622-f84e97939ca2,imp,3p,--ადნ-ობ-დნენ,n
3c177ee1-f7dd-4c55-a622-f84e97939ca2,pres-subj,1s,-ვ-ადნ-ობ-დე,n
3c177ee1-f7dd-4c55-a622-f84e97939ca2,pres-subj,2s,--ადნ-ობ-დე,n
3c177ee1-f7dd-4c55-a622-f84e97939ca2,pres-subj,3s,--ადნ-ობ-დეს,n
3c177ee1-f7dd-4c55-a622-f84e97939ca2,pres-subj,1p,-ვ-ადნ-ობ-დეთ,n
3c177ee1-f7dd-4c55-a622-f84e97939ca2,pres-subj,2p,--ადნ-ობ-დეთ,n
3c177ee1-f7dd-4c55-a622-f84e97939ca2,pres-subj,3p,--ადნ-ობ-დნენ,n
3c177ee1-f7dd-4c55-a622-f84e97939ca2,fut,1s,და-ვ-ადნ-ობ-,n
3c177ee1-f7dd-4c55-a622-f84e97939ca2,fut,2s,და--ადნ-ობ-,n
3c177ee1-f7dd-4c55-a622-f84e97939ca2,fut,3s,და--ადნ-ობ-ს,n
3c177ee1-f7dd-4c55-a622-f84e97939ca2,fut,1p,და-ვ-ადნ-ობ-თ,n
3c177ee1-f7dd-4c55-a622-f84e97939ca2,fut,2p,და--ადნ-ობ-თ,n
3c177ee1-f7dd-4c55-a622-f84e97939ca2,fut,3p,და--ადნ-ობ-ენ,n
3c177ee1-f7dd-4c55-a622-f84e97939ca2,cond,1s,და-ვ-ადნ-ობ-დი,n
3c177ee1-f7dd-4c55-a622-f84e97939ca2,cond,2s,და--ადნ-ობ-დი,n
3c177ee1-f7dd-4c55-a622-f84e97939ca2,cond,3s,და--ადნ-ობ-და,n
3c177ee1-f7dd-4c55-a622-f84e97939ca2,cond,1p,და-ვ-ადნ-ობ-დით,n
3c177ee1-f7dd-4c55-a622-f84e97939ca2,cond,2p,და--ადნ-ობ-დით,n
3c177ee1-f7dd-4c55-a622-f84e97939ca2,cond,3p,და--ადნ-ობ-დნენ,n
3c177ee1-f7dd-4c55-a622-f84e97939ca2,aor,1s,და-ვ-ადნ--ე,n
3c177ee1-f7dd-4c55-a622-f84e97939ca2,aor,2s,და--ადნ--ე,n
3c177ee1-f7dd-4c55-a622-f84e97939ca2,aor,3s,და--ადნ--ო,n
3c177ee1-f7dd-4c55-a622-f84e97939ca2,aor,1p,და-ვ-ადნ--ეთ,n
3c177ee1-f7dd-4c55-a622-f84e97939ca2,aor,2p,და--ადნ--ეთ,n
3c177ee1-f7dd-4c55-a622-f84e97939ca2,aor,3p,და--ადნ--ეს,n
3c177ee1-f7dd-4c55-a622-f84e97939ca2,opt,1s,და-ვ-ადნ--,n
3c177ee1-f7dd-4c55-a622-f84e97939ca2,opt,2s,და--ადნ--,n
3c177ee1-f7dd-4c55-a622-f84e97939ca2,opt,3s,და--ადნ--ოს,n
3c177ee1-f7dd-4c55-a622-f84e97939ca2,opt,1p,და-ვ-ადნ--ოთ,n
3c177ee1-f7dd-4c55-a622-f84e97939ca2,opt,2p,და--ადნ--ოთ,n
3c177ee1-f7dd-4c55-a622-f84e97939ca2,opt,3p,და--ადნ--ონ,n
2c28d1d6-3cae-4b05-98b8-b1e37b6ef3e5,pres,1s,-მ-ენატრ-ებ-ა,n
2c28d1d6-3cae-4b05-98b8-b1e37b6ef3e5,pres,2s,-გ-ენატრ-ებ-ა,n
2c28d1d6-3cae-4b05-98b8-b1e37b6ef3e5,pres,3s,--ენატრ-ებ-ა,n
2c28d1d6-3cae-4b05-98b8-b1e37b6ef3e5,pres,1p,-გვ-ენატრ-ებ-ა,n
2c28d1d6-3cae-4b05-98b8-b1e37b6ef3e5,pres,2p,-გ-ენატრ-ებ-ათ,n
2c28d1d6-3cae-4b05-98b8-b1e37b6ef3e5,pres,3p,--ენატრ-ებ-ათ,n
2c28d1d6-3cae-4b05-98b8-b1e37b6ef3e5,imp,1s,-მ-ენატრ-ებ-ოდი,n
2c28d1d6-3cae-4b05-98b8-b1e37b6ef3e5,imp,2s,-გ-ენატრ-ებ-ოდი,n
2c28d1d6-3cae-4b05-98b8-b1e37b6ef3e5,imp,3s,--ენატრ-ებ-ოდა,n
2c28d1d6-3cae-4b05-98b8-b1e37b6ef3e5,imp,1p,-გვ-ენატრ-ებ-ოდით,n
2c28d1d6-3cae-4b05-98b8-b1e37b6ef3e5,imp,2p,-გ-ენატრ-ებ-ოდით,n
2c28d1d6-3cae-4b05-98b8-b1e37b6ef3e5,imp,3p,--ენატრ-ებ-ოდნენ,n
2c28d1d6-3cae-4b05-98b8-b1e37b6ef3e5,pres-subj,1s,-მ-ენატრ-ებ-ოდეს,n
2c28d1d6-3cae-4b05-98b8-b1e37b6ef3e5,pres-subj,2s,-გ-ენატრ-ებ-ოდეს,n
2c28d1d6-3cae-4b05-98b8-b1e37b6ef3e5,pres-subj,3s,--ენატრ-ებ-ოდეს,n
2c28d1d6-3cae-4b05-98b8-b1e37b6ef3e5,pres-subj,1p,-გვ-ენატრ-ებ-ოდეს,n
2c28d1d6-3cae-4b05-98b8-b1e37b6ef3e5,pres-subj,2p,-გ-ენატრ-ებ-ოდეთ,n
2c28d1d6-3cae-4b05-98b8-b1e37b6ef3e5,pres-subj,3p,--ენატრ-ებ-ოდეთ,n
2c28d1d6-3cae-4b05-98b8-b1e37b6ef3e5,fut,1s,მო-მ-ენატრ-ებ-ა,n
2c28d1d6-3cae-4b05-98b8-b1e37b6ef3e5,fut,2s,მო-გ-ენატრ-ებ-ა,n
2c28d1d6-3cae-4b05-98b8-b1e37b6ef3e5,fut,3s,მო--ენატრ-ებ-ა,n
2c28d1d6-3cae-4b05-98b8-b1e37b6ef3e5,fut,1p,მო-გვ-ენატრ-ებ-ა,n
2c28d1d6-3cae-4b05-98b8-b1e37b6ef3e5,fut,2p,მო-გ-ენატრ-ებ-ათ,n
2c28d1d6-3cae-4b05-98b8-b1e37b6ef3e5,fut,3p,მო--ენატრ-ებ-ათ,n
2c28d1d6-3cae-4b05-98b8-b1e37b6ef3e5,cond,1s,მო-მ-ენატრ-ებ-ოდი,n
2c28d1d6-3cae-4b05-98b8-b1e37b6ef3e5,cond,2s,მო-გ-ენატრ-ებ-ოდი,n
2c28d1d6-3cae-4b05-98b8-b1e37b6ef3e5,cond,3s,მო--ენატრ-ებ-ოდა,n
2c28d1d6-3cae-4b05-98b8-b1e37b6ef3e5,cond,1p,მო-გვ-ენატრ-ებ-ოდით,n
2c28d1d6-3cae-4b05-98b8-b1e37b6ef3e5,cond,2p,მო-გ-ენატრ-ებ-ოდით,n
2c28d1d6-3cae-4b05-98b8-b1e37b6ef3e5,cond,3p,მო--ენატრ-ებ-ოდნენ,n
2c28d1d6-3cae-4b05-98b8-b1e37b6ef3e5,aor,1s,მო-მ-ენატრ--ა,n
2c28d1d6-3cae-4b05-98b8-b1e37b6ef3e5,aor,2s,მო-გ-ენატრ--ა,n
2c28d1d6-3cae-4b05-98b8-b1e37b6ef3e5,aor,3s,მო--ენატრ--ა,n
2c28d1d6-3cae-4b05-98b8-b1e37b6ef3e5,aor,1p,მო-გვ-ენატრ--ა,n
2c28d1d6-3cae-4b05-98b8-b1e37b6ef3e5,aor,2p,მო-გ-ენატრ--ათ,n
2c28d1d6-3cae-4b05-98b8-b1e37b6ef3e5,aor,3p,მო--ენატრ--ათ,n
2c28d1d6-3cae-4b05-98b8-b1e37b6ef3e5,opt,1s,მო-მ-ენატრ--,n
2c28d1d6-3cae-4b05-98b8-b1e37b6ef3e5,opt,2s,მო-გ-ენატრ--,n
2c28d1d6-3cae-4b05-98b8-b1e37b6ef3e5,opt,3s,მო--ენატრ--ოს,n
2c28d1d6-3cae-4b05-98b8-b1e37b6ef3e5,opt,1p,მო-გვ-ენატრ--ოთ,n
2c28d1d6-3cae-4b05-98b8-b1e37b6ef3e5,opt,2p,მო-გ-ენატრ--ოთ,n
2c28d1d6-3cae-4b05-98b8-b1e37b6ef3e5,opt,3p,მო--ენატრ--ონ,n
378c845c-d4d0-4562-ba76-9d2287e2a594,pres,1s,ვ--კვნეს-ი-,y
378c845c-d4d0-4562-ba76-9d2287e2a594,pres,2s,--კვნეს-ი-,y
378c845c-d4d0-4562-ba76-9d2287e2a594,pres,3s,--კვნეს-ი-ს,y
378c845c-d4d0-4562-ba76-9d2287e2a594,pres,1p,ვ--კვნეს-ი-თ,y
378c845c-d4d0-4562-ba76-9d2287e2a594,pres,2p,--კვნეს-ი-თ,y
378c845c-d4d0-4562-ba76-9d2287e2a594,pres,3p,--კვნეს-ი-ან,y
378c845c-d4d0-4562-ba76-9d2287e2a594,imp,1s,ვ--კვნეს-ი-დი,y
378c845c-d4d0-4562-ba76-9d2287e2a594,imp,2s,--კვნეს-ი-დი,y
378c845c-d4d0-4562-ba76-9d2287e2a594,imp,3s,--კვნეს-ი-და,y
378c845c-d4d0-4562-ba76-9d2287e2a594,imp,1p,ვ--კვნეს-ი-დით,y
378c845c-d4d0-4562-ba76-9d2287e2a594,imp,2p,--კვნეს-ი-დით,y
378c845c-d4d0-4562-ba76-9d2287e2a594,imp,3p,--კვნეს-ი-დნენ,y
378c845c-d4d0-4562-ba76-9d2287e2a594,pres-subj,1s,ვ--კვნეს-ი-დე,y
378c845c-d4d0-4562-ba76-9d2287e2a594,pres-subj,2s,--კვნეს-ი-დე,y
378c845c-d4d0-4562-ba76-9d2287e2a594,pres-subj,3s,--კვნეს-ი-დეს,y
378c845c-d4d0-4562-ba76-9d2287e2a594,pres-subj,1p,ვ--კვნეს-ი-დეთ,y
378c845c-d4d0-4562-ba76-9d2287e2a594,pres-subj,2p,--კვნეს-ი-დეთ,y
378c845c-d4d0-4562-ba76-9d2287e2a594,pres-subj,3p,--კვნეს-ი-დნენ,y
378c845c-d4d0-4562-ba76-9d2287e2a594,fut,1s,ვ-ი-კვნეს-ებ-,y
378c845c-d4d0-4562-ba76-9d2287e2a594,fut,2s,-ი-კვნეს-ებ-,y
378c845c-d4d0-4562-ba76-9d2287e2a594,fut,3s,-ი-კვნეს-ებ-ს,y
378c845c-d4d0-4562-ba76-9d2287e2a594,fut,1p,ვ-ი-კვნეს-ებ-თ,y
378c845c-d4d0-4562-ba76-9d2287e2a594,fut,2p,-ი-კვნეს-ებ-თ,y
378c845c-d4d0-4562-ba76-9d2287e2a594,fut,3p,-ი-კვნეს-ებ-ან,y
378c845c-d4d0-4562-ba76-9d2287e2a594,cond,1s,ვ-ი-კვნეს-ებ-დი,y
378c845c-d4d0-4562-ba76-9d2287e2a594,cond,2s,-ი-კვნეს-ებ-დი,y
378c845c-d4d0-4562-ba76-9d2287e2a594,cond,3s,-ი-კვნეს-ებ-და,y
378c845c-d4d0-4562-ba76-9d2287e2a594,cond,1p,ვ-ი-კვნეს-ებ-დით,y
378c845c-d4d0-4562-ba76-9d2287e2a594,cond,2p,-ი-კვნეს-ებ-დით,y
378c845c-d4d0-4562-ba76-9d2287e2a594,cond,3p,-ი-კვნეს-ებ-დნენ,y
378c845c-d4d0-4562-ba76-9d2287e2a594,aor,1s,ვ-ი-კვნეს--ე,y
378c845c-d4d0-4562-ba76-9d2287e2a594,aor,2s,-ი-კვნეს--ე,y
378c845c-d4d0-4562-ba76-9d2287e2a594,aor,3s,-ი-კვნეს--ა,y
378c845c-d4d0-4562-ba76-9d2287e2a594,aor,1p,ვ-ი-კვნეს--ეთ,y
378c845c-d4d0-4562-ba76-9d2287e2a594,aor,2p,-ი-კვნეს--ეთ,y
378c845c-d4d0-4562-ba76-9d2287e2a594,aor,3p,-ი-კვნეს--ეს,y
378c845c-d4d0-4562-ba76-9d2287e2a594,opt,1s,ვ-ი-კვნეს--,y
378c845c-d4d0-4562-ba76-9d2287e2a594,opt,2s,-ი-კვნეს--,y
378c845c-d4d0-4562-ba76-9d2287e2a594,opt,3s,-ი-კვნეს--ოს,y
378c845c-d4d0-4562-ba76-9d2287e2a594,opt,1p,ვ-ი-კვნეს--ოთ,y
378c845c-d4d0-4562-ba76-9d2287e2a594,opt,2p,-ი-კვნეს--ოთ,y
378c845c-d4d0-4562-ba76-9d2287e2a594,opt,3p,-ი-კვნეს--ონ,y
b57d7dd1-2d0b-4fe4-a2d4-96c443a1660a,pres,1s,-მ-ქვი--ა,n
b57d7dd1-2d0b-4fe4-a2d4-96c443a1660a,pres,2s,-გ-ქვი--ა,n
b57d7dd1-2d0b-4fe4-a2d4-96c443a1660a,pres,3s,-ჰ-ქვი--ა,n
b57d7dd1-2d0b-4fe4-a2d4-96c443a1660a,pres,1p,-გვ-ქვი--ა,n
b57d7dd1-2d0b-4fe4-a2d4-96c443a1660a,pres,2p,-გ-ქვი--ათ,n
b57d7dd1-2d0b-4fe4-a2d4-96c443a1660a,pres,3p,-ჰ-ქვი--ათ,n
b57d7dd1-2d0b-4fe4-a2d4-96c443a1660a,imp,1s,-მ-ქვი--ოდა,n
b57d7dd1-2d0b-4fe4-a2d4-96c443a1660a,imp,2s,-გ-ქვი--ოდა,n
b57d7dd1-2d0b-4fe4-a2d4-96c443a1660a,imp,3s,-ჰ-ქვი--ოდა,n
b57d7dd1-2d0b-4fe4-a2d4-96c443a1660a,imp,1p,-გვ-ქვი--ოდა,n
b57d7dd1-2d0b-4fe4-a2d4-96c443a1660a,imp,2p,-გ-ქვი--ოდათ,n
b57d7dd1-2d0b-4fe4-a2d4-96c443a1660a,imp,3p,-ჰ-ქვი--ოდათ,n
b57d7dd1-2d0b-4fe4-a2d4-96c443a1660a,pres-subj,1s,-მ-ქვი--ოდეს,n
b57d7dd1-2d0b-4fe4-a2d4-96c443a1660a,pres-subj,2s,-გ-ქვი--ოდეს,n
b57d7dd1-2d0b-4fe4-a2d4-96c443a1660a,pres-subj,3s,-ჰ-ქვი--ოდეს,n
b57d7dd1-2d0b-4fe4-a2d4-96c443a1660a,pres-subj,1p,-გვ-ქვი--ოდეს,n
b57d7dd1-2d0b-4fe4-a2d4-96c443a1660a,pres-subj,2p,-გ-ქვი--ოდეთ,n
b57d7dd1-2d0b-4fe4-a2d4-96c443a1660a,pres-subj,3p,-ჰ-ქვი--ოდეთ,n
b57d7dd1-2d0b-4fe4-a2d4-96c443a1660a,fut,1s,-მ-ერქმ-ევ-ა,n
b57d7dd1-2d0b-4fe4-a2d4-96c443a1660a,fut,2s,-გ-ერქმ-ევ-ა,n
b57d7dd1-2d0b-4fe4-a2d4-96c443a1660a,fut,3s,--ერქმ-ევ-ა,n
b57d7dd1-2d0b-4fe4-a2d4-96c443a1660a,fut,1p,-გვ-ერქმ-ევ-ა,n
b57d7dd1-2d0b-4fe4-a2d4-96c443a1660a,fut,2p,-გ-ერქმ-ევ-ათ,n
b57d7dd1-2d0b-4fe4-a2d4-96c443a1660a,fut,3p,--ერქმ-ევ-ათ,n
b57d7dd1-2d0b-4fe4-a2d4-96c443a1660a,cond,1s,-მ-ერქმ-ევ-ოდა,n
b57d7dd1-2d0b-4fe4-a2d4-96c443a1660a,cond,2s,-გ-ერქმ-ევ-ოდა,n
b57d7dd1-2d0b-4fe4-a2d4-96c443a1660a,cond,3s,--ერქმ-ევ-ოდა,n
b57d7dd1-2d0b-4fe4-a2d4-96c443a1660a,cond,1p,-გვ-ერქმ-ევ-ოდა,n
b57d7dd1-2d0b-4fe4-a2d4-96c443a1660a,cond,2p,-გ-ერქმ-ევ-ოდათ,n
b57d7dd1-2d0b-4fe4-a2d4-96c443a1660a,cond,3p,--ერქმ-ევ-ოდათ,n
b57d7dd1-2d0b-4fe4-a2d4-96c443a1660a,aor,1s,-მ-ერქვ--ა,n
b57d7dd1-2d0b-4fe4-a2d4-96c443a1660a,aor,2s,-გ-ერქვ--ა,n
b57d7dd1-2d0b-4fe4-a2d4-96c443a1660a,aor,3s,--ერქვ--ა,n
b57d7dd1-2d0b-4fe4-a2d4-96c443a1660a,aor,1p,-გვ-ერქვ--ა,n
b57d7dd1-2d0b-4fe4-a2d4-96c443a1660a,aor,2p,-გ-ერქვ--ათ,n
b57d7dd1-2d0b-4fe4-a2d4-96c443a1660a,aor,3p,--ერქვ--ათ,n
b57d7dd1-2d0b-4fe4-a2d4-96c443a1660a,opt,1s,-მ-ერქვ--ას,n
b57d7dd1-2d0b-4fe4-a2d4-96c443a1660a,opt,2s,-გ-ერქვ--ას,n
b57d7dd1-2d0b-4fe4-a2d4-96c443a1660a,opt,3s,--ერქვ--ას,n
b57d7dd1-2d0b-4fe4-a2d4-96c443a1660a,opt,1p,-გვ-ერქვ--ას,n
b57d7dd1-2d0b-4fe4-a2d4-96c443a1660a,opt,2p,-გ-ერქვ--ათ,n
b57d7dd1-2d0b-4fe4-a2d4-96c443a1660a,opt,3p,--ერქვ--ათ,n
9f05d628-32f0-46dd-bd89-8cb7371a798b,pres,1s,-მ-ჭირდ-ებ-ა,n
9f05d628-32f0-46dd-bd89-8cb7371a798b,pres,2s,-გ-ჭირდ-ებ-ა,n
9f05d628-32f0-46dd-bd89-8cb7371a798b,pres,3s,--ჭირდ-ებ-ა,n
9f05d628-32f0-46dd-bd89-8cb7371a798b,pres,1p,-გვ-ჭირდ-ებ-ა,n
9f05d628-32f0-46dd-bd89-8cb7371a798b,pres,2p,-გ-ჭირდ-ებ-ათ,n
9f05d628-32f0-46dd-bd89-8cb7371a798b,pres,3p,--ჭირდ-ებ-ათ,n
9f05d628-32f0-46dd-bd89-8cb7371a798b,imp,1s,-მ-ჭირდ-ებ-ოდა,n
9f05d628-32f0-46dd-bd89-8cb7371a798b,imp,2s,-გ-ჭირდ-ებ-ოდა,n
9f05d628-32f0-46dd-bd89-8cb7371a798b,imp,3s,--ჭირდ-ებ-ოდა,n
9f05d628-32f0-46dd-bd89-8cb7371a798b,imp,1p,-გვ-ჭირდ-ებ-ოდა,n
9f05d628-32f0-46dd-bd89-8cb7371a798b,imp,2p,-გ-ჭირდ-ებ-ოდათ,n
9f05d628-32f0-46dd-bd89-8cb7371a798b,imp,3p,--ჭირდ-ებ-ოდათ,n
9f05d628-32f0-46dd-bd89-8cb7371a798b,pres-subj,1s,-მ-ჭირდ-ებ-ოდეს,n
9f05d628-32f0-46dd-bd89-8cb7371a798b,pres-subj,2s,-გ-ჭირდ-ებ-ოდეს,n
9f05d628-32f0-46dd-bd89-8cb7371a798b,pres-subj,3s,--ჭირდ-ებ-ოდეს,n
9f05d628-32f0-46dd-bd89-8cb7371a798b,pres-subj,1p,-გვ-ჭირდ-ებ-ოდეს,n
9f05d628-32f0-46dd-bd89-8cb7371a798b,pres-subj,2p,-გ-ჭირდ-ებ-ოდეთ,n
9f05d628-32f0-46dd-bd89-8cb7371a798b,pres-subj,3p,--ჭირდ-ებ-ოდეთ,n
9f05d628-32f0-46dd-bd89-8cb7371a798b,fut,1s,-მ-ჭირდ-ებ-ა,n
9f05d628-32f0-46dd-bd89-8cb7371a798b,fut,2s,-გ-ჭირდ-ებ-ა,n
9f05d628-32f0-46dd-bd89-8cb7371a798b,fut,3s,--ჭირდ-ებ-ა,n
9f05d628-32f0-46dd-bd89-8cb7371a798b,fut,1p,-გვ-ჭირდ-ებ-ა,n
9f05d628-32f0-46dd-bd89-8cb7371a798b,fut,2p,-გ-ჭირდ-ებ-ათ,n
9f05d628-32f0-46dd-bd89-8cb7371a798b,fut,3p,--ჭირდ-ებ-ათ,n
9f05d628-32f0-46dd-bd89-8cb7371a798b,cond,1s,-მ-ჭირდ-ებ-ოდა,n
9f05d628-32f0-46dd-bd89-8cb7371a798b,cond,2s,-გ-ჭირდ-ებ-ოდა,n
9f05d628-32f0-46dd-bd89-8cb7371a798b,cond,3s,--ჭირდ-ებ-ოდა,n
9f05d628-32f0-46dd-bd89-8cb7371a798b,cond,1p,-გვ-ჭირდ-ებ-ოდა,n
9f05d628-32f0-46dd-bd89-8cb7371a798b,cond,2p,-გ-ჭირდ-ებ-ოდათ,n
9f05d628-32f0-46dd-bd89-8cb7371a798b,cond,3p,--ჭირდ-ებ-ოდათ,n
9f05d628-32f0-46dd-bd89-8cb7371a798b,aor,1s,-მ-ჭირდ-ებ-ოდა,n
9f05d628-32f0-46dd-bd89-8cb7371a798b,aor,2s,-გ-ჭირდ-ებ-ოდა,n
9f05d628-32f0-46dd-bd89-8cb7371a798b,aor,3s,--ჭირდ-ებ-ოდა,n
9f05d628-32f0-46dd-bd89-8cb7371a798b,aor,1p,-გვ-ჭირდ-ებ-ოდა,n
9f05d628-32f0-46dd-bd89-8cb7371a798b,aor,2p,-გ-ჭირდ-ებ-ოდათ,n
9f05d628-32f0-46dd-bd89-8cb7371a798b,aor,3p,--ჭირდ-ებ-ოდათ,n
9f05d628-32f0-46dd-bd89-8cb7371a798b,opt,1s,-მ-ჭირდ-ებ-ეს,n
9f05d628-32f0-46dd-bd89-8cb7371a798b,opt,2s,-გ-ჭირდ-ებ-ეს,n
9f05d628-32f0-46dd-bd89-8cb7371a798b,opt,3s,--ჭირდ-ებ-ეს,n
9f05d628-32f0-46dd-bd89-8cb7371a798b,opt,1p,-გვ-ჭირდ-ებ-ეს,n
9f05d628-32f0-46dd-bd89-8cb7371a798b,opt,2p,-გ-ჭირდ-ებ-ეთ,n
9f05d628-32f0-46dd-bd89-8cb7371a798b,opt,3p,--ჭირდ-ებ-ეთ,n
ef72fd2d-9a11-4033-8382-79670d8c1ff3,pres,1s,ვ--ნერვიულ-ობ-,y
ef72fd2d-9a11-4033-8382-79670d8c1ff3,pres,2s,--ნერვიულ-ობ-,y
ef72fd2d-9a11-4033-8382-79670d8c1ff3,pres,3s,--ნერვიულ-ობ-ს,y
ef72fd2d-9a11-4033-8382-79670d8c1ff3,pres,1p,ვ--ნერვიულ-ობ-თ,y
ef72fd2d-9a11-4033-8382-79670d8c1ff3,pres,2p,--ნერვიულ-ობ-თ,y
ef72fd2d-9a11-4033-8382-79670d8c1ff3,pres,3p,--ნერვიულ-ობ-ენ,y
ef72fd2d-9a11-4033-8382-79670d8c1ff3,imp,1s,ვ--ნერვიულ-ობ-დი,y
ef72fd2d-9a11-4033-8382-79670d8c1ff3,imp,2s,--ნერვიულ-ობ-დი,y
ef72fd2d-9a11-4033-8382-79670d8c1ff3,imp,3s,--ნერვიულ-ობ-და,y
ef72fd2d-9a11-4033-8382-79670d8c1ff3,imp,1p,ვ--ნერვიულ-ობ-დით,y
ef72fd2d-9a11-4033-8382-79670d8c1ff3,imp,2p,--ნერვიულ-ობ-დით,y
ef72fd2d-9a11-4033-8382-79670d8c1ff3,imp,3p,--ნერვიულ-ობ-დნენ,y
ef72fd2d-9a11-4033-8382-79670d8c1ff3,pres-subj,1s,ვ--ნერვიულ-ობ-დე,y
ef72fd2d-9a11-4033-8382-79670d8c1ff3,pres-subj,2s,--ნერვიულ-ობ-დე,y
ef72fd2d-9a11-4033-8382-79670d8c1ff3,pres-subj,3s,--ნერვიულ-ობ-დეს,y
ef72fd2d-9a11-4033-8382-79670d8c1ff3,pres-subj,1p,ვ--ნერვიულ-ობ-დეთ,y
ef72fd2d-9a11-4033-8382-79670d8c1ff3,pres-subj,2p,--ნერვიულ-ობ-დეთ,y
ef72fd2d-9a11-4033-8382-79670d8c1ff3,pres-subj,3p,--ნერვიულ-ობ-დნენ,y
ef72fd2d-9a11-4033-8382-79670d8c1ff3,fut,1s,ვ-ი-ნერვიულ-ებ-,y
ef72fd2d-9a11-4033-8382-79670d8c1ff3,fut,2s,-ი-ნერვიულ-ებ-,y
ef72fd2d-9a11-4033-8382-79670d8c1ff3,fut,3s,-ი-ნერვიულ-ებ-ს,y
ef72fd2d-9a11-4033-8382-79670d8c1ff3,fut,1p,ვ-ი-ნერვიულ-ებ-თ,y
ef72fd2d-9a11-4033-8382-79670d8c1ff3,fut,2p,-ი-ნერვიულ-ებ-თ,y
ef72fd2d-9a11-4033-8382-79670d8c1ff3,fut,3p,-ი-ნერვიულ-ებ-ენ,y
ef72fd2d-9a11-4033-8382-79670d8c1ff3,cond,1s,ვ-ი-ნერვიულ-ებ-დი,y
ef72fd2d-9a11-4033-8382-79670d8c1ff3,cond,2s,-ი-ნერვიულ-ებ-დი,y
ef72fd2d-9a11-4033-8382-79670d8c1ff3,cond,3s,-ი-ნერვიულ-ებ-და,y
ef72fd2d-9a11-4033-8382-79670d8c1ff3,cond,1p,ვ-ი-ნერვიულ-ებ-დით,y
ef72fd2d-9a11-4033-8382-79670d8c1ff3,cond,2p,-ი-ნერვიულ-ებ-დით,y
ef72fd2d-9a11-4033-8382-79670d8c1ff3,cond,3p,-ი-ნერვიულ-ებ-დნენ,y
ef72fd2d-9a11-4033-8382-79670d8c1ff3,aor,1s,ვ-ი-ნერვიულ--ე,y
ef72fd2d-9a11-4033-8382-79670d8c1ff3,aor,2s,-ი-ნერვიულ--ე,y
ef72fd2d-9a11-4033-8382-79670d8c1ff3,aor,3s,-ი-ნერვიულ--ა,y
ef72fd2d-9a11-4033-8382-79670d8c1ff3,aor,1p,ვ-ი-ნერვიულ--ეთ,y
ef72fd2d-9a11-4033-8382-79670d8c1ff3,aor,2p,-ი-ნერვიულ--ეთ,y
ef72fd2d-9a11-4033-8382-79670d8c1ff3,aor,3p,-ი-ნერვიულ--ეს,y
ef72fd2d-9a11-4033-8382-79670d8c1ff3,opt,1s,ვ-ი-ნერვიულ--,y
ef72fd2d-9a11-4033-8382-79670d8c1ff3,opt,2s,-ი-ნერვიულ--,y
ef72fd2d-9a11-4033-8382-79670d8c1ff3,opt,3s,-ი-ნერვიულ--ოს,y
ef72fd2d-9a11-4033-8382-79670d8c1ff3,opt,1p,ვ-ი-ნერვიულ--ოთ,y
ef72fd2d-9a11-4033-8382-79670d8c1ff3,opt,2p,-ი-ნერვიულ--ოთ,y
ef72fd2d-9a11-4033-8382-79670d8c1ff3,opt,3p,-ი-ნერვიულ--ონ,y
bc9697aa-b963-4116-9fcc-bae1d131c660,pres,1s,-ვ-აქნ-ევ-,n
bc9697aa-b963-4116-9fcc-bae1d131c660,pres,2s,--აქნ-ევ-,n
bc9697aa-b963-4116-9fcc-bae1d131c660,pres,3s,--აქნ-ევ-ს,n
bc9697aa-b963-4116-9fcc-bae1d131c660,pres,1p,-ვ-აქნ-ევ-თ,n
bc9697aa-b963-4116-9fcc-bae1d131c660,pres,2p,--აქნ-ევ-თ,n
bc9697aa-b963-4116-9fcc-bae1d131c660,pres,3p,--აქნ-ევ-ენ,n
bc9697aa-b963-4116-9fcc-bae1d131c660,imp,1s,-ვ-აქნ-ევ-დი,n
bc9697aa-b963-4116-9fcc-bae1d131c660,imp,2s,--აქნ-ევ-დი,n
bc9697aa-b963-4116-9fcc-bae1d131c660,imp,3s,--აქნ-ევ-და,n
bc9697aa-b963-4116-9fcc-bae1d131c660,imp,1p,-ვ-აქნ-ევ-დით,n
bc9697aa-b963-4116-9fcc-bae1d131c660,imp,2p,--აქნ-ევ-დით,n
bc9697aa-b963-4116-9fcc-bae1d131c660,imp,3p,--აქნ-ევ-დნენ,n
bc9697aa-b963-4116-9fcc-bae1d131c660,pres-subj,1s,-ვ-აქნ-ევ-დე,n
bc9697aa-b963-4116-9fcc-bae1d131c660,pres-subj,2s,--აქნ-ევ-დე,n
bc9697aa-b963-4116-9fcc-bae1d131c660,pres-subj,3s,--აქნ-ევ-დეს,n
bc9697aa-b963-4116-9fcc-bae1d131c660,pres-subj,1p,-ვ-აქნ-ევ-დეთ,n
bc9697aa-b963-4116-9fcc-bae1d131c660,pres-subj,2p,--აქნ-ევ-დეთ,n
bc9697aa-b963-4116-9fcc-bae1d131c660,pres-subj,3p,--აქნ-ევ-დნენ,n
bc9697aa-b963-4116-9fcc-bae1d131c660,fut,1s,და-ვ-აქნ-ევ-,n
bc9697aa-b963-4116-9fcc-bae1d131c660,fut,2s,და--აქნ-ევ-,n
bc9697aa-b963-4116-9fcc-bae1d131c660,fut,3s,და--აქნ-ევ-ს,n
bc9697aa-b963-4116-9fcc-bae1d131c660,fut,1p,და-ვ-აქნ-ევ-თ,n
bc9697aa-b963-4116-9fcc-bae1d131c660,fut,2p,და--აქნ-ევ-თ,n
bc9697aa-b963-4116-9fcc-bae1d131c660,fut,3p,და--აქნ-ევ-ენ,n
bc9697aa-b963-4116-9fcc-bae1d131c660,cond,1s,და-ვ-აქნ-ევ-დი,n
bc9697aa-b963-4116-9fcc-bae1d131c660,cond,2s,და--აქნ-ევ-დი,n
bc9697aa-b963-4116-9fcc-bae1d131c660,cond,3s,და--აქნ-ევ-და,n
bc9697aa-b963-4116-9fcc-bae1d131c660,cond,1p,და-ვ-აქნ-ევ-დით,n
bc9697aa-b963-4116-9fcc-bae1d131c660,cond,2p,და--აქნ-ევ-დით,n
bc9697aa-b963-4116-9fcc-bae1d131c660,cond,3p,და--აქნ-ევ-დნენ,n
bc9697aa-b963-4116-9fcc-bae1d131c660,aor,1s,და-ვ-იქნი--ე,n
bc9697aa-b963-4116-9fcc-bae1d131c660,aor,2s,და--იქნი--ე,n
bc9697aa-b963-4116-9fcc-bae1d131c660,aor,3s,და--იქნი--ა,n
bc9697aa-b963-4116-9fcc-bae1d131c660,aor,1p,და-ვ-იქნი--ეთ,n
bc9697aa-b963-4116-9fcc-bae1d131c660,aor,2p,და--იქნი--ეთ,n
bc9697aa-b963-4116-9fcc-bae1d131c660,aor,3p,და--იქნი--ეს,n
bc9697aa-b963-4116-9fcc-bae1d131c660,opt,1s,და-ვ-იქნი--,n
bc9697aa-b963-4116-9fcc-bae1d131c660,opt,2s,და--იქნი--,n
bc9697aa-b963-4116-9fcc-bae1d131c660,opt,3s,და--იქნი--ოს,n
bc9697aa-b963-4116-9fcc-bae1d131c660,opt,1p,და-ვ-იქნი--ოთ,n
bc9697aa-b963-4116-9fcc-bae1d131c660,opt,2p,და--იქნი--ოთ,n
bc9697aa-b963-4116-9fcc-bae1d131c660,opt,3p,და--იქნი--ონ,n
32d9bfc3-36cd-4e87-85a3-d32a63782d7d,pres,1s,-ვ-აღ-ებ-,n
32d9bfc3-36cd-4e87-85a3-d32a63782d7d,pres,2s,--აღ-ებ-,n
32d9bfc3-36cd-4e87-85a3-d32a63782d7d,pres,3s,--აღ-ებ-ს,n
32d9bfc3-36cd-4e87-85a3-d32a63782d7d,pres,1p,-ვ-აღ-ებ-თ,n
32d9bfc3-36cd-4e87-85a3-d32a63782d7d,pres,2p,--აღ-ებ-თ,n
32d9bfc3-36cd-4e87-85a3-d32a63782d7d,pres,3p,--აღ-ებ-ენ,n
32d9bfc3-36cd-4e87-85a3-d32a63782d7d,imp,1s,-ვ-აღ-ებ-დი,n
32d9bfc3-36cd-4e87-85a3-d32a63782d7d,imp,2s,--აღ-ებ-დი,n
32d9bfc3-36cd-4e87-85a3-d32a63782d7d,imp,3s,--აღ-ებ-და,n
32d9bfc3-36cd-4e87-85a3-d32a63782d7d,imp,1p,-ვ-აღ-ებ-დით,n
32d9bfc3-36cd-4e87-85a3-d32a63782d7d,imp,2p,--აღ-ებ-დით,n
32d9bfc3-36cd-4e87-85a3-d32a63782d7d,imp,3p,--აღ-ებ-დნენ,n
32d9bfc3-36cd-4e87-85a3-d32a63782d7d,pres-subj,1s,-ვ-აღ-ებ-დე,n
32d9bfc3-36cd-4e87-85a3-d32a63782d7d,pres-subj,2s,--აღ-ებ-დე,n
32d9bfc3-36cd-4e87-85a3-d32a63782d7d,pres-subj,3s,--აღ-ებ-დეს,n
32d9bfc3-36cd-4e87-85a3-d32a63782d7d,pres-subj,1p,-ვ-აღ-ებ-დეთ,n
32d9bfc3-36cd-4e87-85a3-d32a63782d7d,pres-subj,2p,--აღ-ებ-დეთ,n
32d9bfc3-36cd-4e87-85a3-d32a63782d7d,pres-subj,3p,--აღ-ებ-დნენ,n
32d9bfc3-36cd-4e87-85a3-d32a63782d7d,fut,1s,გა-ვ-აღ-ებ-,n
32d9bfc3-36cd-4e87-85a3-d32a63782d7d,fut,2s,გა--აღ-ებ-,n
32d9bfc3-36cd-4e87-85a3-d32a63782d7d,fut,3s,გა--აღ-ებ-ს,n
32d9bfc3-36cd-4e87-85a3-d32a63782d7d,fut,1p,გა-ვ-აღ-ებ-თ,n
32d9bfc3-36cd-4e87-85a3-d32a63782d7d,fut,2p,გა--აღ-ებ-თ,n
32d9bfc3-36cd-4e87-85a3-d32a63782d7d,fut,3p,გა--აღ-ებ-ენ,n
32d9bfc3-36cd-4e87-85a3-d32a63782d7d,cond,1s,გა-ვ-აღ-ებ-დი,n
32d9bfc3-36cd-4e87-85a3-d32a63782d7d,cond,2s,გა--აღ-ებ-დი,n
32d9bfc3-36cd-4e87-85a3-d32a63782d7d,cond,3s,გა--აღ-ებ-და,n
32d9bfc3-36cd-4e87-85a3-d32a63782d7d,cond,1p,გა-ვ-აღ-ებ-დით,n
32d9bfc3-36cd-4e87-85a3-d32a63782d7d,cond,2p,გა--აღ-ებ-დით,n
32d9bfc3-36cd-4e87-85a3-d32a63782d7d,cond,3p,გა--აღ-ებ-დნენ,n
32d9bfc3-36cd-4e87-85a3-d32a63782d7d,aor,1s,გა-ვ-აღ--ე,n
32d9bfc3-36cd-4e87-85a3-d32a63782d7d,aor,2s,გა--აღ--ე,n
32d9bfc3-36cd-4e87-85a3-d32a63782d7d,aor,3s,გა--აღ--ო,n
32d9bfc3-36cd-4e87-85a3-d32a63782d7d,aor,1p,გა-ვ-აღ--ეთ,n
32d9bfc3-36cd-4e87-85a3-d32a63782d7d,aor,2p,გა--აღ--ეთ,n
32d9bfc3-36cd-4e87-85a3-d32a63782d7d,aor,3p,გა--აღ--ეს,n
32d9bfc3-36cd-4e87-85a3-d32a63782d7d,opt,1s,გა-ვ-აღ--,n
32d9bfc3-36cd-4e87-85a3-d32a63782d7d,opt,2s,გა--აღ--,n
32d9bfc3-36cd-4e87-85a3-d32a63782d7d,opt,3s,გა--აღ--ოს,n
32d9bfc3-36cd-4e87-85a3-d32a63782d7d,opt,1p,გა-ვ-აღ--ოთ,n
32d9bfc3-36cd-4e87-85a3-d32a63782d7d,opt,2p,გა--აღ--ოთ,n
32d9bfc3-36cd-4e87-85a3-d32a63782d7d,opt,3p,გა--აღ--ონ,n
f1ab53eb-019e-4aea-bed8-423aead665a8,pres,1s,-ვ-უკვეთ-ავ-,n
f1ab53eb-019e-4aea-bed8-423aead665a8,pres,2s,--უკვეთ-ავ-,n
f1ab53eb-019e-4aea-bed8-423aead665a8,pres,3s,--უკვეთ-ავ-ს,n
f1ab53eb-019e-4aea-bed8-423aead665a8,pres,1p,-ვ-უკვეთ-ავ-თ,n
f1ab53eb-019e-4aea-bed8-423aead665a8,pres,2p,--უკვეთ-ავ-თ,n
f1ab53eb-019e-4aea-bed8-423aead665a8,pres,3p,--უკვეთ-ავ-ენ,n
f1ab53eb-019e-4aea-bed8-423aead665a8,imp,1s,-ვ-უკვეთ-ავ-დი,n
f1ab53eb-019e-4aea-bed8-423aead665a8,imp,2s,--უკვეთ-ავ-დი,n
f1ab53eb-019e-4aea-bed8-423aead665a8,imp,3s,--უკვეთ-ავ-და,n
f1ab53eb-019e-4aea-bed8-423aead665a8,imp,1p,-ვ-უკვეთ-ავ-დით,n
f1ab53eb-019e-4aea-bed8-423aead665a8,imp,2p,--უკვეთ-ავ-დით,n
f1ab53eb-019e-4aea-bed8-423aead665a8,imp,3p,--უკვეთ-ავ-დნენ,n
f1ab53eb-019e-4aea-bed8-423aead665a8,pres-subj,1s,-ვ-უკვეთ-ავ-დე,n
f1ab53eb-019e-4aea-bed8-423aead665a8,pres-subj,2s,--უკვეთ-ავ-დე,n
f1ab53eb-019e-4aea-bed8-423aead665a8,pres-subj,3s,--უკვეთ-ავ-დეს,n
f1ab53eb-019e-4aea-bed8-423aead665a8,pres-subj,1p,-ვ-უკვეთ-ავ-დეთ,n
f1ab53eb-019e-4aea-bed8-423aead665a8,pres-subj,2p,--უკვეთ-ავ-დეთ,n
f1ab53eb-019e-4aea-bed8-423aead665a8,pres-subj,3p,--უკვეთ-ავ-დნენ,n
f1ab53eb-019e-4aea-bed8-423aead665a8,fut,1s,შე-ვ-უკვეთ-ავ-,n
f1ab53eb-019e-4aea-bed8-423aead665a8,fut,2s,შე--უკვეთ-ავ-,n
f1ab53eb-019e-4aea-bed8-423aead665a8,fut,3s,შე--უკვეთ-ავ-ს,n
f1ab53eb-019e-4aea-bed8-423aead665a8,fut,1p,შე-ვ-უკვეთ-ავ-თ,n
f1ab53eb-019e-4aea-bed8-423aead665a8,fut,2p,შე--უკვეთ-ავ-თ,n
f1ab53eb-019e-4aea-bed8-423aead665a8,fut,3p,შე--უკვეთ-ავ-ენ,n
f1ab53eb-019e-4aea-bed8-423aead665a8,cond,1s,შე-ვ-უკვეთ-ავ-დი,n
f1ab53eb-019e-4aea-bed8-423aead665a8,cond,2s,შე--უკვეთ-ავ-დი,n
f1ab53eb-019e-4aea-bed8-423aead665a8,cond,3s,შე--უკვეთ-ავ-და,n
f1ab53eb-019e-4aea-bed8-423aead665a8,cond,1p,შე-ვ-უკვეთ-ავ-დით,n
f1ab53eb-019e-4aea-bed8-423aead665a8,cond,2p,შე--უკვეთ-ავ-დით,n
f1ab53eb-019e-4aea-bed8-423aead665a8,cond,3p,შე--უკვეთ-ავ-დნენ,n
f1ab53eb-019e-4aea-bed8-423aead665a8,aor,1s,შე-ვ-უკვეთ--ე,n
f1ab53eb-019e-4aea-bed8-423aead665a8,aor,2s,შე--უკვეთ--ე,n
f1ab53eb-019e-4aea-bed8-423aead665a8,aor,3s,შე--უკვეთ--ა,n
f1ab53eb-019e-4aea-bed8-423aead665a8,aor,1p,შე-ვ-უკვეთ--ეთ,n
f1ab53eb-019e-4aea-bed8-423aead665a8,aor,2p,შე--უკვეთ--ეთ,n
f1ab53eb-019e-4aea-bed8-423aead665a8,aor,3p,შე--უკვეთ--ეს,n
f1ab53eb-019e-4aea-bed8-423aead665a8,opt,1s,შე-ვ-უკვეთ--,n
f1ab53eb-019e-4aea-bed8-423aead665a8,opt,2s,შე--უკვეთ--,n
f1ab53eb-019e-4aea-bed8-423aead665a8,opt,3s,შე--უკვეთ--ოს,n
f1ab53eb-019e-4aea-bed8-423aead665a8,opt,1p,შე-ვ-უკვეთ--ოთ,n
f1ab53eb-019e-4aea-bed8-423aead665a8,opt,2p,შე--უკვეთ--ოთ,n
f1ab53eb-019e-4aea-bed8-423aead665a8,opt,3p,შე--უკვეთ--ონ,n
3818a355-a725-4d31-8462-21812e7613dc,pres,1s,-ვ-არიგ-ებ-,n
3818a355-a725-4d31-8462-21812e7613dc,pres,2s,--არიგ-ებ-,n
3818a355-a725-4d31-8462-21812e7613dc,pres,3s,--არიგ-ებ-ს,n
3818a355-a725-4d31-8462-21812e7613dc,pres,1p,-ვ-არიგ-ებ-თ,n
3818a355-a725-4d31-8462-21812e7613dc,pres,2p,--არიგ-ებ-თ,n
3818a355-a725-4d31-8462-21812e7613dc,pres,3p,--არიგ-ებ-ენ,n
3818a355-a725-4d31-8462-21812e7613dc,imp,1s,-ვ-არიგ-ებ-დი,n
3818a355-a725-4d31-8462-21812e7613dc,imp,2s,--არიგ-ებ-დი,n
3818a355-a725-4d31-8462-21812e7613dc,imp,3s,--არიგ-ებ-და,n
3818a355-a725-4d31-8462-21812e7613dc,imp,1p,-ვ-არიგ-ებ-დით,n
3818a355-a725-4d31-8462-21812e7613dc,imp,2p,--არიგ-ებ-დით,n
3818a355-a725-4d31-8462-21812e7613dc,imp,3p,--არიგ-ებ-დნენ,n
3818a355-a725-4d31-8462-21812e7613dc,pres-subj,1s,-ვ-არიგ-ებ-დე,n
3818a355-a725-4d31-8462-21812e7613dc,pres-subj,2s,--არიგ-ებ-დე,n
3818a355-a725-4d31-8462-21812e7613dc,pres-subj,3s,--არიგ-ებ-დეს,n
3818a355-a725-4d31-8462-21812e7613dc,pres-subj,1p,-ვ-არიგ-ებ-დეთ,n
3818a355-a725-4d31-8462-21812e7613dc,pres-subj,2p,--არიგ-ებ-დეთ,n
3818a355-a725-4d31-8462-21812e7613dc,pres-subj,3p,--არიგ-ებ-დნენ,n
3818a355-a725-4d31-8462-21812e7613dc,fut,1s,გა-ვ-არიგ-ებ-,n
3818a355-a725-4d31-8462-21812e7613dc,fut,2s,გა--არიგ-ებ-,n
3818a355-a725-4d31-8462-21812e7613dc,fut,3s,გა--არიგ-ებ-ს,n
3818a355-a725-4d31-8462-21812e7613dc,fut,1p,გა-ვ-არიგ-ებ-თ,n
3818a355-a725-4d31-8462-21812e7613dc,fut,2p,გა--არიგ-ებ-თ,n
3818a355-a725-4d31-8462-21812e7613dc,fut,3p,გა--არიგ-ებ-ენ,n
3818a355-a725-4d31-8462-21812e7613dc,cond,1s,გა-ვ-არიგ-ებ-დი,n
3818a355-a725-4d31-8462-21812e7613dc,cond,2s,გა--არიგ-ებ-დი,n
3818a355-a725-4d31-8462-21812e7613dc,cond,3s,გა--არიგ-ებ-და,n
3818a355-a725-4d31-8462-21812e7613dc,cond,1p,გა-ვ-არიგ-ებ-დით,n
3818a355-a725-4d31-8462-21812e7613dc,cond,2p,გა--არიგ-ებ-დით,n
3818a355-a725-4d31-8462-21812e7613dc,cond,3p,გა--არიგ-ებ-დნენ,n
3818a355-a725-4d31-8462-21812e7613dc,aor,1s,გა-ვ-არიგ--ე,n
3818a355-a725-4d31-8462-21812e7613dc,aor,2s,გა--არიგ--ე,n
3818a355-a725-4d31-8462-21812e7613dc,aor,3s,გა--არიგ--ა,n
3818a355-a725-4d31-8462-21812e7613dc,aor,1p,გა-ვ-არიგ--ეთ,n
3818a355-a725-4d31-8462-21812e7613dc,aor,2p,გა--არიგ--ეთ,n
3818a355-a725-4d31-8462-21812e7613dc,aor,3p,გა--არიგ--ეს,n
3818a355-a725-4d31-8462-21812e7613dc,opt,1s,გა-ვ-არიგ--,n
3818a355-a725-4d31-8462-21812e7613dc,opt,2s,გა--არიგ--,n
3818a355-a725-4d31-8462-21812e7613dc,opt,3s,გა--არიგ--ოს,n
3818a355-a725-4d31-8462-21812e7613dc,opt,1p,გა-ვ-არიგ--ოთ,n
3818a355-a725-4d31-8462-21812e7613dc,opt,2p,გა--არიგ--ოთ,n
3818a355-a725-4d31-8462-21812e7613dc,opt,3p,გა--არიგ--ონ,n
a8a66102-a632-44ea-ab41-a8444ffdfba1,pres,1s,-ვ-იხდ-ი-,n
a8a66102-a632-44ea-ab41-a8444ffdfba1,pres,2s,--იხდ-ი-,n
a8a66102-a632-44ea-ab41-a8444ffdfba1,pres,3s,--იხდ-ი-ს,n
a8a66102-a632-44ea-ab41-a8444ffdfba1,pres,1p,-ვ-იხდ-ი-თ,n
a8a66102-a632-44ea-ab41-a8444ffdfba1,pres,2p,--იხდ-ი-თ,n
a8a66102-a632-44ea-ab41-a8444ffdfba1,pres,3p,--იხდ-ი-ან,n
a8a66102-a632-44ea-ab41-a8444ffdfba1,imp,1s,-ვ-იხდ-ი-დი,n
a8a66102-a632-44ea-ab41-a8444ffdfba1,imp,2s,--იხდ-ი-დი,n
a8a66102-a632-44ea-ab41-a8444ffdfba1,imp,3s,--იხდ-ი-და,n
a8a66102-a632-44ea-ab41-a8444ffdfba1,imp,1p,-ვ-იხდ-ი-დით,n
a8a66102-a632-44ea-ab41-a8444ffdfba1,imp,2p,--იხდ-ი-დით,n
a8a66102-a632-44ea-ab41-a8444ffdfba1,imp,3p,--იხდ-ი-დნენ,n
a8a66102-a632-44ea-ab41-a8444ffdfba1,pres-subj,1s,-ვ-იხდ-ი-დე,n
a8a66102-a632-44ea-ab41-a8444ffdfba1,pres-subj,2s,--იხდ-ი-დე,n
a8a66102-a632-44ea-ab41-a8444ffdfba1,pres-subj,3s,--იხდ-ი-დეს,n
a8a66102-a632-44ea-ab41-a8444ffdfba1,pres-subj,1p,-ვ-იხდ-ი-დეთ,n
a8a66102-a632-44ea-ab41-a8444ffdfba1,pres-subj,2p,--იხდ-ი-დეთ,n
a8a66102-a632-44ea-ab41-a8444ffdfba1,pres-subj,3p,--იხდ-ი-დნენ,n
a8a66102-a632-44ea-ab41-a8444ffdfba1,fut,1s,გადა-ვ-იხდ-ი-,n
a8a66102-a632-44ea-ab41-a8444ffdfba1,fut,2s,გადა--იხდ-ი-,n
a8a66102-a632-44ea-ab41-a8444ffdfba1,fut,3s,გადა--იხდ-ი-ს,n
a8a66102-a632-44ea-ab41-a8444ffdfba1,fut,1p,გადა-ვ-იხდ-ი-თ,n
a8a66102-a632-44ea-ab41-a8444ffdfba1,fut,2p,გადა--იხდ-ი-თ,n
a8a66102-a632-44ea-ab41-a8444ffdfba1,fut,3p,გადა--იხდ-ი-ან,n
a8a66102-a632-44ea-ab41-a8444ffdfba1,aor,1s,გადა-ვ-იხდ--ე,n
a8a66102-a632-44ea-ab41-a8444ffdfba1,aor,2s,გადა--იხდ--ე,n
a8a66102-a632-44ea-ab41-a8444ffdfba1,aor,3s,გადა--იხდ--ა,n
a8a66102-a632-44ea-ab41-a8444ffdfba1,aor,1p,გადა-ვ-იხდ--ეთ,n
a8a66102-a632-44ea-ab41-a8444ffdfba1,aor,2p,გადა--იხდ--ეთ,n
a8a66102-a632-44ea-ab41-a8444ffdfba1,aor,3p,გადა--იხდ--ეს,n
a8a66102-a632-44ea-ab41-a8444ffdfba1,opt,1s,გადა-ვ-იხდ--,n
a8a66102-a632-44ea-ab41-a8444ffdfba1,opt,2s,გადა--იხდ--,n
a8a66102-a632-44ea-ab41-a8444ffdfba1,opt,3s,გადა--იხდ--ოს,n
a8a66102-a632-44ea-ab41-a8444ffdfba1,opt,1p,გადა-ვ-იხდ--ოთ,n
a8a66102-a632-44ea-ab41-a8444ffdfba1,opt,2p,გადა--იხდ--ოთ,n
a8a66102-a632-44ea-ab41-a8444ffdfba1,opt,3p,გადა--იხდ--ონ,n
34805542-8722-4fca-af9d-5fa86cf541c8,pres,1s,წარმო-ვ-ადგენ--,n
34805542-8722-4fca-af9d-5fa86cf541c8,pres,2s,წარმო--ადგენ--,n
34805542-8722-4fca-af9d-5fa86cf541c8,pres,3s,წარმო--ადგენ--ს,n
34805542-8722-4fca-af9d-5fa86cf541c8,pres,1p,წარმო-ვ-ადგენ--თ,n
34805542-8722-4fca-af9d-5fa86cf541c8,pres,2p,წარმო--ადგენ--თ,n
34805542-8722-4fca-af9d-5fa86cf541c8,pres,3p,წარმო--ადგნ--ენ,n
34805542-8722-4fca-af9d-5fa86cf541c8,imp,1s,წარმო-ვ-ადგენ--დი,n
34805542-8722-4fca-af9d-5fa86cf541c8,imp,2s,წარმო--ადგენ--დი,n
34805542-8722-4fca-af9d-5fa86cf541c8,imp,3s,წარმო--ადგენ--და,n
34805542-8722-4fca-af9d-5fa86cf541c8,imp,1p,წარმო-ვ-ადგენ--დით,n
34805542-8722-4fca-af9d-5fa86cf541c8,imp,2p,წარმო--ადგენ--დით,n
34805542-8722-4fca-af9d-5fa86cf541c8,imp,3p,წარმო--ადგნ--დნენ,n
34805542-8722-4fca-af9d-5fa86cf541c8,pres-subj,1s,წარმო-ვ-ადგენ--დე,n
34805542-8722-4fca-af9d-5fa86cf541c8,pres-subj,2s,წარმო--ადგენ--დე,n
34805542-8722-4fca-af9d-5fa86cf541c8,pres-subj,3s,წარმო--ადგენ--დეს,n
34805542-8722-4fca-af9d-5fa86cf541c8,pres-subj,1p,წარმო-ვ-ადგენ--დეთ,n
34805542-8722-4fca-af9d-5fa86cf541c8,pres-subj,2p,წარმო--ადგენ--დეთ,n
34805542-8722-4fca-af9d-5fa86cf541c8,pres-subj,3p,წარმო--ადგნ--დნენ,n
34805542-8722-4fca-af9d-5fa86cf541c8,fut,1s,წარმო-ვ-ადგენ--,n
34805542-8722-4fca-af9d-5fa86cf541c8,fut,2s,წარმო--ადგენ--,n
34805542-8722-4fca-af9d-5fa86cf541c8,fut,3s,წარმო--ადგენ--ს,n
34805542-8722-4fca-af9d-5fa86cf541c8,fut,1p,წარმო-ვ-ადგენ--თ,n
34805542-8722-4fca-af9d-5fa86cf541c8,fut,2p,წარმო--ადგენ--თ,n
34805542-8722-4fca-af9d-5fa86cf541c8,fut,3p,წარმო--ადგნ--ენ,n
34805542-8722-4fca-af9d-5fa86cf541c8,cond,1s,წარმო-ვ-ადგენ--დი,n
34805542-8722-4fca-af9d-5fa86cf541c8,cond,2s,წარმო--ადგენ--დი,n
34805542-8722-4fca-af9d-5fa86cf541c8,cond,3s,წარმო--ადგენ--და,n
34805542-8722-4fca-af9d-5fa86cf541c8,cond,1p,წარმო-ვ-ადგენ--დით,n
34805542-8722-4fca-af9d-5fa86cf541c8,cond,2p,წარმო--ადგენ--დით,n
34805542-8722-4fca-af9d-5fa86cf541c8,cond,3p,წარმო--ადგნ--დნენ,n
34805542-8722-4fca-af9d-5fa86cf541c8,aor,1s,წარმო-ვ-ადგინ--ე,n
34805542-8722-4fca-af9d-5fa86cf541c8,aor,2s,წარმო--დგინ--ე,n
34805542-8722-4fca-af9d-5fa86cf541c8,aor,3s,წარმო--დგინ--ა,n
34805542-8722-4fca-af9d-5fa86cf541c8,aor,1p,წარმო-ვ-ადგინ--ეთ,n
34805542-8722-4fca-af9d-5fa86cf541c8,aor,2p,წარმო--დგინ--ეთ,n
34805542-8722-4fca-af9d-5fa86cf541c8,aor,3p,წარმო--დგინ--ეს,n
34805542-8722-4fca-af9d-5fa86cf541c8,opt,1s,წარმო-ვ-ადგინ--,n
34805542-8722-4fca-af9d-5fa86cf541c8,opt,2s,წარმო--დგინ--,n
34805542-8722-4fca-af9d-5fa86cf541c8,opt,3s,წარმო--დგინ--ოს,n
34805542-8722-4fca-af9d-5fa86cf541c8,opt,1p,წარმო-ვ-ადგინ--ოთ,n
34805542-8722-4fca-af9d-5fa86cf541c8,opt,2p,წარმო--დგინ--ოთ,n
34805542-8722-4fca-af9d-5fa86cf541c8,opt,3p,წარმო--დგინ--ონ,n
bd3d948d-2c0f-4cb6-8190-deb635e1b714,pres,1s,-ვ-არწმუნ-ებ-,n
bd3d948d-2c0f-4cb6-8190-deb635e1b714,pres,2s,--არწმუნ-ებ-,n
bd3d948d-2c0f-4cb6-8190-deb635e1b714,pres,3s,--არწმუნ-ებ-ს,n
bd3d948d-2c0f-4cb6-8190-deb635e1b714,pres,1p,-ვ-არწმუნ-ებ-თ,n
bd3d948d-2c0f-4cb6-8190-deb635e1b714,pres,2p,--არწმუნ-ებ-თ,n
bd3d948d-2c0f-4cb6-8190-deb635e1b714,pres,3p,--არწმუნ-ებ-ენ,n
bd3d948d-2c0f-4cb6-8190-deb635e1b714,imp,1s,-ვ-არწმუნ-ებ-დი,n
bd3d948d-2c0f-4cb6-8190-deb635e1b714,imp,2s,--არწმუნ-ებ-დი,n
bd3d948d-2c0f-4cb6-8190-deb635e1b714,imp,3s,--არწმუნ-ებ-და,n
bd3d948d-2c0f-4cb6-8190-deb635e1b714,imp,1p,-ვ-არწმუნ-ებ-დით,n
bd3d948d-2c0f-4cb6-8190-deb635e1b714,imp,2p,--არწმუნ-ებ-დით,n
bd3d948d-2c0f-4cb6-8190-deb635e1b714,imp,3p,--არწმუნ-ებ-დნენ,n
bd3d948d-2c0f-4cb6-8190-deb635e1b714,pres-subj,1s,-ვ-არწმუნ-ებ-დე,n
bd3d948d-2c0f-4cb6-8190-deb635e1b714,pres-subj,2s,--არწმუნ-ებ-დე,n
bd3d948d-2c0f-4cb6-8190-deb635e1b714,pres-subj,3s,--არწმუნ-ებ-დეს,n
bd3d948d-2c0f-4cb6-8190-deb635e1b714,pres-subj,1p,-ვ-არწმუნ-ებ-დეთ,n
bd3d948d-2c0f-4cb6-8190-deb635e1b714,pres-subj,2p,--არწმუნ-ებ-დეთ,n
bd3d948d-2c0f-4cb6-8190-deb635e1b714,pres-subj,3p,--არწმუნ-ებ-დნენ,n
bd3d948d-2c0f-4cb6-8190-deb635e1b714,fut,1s,და-ვ-არწმუნ-ებ-,n
bd3d948d-2c0f-4cb6-8190-deb635e1b714,fut,2s,და--არწმუნ-ებ-,n
bd3d948d-2c0f-4cb6-8190-deb635e1b714,fut,3s,და--არწმუნ-ებ-ს,n
bd3d948d-2c0f-4cb6-8190-deb635e1b714,fut,1p,და-ვ-არწმუნ-ებ-თ,n
bd3d948d-2c0f-4cb6-8190-deb635e1b714,fut,2p,და--არწმუნ-ებ-თ,n
bd3d948d-2c0f-4cb6-8190-deb635e1b714,fut,3p,და--არწმუნ-ებ-ენ,n
bd3d948d-2c0f-4cb6-8190-deb635e1b714,cond,1s,და-ვ-არწმუნ-ებ-დი,n
bd3d948d-2c0f-4cb6-8190-deb635e1b714,cond,2s,და--არწმუნ-ებ-დი,n
bd3d948d-2c0f-4cb6-8190-deb635e1b714,cond,3s,და--არწმუნ-ებ-და,n
bd3d948d-2c0f-4cb6-8190-deb635e1b714,cond,1p,და-ვ-არწმუნ-ებ-დით,n
bd3d948d-2c0f-4cb6-8190-deb635e1b714,cond,2p,და--არწმუნ-ებ-დით,n
bd3d948d-2c0f-4cb6-8190-deb635e1b714,cond,3p,და--არწმუნ-ებ-დნენ,n
bd3d948d-2c0f-4cb6-8190-deb635e1b714,aor,1s,და-ვ-არწმუნ--ე,n
bd3d948d-2c0f-4cb6-8190-deb635e1b714,aor,2s,და--არწმუნ--ე,n
bd3d948d-2c0f-4cb6-8190-deb635e1b714,aor,3s,და--არწმუნ--ა,n
bd3d948d-2c0f-4cb6-8190-deb635e1b714,aor,1p,და-ვ-არწმუნ--ეთ,n
bd3d948d-2c0f-4cb6-8190-deb635e1b714,aor,2p,და--არწმუნ--ეთ,n
bd3d948d-2c0f-4cb6-8190-deb635e1b714,aor,3p,და--არწმუნ--ეს,n
bd3d948d-2c0f-4cb6-8190-deb635e1b714,opt,1s,და-ვ-არწმუნ--,n
bd3d948d-2c0f-4cb6-8190-deb635e1b714,opt,2s,და--არწმუნ--,n
bd3d948d-2c0f-4cb6-8190-deb635e1b714,opt,3s,და--არწმუნ--ოს,n
bd3d948d-2c0f-4cb6-8190-deb635e1b714,opt,1p,და-ვ-არწმუნ--ოთ,n
bd3d948d-2c0f-4cb6-8190-deb635e1b714,opt,2p,და--არწმუნ--ოთ,n
bd3d948d-2c0f-4cb6-8190-deb635e1b714,opt,3p,და--არწმუნ--ონ,n
1ef07331-e01e-46dc-8831-d94ba05d241c,pres,1s,-ვ-იღ-ებ-,n
1ef07331-e01e-46dc-8831-d94ba05d241c,pres,2s,--იღ-ებ-,n
1ef07331-e01e-46dc-8831-d94ba05d241c,pres,3s,--იღ-ებ-ს,n
1ef07331-e01e-46dc-8831-d94ba05d241c,pres,1p,-ვ-იღ-ებ-თ,n
1ef07331-e01e-46dc-8831-d94ba05d241c,pres,2p,--იღ-ებ-თ,n
1ef07331-e01e-46dc-8831-d94ba05d241c,pres,3p,--იღ-ებ-ენ,n
1ef07331-e01e-46dc-8831-d94ba05d241c,imp,1s,-ვ-იღ-ებ-დი,n
1ef07331-e01e-46dc-8831-d94ba05d241c,imp,2s,--იღ-ებ-დი,n
1ef07331-e01e-46dc-8831-d94ba05d241c,imp,3s,--იღ-ებ-და,n
1ef07331-e01e-46dc-8831-d94ba05d241c,imp,1p,-ვ-იღ-ებ-დით,n
1ef07331-e01e-46dc-8831-d94ba05d241c,imp,2p,--იღ-ებ-დით,n
1ef07331-e01e-46dc-8831-d94ba05d241c,imp,3p,--იღ-ებ-დნენ,n
1ef07331-e01e-46dc-8831-d94ba05d241c,pres-subj,1s,-ვ-იღ-ებ-დე,n
1ef07331-e01e-46dc-8831-d94ba05d241c,pres-subj,2s,--იღ-ებ-დე,n
1ef07331-e01e-46dc-8831-d94ba05d241c,pres-subj,3s,--იღ-ებ-დეს,n
1ef07331-e01e-46dc-8831-d94ba05d241c,pres-subj,1p,-ვ-იღ-ებ-დეთ,n
1ef07331-e01e-46dc-8831-d94ba05d241c,pres-subj,2p,--იღ-ებ-დეთ,n
1ef07331-e01e-46dc-8831-d94ba05d241c,pres-subj,3p,--იღ-ებ-დნენ,n
1ef07331-e01e-46dc-8831-d94ba05d241c,fut,1s,გადა-ვ-იღ-ებ-,n
1ef07331-e01e-46dc-8831-d94ba05d241c,fut,2s,გადა--იღ-ებ-,n
1ef07331-e01e-46dc-8831-d94ba05d241c,fut,3s,გადა--იღ-ებ-ს,n
1ef07331-e01e-46dc-8831-d94ba05d241c,fut,1p,გადა-ვ-იღ-ებ-თ,n
1ef07331-e01e-46dc-8831-d94ba05d241c,fut,2p,გადა--იღ-ებ-თ,n
1ef07331-e01e-46dc-8831-d94ba05d241c,fut,3p,გადა--იღ-ებ-ენ,n
1ef07331-e01e-46dc-8831-d94ba05d241c,cond,1s,გადა-ვ-იღ-ებ-დი,n
1ef07331-e01e-46dc-8831-d94ba05d241c,cond,2s,გადა--იღ-ებ-დი,n
1ef07331-e01e-46dc-8831-d94ba05d241c,cond,3s,გადა--იღ-ებ-და,n
1ef07331-e01e-46dc-8831-d94ba05d241c,cond,1p,გადა-ვ-იღ-ებ-დით,n
1ef07331-e01e-46dc-8831-d94ba05d241c,cond,2p,გადა--იღ-ებ-დით,n
1ef07331-e01e-46dc-8831-d94ba05d241c,cond,3p,გადა--იღ-ებ-დნენ,n
1ef07331-e01e-46dc-8831-d94ba05d241c,aor,1s,ამო-ვ-იღ--ე,n
1ef07331-e01e-46dc-8831-d94ba05d241c,aor,2s,ამო--იღ--ე,n
1ef07331-e01e-46dc-8831-d94ba05d241c,aor,3s,ამო--იღ--ა,n
1ef07331-e01e-46dc-8831-d94ba05d241c,aor,1p,ამო-ვ-იღ--ეთ,n
1ef07331-e01e-46dc-8831-d94ba05d241c,aor,2p,ამო--იღ--ეთ,n
1ef07331-e01e-46dc-8831-d94ba05d241c,aor,3p,ამო--იღ--ეს,n
1ef07331-e01e-46dc-8831-d94ba05d241c,opt,1s,ამო-ვ-იღ--,n
1ef07331-e01e-46dc-8831-d94ba05d241c,opt,2s,ამო--იღ--,n
1ef07331-e01e-46dc-8831-d94ba05d241c,opt,3s,ამო--იღ--ოს,n
1ef07331-e01e-46dc-8831-d94ba05d241c,opt,1p,ამო-ვ-იღ--ოთ,n
1ef07331-e01e-46dc-8831-d94ba05d241c,opt,2p,ამო--იღ--ოთ,n
1ef07331-e01e-46dc-8831-d94ba05d241c,opt,3p,ამო--იღ--ონ,n
74ba9f55-00e0-4b1c-a26c-dc3fc288ea32,pres,1s,-ვ-გეგმ-ავ-,n
74ba9f55-00e0-4b1c-a26c-dc3fc288ea32,pres,2s,--გეგმ-ავ-,n
74ba9f55-00e0-4b1c-a26c-dc3fc288ea32,pres,3s,--გეგმ-ავ-ს,n
74ba9f55-00e0-4b1c-a26c-dc3fc288ea32,pres,1p,-ვ-გეგმ-ავ-თ,n
74ba9f55-00e0-4b1c-a26c-dc3fc288ea32,pres,2p,--გეგმ-ავ-თ,n
74ba9f55-00e0-4b1c-a26c-dc3fc288ea32,pres,3p,--გეგმ-ავ-ენ,n
74ba9f55-00e0-4b1c-a26c-dc3fc288ea32,imp,1s,-ვ-გეგმ-ავ-დი,n
74ba9f55-00e0-4b1c-a26c-dc3fc288ea32,imp,2s,--გეგმ-ავ-დი,n
74ba9f55-00e0-4b1c-a26c-dc3fc288ea32,imp,3s,--გეგმ-ავ-და,n
74ba9f55-00e0-4b1c-a26c-dc3fc288ea32,imp,1p,-ვ-გეგმ-ავ-დით,n
74ba9f55-00e0-4b1c-a26c-dc3fc288ea32,imp,2p,--გეგმ-ავ-დით,n
74ba9f55-00e0-4b1c-a26c-dc3fc288ea32,imp,3p,--გეგმ-ავ-დნენ,n
74ba9f55-00e0-4b1c-a26c-dc3fc288ea32,pres-subj,1s,-ვ-გეგმ-ავ-დე,n
74ba9f55-00e0-4b1c-a26c-dc3fc288ea32,pres-subj,2s,--გეგმ-ავ-დე,n
74ba9f55-00e0-4b1c-a26c-dc3fc288ea32,pres-subj,3s,--გეგმ-ავ-დეს,n
74ba9f55-00e0-4b1c-a26c-dc3fc288ea32,pres-subj,1p,-ვ-გეგმ-ავ-დეთ,n
74ba9f55-00e0-4b1c-a26c-dc3fc288ea32,pres-subj,2p,--გეგმ-ავ-დეთ,n
74ba9f55-00e0-4b1c-a26c-dc3fc288ea32,pres-subj,3p,--გეგმ-ავ-დნენ,n
74ba9f55-00e0-4b1c-a26c-dc3fc288ea32,fut,1s,და-ვ-გეგმ-ავ-,n
74ba9f55-00e0-4b1c-a26c-dc3fc288ea32,fut,2s,და--გეგმ-ავ-,n
74ba9f55-00e0-4b1c-a26c-dc3fc288ea32,fut,3s,და--გეგმ-ავ-ს,n
74ba9f55-00e0-4b1c-a26c-dc3fc288ea32,fut,1p,და-ვ-გეგმ-ავ-თ,n
74ba9f55-00e0-4b1c-a26c-dc3fc288ea32,fut,2p,და--გეგმ-ავ-თ,n
74ba9f55-00e0-4b1c-a26c-dc3fc288ea32,fut,3p,და--გეგმ-ავ-ენ,n
74ba9f55-00e0-4b1c-a26c-dc3fc288ea32,cond,1s,და-ვ-გეგმ-ავ-დი,n
74ba9f55-00e0-4b1c-a26c-dc3fc288ea32,cond,2s,და--გეგმ-ავ-დი,n
74ba9f55-00e0-4b1c-a26c-dc3fc288ea32,cond,3s,და--გეგმ-ავ-და,n
74ba9f55-00e0-4b1c-a26c-dc3fc288ea32,cond,1p,და-ვ-გეგმ-ავ-დით,n
74ba9f55-00e0-4b1c-a26c-dc3fc288ea32,cond,2p,და--გეგმ-ავ-დით,n
74ba9f55-00e0-4b1c-a26c-dc3fc288ea32,cond,3p,და--გეგმ-ავ-დნენ,n
74ba9f55-00e0-4b1c-a26c-dc3fc288ea32,aor,1s,და-ვ-გეგმ--ე,n
74ba9f55-00e0-4b1c-a26c-dc3fc288ea32,aor,2s,და--გეგმ--ე,n
74ba9f55-00e0-4b1c-a26c-dc3fc288ea32,aor,3s,და--გეგმ--ა,n
74ba9f55-00e0-4b1c-a26c-dc3fc288ea32,aor,1p,და-ვ-გეგმ--ეთ,n
74ba9f55-00e0-4b1c-a26c-dc3fc288ea32,aor,2p,და--გეგმ--ეთ,n
74ba9f55-00e0-4b1c-a26c-dc3fc288ea32,aor,3p,და--გეგმ--ეს,n
74ba9f55-00e0-4b1c-a26c-dc3fc288ea32,opt,1s,და-ვ-გეგმ--,n
74ba9f55-00e0-4b1c-a26c-dc3fc288ea32,opt,2s,და--გეგმ--,n
74ba9f55-00e0-4b1c-a26c-dc3fc288ea32,opt,3s,და--გეგმ--ოს,n
74ba9f55-00e0-4b1c-a26c-dc3fc288ea32,opt,1p,და-ვ-გეგმ--ოთ,n
74ba9f55-00e0-4b1c-a26c-dc3fc288ea32,opt,2p,და--გეგმ--ოთ,n
74ba9f55-00e0-4b1c-a26c-dc3fc288ea32,opt,3p,და--გეგმ--ონ,n
1adc6f67-e65f-44a7-a5fa-87f0c6b528c1,pres,1s,ვ--თამაშ-ობ-,y
1adc6f67-e65f-44a7-a5fa-87f0c6b528c1,pres,2s,--თამაშ-ობ-,y
1adc6f67-e65f-44a7-a5fa-87f0c6b528c1,pres,3s,--თამაშ-ობ-ს,y
1adc6f67-e65f-44a7-a5fa-87f0c6b528c1,pres,1p,ვ--თამაშ-ობ-თ,y
1adc6f67-e65f-44a7-a5fa-87f0c6b528c1,pres,2p,--თამაშ-ობ-თ,y
1adc6f67-e65f-44a7-a5fa-87f0c6b528c1,pres,3p,--თამაშ-ობ-ენ,y
1adc6f67-e65f-44a7-a5fa-87f0c6b528c1,imp,1s,ვ--თამაშ-ობ-დი,y
1adc6f67-e65f-44a7-a5fa-87f0c6b528c1,imp,2s,--თამაშ-ობ-დი,y
1adc6f67-e65f-44a7-a5fa-87f0c6b528c1,imp,3s,--თამაშ-ობ-და,y
1adc6f67-e65f-44a7-a5fa-87f0c6b528c1,imp,1p,ვ--თამაშ-ობ-დით,y
1adc6f67-e65f-44a7-a5fa-87f0c6b528c1,imp,2p,--თამაშ-ობ-დით,y
1adc6f67-e65f-44a7-a5fa-87f0c6b528c1,imp,3p,--თამაშ-ობ-დნენ,y
1adc6f67-e65f-44a7-a5fa-87f0c6b528c1,pres-subj,1s,ვ--თამაშ-ობ-დე,y
1adc6f67-e65f-44a7-a5fa-87f0c6b528c1,pres-subj,2s,--თამაშ-ობ-დე,y
1adc6f67-e65f-44a7-a5fa-87f0c6b528c1,pres-subj,3s,--თამაშ-ობ-დეს,y
1adc6f67-e65f-44a7-a5fa-87f0c6b528c1,pres-subj,1p,ვ--თამაშ-ობ-დეთ,y
1adc6f67-e65f-44a7-a5fa-87f0c6b528c1,pres-subj,2p,--თამაშ-ობ-დეთ,y
1adc6f67-e65f-44a7-a5fa-87f0c6b528c1,pres-subj,3p,--თამაშ-ობ-დნენ,y
1adc6f67-e65f-44a7-a5fa-87f0c6b528c1,fut,1s,ვ-ი-თამაშ-ებ-,y
1adc6f67-e65f-44a7-a5fa-87f0c6b528c1,fut,2s,-ი-თამაშ-ებ-,y
1adc6f67-e65f-44a7-a5fa-87f0c6b528c1,fut,3s,-ი-თამაშ-ებ-ს,y
1adc6f67-e65f-44a7-a5fa-87f0c6b528c1,fut,1p,ვ-ი-თამაშ-ებ-თ,y
1adc6f67-e65f-44a7-a5fa-87f0c6b528c1,fut,2p,-ი-თამაშ-ებ-თ,y
1adc6f67-e65f-44a7-a5fa-87f0c6b528c1,fut,3p,-ი-თამაშ-ებ-ენ,y
1adc6f67-e65f-44a7-a5fa-87f0c6b528c1,cond,1s,ვ-ი-თამაშ-ებ-დი,y
1adc6f67-e65f-44a7-a5fa-87f0c6b528c1,cond,2s,-ი-თამაშ-ებ-დი,y
1adc6f67-e65f-44a7-a5fa-87f0c6b528c1,cond,3s,-ი-თამაშ-ებ-და,y
1adc6f67-e65f-44a7-a5fa-87f0c6b528c1,cond,1p,ვ-ი-თამაშ-ებ-დით,y
1adc6f67-e65f-44a7-a5fa-87f0c6b528c1,cond,2p,-ი-თამაშ-ებ-დით,y
1adc6f67-e65f-44a7-a5fa-87f0c6b528c1,cond,3p,-ი-თამაშ-ებ-დნენ,y
1adc6f67-e65f-44a7-a5fa-87f0c6b528c1,aor,1s,ვ-ი-თამაშ--ე,y
1adc6f67-e65f-44a7-a5fa-87f0c6b528c1,aor,2s,-ი-თამაშ--ე,y
1adc6f67-e65f-44a7-a5fa-87f0c6b528c1,aor,3s,-ი-თამაშ--ა,y
1adc6f67-e65f-44a7-a5fa-87f0c6b528c1,aor,1p,ვ-ი-თამაშ--ეთ,y
1adc6f67-e65f-44a7-a5fa-87f0c6b528c1,aor,2p,-ი-თამაშ--ეთ,y
1adc6f67-e65f-44a7-a5fa-87f0c6b528c1,aor,3p,-ი-თამაშ--ეს,y
1adc6f67-e65f-44a7-a5fa-87f0c6b528c1,opt,1s,ვ-ი-თამაშ--,y
1adc6f67-e65f-44a7-a5fa-87f0c6b528c1,opt,2s,-ი-თამაშ--,y
1adc6f67-e65f-44a7-a5fa-87f0c6b528c1,opt,3s,-ი-თამაშ--ოს,y
1adc6f67-e65f-44a7-a5fa-87f0c6b528c1,opt,1p,ვ-ი-თამაშ--ოთ,y
1adc6f67-e65f-44a7-a5fa-87f0c6b528c1,opt,2p,-ი-თამაშ--ოთ,y
1adc6f67-e65f-44a7-a5fa-87f0c6b528c1,opt,3p,-ი-თამაშ--ონ,y
296a804c-fcec-4de0-8f9c-3c9cf7c90e26,pres,1s,-ვ-უკრ-ავ-,n
296a804c-fcec-4de0-8f9c-3c9cf7c90e26,pres,2s,--უკრ-ავ-,n
296a804c-fcec-4de0-8f9c-3c9cf7c90e26,pres,3s,--უკრ-ავ-ს,n
296a804c-fcec-4de0-8f9c-3c9cf7c90e26,pres,1p,-ვ-უკრ-ავ-თ,n
296a804c-fcec-4de0-8f9c-3c9cf7c90e26,pres,2p,--უკრ-ავ-თ,n
296a804c-fcec-4de0-8f9c-3c9cf7c90e26,pres,3p,--უკრ-ავ-ენ,n
296a804c-fcec-4de0-8f9c-3c9cf7c90e26,imp,1s,-ვ-უკრ-ავ-დი,n
296a804c-fcec-4de0-8f9c-3c9cf7c90e26,imp,2s,--უკრ-ავ-დი,n
296a804c-fcec-4de0-8f9c-3c9cf7c90e26,imp,3s,--უკრ-ავ-და,n
296a804c-fcec-4de0-8f9c-3c9cf7c90e26,imp,1p,-ვ-უკრ-ავ-დით,n
296a804c-fcec-4de0-8f9c-3c9cf7c90e26,imp,2p,--უკრ-ავ-დით,n
296a804c-fcec-4de0-8f9c-3c9cf7c90e26,imp,3p,--უკრ-ავ-დნენ,n
296a804c-fcec-4de0-8f9c-3c9cf7c90e26,pres-subj,1s,-ვ-უკრ-ავ-დე,n
296a804c-fcec-4de0-8f9c-3c9cf7c90e26,pres-subj,2s,--უკრ-ავ-დე,n
296a804c-fcec-4de0-8f9c-3c9cf7c90e26,pres-subj,3s,--უკრ-ავ-დეს,n
296a804c-fcec-4de0-8f9c-3c9cf7c90e26,pres-subj,1p,-ვ-უკრ-ავ-დეთ,n
296a804c-fcec-4de0-8f9c-3c9cf7c90e26,pres-subj,2p,--უკრ-ავ-დეთ,n
296a804c-fcec-4de0-8f9c-3c9cf7c90e26,pres-subj,3p,--უკრ-ავ-დნენ,n
296a804c-fcec-4de0-8f9c-3c9cf7c90e26,fut,1s,და-ვ-უკრ-ავ-,n
296a804c-fcec-4de0-8f9c-3c9cf7c90e26,fut,2s,და--უკრ-ავ-,n
296a804c-fcec-4de0-8f9c-3c9cf7c90e26,fut,3s,და--უკრ-ავ-ს,n
296a804c-fcec-4de0-8f9c-3c9cf7c90e26,fut,1p,და-ვ-უკრ-ავ-თ,n
296a804c-fcec-4de0-8f9c-3c9cf7c90e26,fut,2p,და--უკრ-ავ-თ,n
296a804c-fcec-4de0-8f9c-3c9cf7c90e26,fut,3p,და--უკრ-ავ-ენ,n
296a804c-fcec-4de0-8f9c-3c9cf7c90e26,cond,1s,და-ვ-უკრ-ავ-დი,n
296a804c-fcec-4de0-8f9c-3c9cf7c90e26,cond,2s,და--უკრ-ავ-დი,n
296a804c-fcec-4de0-8f9c-3c9cf7c90e26,cond,3s,და--უკრ-ავ-და,n
296a804c-fcec-4de0-8f9c-3c9cf7c90e26,cond,1p,და-ვ-უკრ-ავ-დით,n
296a804c-fcec-4de0-8f9c-3c9cf7c90e26,cond,2p,და--უკრ-ავ-დით,n
296a804c-fcec-4de0-8f9c-3c9cf7c90e26,cond,3p,და--უკრ-ავ-დნენ,n
296a804c-fcec-4de0-8f9c-3c9cf7c90e26,aor,1s,და-ვ-უკარ--ი,n
296a804c-fcec-4de0-8f9c-3c9cf7c90e26,aor,2s,და--უკარ--ი,n
296a804c-fcec-4de0-8f9c-3c9cf7c90e26,aor,3s,და--უკრ--ა,n
296a804c-fcec-4de0-8f9c-3c9cf7c90e26,aor,1p,და-ვ-უკარ--ით,n
296a804c-fcec-4de0-8f9c-3c9cf7c90e26,aor,2p,და--უკარ--ით,n
296a804c-fcec-4de0-8f9c-3c9cf7c90e26,aor,3p,და--უკრ--ეს,n
296a804c-fcec-4de0-8f9c-3c9cf7c90e26,opt,1s,და-ვ-უკარ--ა,n
296a804c-fcec-4de0-8f9c-3c9cf7c90e26,opt,2s,და--უკარ--ა,n
296a804c-fcec-4de0-8f9c-3c9cf7c90e26,opt,3s,და--უკრ--ას,n
296a804c-fcec-4de0-8f9c-3c9cf7c90e26,opt,1p,და-ვ-უკარ--ათ,n
296a804c-fcec-4de0-8f9c-3c9cf7c90e26,opt,2p,და--უკარ--ათ,n
296a804c-fcec-4de0-8f9c-3c9cf7c90e26,opt,3p,და--უკრ--ან,n
00bfa7ad-4b71-4978-9590-6aa9ac8cc111,pres,1s,-ვ-ღარიბდ-ებ-ი,n
00bfa7ad-4b71-4978-9590-6aa9ac8cc111,pres,2s,--ღარიბდ-ებ-ი,n
00bfa7ad-4b71-4978-9590-6aa9ac8cc111,pres,3s,--ღარიბდ-ებ-ა,n
00bfa7ad-4b71-4978-9590-6aa9ac8cc111,pres,1p,-ვ-ღარიბდ-ებ-ით,n
00bfa7ad-4b71-4978-9590-6aa9ac8cc111,pres,2p,--ღარიბდ-ებ-ით,n
00bfa7ad-4b71-4978-9590-6aa9ac8cc111,pres,3p,--ღარიბდ-ებ-იან,n
00bfa7ad-4b71-4978-9590-6aa9ac8cc111,imp,1s,-ვ-ღარიბდ-ებ-ოდი,n
00bfa7ad-4b71-4978-9590-6aa9ac8cc111,imp,2s,--ღარიბდ-ებ-ოდი,n
00bfa7ad-4b71-4978-9590-6aa9ac8cc111,imp,3s,--ღარიბდ-ებ-ოდა,n
00bfa7ad-4b71-4978-9590-6aa9ac8cc111,imp,1p,-ვ-ღარიბდ-ებ-ოდით,n
00bfa7ad-4b71-4978-9590-6aa9ac8cc111,imp,2p,--ღარიბდ-ებ-ოდით,n
00bfa7ad-4b71-4978-9590-6aa9ac8cc111,imp,3p,--ღარიბდ-ებ-ოდნენ,n
00bfa7ad-4b71-4978-9590-6aa9ac8cc111,pres-subj,1s,-ვ-ღარიბდ-ებ-დე,n
00bfa7ad-4b71-4978-9590-6aa9ac8cc111,pres-subj,2s,--ღარიბდ-ებ-დე,n
00bfa7ad-4b71-4978-9590-6aa9ac8cc111,pres-subj,3s,--ღარიბდ-ებ-დეს,n
00bfa7ad-4b71-4978-9590-6aa9ac8cc111,pres-subj,1p,-ვ-ღარიბდ-ებ-დეთ,n
00bfa7ad-4b71-4978-9590-6aa9ac8cc111,pres-subj,2p,--ღარიბდ-ებ-დეთ,n
00bfa7ad-4b71-4978-9590-6aa9ac8cc111,pres-subj,3p,--ღარიბდ-ებ-დნენ,n
00bfa7ad-4b71-4978-9590-6aa9ac8cc111,fut,1s,გა-ვ-ღარიბდ-ებ-ი,n
00bfa7ad-4b71-4978-9590-6aa9ac8cc111,fut,2s,გა--ღარიბდ-ებ-ი,n
00bfa7ad-4b71-4978-9590-6aa9ac8cc111,fut,3s,გა--ღარიბდ-ებ-ა,n
00bfa7ad-4b71-4978-9590-6aa9ac8cc111,fut,1p,გა-ვ-ღარიბდ-ებ-ით,n
00bfa7ad-4b71-4978-9590-6aa9ac8cc111,fut,2p,გა--ღარიბდ-ებ-ით,n
00bfa7ad-4b71-4978-9590-6aa9ac8cc111,fut,3p,გა--ღარიბდ-ებ-იან,n
00bfa7ad-4b71-4978-9590-6aa9ac8cc111,cond,1s,გა-ვ-ღარიბდ-ებ-ოდი,n
00bfa7ad-4b71-4978-9590-6aa9ac8cc111,cond,2s,გა--ღარიბდ-ებ-ოდი,n
00bfa7ad-4b71-4978-9590-6aa9ac8cc111,cond,3s,გა--ღარიბდ-ებ-ოდა,n
00bfa7ad-4b71-4978-9590-6aa9ac8cc111,cond,1p,გა-ვ-ღარიბდ-ებ-ოდით,n
00bfa7ad-4b71-4978-9590-6aa9ac8cc111,cond,2p,გა--ღარიბდ-ებ-ოდით,n
00bfa7ad-4b71-4978-9590-6aa9ac8cc111,cond,3p,გა--ღარიბდ-ებ-ოდნენ,n
00bfa7ad-4b71-4978-9590-6aa9ac8cc111,aor,1s,გა-ვ-ღარიბდ--ი,n
00bfa7ad-4b71-4978-9590-6aa9ac8cc111,aor,2s,გა--ღარიბდ--ი,n
00bfa7ad-4b71-4978-9590-6aa9ac8cc111,aor,3s,გა--ღარიბდ--ა,n
00bfa7ad-4b71-4978-9590-6aa9ac8cc111,aor,1p,გა-ვ-ღარიბდ--ით,n
00bfa7ad-4b71-4978-9590-6aa9ac8cc111,aor,2p,გა--ღარიბდ--ით,n
00bfa7ad-4b71-4978-9590-6aa9ac8cc111,aor,3p,გა--ღარიბდ--ნენ,n
00bfa7ad-4b71-4978-9590-6aa9ac8cc111,opt,1s,გა-ვ-ღარიბდ--ე,n
00bfa7ad-4b71-4978-9590-6aa9ac8cc111,opt,2s,გა--ღარიბდ--ე,n
00bfa7ad-4b71-4978-9590-6aa9ac8cc111,opt,3s,გა--ღარიბდ--ეს,n
00bfa7ad-4b71-4978-9590-6aa9ac8cc111,opt,1p,გა-ვ-ღარიბდ--ეთ,n
00bfa7ad-4b71-4978-9590-6aa9ac8cc111,opt,2p,გა--ღარიბდ--ეთ,n
00bfa7ad-4b71-4978-9590-6aa9ac8cc111,opt,3p,გა--ღარიბდ--ნენ,n
56ba2603-e6bb-496c-8af6-0add76ccbd09,pres,1s,-ვ-ასხ-ამ-,n
56ba2603-e6bb-496c-8af6-0add76ccbd09,pres,2s,--ასხ-ამ-,n
56ba2603-e6bb-496c-8af6-0add76ccbd09,pres,3s,--ასხ-ამ-ს,n
56ba2603-e6bb-496c-8af6-0add76ccbd09,pres,1p,-ვ-ასხ-ამ-თ,n
56ba2603-e6bb-496c-8af6-0add76ccbd09,pres,2p,--ასხ-ამ-თ,n
56ba2603-e6bb-496c-8af6-0add76ccbd09,pres,3p,--ასხ-ამ-ენ,n
56ba2603-e6bb-496c-8af6-0add76ccbd09,imp,1s,-ვ-ასხ-ამ-დი,n
56ba2603-e6bb-496c-8af6-0add76ccbd09,imp,2s,--ასხ-ამ-დი,n
56ba2603-e6bb-496c-8af6-0add76ccbd09,imp,3s,--ასხ-ამ-და,n
56ba2603-e6bb-496c-8af6-0add76ccbd09,imp,1p,-ვ-ასხ-ამ-დით,n
56ba2603-e6bb-496c-8af6-0add76ccbd09,imp,2p,--ასხ-ამ-დით,n
56ba2603-e6bb-496c-8af6-0add76ccbd09,imp,3p,--ასხ-ამ-დნენ,n
56ba2603-e6bb-496c-8af6-0add76ccbd09,pres-subj,1s,-ვ-ასხ-ამ-დე,n
56ba2603-e6bb-496c-8af6-0add76ccbd09,pres-subj,2s,--ასხ-ამ-დე,n
56ba2603-e6bb-496c-8af6-0add76ccbd09,pres-subj,3s,--ასხ-ამ-დეს,n
56ba2603-e6bb-496c-8af6-0add76ccbd09,pres-subj,1p,-ვ-ასხ-ამ-დეთ,n
56ba2603-e6bb-496c-8af6-0add76ccbd09,pres-subj,2p,--ასხ-ამ-დეთ,n
56ba2603-e6bb-496c-8af6-0add76ccbd09,pres-subj,3p,--ასხ-ამ-დნენ,n
56ba2603-e6bb-496c-8af6-0add76ccbd09,fut,1s,და-ვ-ასხ-ამ-,n
56ba2603-e6bb-496c-8af6-0add76ccbd09,fut,2s,და--ასხ-ამ-,n
56ba2603-e6bb-496c-8af6-0add76ccbd09,fut,3s,და--ასხ-ამ-ს,n
56ba2603-e6bb-496c-8af6-0add76ccbd09,fut,1p,და-ვ-ასხ-ამ-თ,n
56ba2603-e6bb-496c-8af6-0add76ccbd09,fut,2p,და--ასხ-ამ-თ,n
56ba2603-e6bb-496c-8af6-0add76ccbd09,fut,3p,და--ასხ-ამ-ენ,n
56ba2603-e6bb-496c-8af6-0add76ccbd09,cond,1s,და-ვ-ასხ-ამ-დი,n
56ba2603-e6bb-496c-8af6-0add76ccbd09,cond,2s,და--ასხ-ამ-დი,n
56ba2603-e6bb-496c-8af6-0add76ccbd09,cond,3s,და--ასხ-ამ-და,n
56ba2603-e6bb-496c-8af6-0add76ccbd09,cond,1p,და-ვ-ასხ-ამ-დით,n
56ba2603-e6bb-496c-8af6-0add76ccbd09,cond,2p,და--ასხ-ამ-დით,n
56ba2603-e6bb-496c-8af6-0add76ccbd09,cond,3p,და--ასხ-ამ-დნენ,n
56ba2603-e6bb-496c-8af6-0add76ccbd09,aor,1s,და-ვ-ასხ--ი,n
56ba2603-e6bb-496c-8af6-0add76ccbd09,aor,2s,და--ასხ--ი,n
56ba2603-e6bb-496c-8af6-0add76ccbd09,aor,3s,და--ასხ--ა,n
56ba2603-e6bb-496c-8af6-0add76ccbd09,aor,1p,და-ვ-ასხ--ით,n
56ba2603-e6bb-496c-8af6-0add76ccbd09,aor,2p,და--ასხ--ით,n
56ba2603-e6bb-496c-8af6-0add76ccbd09,aor,3p,და--ასხ--ეს,n
56ba2603-e6bb-496c-8af6-0add76ccbd09,opt,1s,და-ვ-ასხ--ა,n
56ba2603-e6bb-496c-8af6-0add76ccbd09,opt,2s,და--ასხ--ა,n
56ba2603-e6bb-496c-8af6-0add76ccbd09,opt,3s,და--ასხ--ას,n
56ba2603-e6bb-496c-8af6-0add76ccbd09,opt,1p,და-ვ-ასხ--ათ,n
56ba2603-e6bb-496c-8af6-0add76ccbd09,opt,2p,და--ასხ--ათ,n
56ba2603-e6bb-496c-8af6-0add76ccbd09,opt,3p,და--ასხ--ან,n
76f08ad2-c03d-4e5e-b885-9fea44abe19c,pres,1s,ვ--ლოც-ულობ-,y
76f08ad2-c03d-4e5e-b885-9fea44abe19c,pres,2s,--ლოც-ულობ-,y
76f08ad2-c03d-4e5e-b885-9fea44abe19c,pres,3s,--ლოც-ულობ-ს,y
76f08ad2-c03d-4e5e-b885-9fea44abe19c,pres,1p,ვ--ლოც-ულობ-თ,y
76f08ad2-c03d-4e5e-b885-9fea44abe19c,pres,2p,--ლოც-ულობ-თ,y
76f08ad2-c03d-4e5e-b885-9fea44abe19c,pres,3p,--ლოც-ულობ-ენ,y
76f08ad2-c03d-4e5e-b885-9fea44abe19c,imp,1s,ვ--ლოც-ულობ-დი,y
76f08ad2-c03d-4e5e-b885-9fea44abe19c,imp,2s,--ლოც-ულობ-დი,y
76f08ad2-c03d-4e5e-b885-9fea44abe19c,imp,3s,--ლოც-ულობ-და,y
76f08ad2-c03d-4e5e-b885-9fea44abe19c,imp,1p,ვ--ლოც-ულობ-დით,y
76f08ad2-c03d-4e5e-b885-9fea44abe19c,imp,2p,--ლოც-ულობ-დით,y
76f08ad2-c03d-4e5e-b885-9fea44abe19c,imp,3p,--ლოც-ულობ-დნენ,y
76f08ad2-c03d-4e5e-b885-9fea44abe19c,pres-subj,1s,ვ--ლოც-ულობ-დე,y
76f08ad2-c03d-4e5e-b885-9fea44abe19c,pres-subj,2s,--ლოც-ულობ-დე,y
76f08ad2-c03d-4e5e-b885-9fea44abe19c,pres-subj,3s,--ლოც-ულობ-დეს,y
76f08ad2-c03d-4e5e-b885-9fea44abe19c,pres-subj,1p,ვ--ლოც-ულობ-დეთ,y
76f08ad2-c03d-4e5e-b885-9fea44abe19c,pres-subj,2p,--ლოც-ულობ-დეთ,y
76f08ad2-c03d-4e5e-b885-9fea44abe19c,pres-subj,3p,--ლოც-ულობ-დნენ,y
76f08ad2-c03d-4e5e-b885-9fea44abe19c,fut,1s,ვ-ი-ლოც-ებ-,y
76f08ad2-c03d-4e5e-b885-9fea44abe19c,fut,2s,-ი-ლოც-ებ-,y
76f08ad2-c03d-4e5e-b885-9fea44abe19c,fut,3s,-ი-ლოც-ებ-ს,y
76f08ad2-c03d-4e5e-b885-9fea44abe19c,fut,1p,ვ-ი-ლოც-ებ-თ,y
76f08ad2-c03d-4e5e-b885-9fea44abe19c,fut,2p,-ი-ლოც-ებ-თ,y
76f08ad2-c03d-4e5e-b885-9fea44abe19c,fut,3p,-ი-ლოც-ებ-ენ,y
76f08ad2-c03d-4e5e-b885-9fea44abe19c,cond,1s,ვ-ი-ლოც-ებ-დი,y
76f08ad2-c03d-4e5e-b885-9fea44abe19c,cond,2s,-ი-ლოც-ებ-დი,y
76f08ad2-c03d-4e5e-b885-9fea44abe19c,cond,3s,-ი-ლოც-ებ-და,y
76f08ad2-c03d-4e5e-b885-9fea44abe19c,cond,1p,ვ-ი-ლოც-ებ-დით,y
76f08ad2-c03d-4e5e-b885-9fea44abe19c,cond,2p,-ი-ლოც-ებ-დით,y
76f08ad2-c03d-4e5e-b885-9fea44abe19c,cond,3p,-ი-ლოც-ებ-დნენ,y
76f08ad2-c03d-4e5e-b885-9fea44abe19c,aor,1s,ვ-ი-ლოც--ე,y
76f08ad2-c03d-4e5e-b885-9fea44abe19c,aor,2s,-ი-ლოც--ე,y
76f08ad2-c03d-4e5e-b885-9fea44abe19c,aor,3s,-ი-ლოც--ა,y
76f08ad2-c03d-4e5e-b885-9fea44abe19c,aor,1p,ვ-ი-ლოც--ეთ,y
76f08ad2-c03d-4e5e-b885-9fea44abe19c,aor,2p,-ი-ლოც--ეთ,y
76f08ad2-c03d-4e5e-b885-9fea44abe19c,aor,3p,-ი-ლოც--ეს,y
76f08ad2-c03d-4e5e-b885-9fea44abe19c,opt,1s,ვ-ი-ლოც--,y
76f08ad2-c03d-4e5e-b885-9fea44abe19c,opt,2s,-ი-ლოც--,y
76f08ad2-c03d-4e5e-b885-9fea44abe19c,opt,3s,-ი-ლოც--ოს,y
76f08ad2-c03d-4e5e-b885-9fea44abe19c,opt,1p,ვ-ი-ლოც--ოთ,y
76f08ad2-c03d-4e5e-b885-9fea44abe19c,opt,2p,-ი-ლოც--ოთ,y
76f08ad2-c03d-4e5e-b885-9fea44abe19c,opt,3p,-ი-ლოც--ონ,y
6d3986f8-f9af-40a4-8d68-98165cad80a5,pres,1s,-მი-რჩევნი--ა,n
6d3986f8-f9af-40a4-8d68-98165cad80a5,pres,2s,-გი-რჩევნი--ა,n
6d3986f8-f9af-40a4-8d68-98165cad80a5,pres,3s,-უ-რჩევნი--ა,n
6d3986f8-f9af-40a4-8d68-98165cad80a5,pres,1p,-გვი-რჩევნი--ა,n
6d3986f8-f9af-40a4-8d68-98165cad80a5,pres,2p,-გი-რჩევნი--ათ,n
6d3986f8-f9af-40a4-8d68-98165cad80a5,pres,3p,-უ-რჩევნი--ათ,n
6d3986f8-f9af-40a4-8d68-98165cad80a5,imp,1s,-მ-ერჩივნ--ა,n
6d3986f8-f9af-40a4-8d68-98165cad80a5,imp,2s,-გ-ერჩივნ--ა,n
6d3986f8-f9af-40a4-8d68-98165cad80a5,imp,3s,--ერჩივნ--ა,n
6d3986f8-f9af-40a4-8d68-98165cad80a5,imp,1p,-გვ-ერჩივნ--ა,n
6d3986f8-f9af-40a4-8d68-98165cad80a5,imp,2p,-გ-ერჩივნ--ათ,n
6d3986f8-f9af-40a4-8d68-98165cad80a5,imp,3p,--ერჩივნ--ათ,n
6d3986f8-f9af-40a4-8d68-98165cad80a5,pres-subj,1s,-მი-რჩევნი--ოდეს,n
6d3986f8-f9af-40a4-8d68-98165cad80a5,pres-subj,2s,-გი-რჩევნი--ოდეს,n
6d3986f8-f9af-40a4-8d68-98165cad80a5,pres-subj,3s,-უ-რჩევნი--ოდეს,n
6d3986f8-f9af-40a4-8d68-98165cad80a5,pres-subj,1p,-გვი-რჩევნი--ოდეს,n
6d3986f8-f9af-40a4-8d68-98165cad80a5,pres-subj,2p,-გი-რჩევნი--ოდეთ,n
6d3986f8-f9af-40a4-8d68-98165cad80a5,pres-subj,3p,-უ-რჩევნი--ოდეთ,n
6d3986f8-f9af-40a4-8d68-98165cad80a5,fut,1s,-მი-რჩევნი--ა,n
6d3986f8-f9af-40a4-8d68-98165cad80a5,fut,2s,-გი-რჩევნი--ა,n
6d3986f8-f9af-40a4-8d68-98165cad80a5,fut,3s,-უ-რჩევნი--ა,n
6d3986f8-f9af-40a4-8d68-98165cad80a5,fut,1p,-გვი-რჩევნი--ა,n
6d3986f8-f9af-40a4-8d68-98165cad80a5,fut,2p,-გი-რჩევნი--ათ,n
6d3986f8-f9af-40a4-8d68-98165cad80a5,fut,3p,-უ-რჩევნი--ათ,n
6d3986f8-f9af-40a4-8d68-98165cad80a5,cond,1s,-მი-რჩევნი--ოდა,n
6d3986f8-f9af-40a4-8d68-98165cad80a5,cond,2s,-გი-რჩევნი--ოდა,n
6d3986f8-f9af-40a4-8d68-98165cad80a5,cond,3s,-უ-რჩევნი--ოდა,n
6d3986f8-f9af-40a4-8d68-98165cad80a5,cond,1p,-გვი-რჩევნი--ოდა,n
6d3986f8-f9af-40a4-8d68-98165cad80a5,cond,2p,-გი-რჩევნი--ოდათ,n
6d3986f8-f9af-40a4-8d68-98165cad80a5,cond,3p,-უ-რჩევნი--ოდათ,n
6d3986f8-f9af-40a4-8d68-98165cad80a5,aor,1s,-მ-ერჩივნ--ა,n
6d3986f8-f9af-40a4-8d68-98165cad80a5,aor,2s,-გ-ერჩივნ--ა,n
6d3986f8-f9af-40a4-8d68-98165cad80a5,aor,3s,--ერჩივნ--ა,n
6d3986f8-f9af-40a4-8d68-98165cad80a5,aor,1p,-გვ-ერჩივნ--ა,n
6d3986f8-f9af-40a4-8d68-98165cad80a5,aor,2p,-გ-ერჩივნ--ათ,n
6d3986f8-f9af-40a4-8d68-98165cad80a5,aor,3p,--ერჩივნ--ათ,n
6d3986f8-f9af-40a4-8d68-98165cad80a5,opt,1s,-მ-ერჩივნ--ეს,n
6d3986f8-f9af-40a4-8d68-98165cad80a5,opt,2s,-გ-ერჩივნ--ეს,n
6d3986f8-f9af-40a4-8d68-98165cad80a5,opt,3s,--ერჩივნ--ეს,n
6d3986f8-f9af-40a4-8d68-98165cad80a5,opt,1p,-გვ-ერჩივნ--ეს,n
6d3986f8-f9af-40a4-8d68-98165cad80a5,opt,2p,-გ-ერჩივნ--ეთ,n
6d3986f8-f9af-40a4-8d68-98165cad80a5,opt,3p,--ერჩივნ--ეთ,n
8e8f7561-badb-4502-a14c-8a6e95bad1bb,pres,1s,-ვ-აჭერ--,n
8e8f7561-badb-4502-a14c-8a6e95bad1bb,pres,2s,--აჭერ--,n
8e8f7561-badb-4502-a14c-8a6e95bad1bb,pres,3s,--აჭერ--ს,n
8e8f7561-badb-4502-a14c-8a6e95bad1bb,pres,1p,-ვ-აჭერ--თ,n
8e8f7561-badb-4502-a14c-8a6e95bad1bb,pres,2p,--აჭერ--თ,n
8e8f7561-badb-4502-a14c-8a6e95bad1bb,pres,3p,--აჭერ--ენ,n
8e8f7561-badb-4502-a14c-8a6e95bad1bb,imp,1s,-ვ-აჭერ--დი,n
8e8f7561-badb-4502-a14c-8a6e95bad1bb,imp,2s,--აჭერ--დი,n
8e8f7561-badb-4502-a14c-8a6e95bad1bb,imp,3s,--აჭერ--და,n
8e8f7561-badb-4502-a14c-8a6e95bad1bb,imp,1p,-ვ-აჭერ--დით,n
8e8f7561-badb-4502-a14c-8a6e95bad1bb,imp,2p,--აჭერ--დით,n
8e8f7561-badb-4502-a14c-8a6e95bad1bb,imp,3p,--აჭერ--დნენ,n
8e8f7561-badb-4502-a14c-8a6e95bad1bb,pres-subj,1s,-ვ-აჭერ--დე,n
8e8f7561-badb-4502-a14c-8a6e95bad1bb,pres-subj,2s,--აჭერ--დე,n
8e8f7561-badb-4502-a14c-8a6e95bad1bb,pres-subj,3s,--აჭერ--დეს,n
8e8f7561-badb-4502-a14c-8a6e95bad1bb,pres-subj,1p,-ვ-აჭერ--დეთ,n
8e8f7561-badb-4502-a14c-8a6e95bad1bb,pres-subj,2p,--აჭერ--დეთ,n
8e8f7561-badb-4502-a14c-8a6e95bad1bb,pres-subj,3p,--აჭერ--დნენ,n
8e8f7561-badb-4502-a14c-8a6e95bad1bb,fut,1s,და-ვ-აჭერ--,n
8e8f7561-badb-4502-a14c-8a6e95bad1bb,fut,2s,და--აჭერ--,n
8e8f7561-badb-4502-a14c-8a6e95bad1bb,fut,3s,და--აჭერ--ს,n
8e8f7561-badb-4502-a14c-8a6e95bad1bb,fut,1p,და-ვ-აჭერ--თ,n
8e8f7561-badb-4502-a14c-8a6e95bad1bb,fut,2p,და--აჭერ--თ,n
8e8f7561-badb-4502-a14c-8a6e95bad1bb,fut,3p,და--აჭერ--ენ,n
8e8f7561-badb-4502-a14c-8a6e95bad1bb,cond,1s,და-ვ-აჭერ--დი,n
8e8f7561-badb-4502-a14c-8a6e95bad1bb,cond,2s,და--აჭერ--დი,n
8e8f7561-badb-4502-a14c-8a6e95bad1bb,cond,3s,და--აჭერ--და,n
8e8f7561-badb-4502-a14c-8a6e95bad1bb,cond,1p,და-ვ-აჭერ--დით,n
8e8f7561-badb-4502-a14c-8a6e95bad1bb,cond,2p,და--აჭერ--დით,n
8e8f7561-badb-4502-a14c-8a6e95bad1bb,cond,3p,და--აჭერ--დნენ,n
8e8f7561-badb-4502-a14c-8a6e95bad1bb,aor,1s,და-ვ-აჭირ--ე,n
8e8f7561-badb-4502-a14c-8a6e95bad1bb,aor,2s,და--აჭირ--ე,n
8e8f7561-badb-4502-a14c-8a6e95bad1bb,aor,3s,და--აჭირ--ა,n
8e8f7561-badb-4502-a14c-8a6e95bad1bb,aor,1p,და-ვ-აჭირ--ეთ,n
8e8f7561-badb-4502-a14c-8a6e95bad1bb,aor,2p,და--აჭირ--ეთ,n
8e8f7561-badb-4502-a14c-8a6e95bad1bb,aor,3p,და--აჭირ--ეს,n
8e8f7561-badb-4502-a14c-8a6e95bad1bb,opt,1s,და-ვ-აჭირ--,n
8e8f7561-badb-4502-a14c-8a6e95bad1bb,opt,2s,და--აჭირ--,n
8e8f7561-badb-4502-a14c-8a6e95bad1bb,opt,3s,და--აჭირ--ოს,n
8e8f7561-badb-4502-a14c-8a6e95bad1bb,opt,1p,და-ვ-აჭირ--ოთ,n
8e8f7561-badb-4502-a14c-8a6e95bad1bb,opt,2p,და--აჭირ--ოთ,n
8e8f7561-badb-4502-a14c-8a6e95bad1bb,opt,3p,და--აჭირ--ონ,n
627872e0-8209-47bc-ab86-d25af63d286d,pres,1s,-ვ-ბეჭდ-ავ-,n
627872e0-8209-47bc-ab86-d25af63d286d,pres,2s,--ბეჭდ-ავ-,n
627872e0-8209-47bc-ab86-d25af63d286d,pres,3s,--ბეჭდ-ავ-ს,n
627872e0-8209-47bc-ab86-d25af63d286d,pres,1p,-ვ-ბეჭდ-ავ-თ,n
627872e0-8209-47bc-ab86-d25af63d286d,pres,2p,--ბეჭდ-ავ-თ,n
627872e0-8209-47bc-ab86-d25af63d286d,pres,3p,--ბეჭდ-ავ-ენ,n
627872e0-8209-47bc-ab86-d25af63d286d,imp,1s,-ვ-ბეჭდ-ავ-დი,n
627872e0-8209-47bc-ab86-d25af63d286d,imp,2s,--ბეჭდ-ავ-დი,n
627872e0-8209-47bc-ab86-d25af63d286d,imp,3s,--ბეჭდ-ავ-და,n
627872e0-8209-47bc-ab86-d25af63d286d,imp,1p,-ვ-ბეჭდ-ავ-დით,n
627872e0-8209-47bc-ab86-d25af63d286d,imp,2p,--ბეჭდ-ავ-დით,n
627872e0-8209-47bc-ab86-d25af63d286d,imp,3p,--ბეჭდ-ავ-დნენ,n
627872e0-8209-47bc-ab86-d25af63d286d,pres-subj,1s,-ვ-ბეჭდ-ავ-დე,n
627872e0-8209-47bc-ab86-d25af63d286d,pres-subj,2s,--ბეჭდ-ავ-დე,n
627872e0-8209-47bc-ab86-d25af63d286d,pres-subj,3s,--ბეჭდ-ავ-დეს,n
627872e0-8209-47bc-ab86-d25af63d286d,pres-subj,1p,-ვ-ბეჭდ-ავ-დეთ,n
627872e0-8209-47bc-ab86-d25af63d286d,pres-subj,2p,--ბეჭდ-ავ-დეთ,n
627872e0-8209-47bc-ab86-d25af63d286d,pres-subj,3p,--ბეჭდ-ავ-დნენ,n
627872e0-8209-47bc-ab86-d25af63d286d,fut,1s,და-ვ-ბეჭდ-ავ-,n
627872e0-8209-47bc-ab86-d25af63d286d,fut,2s,და--ბეჭდ-ავ-,n
627872e0-8209-47bc-ab86-d25af63d286d,fut,3s,და--ბეჭდ-ავ-ს,n
627872e0-8209-47bc-ab86-d25af63d286d,fut,1p,და-ვ-ბეჭდ-ავ-თ,n
627872e0-8209-47bc-ab86-d25af63d286d,fut,2p,და--ბეჭდ-ავ-თ,n
627872e0-8209-47bc-ab86-d25af63d286d,fut,3p,და--ბეჭდ-ავ-ენ,n
627872e0-8209-47bc-ab86-d25af63d286d,cond,1s,და-ვ-ბეჭდ-ავ-დი,n
627872e0-8209-47bc-ab86-d25af63d286d,cond,2s,და--ბეჭდ-ავ-დი,n
627872e0-8209-47bc-ab86-d25af63d286d,cond,3s,და--ბეჭდ-ავ-და,n
627872e0-8209-47bc-ab86-d25af63d286d,cond,1p,და-ვ-ბეჭდ-ავ-დით,n
627872e0-8209-47bc-ab86-d25af63d286d,cond,2p,და--ბეჭდ-ავ-დით,n
627872e0-8209-47bc-ab86-d25af63d286d,cond,3p,და--ბეჭდ-ავ-დნენ,n
627872e0-8209-47bc-ab86-d25af63d286d,aor,1s,და-ვ-ბეჭდ--ე,n
627872e0-8209-47bc-ab86-d25af63d286d,aor,2s,და--ბეჭდ--ე,n
627872e0-8209-47bc-ab86-d25af63d286d,aor,3s,და--ბეჭდ--ა,n
627872e0-8209-47bc-ab86-d25af63d286d,aor,1p,და-ვ-ბეჭდ--ეთ,n
627872e0-8209-47bc-ab86-d25af63d286d,aor,2p,და--ბეჭდ--ეთ,n
627872e0-8209-47bc-ab86-d25af63d286d,aor,3p,და--ბეჭდ--ეს,n
627872e0-8209-47bc-ab86-d25af63d286d,opt,1s,და-ვ-ბეჭდ--,n
627872e0-8209-47bc-ab86-d25af63d286d,opt,2s,და--ბეჭდ--,n
627872e0-8209-47bc-ab86-d25af63d286d,opt,3s,და--ბეჭდ--ოს,n
627872e0-8209-47bc-ab86-d25af63d286d,opt,1p,და-ვ-ბეჭდ--ოთ,n
627872e0-8209-47bc-ab86-d25af63d286d,opt,2p,და--ბეჭდ--ოთ,n
627872e0-8209-47bc-ab86-d25af63d286d,opt,3p,და--ბეჭდ--ონ,n
d214f5a4-d6c0-4e3c-ab81-d85cfa2f0406,pres,1s,-ვ-აგრძელ-ებ-,n
d214f5a4-d6c0-4e3c-ab81-d85cfa2f0406,pres,2s,--აგრძელ-ებ-,n
d214f5a4-d6c0-4e3c-ab81-d85cfa2f0406,pres,3s,--აგრძელ-ებ-ს,n
d214f5a4-d6c0-4e3c-ab81-d85cfa2f0406,pres,1p,-ვ-აგრძელ-ებ-თ,n
d214f5a4-d6c0-4e3c-ab81-d85cfa2f0406,pres,2p,--აგრძელ-ებ-თ,n
d214f5a4-d6c0-4e3c-ab81-d85cfa2f0406,pres,3p,--აგრძელ-ებ-ენ,n
d214f5a4-d6c0-4e3c-ab81-d85cfa2f0406,imp,1s,-ვ-აგრძელ-ებ-ოდი,n
d214f5a4-d6c0-4e3c-ab81-d85cfa2f0406,imp,2s,--აგრძელ-ებ-ოდი,n
d214f5a4-d6c0-4e3c-ab81-d85cfa2f0406,imp,3s,--აგრძელ-ებ-ოდა,n
d214f5a4-d6c0-4e3c-ab81-d85cfa2f0406,imp,1p,-ვ-აგრძელ-ებ-ოდით,n
d214f5a4-d6c0-4e3c-ab81-d85cfa2f0406,imp,2p,--აგრძელ-ებ-ოდით,n
d214f5a4-d6c0-4e3c-ab81-d85cfa2f0406,imp,3p,--აგრძელ-ებ-ოდნენ,n
d214f5a4-d6c0-4e3c-ab81-d85cfa2f0406,pres-subj,1s,-ვ-აგრძელ-ებ-დე,n
d214f5a4-d6c0-4e3c-ab81-d85cfa2f0406,pres-subj,2s,--აგრძელ-ებ-დე,n
d214f5a4-d6c0-4e3c-ab81-d85cfa2f0406,pres-subj,3s,--აგრძელ-ებ-დეს,n
d214f5a4-d6c0-4e3c-ab81-d85cfa2f0406,pres-subj,1p,-ვ-აგრძელ-ებ-დეთ,n
d214f5a4-d6c0-4e3c-ab81-d85cfa2f0406,pres-subj,2p,--აგრძელ-ებ-დეთ,n
d214f5a4-d6c0-4e3c-ab81-d85cfa2f0406,pres-subj,3p,--აგრძელ-ებ-დნენ,n
d214f5a4-d6c0-4e3c-ab81-d85cfa2f0406,fut,1s,გა-ვ-აგრძელ-ებ-,n
d214f5a4-d6c0-4e3c-ab81-d85cfa2f0406,fut,2s,გა--აგრძელ-ებ-,n
d214f5a4-d6c0-4e3c-ab81-d85cfa2f0406,fut,3s,გა--აგრძელ-ებ-ს,n
d214f5a4-d6c0-4e3c-ab81-d85cfa2f0406,fut,1p,გა-ვ-აგრძელ-ებ-თ,n
d214f5a4-d6c0-4e3c-ab81-d85cfa2f0406,fut,2p,გა--აგრძელ-ებ-თ,n
d214f5a4-d6c0-4e3c-ab81-d85cfa2f0406,fut,3p,გა--აგრძელ-ებ-ენ,n
d214f5a4-d6c0-4e3c-ab81-d85cfa2f0406,cond,1s,გა-ვ-აგრძელ-ებ-ოდი,n
d214f5a4-d6c0-4e3c-ab81-d85cfa2f0406,cond,2s,გა--აგრძელ-ებ-ოდი,n
d214f5a4-d6c0-4e3c-ab81-d85cfa2f0406,cond,3s,გა--აგრძელ-ებ-ოდა,n
d214f5a4-d6c0-4e3c-ab81-d85cfa2f0406,cond,1p,გა-ვ-აგრძელ-ებ-ოდით,n
d214f5a4-d6c0-4e3c-ab81-d85cfa2f0406,cond,2p,გა--აგრძელ-ებ-ოდით,n
d214f5a4-d6c0-4e3c-ab81-d85cfa2f0406,cond,3p,გა--აგრძელ-ებ-ოდნენ,n
d214f5a4-d6c0-4e3c-ab81-d85cfa2f0406,aor,1s,გა-ვ-აგრძელ--ე,n
d214f5a4-d6c0-4e3c-ab81-d85cfa2f0406,aor,2s,გა--აგრძელ--ე,n
d214f5a4-d6c0-4e3c-ab81-d85cfa2f0406,aor,3s,გა--აგრძელ--ა,n
d214f5a4-d6c0-4e3c-ab81-d85cfa2f0406,aor,1p,გა-ვ-აგრძელ--ეთ,n
d214f5a4-d6c0-4e3c-ab81-d85cfa2f0406,aor,2p,გა--აგრძელ--ეთ,n
d214f5a4-d6c0-4e3c-ab81-d85cfa2f0406,aor,3p,გა--აგრძელ--ეს,n
d214f5a4-d6c0-4e3c-ab81-d85cfa2f0406,opt,1s,გა-ვ-აგრძელ--ე,n
d214f5a4-d6c0-4e3c-ab81-d85cfa2f0406,opt,2s,გა--აგრძელ--ე,n
d214f5a4-d6c0-4e3c-ab81-d85cfa2f0406,opt,3s,გა--აგრძელ--ეს,n
d214f5a4-d6c0-4e3c-ab81-d85cfa2f0406,opt,1p,გა-ვ-აგრძელ--ეთ,n
d214f5a4-d6c0-4e3c-ab81-d85cfa2f0406,opt,2p,გა--აგრძელ--ეთ,n
d214f5a4-d6c0-4e3c-ab81-d85cfa2f0406,opt,3p,გა--აგრძელ--ნენ,n
cc7df258-2384-4160-ba1d-2b6e3056fab9,pres,1s,-ვ-ამტკიც-ებ-,n
cc7df258-2384-4160-ba1d-2b6e3056fab9,pres,2s,--ამტკიც-ებ-,n
cc7df258-2384-4160-ba1d-2b6e3056fab9,pres,3s,--ამტკიც-ებ-ს,n
cc7df258-2384-4160-ba1d-2b6e3056fab9,pres,1p,-ვ-ამტკიც-ებ-თ,n
cc7df258-2384-4160-ba1d-2b6e3056fab9,pres,2p,--ამტკიც-ებ-თ,n
cc7df258-2384-4160-ba1d-2b6e3056fab9,pres,3p,--ამტკიც-ებ-ენ,n
cc7df258-2384-4160-ba1d-2b6e3056fab9,imp,1s,-ვ-ამტკიც-ებ-დი,n
cc7df258-2384-4160-ba1d-2b6e3056fab9,imp,2s,--ამტკიც-ებ-დი,n
cc7df258-2384-4160-ba1d-2b6e3056fab9,imp,3s,--ამტკიც-ებ-და,n
cc7df258-2384-4160-ba1d-2b6e3056fab9,imp,1p,-ვ-ამტკიც-ებ-დით,n
cc7df258-2384-4160-ba1d-2b6e3056fab9,imp,2p,--ამტკიც-ებ-დით,n
cc7df258-2384-4160-ba1d-2b6e3056fab9,imp,3p,--ამტკიც-ებ-დნენ,n
cc7df258-2384-4160-ba1d-2b6e3056fab9,pres-subj,1s,-ვ-ამტკიც-ებ-დე,n
cc7df258-2384-4160-ba1d-2b6e3056fab9,pres-subj,2s,--ამტკიც-ებ-დე,n
cc7df258-2384-4160-ba1d-2b6e3056fab9,pres-subj,3s,--ამტკიც-ებ-დეს,n
cc7df258-2384-4160-ba1d-2b6e3056fab9,pres-subj,1p,-ვ-ამტკიც-ებ-დეთ,n
cc7df258-2384-4160-ba1d-2b6e3056fab9,pres-subj,2p,--ამტკიც-ებ-დეთ,n
cc7df258-2384-4160-ba1d-2b6e3056fab9,pres-subj,3p,--ამტკიც-ებ-დნენ,n
cc7df258-2384-4160-ba1d-2b6e3056fab9,fut,1s,და-ვ-ამტკიც-ებ-,n
cc7df258-2384-4160-ba1d-2b6e3056fab9,fut,2s,და--ამტკიც-ებ-,n
cc7df258-2384-4160-ba1d-2b6e3056fab9,fut,3s,და--ამტკიც-ებ-ს,n
cc7df258-2384-4160-ba1d-2b6e3056fab9,fut,1p,და-ვ-ამტკიც-ებ-თ,n
cc7df258-2384-4160-ba1d-2b6e3056fab9,fut,2p,და--ამტკიც-ებ-თ,n
cc7df258-2384-4160-ba1d-2b6e3056fab9,fut,3p,და--ამტკიც-ებ-ენ,n
cc7df258-2384-4160-ba1d-2b6e3056fab9,cond,1s,და-ვ-ამტკიც-ებ-დი,n
cc7df258-2384-4160-ba1d-2b6e3056fab9,cond,2s,და--ამტკიც-ებ-დი,n
cc7df258-2384-4160-ba1d-2b6e3056fab9,cond,3s,და--ამტკიც-ებ-და,n
cc7df258-2384-4160-ba1d-2b6e3056fab9,cond,1p,და-ვ-ამტკიც-ებ-დით,n
cc7df258-2384-4160-ba1d-2b6e3056fab9,cond,2p,და--ამტკიც-ებ-დით,n
cc7df258-2384-4160-ba1d-2b6e3056fab9,cond,3p,და--ამტკიც-ებ-დნენ,n
cc7df258-2384-4160-ba1d-2b6e3056fab9,aor,1s,და-ვ-ამტკიც--ე,n
cc7df258-2384-4160-ba1d-2b6e3056fab9,aor,2s,და--ამტკიც--ე,n
cc7df258-2384-4160-ba1d-2b6e3056fab9,aor,3s,და--ამტკიც--ა,n
cc7df258-2384-4160-ba1d-2b6e3056fab9,aor,1p,და-ვ-ამტკიც--ეთ,n
cc7df258-2384-4160-ba1d-2b6e3056fab9,aor,2p,და--ამტკიც--ეთ,n
cc7df258-2384-4160-ba1d-2b6e3056fab9,aor,3p,და--ამტკიც--ეს,n
cc7df258-2384-4160-ba1d-2b6e3056fab9,opt,1s,და-ვ-ამტკიც--,n
cc7df258-2384-4160-ba1d-2b6e3056fab9,opt,2s,და--ამტკიც--,n
cc7df258-2384-4160-ba1d-2b6e3056fab9,opt,3s,და--ამტკიც--ოს,n
cc7df258-2384-4160-ba1d-2b6e3056fab9,opt,1p,და-ვ-ამტკიც--ოთ,n
cc7df258-2384-4160-ba1d-2b6e3056fab9,opt,2p,და--ამტკიც--ოთ,n
cc7df258-2384-4160-ba1d-2b6e3056fab9,opt,3p,და--ამტკიც--ონ,n
f61d3b38-500b-444a-a3f6-d6f87e681b59,pres,1s,-ვ-აქვეყნ-ებ-,n
f61d3b38-500b-444a-a3f6-d6f87e681b59,pres,2s,--აქვეყნ-ებ-,n
f61d3b38-500b-444a-a3f6-d6f87e681b59,pres,3s,--აქვეყნ-ებ-ს,n
f61d3b38-500b-444a-a3f6-d6f87e681b59,pres,1p,-ვ-აქვეყნ-ებ-თ,n
f61d3b38-500b-444a-a3f6-d6f87e681b59,pres,2p,--აქვეყნ-ებ-თ,n
f61d3b38-500b-444a-a3f6-d6f87e681b59,pres,3p,--აქვეყნ-ებ-ენ,n
f61d3b38-500b-444a-a3f6-d6f87e681b59,imp,1s,-ვ-აქვეყნ-ებ-დი,n
f61d3b38-500b-444a-a3f6-d6f87e681b59,imp,2s,--აქვეყნ-ებ-დი,n
f61d3b38-500b-444a-a3f6-d6f87e681b59,imp,3s,--აქვეყნ-ებ-და,n
f61d3b38-500b-444a-a3f6-d6f87e681b59,imp,1p,-ვ-აქვეყნ-ებ-დით,n
f61d3b38-500b-444a-a3f6-d6f87e681b59,imp,2p,--აქვეყნ-ებ-დით,n
f61d3b38-500b-444a-a3f6-d6f87e681b59,imp,3p,--აქვეყნ-ებ-დნენ,n
f61d3b38-500b-444a-a3f6-d6f87e681b59,pres-subj,1s,-ვ-აქვეყნ-ებ-დე,n
f61d3b38-500b-444a-a3f6-d6f87e681b59,pres-subj,2s,--აქვეყნ-ებ-დე,n
f61d3b38-500b-444a-a3f6-d6f87e681b59,pres-subj,3s,--აქვეყნ-ებ-დეს,n
f61d3b38-500b-444a-a3f6-d6f87e681b59,pres-subj,1p,-ვ-აქვეყნ-ებ-დეთ,n
f61d3b38-500b-444a-a3f6-d6f87e681b59,pres-subj,2p,--აქვეყნ-ებ-დეთ,n
f61d3b38-500b-444a-a3f6-d6f87e681b59,pres-subj,3p,--აქვეყნ-ებ-დნენ,n
f61d3b38-500b-444a-a3f6-d6f87e681b59,fut,1s,გამო-ვ-აქვეყნ-ებ-,n
f61d3b38-500b-444a-a3f6-d6f87e681b59,fut,2s,გამო--აქვეყნ-ებ-,n
f61d3b38-500b-444a-a3f6-d6f87e681b59,fut,3s,გამო--აქვეყნ-ებ-ს,n
f61d3b38-500b-444a-a3f6-d6f87e681b59,fut,1p,გამო-ვ-აქვეყნ-ებ-თ,n
f61d3b38-500b-444a-a3f6-d6f87e681b59,fut,2p,გამო--აქვეყნ-ებ-თ,n
f61d3b38-500b-444a-a3f6-d6f87e681b59,fut,3p,გამო--აქვეყნ-ებ-ენ,n
f61d3b38-500b-444a-a3f6-d6f87e681b59,cond,1s,გამო-ვ-აქვეყნ-ებ-დი,n
f61d3b38-500b-444a-a3f6-d6f87e681b59,cond,2s,გამო--აქვეყნ-ებ-დი,n
f61d3b38-500b-444a-a3f6-d6f87e681b59,cond,3s,გამო--აქვეყნ-ებ-და,n
f61d3b38-500b-444a-a3f6-d6f87e681b59,cond,1p,გამო-ვ-აქვეყნ-ებ-დით,n
f61d3b38-500b-444a-a3f6-d6f87e681b59,cond,2p,გამო--აქვეყნ-ებ-დით,n
f61d3b38-500b-444a-a3f6-d6f87e681b59,cond,3p,გამო--აქვეყნ-ებ-დნენ,n
f61d3b38-500b-444a-a3f6-d6f87e681b59,aor,1s,გამო-ვ-ქვეყნ--ე,n
f61d3b38-500b-444a-a3f6-d6f87e681b59,aor,2s,გამო--ქვეყნ--ე,n
f61d3b38-500b-444a-a3f6-d6f87e681b59,aor,3s,გამო--ქვეყნ--ა,n
f61d3b38-500b-444a-a3f6-d6f87e681b59,aor,1p,გამო-ვ-ქვეყნ--ეთ,n
f61d3b38-500b-444a-a3f6-d6f87e681b59,aor,2p,გამო--ქვეყნ--ეთ,n
f61d3b38-500b-444a-a3f6-d6f87e681b59,aor,3p,გამო--ქვეყნ--ეს,n
f61d3b38-500b-444a-a3f6-d6f87e681b59,opt,1s,გამო-ვ-ქვეყნ--,n
f61d3b38-500b-444a-a3f6-d6f87e681b59,opt,2s,გამო--ქვეყნ--,n
f61d3b38-500b-444a-a3f6-d6f87e681b59,opt,3s,გამო--ქვეყნ--ოს,n
f61d3b38-500b-444a-a3f6-d6f87e681b59,opt,1p,გამო-ვ-ქვეყნ--ოთ,n
f61d3b38-500b-444a-a3f6-d6f87e681b59,opt,2p,გამო--ქვეყნ--ოთ,n
f61d3b38-500b-444a-a3f6-d6f87e681b59,opt,3p,გამო--ქვეყნ--ონ,n
d31d4db1-22b3-4349-ac5c-8207f427ef89,pres,1s,-ვ-ქაჩ-ავ-,n
d31d4db1-22b3-4349-ac5c-8207f427ef89,pres,2s,--ქაჩ-ავ-,n
d31d4db1-22b3-4349-ac5c-8207f427ef89,pres,3s,--ქაჩ-ავ-ს,n
d31d4db1-22b3-4349-ac5c-8207f427ef89,pres,1p,-ვ-ქაჩ-ავ-თ,n
d31d4db1-22b3-4349-ac5c-8207f427ef89,pres,2p,--ქაჩ-ავ-თ,n
d31d4db1-22b3-4349-ac5c-8207f427ef89,pres,3p,--ქაჩ-ავ-ენ,n
d31d4db1-22b3-4349-ac5c-8207f427ef89,imp,1s,-ვ-ქაჩ-ავ-დი,n
d31d4db1-22b3-4349-ac5c-8207f427ef89,imp,2s,--ქაჩ-ავ-დი,n
d31d4db1-22b3-4349-ac5c-8207f427ef89,imp,3s,--ქაჩ-ავ-და,n
d31d4db1-22b3-4349-ac5c-8207f427ef89,imp,1p,-ვ-ქაჩ-ავ-დით,n
d31d4db1-22b3-4349-ac5c-8207f427ef89,imp,2p,--ქაჩ-ავ-დით,n
d31d4db1-22b3-4349-ac5c-8207f427ef89,imp,3p,--ქაჩ-ავ-დნენ,n
d31d4db1-22b3-4349-ac5c-8207f427ef89,pres-subj,1s,-ვ-ქაჩ-ავ-დე,n
d31d4db1-22b3-4349-ac5c-8207f427ef89,pres-subj,2s,--ქაჩ-ავ-დე,n
d31d4db1-22b3-4349-ac5c-8207f427ef89,pres-subj,3s,--ქაჩ-ავ-დეს,n
d31d4db1-22b3-4349-ac5c-8207f427ef89,pres-subj,1p,-ვ-ქაჩ-ავ-დეთ,n
d31d4db1-22b3-4349-ac5c-8207f427ef89,pres-subj,2p,--ქაჩ-ავ-დეთ,n
d31d4db1-22b3-4349-ac5c-8207f427ef89,pres-subj,3p,--ქაჩ-ავ-დნენ,n
d31d4db1-22b3-4349-ac5c-8207f427ef89,fut,1s,მო-ვ-ქაჩ-ავ-,n
d31d4db1-22b3-4349-ac5c-8207f427ef89,fut,2s,მო--ქაჩ-ავ-,n
d31d4db1-22b3-4349-ac5c-8207f427ef89,fut,3s,მო--ქაჩ-ავ-ს,n
d31d4db1-22b3-4349-ac5c-8207f427ef89,fut,1p,მო-ვ-ქაჩ-ავ-თ,n
d31d4db1-22b3-4349-ac5c-8207f427ef89,fut,2p,მო--ქაჩ-ავ-თ,n
d31d4db1-22b3-4349-ac5c-8207f427ef89,fut,3p,მო--ქაჩ-ავ-ენ,n
d31d4db1-22b3-4349-ac5c-8207f427ef89,cond,1s,მო-ვ-ქაჩ-ავ-დი,n
d31d4db1-22b3-4349-ac5c-8207f427ef89,cond,2s,მო--ქაჩ-ავ-დი,n
d31d4db1-22b3-4349-ac5c-8207f427ef89,cond,3s,მო--ქაჩ-ავ-და,n
d31d4db1-22b3-4349-ac5c-8207f427ef89,cond,1p,მო-ვ-ქაჩ-ავ-დით,n
d31d4db1-22b3-4349-ac5c-8207f427ef89,cond,2p,მო--ქაჩ-ავ-დით,n
d31d4db1-22b3-4349-ac5c-8207f427ef89,cond,3p,მო--ქაჩ-ავ-დნენ,n
d31d4db1-22b3-4349-ac5c-8207f427ef89,aor,1s,მო-ვ-ქაჩ--ე,n
d31d4db1-22b3-4349-ac5c-8207f427ef89,aor,2s,მო--ქაჩ--ე,n
d31d4db1-22b3-4349-ac5c-8207f427ef89,aor,3s,მო--ქაჩ--ა,n
d31d4db1-22b3-4349-ac5c-8207f427ef89,aor,1p,მო-ვ-ქაჩ--ეთ,n
d31d4db1-22b3-4349-ac5c-8207f427ef89,aor,2p,მო--ქაჩ--ეთ,n
d31d4db1-22b3-4349-ac5c-8207f427ef89,aor,3p,მო--ქაჩ--ეს,n
d31d4db1-22b3-4349-ac5c-8207f427ef89,opt,1s,მო-ვ-ქაჩ--,n
d31d4db1-22b3-4349-ac5c-8207f427ef89,opt,2s,მო--ქაჩ--,n
d31d4db1-22b3-4349-ac5c-8207f427ef89,opt,3s,მო--ქაჩ--ოს,n
d31d4db1-22b3-4349-ac5c-8207f427ef89,opt,1p,მო-ვ-ქაჩ--ოთ,n
d31d4db1-22b3-4349-ac5c-8207f427ef89,opt,2p,მო--ქაჩ--ოთ,n
d31d4db1-22b3-4349-ac5c-8207f427ef89,opt,3p,მო--ქაჩ--ონ,n
376ef04d-f679-4d54-9702-22f1fc4ffd37,pres,1s,-ვ-სჯ-ი-,n
376ef04d-f679-4d54-9702-22f1fc4ffd37,pres,2s,--სჯ-ი-,n
376ef04d-f679-4d54-9702-22f1fc4ffd37,pres,3s,--სჯ-ი-ს,n
376ef04d-f679-4d54-9702-22f1fc4ffd37,pres,1p,-ვ-სჯ-ი-თ,n
376ef04d-f679-4d54-9702-22f1fc4ffd37,pres,2p,--სჯ-ი-თ,n
376ef04d-f679-4d54-9702-22f1fc4ffd37,pres,3p,--სჯ-ი-ან,n
376ef04d-f679-4d54-9702-22f1fc4ffd37,imp,1s,-ვ-სჯ-ი-დი,n
376ef04d-f679-4d54-9702-22f1fc4ffd37,imp,2s,--სჯ-ი-დი,n
376ef04d-f679-4d54-9702-22f1fc4ffd37,imp,3s,--სჯ-ი-და,n
376ef04d-f679-4d54-9702-22f1fc4ffd37,imp,1p,-ვ-სჯ-ი-დით,n
376ef04d-f679-4d54-9702-22f1fc4ffd37,imp,2p,--სჯ-ი-დით,n
376ef04d-f679-4d54-9702-22f1fc4ffd37,imp,3p,--სჯ-ი-დნენ,n
376ef04d-f679-4d54-9702-22f1fc4ffd37,pres-subj,1s,-ვ-სჯ-ი-დე,n
376ef04d-f679-4d54-9702-22f1fc4ffd37,pres-subj,2s,--სჯ-ი-დე,n
376ef04d-f679-4d54-9702-22f1fc4ffd37,pres-subj,3s,--სჯ-ი-დეს,n
376ef04d-f679-4d54-9702-22f1fc4ffd37,pres-subj,1p,-ვ-სჯ-ი-დეთ,n
376ef04d-f679-4d54-9702-22f1fc4ffd37,pres-subj,2p,--სჯ-ი-დეთ,n
376ef04d-f679-4d54-9702-22f1fc4ffd37,pres-subj,3p,--სჯ-ი-დნენ,n
376ef04d-f679-4d54-9702-22f1fc4ffd37,fut,1s,და-ვ-სჯ-ი-,n
376ef04d-f679-4d54-9702-22f1fc4ffd37,fut,2s,და--სჯ-ი-,n
376ef04d-f679-4d54-9702-22f1fc4ffd37,fut,3s,და--სჯ-ი-ს,n
376ef04d-f679-4d54-9702-22f1fc4ffd37,fut,1p,და-ვ-სჯ-ი-თ,n
376ef04d-f679-4d54-9702-22f1fc4ffd37,fut,2p,და--სჯ-ი-თ,n
376ef04d-f679-4d54-9702-22f1fc4ffd37,fut,3p,და--სჯ-ი-ან,n
376ef04d-f679-4d54-9702-22f1fc4ffd37,cond,1s,და-ვ-სჯ-ი-დი,n
376ef04d-f679-4d54-9702-22f1fc4ffd37,cond,2s,და--სჯ-ი-დი,n
376ef04d-f679-4d54-9702-22f1fc4ffd37,cond,3s,და--სჯ-ი-და,n
376ef04d-f679-4d54-9702-22f1fc4ffd37,cond,1p,და-ვ-სჯ-ი-დით,n
376ef04d-f679-4d54-9702-22f1fc4ffd37,cond,2p,და--სჯ-ი-დით,n
376ef04d-f679-4d54-9702-22f1fc4ffd37,cond,3p,და--სჯ-ი-დნენ,n
376ef04d-f679-4d54-9702-22f1fc4ffd37,aor,1s,და-ვ-საჯ--ე,n
376ef04d-f679-4d54-9702-22f1fc4ffd37,aor,2s,და--საჯ--ე,n
376ef04d-f679-4d54-9702-22f1fc4ffd37,aor,3s,და--საჯ--ა,n
376ef04d-f679-4d54-9702-22f1fc4ffd37,aor,1p,და-ვ-საჯ--ეთ,n
376ef04d-f679-4d54-9702-22f1fc4ffd37,aor,2p,და--საჯ--ეთ,n
376ef04d-f679-4d54-9702-22f1fc4ffd37,aor,3p,და--საჯ--ეს,n
376ef04d-f679-4d54-9702-22f1fc4ffd37,opt,1s,და-ვ-საჯ--,n
376ef04d-f679-4d54-9702-22f1fc4ffd37,opt,2s,და--საჯ--,n
376ef04d-f679-4d54-9702-22f1fc4ffd37,opt,3s,და--საჯ--ოს,n
376ef04d-f679-4d54-9702-22f1fc4ffd37,opt,1p,და-ვ-საჯ--ოთ,n
376ef04d-f679-4d54-9702-22f1fc4ffd37,opt,2p,და--საჯ--ოთ,n
376ef04d-f679-4d54-9702-22f1fc4ffd37,opt,3p,და--საჯ--ონ,n
ade8e4c7-58cf-4921-aabc-426cdb5f2128,pres,1s,-ვ-აწვ-ებ-ი,n
ade8e4c7-58cf-4921-aabc-426cdb5f2128,pres,2s,--აწვ-ებ-ი,n
ade8e4c7-58cf-4921-aabc-426cdb5f2128,pres,3s,--აწვ-ებ-ა,n
ade8e4c7-58cf-4921-aabc-426cdb5f2128,pres,1p,-ვ-აწვ-ებ-ით,n
ade8e4c7-58cf-4921-aabc-426cdb5f2128,pres,2p,--აწვ-ებ-ით,n
ade8e4c7-58cf-4921-aabc-426cdb5f2128,pres,3p,--აწვ-ებ-იან,n
ade8e4c7-58cf-4921-aabc-426cdb5f2128,imp,1s,-ვ-აწვ-ებ-დი,n
ade8e4c7-58cf-4921-aabc-426cdb5f2128,imp,2s,--აწვ-ებ-დი,n
ade8e4c7-58cf-4921-aabc-426cdb5f2128,imp,3s,--აწვ-ებ-და,n
ade8e4c7-58cf-4921-aabc-426cdb5f2128,imp,1p,-ვ-აწვ-ებ-დით,n
ade8e4c7-58cf-4921-aabc-426cdb5f2128,imp,2p,--აწვ-ებ-დით,n
ade8e4c7-58cf-4921-aabc-426cdb5f2128,imp,3p,--აწვ-ებ-დნენ,n
ade8e4c7-58cf-4921-aabc-426cdb5f2128,pres-subj,1s,-ვ-აწვ-ებ-დე,n
ade8e4c7-58cf-4921-aabc-426cdb5f2128,pres-subj,2s,--აწვ-ებ-დე,n
ade8e4c7-58cf-4921-aabc-426cdb5f2128,pres-subj,3s,--აწვ-ებ-დეს,n
ade8e4c7-58cf-4921-aabc-426cdb5f2128,pres-subj,1p,-ვ-აწვ-ებ-დეთ,n
ade8e4c7-58cf-4921-aabc-426cdb5f2128,pres-subj,2p,--აწვ-ებ-დეთ,n
ade8e4c7-58cf-4921-aabc-426cdb5f2128,pres-subj,3p,--აწვ-ებ-დნენ,n
ade8e4c7-58cf-4921-aabc-426cdb5f2128,fut,1s,მი-ვ-აწვ-ებ-ი,n
ade8e4c7-58cf-4921-aabc-426cdb5f2128,fut,2s,მი--აწვ-ებ-ი,n
ade8e4c7-58cf-4921-aabc-426cdb5f2128,fut,3s,მი--აწვ-ებ-ა,n
ade8e4c7-58cf-4921-aabc-426cdb5f2128,fut,1p,მი-ვ-აწვ-ებ-ით,n
ade8e4c7-58cf-4921-aabc-426cdb5f2128,fut,2p,მი--აწვ-ებ-ით,n
ade8e4c7-58cf-4921-aabc-426cdb5f2128,fut,3p,მი--აწვ-ებ-იან,n
ade8e4c7-58cf-4921-aabc-426cdb5f2128,cond,1s,მი-ვ-აწვ-ებ-დი,n
ade8e4c7-58cf-4921-aabc-426cdb5f2128,cond,2s,მი--აწვ-ებ-დი,n
ade8e4c7-58cf-4921-aabc-426cdb5f2128,cond,3s,მი--აწვ-ებ-და,n
ade8e4c7-58cf-4921-aabc-426cdb5f2128,cond,1p,მი-ვ-აწვ-ებ-დით,n
ade8e4c7-58cf-4921-aabc-426cdb5f2128,cond,2p,მი--აწვ-ებ-დით,n
ade8e4c7-58cf-4921-aabc-426cdb5f2128,cond,3p,მი--აწვ-ებ-დნენ,n
ade8e4c7-58cf-4921-aabc-426cdb5f2128,aor,1s,მი-ვ-აწექ--ი,n
ade8e4c7-58cf-4921-aabc-426cdb5f2128,aor,2s,მი--აწექ--ი,n
ade8e4c7-58cf-4921-aabc-426cdb5f2128,aor,3s,მი--აწვ--ა,n
ade8e4c7-58cf-4921-aabc-426cdb5f2128,aor,1p,მი-ვ-აწექ--ით,n
ade8e4c7-58cf-4921-aabc-426cdb5f2128,aor,2p,მი--აწექ--ით,n
ade8e4c7-58cf-4921-aabc-426cdb5f2128,aor,3p,მი--აწვ--ნენ,n
ade8e4c7-58cf-4921-aabc-426cdb5f2128,opt,1s,მი-ვ-აწექ--,n
ade8e4c7-58cf-4921-aabc-426cdb5f2128,opt,2s,მი--აწექ--,n
ade8e4c7-58cf-4921-aabc-426cdb5f2128,opt,3s,მი--აწვ--ოს,n
ade8e4c7-58cf-4921-aabc-426cdb5f2128,opt,1p,მი-ვ-აწექ--ოთ,n
ade8e4c7-58cf-4921-aabc-426cdb5f2128,opt,2p,მი--აწექ--ოთ,n
ade8e4c7-58cf-4921-aabc-426cdb5f2128,opt,3p,მი--აწვ--ონ,n
4825ac93-f33d-4c3f-bddb-3f46f33beeca,pres,1s,-ვ-დგ-ამ-,n
4825ac93-f33d-4c3f-bddb-3f46f33beeca,pres,2s,--დგ-ამ-,n
4825ac93-f33d-4c3f-bddb-3f46f33beeca,pres,3s,--დგ-ამ-ს,n
4825ac93-f33d-4c3f-bddb-3f46f33beeca,pres,1p,-ვ-დგ-ამ-თ,n
4825ac93-f33d-4c3f-bddb-3f46f33beeca,pres,2p,--დგ-ამ-თ,n
4825ac93-f33d-4c3f-bddb-3f46f33beeca,pres,3p,--დგ-ამ-ენ,n
4825ac93-f33d-4c3f-bddb-3f46f33beeca,imp,1s,-ვ-დგ-ამ-დი,n
4825ac93-f33d-4c3f-bddb-3f46f33beeca,imp,2s,--დგ-ამ-დი,n
4825ac93-f33d-4c3f-bddb-3f46f33beeca,imp,3s,--დგ-ამ-და,n
4825ac93-f33d-4c3f-bddb-3f46f33beeca,imp,1p,-ვ-დგ-ამ-დით,n
4825ac93-f33d-4c3f-bddb-3f46f33beeca,imp,2p,--დგ-ამ-დით,n
4825ac93-f33d-4c3f-bddb-3f46f33beeca,imp,3p,--დგ-ამ-დნენ,n
4825ac93-f33d-4c3f-bddb-3f46f33beeca,pres-subj,1s,-ვ-დგ-ამ-დე,n
4825ac93-f33d-4c3f-bddb-3f46f33beeca,pres-subj,2s,--დგ-ამ-დე,n
4825ac93-f33d-4c3f-bddb-3f46f33beeca,pres-subj,3s,--დგ-ამ-დეს,n
4825ac93-f33d-4c3f-bddb-3f46f33beeca,pres-subj,1p,-ვ-დგ-ამ-დეთ,n
4825ac93-f33d-4c3f-bddb-3f46f33beeca,pres-subj,2p,--დგ-ამ-დეთ,n
4825ac93-f33d-4c3f-bddb-3f46f33beeca,pres-subj,3p,--დგ-ამ-დნენ,n
4825ac93-f33d-4c3f-bddb-3f46f33beeca,fut,1s,და-ვ-დგ-ამ-,n
4825ac93-f33d-4c3f-bddb-3f46f33beeca,fut,2s,და--დგ-ამ-,n
4825ac93-f33d-4c3f-bddb-3f46f33beeca,fut,3s,და--დგ-ამ-ს,n
4825ac93-f33d-4c3f-bddb-3f46f33beeca,fut,1p,და-ვ-დგ-ამ-თ,n
4825ac93-f33d-4c3f-bddb-3f46f33beeca,fut,2p,და--დგ-ამ-თ,n
4825ac93-f33d-4c3f-bddb-3f46f33beeca,fut,3p,და--დგ-ამ-ენ,n
4825ac93-f33d-4c3f-bddb-3f46f33beeca,cond,1s,და-ვ-დგ-ამ-დი,n
4825ac93-f33d-4c3f-bddb-3f46f33beeca,cond,2s,და--დგ-ამ-დი,n
4825ac93-f33d-4c3f-bddb-3f46f33beeca,cond,3s,და--დგ-ამ-და,n
4825ac93-f33d-4c3f-bddb-3f46f33beeca,cond,1p,და-ვ-დგ-ამ-დით,n
4825ac93-f33d-4c3f-bddb-3f46f33beeca,cond,2p,და--დგ-ამ-დით,n
4825ac93-f33d-4c3f-bddb-3f46f33beeca,cond,3p,და--დგ-ამ-დნენ,n
4825ac93-f33d-4c3f-bddb-3f46f33beeca,aor,1s,და-ვ-დგ--ი,n
4825ac93-f33d-4c3f-bddb-3f46f33beeca,aor,2s,და--დგ--ი,n
4825ac93-f33d-4c3f-bddb-3f46f33beeca,aor,3s,და--დგ--ა,n
4825ac93-f33d-4c3f-bddb-3f46f33beeca,aor,1p,და-ვ-დგ--ით,n
4825ac93-f33d-4c3f-bddb-3f46f33beeca,aor,2p,და--დგ--ით,n
4825ac93-f33d-4c3f-bddb-3f46f33beeca,aor,3p,და--დგ--ეს,n
4825ac93-f33d-4c3f-bddb-3f46f33beeca,opt,1s,და-ვ-დგ--ა,n
4825ac93-f33d-4c3f-bddb-3f46f33beeca,opt,2s,და--დგ--ა,n
4825ac93-f33d-4c3f-bddb-3f46f33beeca,opt,3s,და--დგ--ას,n
4825ac93-f33d-4c3f-bddb-3f46f33beeca,opt,1p,და-ვ-დგ--ათ,n
4825ac93-f33d-4c3f-bddb-3f46f33beeca,opt,2p,და--დგ--ათ,n
4825ac93-f33d-4c3f-bddb-3f46f33beeca,opt,3p,და--დგ--ან,n
ad827fdd-68e1-4378-bbe5-b3d512a40773,pres,1s,-ვ-დ-ებ-,n
ad827fdd-68e1-4378-bbe5-b3d512a40773,pres,2s,--დ-ებ-,n
ad827fdd-68e1-4378-bbe5-b3d512a40773,pres,3s,--დ-ებ-ს,n
ad827fdd-68e1-4378-bbe5-b3d512a40773,pres,1p,-ვ-დ-ებ-თ,n
ad827fdd-68e1-4378-bbe5-b3d512a40773,pres,2p,--დ-ებ-თ,n
ad827fdd-68e1-4378-bbe5-b3d512a40773,pres,3p,--დ-ებ-ენ,n
ad827fdd-68e1-4378-bbe5-b3d512a40773,imp,1s,-ვ-დ-ებ-დი,n
ad827fdd-68e1-4378-bbe5-b3d512a40773,imp,2s,--დ-ებ-დი,n
ad827fdd-68e1-4378-bbe5-b3d512a40773,imp,3s,--დ-ებ-და,n
ad827fdd-68e1-4378-bbe5-b3d512a40773,imp,1p,-ვ-დ-ებ-დით,n
ad827fdd-68e1-4378-bbe5-b3d512a40773,imp,2p,--დ-ებ-დით,n
ad827fdd-68e1-4378-bbe5-b3d512a40773,imp,3p,--დ-ებ-დნენ,n
ad827fdd-68e1-4378-bbe5-b3d512a40773,pres-subj,1s,-ვ-დ-ებ-დე,n
ad827fdd-68e1-4378-bbe5-b3d512a40773,pres-subj,2s,--დ-ებ-დე,n
ad827fdd-68e1-4378-bbe5-b3d512a40773,pres-subj,3s,--დ-ებ-დეს,n
ad827fdd-68e1-4378-bbe5-b3d512a40773,pres-subj,1p,-ვ-დ-ებ-დეთ,n
ad827fdd-68e1-4378-bbe5-b3d512a40773,pres-subj,2p,--დ-ებ-დეთ,n
ad827fdd-68e1-4378-bbe5-b3d512a40773,pres-subj,3p,--დ-ებ-დნენ,n
ad827fdd-68e1-4378-bbe5-b3d512a40773,fut,1s,და-ვ-დ-ებ-,n
ad827fdd-68e1-4378-bbe5-b3d512a40773,fut,2s,და--დ-ებ-,n
ad827fdd-68e1-4378-bbe5-b3d512a40773,fut,3s,და--დ-ებ-ს,n
ad827fdd-68e1-4378-bbe5-b3d512a40773,fut,1p,და-ვ-დ-ებ-თ,n
ad827fdd-68e1-4378-bbe5-b3d512a40773,fut,2p,და--დ-ებ-თ,n
ad827fdd-68e1-4378-bbe5-b3d512a40773,fut,3p,და--დ-ებ-ენ,n
ad827fdd-68e1-4378-bbe5-b3d512a40773,cond,1s,და-ვ-დ-ებ-დი,n
ad827fdd-68e1-4378-bbe5-b3d512a40773,cond,2s,და--დ-ებ-დი,n
ad827fdd-68e1-4378-bbe5-b3d512a40773,cond,3s,და--დ-ებ-და,n
ad827fdd-68e1-4378-bbe5-b3d512a40773,cond,1p,და-ვ-დ-ებ-დით,n
ad827fdd-68e1-4378-bbe5-b3d512a40773,cond,2p,და--დ-ებ-დით,n
ad827fdd-68e1-4378-bbe5-b3d512a40773,cond,3p,და--დ-ებ-დნენ,n
ad827fdd-68e1-4378-bbe5-b3d512a40773,aor,1s,და-ვ-დ--ე,n
ad827fdd-68e1-4378-bbe5-b3d512a40773,aor,2s,და--დ--ე,n
ad827fdd-68e1-4378-bbe5-b3d512a40773,aor,3s,და--დ--ო,n
ad827fdd-68e1-4378-bbe5-b3d512a40773,aor,1p,და-ვ-დ--ეთ,n
ad827fdd-68e1-4378-bbe5-b3d512a40773,aor,2p,და--დ--ეთ,n
ad827fdd-68e1-4378-bbe5-b3d512a40773,aor,3p,და--დ--ეს,n
ad827fdd-68e1-4378-bbe5-b3d512a40773,opt,1s,და-ვ-დ--,n
ad827fdd-68e1-4378-bbe5-b3d512a40773,opt,2s,და--დ--,n
ad827fdd-68e1-4378-bbe5-b3d512a40773,opt,3s,და--დ--ოს,n
ad827fdd-68e1-4378-bbe5-b3d512a40773,opt,1p,და-ვ-დ--ოთ,n
ad827fdd-68e1-4378-bbe5-b3d512a40773,opt,2p,და--დ--ოთ,n
ad827fdd-68e1-4378-bbe5-b3d512a40773,opt,3p,და--დ--ონ,n
b698148e-80e3-41b5-8190-8491608561b4,pres,1s,-ვ-იცვ-ამ-,n
b698148e-80e3-41b5-8190-8491608561b4,pres,2s,--იცვ-ამ-,n
b698148e-80e3-41b5-8190-8491608561b4,pres,3s,--იცვ-ამ-ს,n
b698148e-80e3-41b5-8190-8491608561b4,pres,1p,-ვ-იცვ-ამ-თ,n
b698148e-80e3-41b5-8190-8491608561b4,pres,2p,--იცვ-ამ-თ,n
b698148e-80e3-41b5-8190-8491608561b4,pres,3p,--იცვ-ამ-ენ,n
b698148e-80e3-41b5-8190-8491608561b4,imp,1s,-ვ-იცვ-ამ-დი,n
b698148e-80e3-41b5-8190-8491608561b4,imp,2s,--იცვ-ამ-დი,n
b698148e-80e3-41b5-8190-8491608561b4,imp,3s,--იცვ-ამ-და,n
b698148e-80e3-41b5-8190-8491608561b4,imp,1p,-ვ-იცვ-ამ-დით,n
b698148e-80e3-41b5-8190-8491608561b4,imp,2p,--იცვ-ამ-დით,n
b698148e-80e3-41b5-8190-8491608561b4,imp,3p,--იცვ-ამ-დნენ,n
b698148e-80e3-41b5-8190-8491608561b4,pres-subj,1s,-ვ-იცვ-ამ-დე,n
b698148e-80e3-41b5-8190-8491608561b4,pres-subj,2s,--იცვ-ამ-დე,n
b698148e-80e3-41b5-8190-8491608561b4,pres-subj,3s,--იცვ-ამ-დეს,n
b698148e-80e3-41b5-8190-8491608561b4,pres-subj,1p,-ვ-იცვ-ამ-დეთ,n
b698148e-80e3-41b5-8190-8491608561b4,pres-subj,2p,--იცვ-ამ-დეთ,n
b698148e-80e3-41b5-8190-8491608561b4,pres-subj,3p,--იცვ-ამ-დნენ,n
b698148e-80e3-41b5-8190-8491608561b4,fut,1s,ჩა-ვ-იცვ-ამ-,n
b698148e-80e3-41b5-8190-8491608561b4,fut,2s,ჩა--იცვ-ამ-,n
b698148e-80e3-41b5-8190-8491608561b4,fut,3s,ჩა--იცვ-ამ-ს,n
b698148e-80e3-41b5-8190-8491608561b4,fut,1p,ჩა-ვ-იცვ-ამ-თ,n
b698148e-80e3-41b5-8190-8491608561b4,fut,2p,ჩა--იცვ-ამ-თ,n
b698148e-80e3-41b5-8190-8491608561b4,fut,3p,ჩა--იცვ-ამ-ენ,n
b698148e-80e3-41b5-8190-8491608561b4,cond,1s,ჩა-ვ-იცვ-ამ-დი,n
b698148e-80e3-41b5-8190-8491608561b4,cond,2s,ჩა--იცვ-ამ-დი,n
b698148e-80e3-41b5-8190-8491608561b4,cond,3s,ჩა--იცვ-ამ-და,n
b698148e-80e3-41b5-8190-8491608561b4,cond,1p,ჩა-ვ-იცვ-ამ-დით,n
b698148e-80e3-41b5-8190-8491608561b4,cond,2p,ჩა--იცვ-ამ-დით,n
b698148e-80e3-41b5-8190-8491608561b4,cond,3p,ჩა--იცვ-ამ-დნენ,n
b698148e-80e3-41b5-8190-8491608561b4,aor,1s,ჩა-ვ-იცვ--ი,n
b698148e-80e3-41b5-8190-8491608561b4,aor,2s,ჩა--იცვ--ი,n
b698148e-80e3-41b5-8190-8491608561b4,aor,3s,ჩა--იცვ--ა,n
b698148e-80e3-41b5-8190-8491608561b4,aor,1p,ჩა-ვ-იცვ--ით,n
b698148e-80e3-41b5-8190-8491608561b4,aor,2p,ჩა--იცვ--ით,n
b698148e-80e3-41b5-8190-8491608561b4,aor,3p,ჩა--იცვ--ეს,n
b698148e-80e3-41b5-8190-8491608561b4,opt,1s,ჩა-ვ-იცვ--ა,n
b698148e-80e3-41b5-8190-8491608561b4,opt,2s,ჩა--იცვ--ა,n
b698148e-80e3-41b5-8190-8491608561b4,opt,3s,ჩა--იცვ--ას,n
b698148e-80e3-41b5-8190-8491608561b4,opt,1p,ჩა-ვ-იცვ--ათ,n
b698148e-80e3-41b5-8190-8491608561b4,opt,2p,ჩა--იცვ--ათ,n
b698148e-80e3-41b5-8190-8491608561b4,opt,3p,ჩა--იცვ--ან,n
f1fa6c29-acd4-417f-9940-30dab27ac5d5,pres,1s,-ვ-კითხ-ულობ-,n
f1fa6c29-acd4-417f-9940-30dab27ac5d5,pres,2s,--კითხ-ულობ-,n
f1fa6c29-acd4-417f-9940-30dab27ac5d5,pres,3s,--კითხ-ულობ-ს,n
f1fa6c29-acd4-417f-9940-30dab27ac5d5,pres,1p,-ვ-კითხ-ულობ-თ,n
f1fa6c29-acd4-417f-9940-30dab27ac5d5,pres,2p,--კითხ-ულობ-თ,n
f1fa6c29-acd4-417f-9940-30dab27ac5d5,pres,3p,--კითხ-ულობ-ენ,n
f1fa6c29-acd4-417f-9940-30dab27ac5d5,pres-subj,1s,-ვ-კითხ-ულობ-დე,n
f1fa6c29-acd4-417f-9940-30dab27ac5d5,pres-subj,2s,--კითხ-ულობ-დე,n
f1fa6c29-acd4-417f-9940-30dab27ac5d5,pres-subj,3s,--კითხ-ულობ-დეს,n
f1fa6c29-acd4-417f-9940-30dab27ac5d5,pres-subj,1p,-ვ-კითხ-ულობ-დეთ,n
f1fa6c29-acd4-417f-9940-30dab27ac5d5,pres-subj,2p,--კითხ-ულობ-დეთ,n
f1fa6c29-acd4-417f-9940-30dab27ac5d5,pres-subj,3p,--კითხ-ულობ-დნენ,n
f1fa6c29-acd4-417f-9940-30dab27ac5d5,fut,1s,წა-ვ-იკითხ-ავ-,n
f1fa6c29-acd4-417f-9940-30dab27ac5d5,fut,2s,წა--იკითხ-ავ-,n
f1fa6c29-acd4-417f-9940-30dab27ac5d5,fut,3s,წა--იკითხ-ავ-ს,n
f1fa6c29-acd4-417f-9940-30dab27ac5d5,fut,1p,წა-ვ-იკითხ-ავ-თ,n
f1fa6c29-acd4-417f-9940-30dab27ac5d5,fut,2p,წა--იკითხ-ავ-თ,n
f1fa6c29-acd4-417f-9940-30dab27ac5d5,fut,3p,წა--იკითხ-ავ-ენ,n
f1fa6c29-acd4-417f-9940-30dab27ac5d5,aor,1s,წა-ვ-იკითხ--ე,n
f1fa6c29-acd4-417f-9940-30dab27ac5d5,aor,2s,წა--იკითხ--ე,n
f1fa6c29-acd4-417f-9940-30dab27ac5d5,aor,3s,წა--იკითხ--ა,n
f1fa6c29-acd4-417f-9940-30dab27ac5d5,aor,1p,წა-ვ-იკითხ--ეთ,n
f1fa6c29-acd4-417f-9940-30dab27ac5d5,aor,2p,წა--იკითხ--ეთ,n
f1fa6c29-acd4-417f-9940-30dab27ac5d5,aor,3p,წა--იკითხ--ეს,n
f1fa6c29-acd4-417f-9940-30dab27ac5d5,opt,1s,წა-ვ-იკითხ--ო,n
f1fa6c29-acd4-417f-9940-30dab27ac5d5,opt,2s,წა--იკითხ--ო,n
f1fa6c29-acd4-417f-9940-30dab27ac5d5,opt,3s,წა--იკითხ--ოს,n
f1fa6c29-acd4-417f-9940-30dab27ac5d5,opt,1p,წა-ვ-იკითხ--ოთ,n
f1fa6c29-acd4-417f-9940-30dab27ac5d5,opt,2p,წა--იკითხ--ოთ,n
f1fa6c29-acd4-417f-9940-30dab27ac5d5,opt,3p,წა--იკითხ--ონ,n
ac3e1c50-5b85-4d5f-8fc6-20c00933e48a,pres,1s,-ვ-ამზად-ებ-,n
ac3e1c50-5b85-4d5f-8fc6-20c00933e48a,pres,2s,--ამზად-ებ-,n
ac3e1c50-5b85-4d5f-8fc6-20c00933e48a,pres,3s,--ამზად-ებ-ს,n
ac3e1c50-5b85-4d5f-8fc6-20c00933e48a,pres,1p,-ვ-ამზად-ებ-თ,n
ac3e1c50-5b85-4d5f-8fc6-20c00933e48a,pres,2p,--ამზად-ებ-თ,n
ac3e1c50-5b85-4d5f-8fc6-20c00933e48a,pres,3p,--ამზად-ებ-ენ,n
ac3e1c50-5b85-4d5f-8fc6-20c00933e48a,imp,1s,-ვ-ამზად-ებ-დი,n
ac3e1c50-5b85-4d5f-8fc6-20c00933e48a,imp,2s,--ამზად-ებ-დი,n
ac3e1c50-5b85-4d5f-8fc6-20c00933e48a,imp,3s,--ამზად-ებ-და,n
ac3e1c50-5b85-4d5f-8fc6-20c00933e48a,imp,1p,-ვ-ამზად-ებ-დით,n
ac3e1c50-5b85-4d5f-8fc6-20c00933e48a,imp,2p,--ამზად-ებ-დით,n
ac3e1c50-5b85-4d5f-8fc6-20c00933e48a,imp,3p,--ამზად-ებ-დნენ,n
ac3e1c50-5b85-4d5f-8fc6-20c00933e48a,pres-subj,1s,-ვ-ამზად-ებ-დე,n
ac3e1c50-5b85-4d5f-8fc6-20c00933e48a,pres-subj,2s,--ამზად-ებ-დე,n
ac3e1c50-5b85-4d5f-8fc6-20c00933e48a,pres-subj,3s,--ამზად-ებ-დეს,n
ac3e1c50-5b85-4d5f-8fc6-20c00933e48a,pres-subj,1p,-ვ-ამზად-ებ-დეთ,n
ac3e1c50-5b85-4d5f-8fc6-20c00933e48a,pres-subj,2p,--ამზად-ებ-დეთ,n
ac3e1c50-5b85-4d5f-8fc6-20c00933e48a,pres-subj,3p,--ამზად-ებ-დნენ,n
ac3e1c50-5b85-4d5f-8fc6-20c00933e48a,fut,1s,მო-ვ-ამზად-ებ-,n
ac3e1c50-5b85-4d5f-8fc6-20c00933e48a,fut,2s,მო--ამზად-ებ-,n
ac3e1c50-5b85-4d5f-8fc6-20c00933e48a,fut,3s,მო--ამზად-ებ-ს,n
ac3e1c50-5b85-4d5f-8fc6-20c00933e48a,fut,1p,მო-ვ-ამზად-ებ-თ,n
ac3e1c50-5b85-4d5f-8fc6-20c00933e48a,fut,2p,მო--ამზად-ებ-თ,n
ac3e1c50-5b85-4d5f-8fc6-20c00933e48a,fut,3p,მო--ამზად-ებ-ენ,n
ac3e1c50-5b85-4d5f-8fc6-20c00933e48a,cond,1s,მო-ვ-ამზად-ებ-დი,n
ac3e1c50-5b85-4d5f-8fc6-20c00933e48a,cond,2s,მო--ამზად-ებ-დი,n
ac3e1c50-5b85-4d5f-8fc6-20c00933e48a,cond,3s,მო--ამზად-ებ-და,n
ac3e1c50-5b85-4d5f-8fc6-20c00933e48a,cond,1p,მო-ვ-ამზად-ებ-დით,n
ac3e1c50-5b85-4d5f-8fc6-20c00933e48a,cond,2p,მო--ამზად-ებ-დით,n
ac3e1c50-5b85-4d5f-8fc6-20c00933e48a,cond,3p,მო--ამზად-ებ-დნენ,n
ac3e1c50-5b85-4d5f-8fc6-20c00933e48a,aor,1s,მო-ვ-ამზად--ე,n
ac3e1c50-5b85-4d5f-8fc6-20c00933e48a,aor,2s,მო--ამზად--ე,n
ac3e1c50-5b85-4d5f-8fc6-20c00933e48a,aor,3s,მო--ამზად--ა,n
ac3e1c50-5b85-4d5f-8fc6-20c00933e48a,aor,1p,მო-ვ-ამზად--ეთ,n
ac3e1c50-5b85-4d5f-8fc6-20c00933e48a,aor,2p,მო--ამზად--ეთ,n
ac3e1c50-5b85-4d5f-8fc6-20c00933e48a,aor,3p,მო--ამზად--ეს,n
ac3e1c50-5b85-4d5f-8fc6-20c00933e48a,opt,1s,მო-ვ-ამზად--,n
ac3e1c50-5b85-4d5f-8fc6-20c00933e48a,opt,2s,მო--ამზად--,n
ac3e1c50-5b85-4d5f-8fc6-20c00933e48a,opt,3s,მო--ამზად--ოს,n
ac3e1c50-5b85-4d5f-8fc6-20c00933e48a,opt,1p,მო-ვ-ამზად--ოთ,n
ac3e1c50-5b85-4d5f-8fc6-20c00933e48a,opt,2p,მო--ამზად--ოთ,n
ac3e1c50-5b85-4d5f-8fc6-20c00933e48a,opt,3p,მო--ამზად--ონ,n
091160c7-5e02-4ad3-8a6c-5234efd2af19,pres,1s,-ვ-აცნობიერ-ებ-,n
091160c7-5e02-4ad3-8a6c-5234efd2af19,pres,2s,--აცნობიერ-ებ-,n
091160c7-5e02-4ad3-8a6c-5234efd2af19,pres,3s,--აცნობიერ-ებ-ს,n
091160c7-5e02-4ad3-8a6c-5234efd2af19,pres,1p,-ვ-აცნობიერ-ებ-თ,n
091160c7-5e02-4ad3-8a6c-5234efd2af19,pres,2p,--აცნობიერ-ებ-თ,n
091160c7-5e02-4ad3-8a6c-5234efd2af19,pres,3p,--აცნობიერ-ებ-ენ,n
091160c7-5e02-4ad3-8a6c-5234efd2af19,imp,1s,-ვ-აცნობიერ-ებ-დი,n
091160c7-5e02-4ad3-8a6c-5234efd2af19,imp,2s,--აცნობიერ-ებ-დი,n
091160c7-5e02-4ad3-8a6c-5234efd2af19,imp,3s,--აცნობიერ-ებ-და,n
091160c7-5e02-4ad3-8a6c-5234efd2af19,imp,1p,-ვ-აცნობიერ-ებ-დით,n
091160c7-5e02-4ad3-8a6c-5234efd2af19,imp,2p,--აცნობიერ-ებ-დით,n
091160c7-5e02-4ad3-8a6c-5234efd2af19,imp,3p,--აცნობიერ-ებ-დნენ,n
091160c7-5e02-4ad3-8a6c-5234efd2af19,pres-subj,1s,-ვ-აცნობიერ-ებ-დე,n
091160c7-5e02-4ad3-8a6c-5234efd2af19,pres-subj,2s,--აცნობიერ-ებ-დე,n
091160c7-5e02-4ad3-8a6c-5234efd2af19,pres-subj,3s,--აცნობიერ-ებ-დეს,n
091160c7-5e02-4ad3-8a6c-5234efd2af19,pres-subj,1p,-ვ-აცნობიერ-ებ-დეთ,n
091160c7-5e02-4ad3-8a6c-5234efd2af19,pres-subj,2p,--აცნობიერ-ებ-დეთ,n
091160c7-5e02-4ad3-8a6c-5234efd2af19,pres-subj,3p,--აცნობიერ-ებ-დნენ,n
091160c7-5e02-4ad3-8a6c-5234efd2af19,fut,1s,გა-ვ-აცნობიერ-ებ-,n
091160c7-5e02-4ad3-8a6c-5234efd2af19,fut,2s,გა--აცნობიერ-ებ-,n
091160c7-5e02-4ad3-8a6c-5234efd2af19,fut,3s,გა--აცნობიერ-ებ-ს,n
091160c7-5e02-4ad3-8a6c-5234efd2af19,fut,1p,გა-ვ-აცნობიერ-ებ-თ,n
091160c7-5e02-4ad3-8a6c-5234efd2af19,fut,2p,გა--აცნობიერ-ებ-თ,n
091160c7-5e02-4ad3-8a6c-5234efd2af19,fut,3p,გა--აცნობიერ-ებ-ენ,n
091160c7-5e02-4ad3-8a6c-5234efd2af19,cond,1s,გა-ვ-აცნობიერ-ებ-დი,n
091160c7-5e02-4ad3-8a6c-5234efd2af19,cond,2s,გა--აცნობიერ-ებ-დი,n
091160c7-5e02-4ad3-8a6c-5234efd2af19,cond,3s,გა--აცნობიერ-ებ-და,n
091160c7-5e02-4ad3-8a6c-5234efd2af19,cond,1p,გა-ვ-აცნობიერ-ებ-დით,n
091160c7-5e02-4ad3-8a6c-5234efd2af19,cond,2p,გა--აცნობიერ-ებ-დით,n
091160c7-5e02-4ad3-8a6c-5234efd2af19,cond,3p,გა--აცნობიერ-ებ-დნენ,n
091160c7-5e02-4ad3-8a6c-5234efd2af19,aor,1s,გა-ვ-აცნობიერ--ე,n
091160c7-5e02-4ad3-8a6c-5234efd2af19,aor,2s,გა--აცნობიერ--ე,n
091160c7-5e02-4ad3-8a6c-5234efd2af19,aor,3s,გა--აცნობიერ--ა,n
091160c7-5e02-4ad3-8a6c-5234efd2af19,aor,1p,გა-ვ-აცნობიერ--ეთ,n
091160c7-5e02-4ad3-8a6c-5234efd2af19,aor,2p,გა--აცნობიერ--ეთ,n
091160c7-5e02-4ad3-8a6c-5234efd2af19,aor,3p,გა--აცნობიერ--ეს,n
091160c7-5e02-4ad3-8a6c-5234efd2af19,opt,1s,გა-ვ-აცნობიერ--,n
091160c7-5e02-4ad3-8a6c-5234efd2af19,opt,2s,გა--აცნობიერ--,n
091160c7-5e02-4ad3-8a6c-5234efd2af19,opt,3s,გა--აცნობიერ--ოს,n
091160c7-5e02-4ad3-8a6c-5234efd2af19,opt,1p,გა-ვ-აცნობიერ--ოთ,n
091160c7-5e02-4ad3-8a6c-5234efd2af19,opt,2p,გა--აცნობიერ--ოთ,n
091160c7-5e02-4ad3-8a6c-5234efd2af19,opt,3p,გა--აცნობიერ--ონ,n
dcf5a129-0efb-4bf0-a088-989b25f22b37,pres,1s,-ვ-ურჩ-ევ-,n
dcf5a129-0efb-4bf0-a088-989b25f22b37,pres,2s,--ურჩ-ევ-,n
dcf5a129-0efb-4bf0-a088-989b25f22b37,pres,3s,--ურჩ-ევ-ს,n
dcf5a129-0efb-4bf0-a088-989b25f22b37,pres,1p,-ვ-ურჩ-ევ-თ,n
dcf5a129-0efb-4bf0-a088-989b25f22b37,pres,2p,--ურჩ-ევ-თ,n
dcf5a129-0efb-4bf0-a088-989b25f22b37,pres,3p,--ურჩ-ევ-ენ,n
dcf5a129-0efb-4bf0-a088-989b25f22b37,imp,1s,-ვ-ურჩ-ევ-დი,n
dcf5a129-0efb-4bf0-a088-989b25f22b37,imp,2s,--ურჩ-ევ-დი,n
dcf5a129-0efb-4bf0-a088-989b25f22b37,imp,3s,--ურჩ-ევ-და,n
dcf5a129-0efb-4bf0-a088-989b25f22b37,imp,1p,-ვ-ურჩ-ევ-დით,n
dcf5a129-0efb-4bf0-a088-989b25f22b37,imp,2p,--ურჩ-ევ-დით,n
dcf5a129-0efb-4bf0-a088-989b25f22b37,imp,3p,--ურჩ-ევ-დნენ,n
dcf5a129-0efb-4bf0-a088-989b25f22b37,pres-subj,1s,-ვ-ურჩ-ევ-დე,n
dcf5a129-0efb-4bf0-a088-989b25f22b37,pres-subj,2s,--ურჩ-ევ-დე,n
dcf5a129-0efb-4bf0-a088-989b25f22b37,pres-subj,3s,--ურჩ-ევ-დეს,n
dcf5a129-0efb-4bf0-a088-989b25f22b37,pres-subj,1p,-ვ-ურჩ-ევ-დეთ,n
dcf5a129-0efb-4bf0-a088-989b25f22b37,pres-subj,2p,--ურჩ-ევ-დეთ,n
dcf5a129-0efb-4bf0-a088-989b25f22b37,pres-subj,3p,--ურჩ-ევ-დნენ,n
dcf5a129-0efb-4bf0-a088-989b25f22b37,fut,1s,-ვ-ურჩ-ევ-,n
dcf5a129-0efb-4bf0-a088-989b25f22b37,fut,2s,--ურჩ-ევ-,n
dcf5a129-0efb-4bf0-a088-989b25f22b37,fut,3s,--ურჩ-ევ-ს,n
dcf5a129-0efb-4bf0-a088-989b25f22b37,fut,1p,-ვ-ურჩ-ევ-თ,n
dcf5a129-0efb-4bf0-a088-989b25f22b37,fut,2p,--ურჩ-ევ-თ,n
dcf5a129-0efb-4bf0-a088-989b25f22b37,fut,3p,--ურჩ-ევ-ენ,n
dcf5a129-0efb-4bf0-a088-989b25f22b37,cond,1s,-ვ-ურჩ-ევ-დი,n
dcf5a129-0efb-4bf0-a088-989b25f22b37,cond,2s,--ურჩ-ევ-დი,n
dcf5a129-0efb-4bf0-a088-989b25f22b37,cond,3s,--ურჩ-ევ-და,n
dcf5a129-0efb-4bf0-a088-989b25f22b37,cond,1p,-ვ-ურჩ-ევ-დით,n
dcf5a129-0efb-4bf0-a088-989b25f22b37,cond,2p,--ურჩ-ევ-დით,n
dcf5a129-0efb-4bf0-a088-989b25f22b37,cond,3p,--ურჩ-ევ-დნენ,n
dcf5a129-0efb-4bf0-a088-989b25f22b37,aor,1s,-ვ-ურჩ-ევ-დი,n
dcf5a129-0efb-4bf0-a088-989b25f22b37,aor,2s,--ურჩ-ევ-დი,n
dcf5a129-0efb-4bf0-a088-989b25f22b37,aor,3s,--ურჩ-ევ-და,n
dcf5a129-0efb-4bf0-a088-989b25f22b37,aor,1p,-ვ-ურჩ-ევ-დით,n
dcf5a129-0efb-4bf0-a088-989b25f22b37,aor,2p,--ურჩ-ევ-დით,n
dcf5a129-0efb-4bf0-a088-989b25f22b37,aor,3p,--ურჩ-ევ-დნენ,n
dcf5a129-0efb-4bf0-a088-989b25f22b37,opt,1s,-ვ-ურჩ-ევ-,n
dcf5a129-0efb-4bf0-a088-989b25f22b37,opt,2s,--ურჩ-ევ-,n
dcf5a129-0efb-4bf0-a088-989b25f22b37,opt,3s,--ურჩ-ევ-ოს,n
dcf5a129-0efb-4bf0-a088-989b25f22b37,opt,1p,-ვ-ურჩ-ევ-ოთ,n
dcf5a129-0efb-4bf0-a088-989b25f22b37,opt,2p,--ურჩ-ევ-ოთ,n
dcf5a129-0efb-4bf0-a088-989b25f22b37,opt,3p,--ურჩ-ევ-ონ,n
97877ca8-c5e2-42dd-969b-4f40cf18d3ca,pres,1s,-ვ-აკლ-ებ-,n
97877ca8-c5e2-42dd-969b-4f40cf18d3ca,pres,2s,--აკლ-ებ-,n
97877ca8-c5e2-42dd-969b-4f40cf18d3ca,pres,3s,--აკლ-ებ-ს,n
97877ca8-c5e2-42dd-969b-4f40cf18d3ca,pres,1p,-ვ-აკლ-ებ-თ,n
97877ca8-c5e2-42dd-969b-4f40cf18d3ca,pres,2p,--აკლ-ებ-თ,n
97877ca8-c5e2-42dd-969b-4f40cf18d3ca,pres,3p,--აკლ-ებ-ენ,n
97877ca8-c5e2-42dd-969b-4f40cf18d3ca,imp,1s,-ვ-აკლ-ებ-დი,n
97877ca8-c5e2-42dd-969b-4f40cf18d3ca,imp,2s,--აკლ-ებ-დი,n
97877ca8-c5e2-42dd-969b-4f40cf18d3ca,imp,3s,--აკლ-ებ-და,n
97877ca8-c5e2-42dd-969b-4f40cf18d3ca,imp,1p,-ვ-აკლ-ებ-დით,n
97877ca8-c5e2-42dd-969b-4f40cf18d3ca,imp,2p,--აკლ-ებ-დით,n
97877ca8-c5e2-42dd-969b-4f40cf18d3ca,imp,3p,--აკლ-ებ-დნენ,n
97877ca8-c5e2-42dd-969b-4f40cf18d3ca,pres-subj,1s,-ვ-აკლ-ებ-დე,n
97877ca8-c5e2-42dd-969b-4f40cf18d3ca,pres-subj,2s,--აკლ-ებ-დე,n
97877ca8-c5e2-42dd-969b-4f40cf18d3ca,pres-subj,3s,--აკლ-ებ-დეს,n
97877ca8-c5e2-42dd-969b-4f40cf18d3ca,pres-subj,1p,-ვ-აკლ-ებ-დეთ,n
97877ca8-c5e2-42dd-969b-4f40cf18d3ca,pres-subj,2p,--აკლ-ებ-დეთ,n
97877ca8-c5e2-42dd-969b-4f40cf18d3ca,pres-subj,3p,--აკლ-ებ-დნენ,n
97877ca8-c5e2-42dd-969b-4f40cf18d3ca,fut,1s,და-ვ-აკლ-ებ-,n
97877ca8-c5e2-42dd-969b-4f40cf18d3ca,fut,2s,და--აკლ-ებ-,n
97877ca8-c5e2-42dd-969b-4f40cf18d3ca,fut,3s,და--აკლ-ებ-ს,n
97877ca8-c5e2-42dd-969b-4f40cf18d3ca,fut,1p,და-ვ-აკლ-ებ-თ,n
97877ca8-c5e2-42dd-969b-4f40cf18d3ca,fut,2p,და--აკლ-ებ-თ,n
97877ca8-c5e2-42dd-969b-4f40cf18d3ca,fut,3p,და--აკლ-ებ-ენ,n
97877ca8-c5e2-42dd-969b-4f40cf18d3ca,cond,1s,და-ვ-აკლ-ებ-დი,n
97877ca8-c5e2-42dd-969b-4f40cf18d3ca,cond,2s,და--აკლ-ებ-დი,n
97877ca8-c5e2-42dd-969b-4f40cf18d3ca,cond,3s,და--აკლ-ებ-და,n
97877ca8-c5e2-42dd-969b-4f40cf18d3ca,cond,1p,და-ვ-აკლ-ებ-დით,n
97877ca8-c5e2-42dd-969b-4f40cf18d3ca,cond,2p,და--აკლ-ებ-დით,n
97877ca8-c5e2-42dd-969b-4f40cf18d3ca,cond,3p,და--აკლ-ებ-დნენ,n
97877ca8-c5e2-42dd-969b-4f40cf18d3ca,aor,1s,და-ვ-აკელ--ი,n
97877ca8-c5e2-42dd-969b-4f40cf18d3ca,aor,2s,და--აკელ--ი,n
97877ca8-c5e2-42dd-969b-4f40cf18d3ca,aor,3s,და--აკლ--ო,n
97877ca8-c5e2-42dd-969b-4f40cf18d3ca,aor,1p,და-ვ-აკელ--ით,n
97877ca8-c5e2-42dd-969b-4f40cf18d3ca,aor,2p,და--აკელ--ით,n
97877ca8-c5e2-42dd-969b-4f40cf18d3ca,aor,3p,და--აკლ--ეს,n
97877ca8-c5e2-42dd-969b-4f40cf18d3ca,opt,1s,და-ვ-აკელ--,n
97877ca8-c5e2-42dd-969b-4f40cf18d3ca,opt,2s,და--აკელ--,n
97877ca8-c5e2-42dd-969b-4f40cf18d3ca,opt,3s,და--აკლ--ოს,n
97877ca8-c5e2-42dd-969b-4f40cf18d3ca,opt,1p,და-ვ-აკელ--ოთ,n
97877ca8-c5e2-42dd-969b-4f40cf18d3ca,opt,2p,და--აკელ--ოთ,n
97877ca8-c5e2-42dd-969b-4f40cf18d3ca,opt,3p,და--აკლ--ონ,n
acc0bb0b-95fe-4658-9514-f12513b26e4e,pres,1s,-ვ-ანახლ-ებ-,n
acc0bb0b-95fe-4658-9514-f12513b26e4e,pres,2s,--ანახლ-ებ-,n
acc0bb0b-95fe-4658-9514-f12513b26e4e,pres,3s,--ანახლ-ებ-ს,n
acc0bb0b-95fe-4658-9514-f12513b26e4e,pres,1p,-ვ-ანახლ-ებ-თ,n
acc0bb0b-95fe-4658-9514-f12513b26e4e,pres,2p,--ანახლ-ებ-თ,n
acc0bb0b-95fe-4658-9514-f12513b26e4e,pres,3p,--ანახლ-ებ-ენ,n
acc0bb0b-95fe-4658-9514-f12513b26e4e,imp,1s,-ვ-ანახლ-ებ-დი,n
acc0bb0b-95fe-4658-9514-f12513b26e4e,imp,2s,--ანახლ-ებ-დი,n
acc0bb0b-95fe-4658-9514-f12513b26e4e,imp,3s,--ანახლ-ებ-და,n
acc0bb0b-95fe-4658-9514-f12513b26e4e,imp,1p,-ვ-ანახლ-ებ-დით,n
acc0bb0b-95fe-4658-9514-f12513b26e4e,imp,2p,--ანახლ-ებ-დით,n
acc0bb0b-95fe-4658-9514-f12513b26e4e,imp,3p,--ანახლ-ებ-დნენ,n
acc0bb0b-95fe-4658-9514-f12513b26e4e,pres-subj,1s,-ვ-ანახლ-ებ-დე,n
acc0bb0b-95fe-4658-9514-f12513b26e4e,pres-subj,2s,--ანახლ-ებ-დე,n
acc0bb0b-95fe-4658-9514-f12513b26e4e,pres-subj,3s,--ანახლ-ებ-დეს,n
acc0bb0b-95fe-4658-9514-f12513b26e4e,pres-subj,1p,-ვ-ანახლ-ებ-დეთ,n
acc0bb0b-95fe-4658-9514-f12513b26e4e,pres-subj,2p,--ანახლ-ებ-დეთ,n
acc0bb0b-95fe-4658-9514-f12513b26e4e,pres-subj,3p,--ანახლ-ებ-დნენ,n
acc0bb0b-95fe-4658-9514-f12513b26e4e,fut,1s,გა-ვ-ანახლ-ებ-,n
acc0bb0b-95fe-4658-9514-f12513b26e4e,fut,2s,გა--ანახლ-ებ-,n
acc0bb0b-95fe-4658-9514-f12513b26e4e,fut,3s,გა--ანახლ-ებ-ს,n
acc0bb0b-95fe-4658-9514-f12513b26e4e,fut,1p,გა-ვ-ანახლ-ებ-თ,n
acc0bb0b-95fe-4658-9514-f12513b26e4e,fut,2p,გა--ანახლ-ებ-თ,n
acc0bb0b-95fe-4658-9514-f12513b26e4e,fut,3p,გა--ანახლ-ებ-ენ,n
acc0bb0b-95fe-4658-9514-f12513b26e4e,cond,1s,გა-ვ-ანახლ-ებ-დი,n
acc0bb0b-95fe-4658-9514-f12513b26e4e,cond,2s,გა--ანახლ-ებ-დი,n
acc0bb0b-95fe-4658-9514-f12513b26e4e,cond,3s,გა--ანახლ-ებ-და,n
acc0bb0b-95fe-4658-9514-f12513b26e4e,cond,1p,გა-ვ-ანახლ-ებ-დით,n
acc0bb0b-95fe-4658-9514-f12513b26e4e,cond,2p,გა--ანახლ-ებ-დით,n
acc0bb0b-95fe-4658-9514-f12513b26e4e,cond,3p,გა--ანახლ-ებ-დნენ,n
acc0bb0b-95fe-4658-9514-f12513b26e4e,aor,1s,გან-ვ-აახლ--ე,n
acc0bb0b-95fe-4658-9514-f12513b26e4e,aor,2s,გან--აახლ--ე,n
acc0bb0b-95fe-4658-9514-f12513b26e4e,aor,3s,გან--აახლ--ა,n
acc0bb0b-95fe-4658-9514-f12513b26e4e,aor,1p,გან-ვ-აახლ--ეთ,n
acc0bb0b-95fe-4658-9514-f12513b26e4e,aor,2p,გან--აახლ--ეთ,n
acc0bb0b-95fe-4658-9514-f12513b26e4e,aor,3p,გან--აახლ--ეს,n
acc0bb0b-95fe-4658-9514-f12513b26e4e,opt,1s,გან-ვ-აახლ--,n
acc0bb0b-95fe-4658-9514-f12513b26e4e,opt,2s,გან--აახლ--,n
acc0bb0b-95fe-4658-9514-f12513b26e4e,opt,3s,გან--აახლ--ოს,n
acc0bb0b-95fe-4658-9514-f12513b26e4e,opt,1p,გან-ვ-აახლ--ოთ,n
acc0bb0b-95fe-4658-9514-f12513b26e4e,opt,2p,გან--აახლ--ოთ,n
acc0bb0b-95fe-4658-9514-f12513b26e4e,opt,3p,გან--აახლ--ონ,n
d428d038-3c67-4a62-aea9-b88e46f1a8c8,pres,1s,-ვ-ეუბნ-ებ-ი,n
d428d038-3c67-4a62-aea9-b88e46f1a8c8,pres,2s,--ეუბნ-ებ-ი,n
d428d038-3c67-4a62-aea9-b88e46f1a8c8,pres,3s,--ეუბნ-ებ-ა,n
d428d038-3c67-4a62-aea9-b88e46f1a8c8,pres,1p,-ვ-ეუბნ-ებ-ით,n
d428d038-3c67-4a62-aea9-b88e46f1a8c8,pres,2p,--ეუბნ-ებ-ით,n
d428d038-3c67-4a62-aea9-b88e46f1a8c8,pres,3p,--ეუბნ-ებ-იან,n
d428d038-3c67-4a62-aea9-b88e46f1a8c8,imp,1s,-ვ-ეუბნ-ებ-ოდი,n
d428d038-3c67-4a62-aea9-b88e46f1a8c8,imp,2s,--ეუბნ-ებ-ოდი,n
d428d038-3c67-4a62-aea9-b88e46f1a8c8,imp,3s,--ეუბნ-ებ-ოდა,n
d428d038-3c67-4a62-aea9-b88e46f1a8c8,imp,1p,-ვ-ეუბნ-ებ-ოდით,n
d428d038-3c67-4a62-aea9-b88e46f1a8c8,imp,2p,--ეუბნ-ებ-ოდით,n
d428d038-3c67-4a62-aea9-b88e46f1a8c8,imp,3p,--ეუბნ-ებ-ოდნენ,n
d428d038-3c67-4a62-aea9-b88e46f1a8c8,pres-subj,1s,-ვ-ეუბნ-ებ-დე,n
d428d038-3c67-4a62-aea9-b88e46f1a8c8,pres-subj,2s,--ეუბნ-ებ-დე,n
d428d038-3c67-4a62-aea9-b88e46f1a8c8,pres-subj,3s,--ეუბნ-ებ-დეს,n
d428d038-3c67-4a62-aea9-b88e46f1a8c8,pres-subj,1p,-ვ-ეუბნ-ებ-დეთ,n
d428d038-3c67-4a62-aea9-b88e46f1a8c8,pres-subj,2p,--ეუბნ-ებ-დეთ,n
d428d038-3c67-4a62-aea9-b88e46f1a8c8,pres-subj,3p,--ეუბნ-ებ-დნენ,n
d428d038-3c67-4a62-aea9-b88e46f1a8c8,fut,1s,-ვ-ეტყვ-ი-,n
d428d038-3c67-4a62-aea9-b88e46f1a8c8,fut,2s,--ეტყვ-ი-,n
d428d038-3c67-4a62-aea9-b88e46f1a8c8,fut,3s,--ეტყვ-ი-ს,n
d428d038-3c67-4a62-aea9-b88e46f1a8c8,fut,1p,-ვ-ეტყვ-ი-თ,n
d428d038-3c67-4a62-aea9-b88e46f1a8c8,fut,2p,--ეტყვ-ი-თ,n
d428d038-3c67-4a62-aea9-b88e46f1a8c8,fut,3p,--ეტყვ-ი-ან,n
d428d038-3c67-4a62-aea9-b88e46f1a8c8,cond,1s,-ვ-ეტყვ-ი-ოდი,n
d428d038-3c67-4a62-aea9-b88e46f1a8c8,cond,2s,--ეტყვ-ი-ოდი,n
d428d038-3c67-4a62-aea9-b88e46f1a8c8,cond,3s,--ეტყვ-ი-ოდა,n
d428d038-3c67-4a62-aea9-b88e46f1a8c8,cond,1p,-ვ-ეტყვ-ი-ოდით,n
d428d038-3c67-4a62-aea9-b88e46f1a8c8,cond,2p,--ეტყვ-ი-ოდით,n
d428d038-3c67-4a62-aea9-b88e46f1a8c8,cond,3p,--ეტყვ-ი-ოდნენ,n
d428d038-3c67-4a62-aea9-b88e46f1a8c8,aor,1s,-ვ-უთხარ--ი,n
d428d038-3c67-4a62-aea9-b88e46f1a8c8,aor,2s,--უთხარ--ი,n
d428d038-3c67-4a62-aea9-b88e46f1a8c8,aor,3s,--უთხრ--ა,n
d428d038-3c67-4a62-aea9-b88e46f1a8c8,aor,1p,-ვ-უთხარ--ით,n
d428d038-3c67-4a62-aea9-b88e46f1a8c8,aor,2p,--უთხარ--ით,n
d428d038-3c67-4a62-aea9-b88e46f1a8c8,aor,3p,--უთხრ--ეს,n
d428d038-3c67-4a62-aea9-b88e46f1a8c8,opt,1s,-ვ-უთხარ--,n
d428d038-3c67-4a62-aea9-b88e46f1a8c8,opt,2s,--უთხარ--,n
d428d038-3c67-4a62-aea9-b88e46f1a8c8,opt,3s,--უთხრ--ოს,n
d428d038-3c67-4a62-aea9-b88e46f1a8c8,opt,1p,-ვ-უთხარ--ოთ,n
d428d038-3c67-4a62-aea9-b88e46f1a8c8,opt,2p,--უთხარ--ოთ,n
d428d038-3c67-4a62-aea9-b88e46f1a8c8,opt,3p,--უთხრ--ონ,n
913e5b70-9df0-486c-b68a-6f8a7c5e0cd2,pres,1s,ვ--ნან-ობ-,y
913e5b70-9df0-486c-b68a-6f8a7c5e0cd2,pres,2s,--ნან-ობ-,y
913e5b70-9df0-486c-b68a-6f8a7c5e0cd2,pres,3s,--ნან-ობ-ს,y
913e5b70-9df0-486c-b68a-6f8a7c5e0cd2,pres,1p,ვ--ნან-ობ-თ,y
913e5b70-9df0-486c-b68a-6f8a7c5e0cd2,pres,2p,--ნან-ობ-თ,y
913e5b70-9df0-486c-b68a-6f8a7c5e0cd2,pres,3p,--ნან-ობ-ენ,y
913e5b70-9df0-486c-b68a-6f8a7c5e0cd2,imp,1s,ვ--ნან-ობ-დი,y
913e5b70-9df0-486c-b68a-6f8a7c5e0cd2,imp,2s,--ნან-ობ-დი,y
913e5b70-9df0-486c-b68a-6f8a7c5e0cd2,imp,3s,--ნან-ობ-და,y
913e5b70-9df0-486c-b68a-6f8a7c5e0cd2,imp,1p,ვ--ნან-ობ-დით,y
913e5b70-9df0-486c-b68a-6f8a7c5e0cd2,imp,2p,--ნან-ობ-დით,y
913e5b70-9df0-486c-b68a-6f8a7c5e0cd2,imp,3p,--ნან-ობ-დნენ,y
913e5b70-9df0-486c-b68a-6f8a7c5e0cd2,pres-subj,1s,ვ--ნან-ობ-დე,y
913e5b70-9df0-486c-b68a-6f8a7c5e0cd2,pres-subj,2s,--ნან-ობ-დე,y
913e5b70-9df0-486c-b68a-6f8a7c5e0cd2,pres-subj,3s,--ნან-ობ-დეს,y
913e5b70-9df0-486c-b68a-6f8a7c5e0cd2,pres-subj,1p,ვ--ნან-ობ-დეთ,y
913e5b70-9df0-486c-b68a-6f8a7c5e0cd2,pres-subj,2p,--ნან-ობ-დეთ,y
913e5b70-9df0-486c-b68a-6f8a7c5e0cd2,pres-subj,3p,--ნან-ობ-დნენ,y
913e5b70-9df0-486c-b68a-6f8a7c5e0cd2,fut,1s,ვ-ი-ნან-ებ-,y
913e5b70-9df0-486c-b68a-6f8a7c5e0cd2,fut,2s,-ი-ნან-ებ-,y
913e5b70-9df0-486c-b68a-6f8a7c5e0cd2,fut,3s,-ი-ნან-ებ-ს,y
913e5b70-9df0-486c-b68a-6f8a7c5e0cd2,fut,1p,ვ-ი-ნან-ებ-თ,y
913e5b70-9df0-486c-b68a-6f8a7c5e0cd2,fut,2p,-ი-ნან-ებ-თ,y
913e5b70-9df0-486c-b68a-6f8a7c5e0cd2,fut,3p,-ი-ნან-ებ-ენ,y
913e5b70-9df0-486c-b68a-6f8a7c5e0cd2,cond,1s,ვ-ი-ნან-ებ-დი,y
913e5b70-9df0-486c-b68a-6f8a7c5e0cd2,cond,2s,-ი-ნან-ებ-დი,y
913e5b70-9df0-486c-b68a-6f8a7c5e0cd2,cond,3s,-ი-ნან-ებ-და,y
913e5b70-9df0-486c-b68a-6f8a7c5e0cd2,cond,1p,ვ-ი-ნან-ებ-დით,y
913e5b70-9df0-486c-b68a-6f8a7c5e0cd2,cond,2p,-ი-ნან-ებ-დით,y
913e5b70-9df0-486c-b68a-6f8a7c5e0cd2,cond,3p,-ი-ნან-ებ-დნენ,y
913e5b70-9df0-486c-b68a-6f8a7c5e0cd2,aor,1s,ვ-ი-ნან--ე,y
913e5b70-9df0-486c-b68a-6f8a7c5e0cd2,aor,2s,-ი-ნან--ე,y
913e5b70-9df0-486c-b68a-6f8a7c5e0cd2,aor,3s,-ი-ნან--ა,y
913e5b70-9df0-486c-b68a-6f8a7c5e0cd2,aor,1p,ვ-ი-ნან--ეთ,y
913e5b70-9df0-486c-b68a-6f8a7c5e0cd2,aor,2p,-ი-ნან--ეთ,y
913e5b70-9df0-486c-b68a-6f8a7c5e0cd2,aor,3p,-ი-ნან--ეს,y
913e5b70-9df0-486c-b68a-6f8a7c5e0cd2,opt,1s,ვ-ი-ნან--,y
913e5b70-9df0-486c-b68a-6f8a7c5e0cd2,opt,2s,-ი-ნან--,y
913e5b70-9df0-486c-b68a-6f8a7c5e0cd2,opt,3s,-ი-ნან--ოს,y
913e5b70-9df0-486c-b68a-6f8a7c5e0cd2,opt,1p,ვ-ი-ნან--ოთ,y
913e5b70-9df0-486c-b68a-6f8a7c5e0cd2,opt,2p,-ი-ნან--ოთ,y
913e5b70-9df0-486c-b68a-6f8a7c5e0cd2,opt,3p,-ი-ნან--ონ,y
3bf69999-4b9a-4e84-8cfe-80b638e829c8,pres,1s,-ვ-ანაზღაურ-ებ-,n
3bf69999-4b9a-4e84-8cfe-80b638e829c8,pres,2s,--ანაზღაურ-ებ-,n
3bf69999-4b9a-4e84-8cfe-80b638e829c8,pres,3s,--ანაზღაურ-ებ-ს,n
3bf69999-4b9a-4e84-8cfe-80b638e829c8,pres,1p,-ვ-ანაზღაურ-ებ-თ,n
3bf69999-4b9a-4e84-8cfe-80b638e829c8,pres,2p,--ანაზღაურ-ებ-თ,n
3bf69999-4b9a-4e84-8cfe-80b638e829c8,pres,3p,--ანაზღაურ-ებ-ენ,n
3bf69999-4b9a-4e84-8cfe-80b638e829c8,imp,1s,-ვ-ანაზღაურ-ებ-დი,n
3bf69999-4b9a-4e84-8cfe-80b638e829c8,imp,2s,--ანაზღაურ-ებ-დი,n
3bf69999-4b9a-4e84-8cfe-80b638e829c8,imp,3s,--ანაზღაურ-ებ-და,n
3bf69999-4b9a-4e84-8cfe-80b638e829c8,imp,1p,-ვ-ანაზღაურ-ებ-დით,n
3bf69999-4b9a-4e84-8cfe-80b638e829c8,imp,2p,--ანაზღაურ-ებ-დით,n
3bf69999-4b9a-4e84-8cfe-80b638e829c8,imp,3p,--ანაზღაურ-ებ-დნენ,n
3bf69999-4b9a-4e84-8cfe-80b638e829c8,pres-subj,1s,-ვ-ანაზღაურ-ებ-დე,n
3bf69999-4b9a-4e84-8cfe-80b638e829c8,pres-subj,2s,--ანაზღაურ-ებ-დე,n
3bf69999-4b9a-4e84-8cfe-80b638e829c8,pres-subj,3s,--ანაზღაურ-ებ-დეს,n
3bf69999-4b9a-4e84-8cfe-80b638e829c8,pres-subj,1p,-ვ-ანაზღაურ-ებ-დეთ,n
3bf69999-4b9a-4e84-8cfe-80b638e829c8,pres-subj,2p,--ანაზღაურ-ებ-დეთ,n
3bf69999-4b9a-4e84-8cfe-80b638e829c8,pres-subj,3p,--ანაზღაურ-ებ-დნენ,n
3bf69999-4b9a-4e84-8cfe-80b638e829c8,fut,1s,ა-ვ-ანაზღაურ-ებ-,n
3bf69999-4b9a-4e84-8cfe-80b638e829c8,fut,2s,ა--ანაზღაურ-ებ-,n
3bf69999-4b9a-4e84-8cfe-80b638e829c8,fut,3s,ა--ანაზღაურ-ებ-ს,n
3bf69999-4b9a-4e84-8cfe-80b638e829c8,fut,1p,ა-ვ-ანაზღაურ-ებ-თ,n
3bf69999-4b9a-4e84-8cfe-80b638e829c8,fut,2p,ა--ანაზღაურ-ებ-თ,n
3bf69999-4b9a-4e84-8cfe-80b638e829c8,fut,3p,ა--ანაზღაურ-ებ-ენ,n
3bf69999-4b9a-4e84-8cfe-80b638e829c8,cond,1s,ა-ვ-ანაზღაურ-ებ-დი,n
3bf69999-4b9a-4e84-8cfe-80b638e829c8,cond,2s,ა--ანაზღაურ-ებ-დი,n
3bf69999-4b9a-4e84-8cfe-80b638e829c8,cond,3s,ა--ანაზღაურ-ებ-და,n
3bf69999-4b9a-4e84-8cfe-80b638e829c8,cond,1p,ა-ვ-ანაზღაურ-ებ-დით,n
3bf69999-4b9a-4e84-8cfe-80b638e829c8,cond,2p,ა--ანაზღაურ-ებ-დით,n
3bf69999-4b9a-4e84-8cfe-80b638e829c8,cond,3p,ა--ანაზღაურ-ებ-დნენ,n
3bf69999-4b9a-4e84-8cfe-80b638e829c8,aor,1s,ა-ვ-ანაზღაურ--ე,n
3bf69999-4b9a-4e84-8cfe-80b638e829c8,aor,2s,ა--ანაზღაურ--ე,n
3bf69999-4b9a-4e84-8cfe-80b638e829c8,aor,3s,ა--ანაზღაურ--ა,n
3bf69999-4b9a-4e84-8cfe-80b638e829c8,aor,1p,ა-ვ-ანაზღაურ--ეთ,n
3bf69999-4b9a-4e84-8cfe-80b638e829c8,aor,2p,ა--ანაზღაურ--ეთ,n
3bf69999-4b9a-4e84-8cfe-80b638e829c8,aor,3p,ა--ანაზღაურ--ეს,n
3bf69999-4b9a-4e84-8cfe-80b638e829c8,opt,1s,ა-ვ-ანაზღაურ--,n
3bf69999-4b9a-4e84-8cfe-80b638e829c8,opt,2s,ა--ანაზღაურ--,n
3bf69999-4b9a-4e84-8cfe-80b638e829c8,opt,3s,ა--ანაზღაურ--ოს,n
3bf69999-4b9a-4e84-8cfe-80b638e829c8,opt,1p,ა-ვ-ანაზღაურ--ოთ,n
3bf69999-4b9a-4e84-8cfe-80b638e829c8,opt,2p,ა--ანაზღაურ--ოთ,n
3bf69999-4b9a-4e84-8cfe-80b638e829c8,opt,3p,ა--ანაზღაურ--ონ,n
d7518bee-666c-438c-b5e5-87ad8c3bde91,pres,1s,-მ-ახს-ოვ-ს,n
d7518bee-666c-438c-b5e5-87ad8c3bde91,pres,2s,-გ-ახს-ოვ-ს,n
d7518bee-666c-438c-b5e5-87ad8c3bde91,pres,3s,--ახს-ოვ-ს,n
d7518bee-666c-438c-b5e5-87ad8c3bde91,pres,1p,-გვ-ახს-ოვ-ს,n
d7518bee-666c-438c-b5e5-87ad8c3bde91,pres,2p,-გ-ახს-ოვ-თ,n
d7518bee-666c-438c-b5e5-87ad8c3bde91,pres,3p,--ახს-ოვ-თ,n
d7518bee-666c-438c-b5e5-87ad8c3bde91,imp,1s,-მ-ახს-ოვ-და,n
d7518bee-666c-438c-b5e5-87ad8c3bde91,imp,2s,-გ-ახს-ოვ-და,n
d7518bee-666c-438c-b5e5-87ad8c3bde91,imp,3s,--ახს-ოვ-და,n
d7518bee-666c-438c-b5e5-87ad8c3bde91,imp,1p,-გვ-ახს-ოვ-და,n
d7518bee-666c-438c-b5e5-87ad8c3bde91,imp,2p,-გ-ახს-ოვ-დათ,n
d7518bee-666c-438c-b5e5-87ad8c3bde91,imp,3p,--ახს-ოვ-დათ,n
d7518bee-666c-438c-b5e5-87ad8c3bde91,pres-subj,1s,-მ-ახს-ოვ-დეს,n
d7518bee-666c-438c-b5e5-87ad8c3bde91,pres-subj,2s,-გ-ახს-ოვ-დეს,n
d7518bee-666c-438c-b5e5-87ad8c3bde91,pres-subj,3s,--ახს-ოვ-დეს,n
d7518bee-666c-438c-b5e5-87ad8c3bde91,pres-subj,1p,-გვ-ახს-ოვ-დეს,n
d7518bee-666c-438c-b5e5-87ad8c3bde91,pres-subj,2p,-გ-ახს-ოვ-დეთ,n
d7518bee-666c-438c-b5e5-87ad8c3bde91,pres-subj,3p,--ახს-ოვ-დეთ,n
d7518bee-666c-438c-b5e5-87ad8c3bde91,fut,1s,-მ-ეხსომ-ებ-ა,n
d7518bee-666c-438c-b5e5-87ad8c3bde91,fut,2s,-გ-ეხსომ-ებ-ა,n
d7518bee-666c-438c-b5e5-87ad8c3bde91,fut,3s,--ეხსომ-ებ-ა,n
d7518bee-666c-438c-b5e5-87ad8c3bde91,fut,1p,-გვ-ეხსომ-ებ-ა,n
d7518bee-666c-438c-b5e5-87ad8c3bde91,fut,2p,-გ-ეხსომ-ებ-ათ,n
d7518bee-666c-438c-b5e5-87ad8c3bde91,fut,3p,--ეხსომ-ებ-ათ,n
d7518bee-666c-438c-b5e5-87ad8c3bde91,cond,1s,-მ-ეხსომ-ებ-ოდა,n
d7518bee-666c-438c-b5e5-87ad8c3bde91,cond,2s,-გ-ეხსომ-ებ-ოდა,n
d7518bee-666c-438c-b5e5-87ad8c3bde91,cond,3s,--ეხსომ-ებ-ოდა,n
d7518bee-666c-438c-b5e5-87ad8c3bde91,cond,1p,-გვ-ეხსომ-ებ-ოდა,n
d7518bee-666c-438c-b5e5-87ad8c3bde91,cond,2p,-გ-ეხსომ-ებ-ოდათ,n
d7518bee-666c-438c-b5e5-87ad8c3bde91,cond,3p,--ეხსომ-ებ-ოდათ,n
d7518bee-666c-438c-b5e5-87ad8c3bde91,aor,1s,-მ-ახსოვდ--ა,n
d7518bee-666c-438c-b5e5-87ad8c3bde91,aor,2s,-გ-ახსოვდ--ა,n
d7518bee-666c-438c-b5e5-87ad8c3bde91,aor,3s,--ახსოვდ--ა,n
d7518bee-666c-438c-b5e5-87ad8c3bde91,aor,1p,-გვ-ახსოვდ--ა,n
d7518bee-666c-438c-b5e5-87ad8c3bde91,aor,2p,-გ-ახსოვდ--ათ,n
d7518bee-666c-438c-b5e5-87ad8c3bde91,aor,3p,--ახსოვდ--ათ,n
d7518bee-666c-438c-b5e5-87ad8c3bde91,opt,1s,-მ-ახსოვდ--ეს,n
d7518bee-666c-438c-b5e5-87ad8c3bde91,opt,2s,-გ-ახსოვდ--ეს,n
d7518bee-666c-438c-b5e5-87ad8c3bde91,opt,3s,--ახსოვდ--ეს,n
d7518bee-666c-438c-b5e5-87ad8c3bde91,opt,1p,-გვ-ახსოვდ--ეს,n
d7518bee-666c-438c-b5e5-87ad8c3bde91,opt,2p,-გ-ახსოვდ--ეთ,n
d7518bee-666c-438c-b5e5-87ad8c3bde91,opt,3p,--ახსოვდ--ეთ,n
22ee8130-4463-4724-beb4-a53d7b16d7bd,pres,1s,-ვ-იღ-ებ-,n
22ee8130-4463-4724-beb4-a53d7b16d7bd,pres,2s,--იღ-ებ-,n
22ee8130-4463-4724-beb4-a53d7b16d7bd,pres,3s,--იღ-ებ-ს,n
22ee8130-4463-4724-beb4-a53d7b16d7bd,pres,1p,-ვ-იღ-ებ-თ,n
22ee8130-4463-4724-beb4-a53d7b16d7bd,pres,2p,--იღ-ებ-თ,n
22ee8130-4463-4724-beb4-a53d7b16d7bd,pres,3p,--იღ-ებ-ენ,n
22ee8130-4463-4724-beb4-a53d7b16d7bd,imp,1s,-ვ-იღ-ებ-დი,n
22ee8130-4463-4724-beb4-a53d7b16d7bd,imp,2s,--იღ-ებ-დი,n
22ee8130-4463-4724-beb4-a53d7b16d7bd,imp,3s,--იღ-ებ-და,n
22ee8130-4463-4724-beb4-a53d7b16d7bd,imp,1p,-ვ-იღ-ებ-დით,n
22ee8130-4463-4724-beb4-a53d7b16d7bd,imp,2p,--იღ-ებ-დით,n
22ee8130-4463-4724-beb4-a53d7b16d7bd,imp,3p,--იღ-ებ-დნენ,n
22ee8130-4463-4724-beb4-a53d7b16d7bd,pres-subj,1s,-ვ-იღ-ებ-დე,n
22ee8130-4463-4724-beb4-a53d7b16d7bd,pres-subj,2s,--იღ-ებ-დე,n
22ee8130-4463-4724-beb4-a53d7b16d7bd,pres-subj,3s,--იღ-ებ-დეს,n
22ee8130-4463-4724-beb4-a53d7b16d7bd,pres-subj,1p,-ვ-იღ-ებ-დეთ,n
22ee8130-4463-4724-beb4-a53d7b16d7bd,pres-subj,2p,--იღ-ებ-დეთ,n
22ee8130-4463-4724-beb4-a53d7b16d7bd,pres-subj,3p,--იღ-ებ-დნენ,n
22ee8130-4463-4724-beb4-a53d7b16d7bd,fut,1s,ამო-ვ-იღ-ებ-,n
22ee8130-4463-4724-beb4-a53d7b16d7bd,fut,2s,ამო--იღ-ებ-,n
22ee8130-4463-4724-beb4-a53d7b16d7bd,fut,3s,ამო--იღ-ებ-ს,n
22ee8130-4463-4724-beb4-a53d7b16d7bd,fut,1p,ამო-ვ-იღ-ებ-თ,n
22ee8130-4463-4724-beb4-a53d7b16d7bd,fut,2p,ამო--იღ-ებ-თ,n
22ee8130-4463-4724-beb4-a53d7b16d7bd,fut,3p,ამო--იღ-ებ-ენ,n
22ee8130-4463-4724-beb4-a53d7b16d7bd,cond,1s,ამო-ვ-იღ-ებ-დი,n
22ee8130-4463-4724-beb4-a53d7b16d7bd,cond,2s,ამო--იღ-ებ-დი,n
22ee8130-4463-4724-beb4-a53d7b16d7bd,cond,3s,ამო--იღ-ებ-და,n
22ee8130-4463-4724-beb4-a53d7b16d7bd,cond,1p,ამო-ვ-იღ-ებ-დით,n
22ee8130-4463-4724-beb4-a53d7b16d7bd,cond,2p,ამო--იღ-ებ-დით,n
22ee8130-4463-4724-beb4-a53d7b16d7bd,cond,3p,ამო--იღ-ებ-დნენ,n
22ee8130-4463-4724-beb4-a53d7b16d7bd,aor,1s,ამო-ვ-იღ--ე,n
22ee8130-4463-4724-beb4-a53d7b16d7bd,aor,2s,ამო--იღ--ე,n
22ee8130-4463-4724-beb4-a53d7b16d7bd,aor,3s,ამო--იღ--ო,n
22ee8130-4463-4724-beb4-a53d7b16d7bd,aor,1p,ამო-ვ-იღ--ეთ,n
22ee8130-4463-4724-beb4-a53d7b16d7bd,aor,2p,ამო--იღ--ეთ,n
22ee8130-4463-4724-beb4-a53d7b16d7bd,aor,3p,ამო--იღ--ეს,n
22ee8130-4463-4724-beb4-a53d7b16d7bd,opt,1s,ამო-ვ-იღ--,n
22ee8130-4463-4724-beb4-a53d7b16d7bd,opt,2s,ამო--იღ--,n
22ee8130-4463-4724-beb4-a53d7b16d7bd,opt,3s,ამო--იღ--ოს,n
22ee8130-4463-4724-beb4-a53d7b16d7bd,opt,1p,ამო-ვ-იღ--ოთ,n
22ee8130-4463-4724-beb4-a53d7b16d7bd,opt,2p,ამო--იღ--ოთ,n
22ee8130-4463-4724-beb4-a53d7b16d7bd,opt,3p,ამო--იღ--ონ,n
d6e7dcee-1cb6-46bf-90a1-87ea5bc2556a,pres,1s,ვ--ქირა-ობ-,y
d6e7dcee-1cb6-46bf-90a1-87ea5bc2556a,pres,2s,--ქირა-ობ-,y
d6e7dcee-1cb6-46bf-90a1-87ea5bc2556a,pres,3s,--ქირა-ობ-ს,y
d6e7dcee-1cb6-46bf-90a1-87ea5bc2556a,pres,1p,ვ--ქირა-ობ-თ,y
d6e7dcee-1cb6-46bf-90a1-87ea5bc2556a,pres,2p,--ქირა-ობ-თ,y
d6e7dcee-1cb6-46bf-90a1-87ea5bc2556a,pres,3p,--ქირა-ობ-ენ,y
d6e7dcee-1cb6-46bf-90a1-87ea5bc2556a,imp,1s,ვ--ქირა-ობ-დი,y
d6e7dcee-1cb6-46bf-90a1-87ea5bc2556a,imp,2s,--ქირა-ობ-დი,y
d6e7dcee-1cb6-46bf-90a1-87ea5bc2556a,imp,3s,--ქირა-ობ-და,y
d6e7dcee-1cb6-46bf-90a1-87ea5bc2556a,imp,1p,ვ--ქირა-ობ-დით,y
d6e7dcee-1cb6-46bf-90a1-87ea5bc2556a,imp,2p,--ქირა-ობ-დით,y
d6e7dcee-1cb6-46bf-90a1-87ea5bc2556a,imp,3p,--ქირა-ობ-დნენ,y
d6e7dcee-1cb6-46bf-90a1-87ea5bc2556a,pres-subj,1s,ვ--ქირა-ობ-დე,y
d6e7dcee-1cb6-46bf-90a1-87ea5bc2556a,pres-subj,2s,--ქირა-ობ-დე,y
d6e7dcee-1cb6-46bf-90a1-87ea5bc2556a,pres-subj,3s,--ქირა-ობ-დეს,y
d6e7dcee-1cb6-46bf-90a1-87ea5bc2556a,pres-subj,1p,ვ--ქირა-ობ-დეთ,y
d6e7dcee-1cb6-46bf-90a1-87ea5bc2556a,pres-subj,2p,--ქირა-ობ-დეთ,y
d6e7dcee-1cb6-46bf-90a1-87ea5bc2556a,pres-subj,3p,--ქირა-ობ-დნენ,y
d6e7dcee-1cb6-46bf-90a1-87ea5bc2556a,fut,1s,ვ-ი-ქირა-ებ-,y
d6e7dcee-1cb6-46bf-90a1-87ea5bc2556a,fut,2s,-ი-ქირა-ებ-,y
d6e7dcee-1cb6-46bf-90a1-87ea5bc2556a,fut,3s,-ი-ქირა-ებ-ს,y
d6e7dcee-1cb6-46bf-90a1-87ea5bc2556a,fut,1p,ვ-ი-ქირა-ებ-თ,y
d6e7dcee-1cb6-46bf-90a1-87ea5bc2556a,fut,2p,-ი-ქირა-ებ-თ,y
d6e7dcee-1cb6-46bf-90a1-87ea5bc2556a,fut,3p,-ი-ქირა-ებ-ენ,y
d6e7dcee-1cb6-46bf-90a1-87ea5bc2556a,cond,1s,ვ-ი-ქირა-ებ-დი,y
d6e7dcee-1cb6-46bf-90a1-87ea5bc2556a,cond,2s,-ი-ქირა-ებ-დი,y
d6e7dcee-1cb6-46bf-90a1-87ea5bc2556a,cond,3s,-ი-ქირა-ებ-და,y
d6e7dcee-1cb6-46bf-90a1-87ea5bc2556a,cond,1p,ვ-ი-ქირა-ებ-დით,y
d6e7dcee-1cb6-46bf-90a1-87ea5bc2556a,cond,2p,-ი-ქირა-ებ-დით,y
d6e7dcee-1cb6-46bf-90a1-87ea5bc2556a,cond,3p,-ი-ქირა-ებ-დნენ,y
d6e7dcee-1cb6-46bf-90a1-87ea5bc2556a,aor,1s,ვ-ი-ქირავ--ე,y
d6e7dcee-1cb6-46bf-90a1-87ea5bc2556a,aor,2s,-ი-ქირავ--ე,y
d6e7dcee-1cb6-46bf-90a1-87ea5bc2556a,aor,3s,-ი-ქირავ--ა,y
d6e7dcee-1cb6-46bf-90a1-87ea5bc2556a,aor,1p,ვ-ი-ქირავ--ეთ,y
d6e7dcee-1cb6-46bf-90a1-87ea5bc2556a,aor,2p,-ი-ქირავ--ეთ,y
d6e7dcee-1cb6-46bf-90a1-87ea5bc2556a,aor,3p,-ი-ქირავ--ეს,y
d6e7dcee-1cb6-46bf-90a1-87ea5bc2556a,opt,1s,ვ-ი-ქირავ--,y
d6e7dcee-1cb6-46bf-90a1-87ea5bc2556a,opt,2s,-ი-ქირავ--,y
d6e7dcee-1cb6-46bf-90a1-87ea5bc2556a,opt,3s,-ი-ქირავ--ოს,y
d6e7dcee-1cb6-46bf-90a1-87ea5bc2556a,opt,1p,ვ-ი-ქირავ--ოთ,y
d6e7dcee-1cb6-46bf-90a1-87ea5bc2556a,opt,2p,-ი-ქირავ--ოთ,y
d6e7dcee-1cb6-46bf-90a1-87ea5bc2556a,opt,3p,-ი-ქირავ--ონ,y
3520b36a-e861-43a0-a0dd-f2afc8f60533,pres,1s,-ვ-აქირავ-ებ-,n
3520b36a-e861-43a0-a0dd-f2afc8f60533,pres,2s,--აქირავ-ებ-,n
3520b36a-e861-43a0-a0dd-f2afc8f60533,pres,3s,--აქირავ-ებ-ს,n
3520b36a-e861-43a0-a0dd-f2afc8f60533,pres,1p,-ვ-აქირავ-ებ-თ,n
3520b36a-e861-43a0-a0dd-f2afc8f60533,pres,2p,--აქირავ-ებ-თ,n
3520b36a-e861-43a0-a0dd-f2afc8f60533,pres,3p,--აქირავ-ებ-ენ,n
3520b36a-e861-43a0-a0dd-f2afc8f60533,imp,1s,-ვ-აქირავ-ებ-დი,n
3520b36a-e861-43a0-a0dd-f2afc8f60533,imp,2s,--აქირავ-ებ-დი,n
3520b36a-e861-43a0-a0dd-f2afc8f60533,imp,3s,--აქირავ-ებ-და,n
3520b36a-e861-43a0-a0dd-f2afc8f60533,imp,1p,-ვ-აქირავ-ებ-დით,n
3520b36a-e861-43a0-a0dd-f2afc8f60533,imp,2p,--აქირავ-ებ-დით,n
3520b36a-e861-43a0-a0dd-f2afc8f60533,imp,3p,--აქირავ-ებ-დნენ,n
3520b36a-e861-43a0-a0dd-f2afc8f60533,pres-subj,1s,-ვ-აქირავ-ებ-დე,n
3520b36a-e861-43a0-a0dd-f2afc8f60533,pres-subj,2s,--აქირავ-ებ-დე,n
3520b36a-e861-43a0-a0dd-f2afc8f60533,pres-subj,3s,--აქირავ-ებ-დეს,n
3520b36a-e861-43a0-a0dd-f2afc8f60533,pres-subj,1p,-ვ-აქირავ-ებ-დეთ,n
3520b36a-e861-43a0-a0dd-f2afc8f60533,pres-subj,2p,--აქირავ-ებ-დეთ,n
3520b36a-e861-43a0-a0dd-f2afc8f60533,pres-subj,3p,--აქირავ-ებ-დნენ,n
3520b36a-e861-43a0-a0dd-f2afc8f60533,fut,1s,გა-ვ-აქირავ-ებ-,n
3520b36a-e861-43a0-a0dd-f2afc8f60533,fut,2s,გა--აქირავ-ებ-,n
3520b36a-e861-43a0-a0dd-f2afc8f60533,fut,3s,გა--აქირავ-ებ-ს,n
3520b36a-e861-43a0-a0dd-f2afc8f60533,fut,1p,გა-ვ-აქირავ-ებ-თ,n
3520b36a-e861-43a0-a0dd-f2afc8f60533,fut,2p,გა--აქირავ-ებ-თ,n
3520b36a-e861-43a0-a0dd-f2afc8f60533,fut,3p,გა--აქირავ-ებ-ენ,n
3520b36a-e861-43a0-a0dd-f2afc8f60533,cond,1s,გა-ვ-აქირავ-ებ-დი,n
3520b36a-e861-43a0-a0dd-f2afc8f60533,cond,2s,გა--აქირავ-ებ-დი,n
3520b36a-e861-43a0-a0dd-f2afc8f60533,cond,3s,გა--აქირავ-ებ-და,n
3520b36a-e861-43a0-a0dd-f2afc8f60533,cond,1p,გა-ვ-აქირავ-ებ-დით,n
3520b36a-e861-43a0-a0dd-f2afc8f60533,cond,2p,გა--აქირავ-ებ-დით,n
3520b36a-e861-43a0-a0dd-f2afc8f60533,cond,3p,გა--აქირავ-ებ-დნენ,n
3520b36a-e861-43a0-a0dd-f2afc8f60533,aor,1s,გა-ვ-აქირავ--ე,n
3520b36a-e861-43a0-a0dd-f2afc8f60533,aor,2s,გა--აქირავ--ე,n
3520b36a-e861-43a0-a0dd-f2afc8f60533,aor,3s,გა--აქირავ--ა,n
3520b36a-e861-43a0-a0dd-f2afc8f60533,aor,1p,გა-ვ-აქირავ--ეთ,n
3520b36a-e861-43a0-a0dd-f2afc8f60533,aor,2p,გა--აქირავ--ეთ,n
3520b36a-e861-43a0-a0dd-f2afc8f60533,aor,3p,გა--აქირავ--ეს,n
3520b36a-e861-43a0-a0dd-f2afc8f60533,opt,1s,გა-ვ-აქირავ--,n
3520b36a-e861-43a0-a0dd-f2afc8f60533,opt,2s,გა--აქირავ--,n
3520b36a-e861-43a0-a0dd-f2afc8f60533,opt,3s,გა--აქირავ--ოს,n
3520b36a-e861-43a0-a0dd-f2afc8f60533,opt,1p,გა-ვ-აქირავ--ოთ,n
3520b36a-e861-43a0-a0dd-f2afc8f60533,opt,2p,გა--აქირავ--ოთ,n
3520b36a-e861-43a0-a0dd-f2afc8f60533,opt,3p,გა--აქირავ--ონ,n
747f8973-3686-4127-94b1-95a8099feb74,pres,1s,-ვ-იმეორ-ებ-,n
747f8973-3686-4127-94b1-95a8099feb74,pres,2s,--იმეორ-ებ-,n
747f8973-3686-4127-94b1-95a8099feb74,pres,3s,--იმეორ-ებ-ს,n
747f8973-3686-4127-94b1-95a8099feb74,pres,1p,-ვ-იმეორ-ებ-თ,n
747f8973-3686-4127-94b1-95a8099feb74,pres,2p,--იმეორ-ებ-თ,n
747f8973-3686-4127-94b1-95a8099feb74,pres,3p,--იმეორ-ებ-ენ,n
747f8973-3686-4127-94b1-95a8099feb74,imp,1s,-ვ-იმეორ-ებ-დი,n
747f8973-3686-4127-94b1-95a8099feb74,imp,2s,--იმეორ-ებ-დი,n
747f8973-3686-4127-94b1-95a8099feb74,imp,3s,--იმეორ-ებ-და,n
747f8973-3686-4127-94b1-95a8099feb74,imp,1p,-ვ-იმეორ-ებ-დით,n
747f8973-3686-4127-94b1-95a8099feb74,imp,2p,--იმეორ-ებ-დით,n
747f8973-3686-4127-94b1-95a8099feb74,imp,3p,--იმეორ-ებ-დნენ,n
747f8973-3686-4127-94b1-95a8099feb74,pres-subj,1s,-ვ-იმეორ-ებ-დე,n
747f8973-3686-4127-94b1-95a8099feb74,pres-subj,2s,--იმეორ-ებ-დე,n
747f8973-3686-4127-94b1-95a8099feb74,pres-subj,3s,--იმეორ-ებ-დეს,n
747f8973-3686-4127-94b1-95a8099feb74,pres-subj,1p,-ვ-იმეორ-ებ-დეთ,n
747f8973-3686-4127-94b1-95a8099feb74,pres-subj,2p,--იმეორ-ებ-დეთ,n
747f8973-3686-4127-94b1-95a8099feb74,pres-subj,3p,--იმეორ-ებ-დნენ,n
747f8973-3686-4127-94b1-95a8099feb74,fut,1s,გა-ვ-იმეორ-ებ-,n
747f8973-3686-4127-94b1-95a8099feb74,fut,2s,გა--იმეორ-ებ-,n
747f8973-3686-4127-94b1-95a8099feb74,fut,3s,გა--იმეორ-ებ-ს,n
747f8973-3686-4127-94b1-95a8099feb74,fut,1p,გა-ვ-იმეორ-ებ-თ,n
747f8973-3686-4127-94b1-95a8099feb74,fut,2p,გა--იმეორ-ებ-თ,n
747f8973-3686-4127-94b1-95a8099feb74,fut,3p,გა--იმეორ-ებ-ენ,n
747f8973-3686-4127-94b1-95a8099feb74,cond,1s,გა-ვ-იმეორ-ებ-დი,n
747f8973-3686-4127-94b1-95a8099feb74,cond,2s,გა--იმეორ-ებ-დი,n
747f8973-3686-4127-94b1-95a8099feb74,cond,3s,გა--იმეორ-ებ-და,n
747f8973-3686-4127-94b1-95a8099feb74,cond,1p,გა-ვ-იმეორ-ებ-დით,n
747f8973-3686-4127-94b1-95a8099feb74,cond,2p,გა--იმეორ-ებ-დით,n
747f8973-3686-4127-94b1-95a8099feb74,cond,3p,გა--იმეორ-ებ-დნენ,n
747f8973-3686-4127-94b1-95a8099feb74,aor,1s,გა-ვ-იმეორ--ე,n
747f8973-3686-4127-94b1-95a8099feb74,aor,2s,გა--იმეორ--ე,n
747f8973-3686-4127-94b1-95a8099feb74,aor,3s,გა--იმეორ--ა,n
747f8973-3686-4127-94b1-95a8099feb74,aor,1p,გა-ვ-იმეორ--ეთ,n
747f8973-3686-4127-94b1-95a8099feb74,aor,2p,გა--იმეორ--ეთ,n
747f8973-3686-4127-94b1-95a8099feb74,aor,3p,გა--იმეორ--ეს,n
747f8973-3686-4127-94b1-95a8099feb74,opt,1s,გა-ვ-იმეორ--,n
747f8973-3686-4127-94b1-95a8099feb74,opt,2s,გა--იმეორ--,n
747f8973-3686-4127-94b1-95a8099feb74,opt,3s,გა--იმეორ--ოს,n
747f8973-3686-4127-94b1-95a8099feb74,opt,1p,გა-ვ-იმეორ--ოთ,n
747f8973-3686-4127-94b1-95a8099feb74,opt,2p,გა--იმეორ--ოთ,n
747f8973-3686-4127-94b1-95a8099feb74,opt,3p,გა--იმეორ--ონ,n
17934222-853a-4cf2-8ad1-7bf13742590b,pres,1s,-ვ-თხ-ოვ-,n
17934222-853a-4cf2-8ad1-7bf13742590b,pres,2s,--თხ-ოვ-,n
17934222-853a-4cf2-8ad1-7bf13742590b,pres,3s,--თხ-ოვ-ს,n
17934222-853a-4cf2-8ad1-7bf13742590b,pres,1p,-ვ-თხ-ოვ-თ,n
17934222-853a-4cf2-8ad1-7bf13742590b,pres,2p,--თხ-ოვ-თ,n
17934222-853a-4cf2-8ad1-7bf13742590b,pres,3p,--თხ-ოვ-ენ,n
17934222-853a-4cf2-8ad1-7bf13742590b,imp,1s,-ვ-თხ-ოვ-დი,n
17934222-853a-4cf2-8ad1-7bf13742590b,imp,2s,--თხ-ოვ-დი,n
17934222-853a-4cf2-8ad1-7bf13742590b,imp,3s,--თხ-ოვ-და,n
17934222-853a-4cf2-8ad1-7bf13742590b,imp,1p,-ვ-თხ-ოვ-დით,n
17934222-853a-4cf2-8ad1-7bf13742590b,imp,2p,--თხ-ოვ-დით,n
17934222-853a-4cf2-8ad1-7bf13742590b,imp,3p,--თხ-ოვ-დნენ,n
17934222-853a-4cf2-8ad1-7bf13742590b,pres-subj,1s,-ვ-თხ-ოვ-დე,n
17934222-853a-4cf2-8ad1-7bf13742590b,pres-subj,2s,--თხ-ოვ-დე,n
17934222-853a-4cf2-8ad1-7bf13742590b,pres-subj,3s,--თხ-ოვ-დეს,n
17934222-853a-4cf2-8ad1-7bf13742590b,pres-subj,1p,-ვ-თხ-ოვ-დეთ,n
17934222-853a-4cf2-8ad1-7bf13742590b,pres-subj,2p,--თხ-ოვ-დეთ,n
17934222-853a-4cf2-8ad1-7bf13742590b,pres-subj,3p,--თხ-ოვ-დნენ,n
17934222-853a-4cf2-8ad1-7bf13742590b,fut,1s,-ვ-თხ-ოვ-,n
17934222-853a-4cf2-8ad1-7bf13742590b,fut,2s,--თხ-ოვ-,n
17934222-853a-4cf2-8ad1-7bf13742590b,fut,3s,--თხ-ოვ-ს,n
17934222-853a-4cf2-8ad1-7bf13742590b,fut,1p,-ვ-თხ-ოვ-თ,n
17934222-853a-4cf2-8ad1-7bf13742590b,fut,2p,--თხ-ოვ-თ,n
17934222-853a-4cf2-8ad1-7bf13742590b,fut,3p,--თხ-ოვ-ენ,n
17934222-853a-4cf2-8ad1-7bf13742590b,cond,1s,-ვ-თხ-ოვ-დი,n
17934222-853a-4cf2-8ad1-7bf13742590b,cond,2s,--თხ-ოვ-დი,n
17934222-853a-4cf2-8ad1-7bf13742590b,cond,3s,--თხ-ოვ-და,n
17934222-853a-4cf2-8ad1-7bf13742590b,cond,1p,-ვ-თხ-ოვ-დით,n
17934222-853a-4cf2-8ad1-7bf13742590b,cond,2p,--თხ-ოვ-დით,n
17934222-853a-4cf2-8ad1-7bf13742590b,cond,3p,--თხ-ოვ-დნენ,n
17934222-853a-4cf2-8ad1-7bf13742590b,aor,1s,-ვ-თხოვ--ე,n
17934222-853a-4cf2-8ad1-7bf13742590b,aor,2s,--თხოვ--ე,n
17934222-853a-4cf2-8ad1-7bf13742590b,aor,3s,--თხოვ--ა,n
17934222-853a-4cf2-8ad1-7bf13742590b,aor,1p,-ვ-თხოვ--ეთ,n
17934222-853a-4cf2-8ad1-7bf13742590b,aor,2p,--თხოვ--ეთ,n
17934222-853a-4cf2-8ad1-7bf13742590b,aor,3p,--თხოვ--ეს,n
17934222-853a-4cf2-8ad1-7bf13742590b,opt,1s,-ვ-თხოვ--,n
17934222-853a-4cf2-8ad1-7bf13742590b,opt,2s,--თხოვ--,n
17934222-853a-4cf2-8ad1-7bf13742590b,opt,3s,--თხოვ--ოს,n
17934222-853a-4cf2-8ad1-7bf13742590b,opt,1p,-ვ-თხოვ--ოთ,n
17934222-853a-4cf2-8ad1-7bf13742590b,opt,2p,--თხოვ--ოთ,n
17934222-853a-4cf2-8ad1-7bf13742590b,opt,3p,--თხოვ--ონ,n
c4981990-181b-4159-86fa-642f7c3e93e9,pres,1s,-ვ-ჯავშნ-ი-,n
c4981990-181b-4159-86fa-642f7c3e93e9,pres,2s,--ჯავშნ-ი-,n
c4981990-181b-4159-86fa-642f7c3e93e9,pres,3s,--ჯავშნ-ი-ს,n
c4981990-181b-4159-86fa-642f7c3e93e9,pres,1p,-ვ-ჯავშნ-ი-თ,n
c4981990-181b-4159-86fa-642f7c3e93e9,pres,2p,--ჯავშნ-ი-თ,n
c4981990-181b-4159-86fa-642f7c3e93e9,pres,3p,--ჯავშნ-ი-ან,n
c4981990-181b-4159-86fa-642f7c3e93e9,imp,1s,-ვ-ჯავშნ-ი-დი,n
c4981990-181b-4159-86fa-642f7c3e93e9,imp,2s,--ჯავშნ-ი-დი,n
c4981990-181b-4159-86fa-642f7c3e93e9,imp,3s,--ჯავშნ-ი-და,n
c4981990-181b-4159-86fa-642f7c3e93e9,imp,1p,-ვ-ჯავშნ-ი-დით,n
c4981990-181b-4159-86fa-642f7c3e93e9,imp,2p,--ჯავშნ-ი-დით,n
c4981990-181b-4159-86fa-642f7c3e93e9,imp,3p,--ჯავშნ-ი-დნენ,n
c4981990-181b-4159-86fa-642f7c3e93e9,pres-subj,1s,-ვ-ჯავშნ-ი-დე,n
c4981990-181b-4159-86fa-642f7c3e93e9,pres-subj,2s,--ჯავშნ-ი-დე,n
c4981990-181b-4159-86fa-642f7c3e93e9,pres-subj,3s,--ჯავშნ-ი-დეს,n
c4981990-181b-4159-86fa-642f7c3e93e9,pres-subj,1p,-ვ-ჯავშნ-ი-დეთ,n
c4981990-181b-4159-86fa-642f7c3e93e9,pres-subj,2p,--ჯავშნ-ი-დეთ,n
c4981990-181b-4159-86fa-642f7c3e93e9,pres-subj,3p,--ჯავშნ-ი-დნენ,n
c4981990-181b-4159-86fa-642f7c3e93e9,fut,1s,და-ვ-ჯავშნ-ი-,n
c4981990-181b-4159-86fa-642f7c3e93e9,fut,2s,და--ჯავშნ-ი-,n
c4981990-181b-4159-86fa-642f7c3e93e9,fut,3s,და--ჯავშნ-ი-ს,n
c4981990-181b-4159-86fa-642f7c3e93e9,fut,1p,და-ვ-ჯავშნ-ი-თ,n
c4981990-181b-4159-86fa-642f7c3e93e9,fut,2p,და--ჯავშნ-ი-თ,n
c4981990-181b-4159-86fa-642f7c3e93e9,fut,3p,და--ჯავშნ-ი-ან,n
c4981990-181b-4159-86fa-642f7c3e93e9,cond,1s,და-ვ-ჯავშნ-ი-დი,n
c4981990-181b-4159-86fa-642f7c3e93e9,cond,2s,და--ჯავშნ-ი-დი,n
c4981990-181b-4159-86fa-642f7c3e93e9,cond,3s,და--ჯავშნ-ი-და,n
c4981990-181b-4159-86fa-642f7c3e93e9,cond,1p,და-ვ-ჯავშნ-ი-დით,n
c4981990-181b-4159-86fa-642f7c3e93e9,cond,2p,და--ჯავშნ-ი-დით,n
c4981990-181b-4159-86fa-642f7c3e93e9,cond,3p,და--ჯავშნ-ი-დნენ,n
c4981990-181b-4159-86fa-642f7c3e93e9,aor,1s,და-ვ-ჯავშნ--ე,n
c4981990-181b-4159-86fa-642f7c3e93e9,aor,2s,და--ჯავშნ--ე,n
c4981990-181b-4159-86fa-642f7c3e93e9,aor,3s,და--ჯავშნ--ა,n
c4981990-181b-4159-86fa-642f7c3e93e9,aor,1p,და-ვ-ჯავშნ--ეთ,n
c4981990-181b-4159-86fa-642f7c3e93e9,aor,2p,და--ჯავშნ--ეთ,n
c4981990-181b-4159-86fa-642f7c3e93e9,aor,3p,და--ჯავშნ--ეს,n
c4981990-181b-4159-86fa-642f7c3e93e9,opt,1s,და-ვ-ჯავშნ--,n
c4981990-181b-4159-86fa-642f7c3e93e9,opt,2s,და--ჯავშნ--,n
c4981990-181b-4159-86fa-642f7c3e93e9,opt,3s,და--ჯავშნ--ოს,n
c4981990-181b-4159-86fa-642f7c3e93e9,opt,1p,და-ვ-ჯავშნ--ოთ,n
c4981990-181b-4159-86fa-642f7c3e93e9,opt,2p,და--ჯავშნ--ოთ,n
c4981990-181b-4159-86fa-642f7c3e93e9,opt,3p,და--ჯავშნ--ონ,n
cc425fc5-261c-452b-9dba-a4686728b5a7,pres,1s,-ვ-ისვენ-ებ-,n
cc425fc5-261c-452b-9dba-a4686728b5a7,pres,2s,--ისვენ-ებ-,n
cc425fc5-261c-452b-9dba-a4686728b5a7,pres,3s,--ისვენ-ებ-ს,n
cc425fc5-261c-452b-9dba-a4686728b5a7,pres,1p,-ვ-ისვენ-ებ-თ,n
cc425fc5-261c-452b-9dba-a4686728b5a7,pres,2p,--ისვენ-ებ-თ,n
cc425fc5-261c-452b-9dba-a4686728b5a7,pres,3p,--ისვენ-ებ-ენ,n
cc425fc5-261c-452b-9dba-a4686728b5a7,imp,1s,-ვ-ისვენ-ებ-დი,n
cc425fc5-261c-452b-9dba-a4686728b5a7,imp,2s,--ისვენ-ებ-დი,n
cc425fc5-261c-452b-9dba-a4686728b5a7,imp,3s,--ისვენ-ებ-და,n
cc425fc5-261c-452b-9dba-a4686728b5a7,imp,1p,-ვ-ისვენ-ებ-დით,n
cc425fc5-261c-452b-9dba-a4686728b5a7,imp,2p,--ისვენ-ებ-დით,n
cc425fc5-261c-452b-9dba-a4686728b5a7,imp,3p,--ისვენ-ებ-დნენ,n
cc425fc5-261c-452b-9dba-a4686728b5a7,pres-subj,1s,-ვ-ისვენ-ებ-დე,n
cc425fc5-261c-452b-9dba-a4686728b5a7,pres-subj,2s,--ისვენ-ებ-დე,n
cc425fc5-261c-452b-9dba-a4686728b5a7,pres-subj,3s,--ისვენ-ებ-დეს,n
cc425fc5-261c-452b-9dba-a4686728b5a7,pres-subj,1p,-ვ-ისვენ-ებ-დეთ,n
cc425fc5-261c-452b-9dba-a4686728b5a7,pres-subj,2p,--ისვენ-ებ-დეთ,n
cc425fc5-261c-452b-9dba-a4686728b5a7,pres-subj,3p,--ისვენ-ებ-დნენ,n
cc425fc5-261c-452b-9dba-a4686728b5a7,fut,1s,და-ვ-ისვენ-ებ-,n
cc425fc5-261c-452b-9dba-a4686728b5a7,fut,2s,და--ისვენ-ებ-,n
cc425fc5-261c-452b-9dba-a4686728b5a7,fut,3s,და--ისვენ-ებ-ს,n
cc425fc5-261c-452b-9dba-a4686728b5a7,fut,1p,და-ვ-ისვენ-ებ-თ,n
cc425fc5-261c-452b-9dba-a4686728b5a7,fut,2p,და--ისვენ-ებ-თ,n
cc425fc5-261c-452b-9dba-a4686728b5a7,fut,3p,და--ისვენ-ებ-ენ,n
cc425fc5-261c-452b-9dba-a4686728b5a7,cond,1s,და-ვ-ისვენ-ებ-დი,n
cc425fc5-261c-452b-9dba-a4686728b5a7,cond,2s,და--ისვენ-ებ-დი,n
cc425fc5-261c-452b-9dba-a4686728b5a7,cond,3s,და--ისვენ-ებ-და,n
cc425fc5-261c-452b-9dba-a4686728b5a7,cond,1p,და-ვ-ისვენ-ებ-დით,n
cc425fc5-261c-452b-9dba-a4686728b5a7,cond,2p,და--ისვენ-ებ-დით,n
cc425fc5-261c-452b-9dba-a4686728b5a7,cond,3p,და--ისვენ-ებ-დნენ,n
cc425fc5-261c-452b-9dba-a4686728b5a7,aor,1s,და-ვ-ისვენ--ე,n
cc425fc5-261c-452b-9dba-a4686728b5a7,aor,2s,და--ისვენ--ე,n
cc425fc5-261c-452b-9dba-a4686728b5a7,aor,3s,და--ისვენ--ა,n
cc425fc5-261c-452b-9dba-a4686728b5a7,aor,1p,და-ვ-ისვენ--ეთ,n
cc425fc5-261c-452b-9dba-a4686728b5a7,aor,2p,და--ისვენ--ეთ,n
cc425fc5-261c-452b-9dba-a4686728b5a7,aor,3p,და--ისვენ--ეს,n
cc425fc5-261c-452b-9dba-a4686728b5a7,opt,1s,და-ვ-ისვენ--,n
cc425fc5-261c-452b-9dba-a4686728b5a7,opt,2s,და--ისვენ--,n
cc425fc5-261c-452b-9dba-a4686728b5a7,opt,3s,და--ისვენ--ოს,n
cc425fc5-261c-452b-9dba-a4686728b5a7,opt,1p,და-ვ-ისვენ--ოთ,n
cc425fc5-261c-452b-9dba-a4686728b5a7,opt,2p,და--ისვენ--ოთ,n
cc425fc5-261c-452b-9dba-a4686728b5a7,opt,3p,და--ისვენ--ონ,n
19269aaf-32cf-49cc-841d-785a9c2f4fb6,pres,1s,-ვ-ბრუნდ-ებ-ი,n
19269aaf-32cf-49cc-841d-785a9c2f4fb6,pres,2s,--ბრუნდ-ებ-ი,n
19269aaf-32cf-49cc-841d-785a9c2f4fb6,pres,3s,--ბრუნდ-ებ-ა,n
19269aaf-32cf-49cc-841d-785a9c2f4fb6,pres,1p,-ვ-ბრუნდ-ებ-ით,n
19269aaf-32cf-49cc-841d-785a9c2f4fb6,pres,2p,--ბრუნდ-ებ-ით,n
19269aaf-32cf-49cc-841d-785a9c2f4fb6,pres,3p,--ბრუნდ-ებ-იან,n
19269aaf-32cf-49cc-841d-785a9c2f4fb6,imp,1s,-ვ-ბრუნდ-ებ-ოდი,n
19269aaf-32cf-49cc-841d-785a9c2f4fb6,imp,2s,--ბრუნდ-ებ-ოდი,n
19269aaf-32cf-49cc-841d-785a9c2f4fb6,imp,3s,--ბრუნდ-ებ-ოდა,n
19269aaf-32cf-49cc-841d-785a9c2f4fb6,imp,1p,-ვ-ბრუნდ-ებ-ოდით,n
19269aaf-32cf-49cc-841d-785a9c2f4fb6,imp,2p,--ბრუნდ-ებ-ოდით,n
19269aaf-32cf-49cc-841d-785a9c2f4fb6,imp,3p,--ბრუნდ-ებ-ოდნენ,n
19269aaf-32cf-49cc-841d-785a9c2f4fb6,pres-subj,1s,-ვ-ბრუნდ-ებ-დე,n
19269aaf-32cf-49cc-841d-785a9c2f4fb6,pres-subj,2s,--ბრუნდ-ებ-დე,n
19269aaf-32cf-49cc-841d-785a9c2f4fb6,pres-subj,3s,--ბრუნდ-ებ-დეს,n
19269aaf-32cf-49cc-841d-785a9c2f4fb6,pres-subj,1p,-ვ-ბრუნდ-ებ-დეთ,n
19269aaf-32cf-49cc-841d-785a9c2f4fb6,pres-subj,2p,--ბრუნდ-ებ-დეთ,n
19269aaf-32cf-49cc-841d-785a9c2f4fb6,pres-subj,3p,--ბრუნდ-ებ-დნენ,n
19269aaf-32cf-49cc-841d-785a9c2f4fb6,fut,1s,და-ვ-ბრუნდ-ებ-ი,n
19269aaf-32cf-49cc-841d-785a9c2f4fb6,fut,2s,და--ბრუნდ-ებ-ი,n
19269aaf-32cf-49cc-841d-785a9c2f4fb6,fut,3s,და--ბრუნდ-ებ-ა,n
19269aaf-32cf-49cc-841d-785a9c2f4fb6,fut,1p,და-ვ-ბრუნდ-ებ-ით,n
19269aaf-32cf-49cc-841d-785a9c2f4fb6,fut,2p,და--ბრუნდ-ებ-ით,n
19269aaf-32cf-49cc-841d-785a9c2f4fb6,fut,3p,და--ბრუნდ-ებ-იან,n
19269aaf-32cf-49cc-841d-785a9c2f4fb6,cond,1s,და-ვ-ბრუნდ-ებ-ოდი,n
19269aaf-32cf-49cc-841d-785a9c2f4fb6,cond,2s,და--ბრუნდ-ებ-ოდი,n
19269aaf-32cf-49cc-841d-785a9c2f4fb6,cond,3s,და--ბრუნდ-ებ-ოდა,n
19269aaf-32cf-49cc-841d-785a9c2f4fb6,cond,1p,და-ვ-ბრუნდ-ებ-ოდით,n
19269aaf-32cf-49cc-841d-785a9c2f4fb6,cond,2p,და--ბრუნდ-ებ-ოდით,n
19269aaf-32cf-49cc-841d-785a9c2f4fb6,cond,3p,და--ბრუნდ-ებ-ოდნენ,n
19269aaf-32cf-49cc-841d-785a9c2f4fb6,aor,1s,და-ვ-ბრუნდ--ი,n
19269aaf-32cf-49cc-841d-785a9c2f4fb6,aor,2s,და--ბრუნდ--ი,n
19269aaf-32cf-49cc-841d-785a9c2f4fb6,aor,3s,და--ბრუნდ--ა,n
19269aaf-32cf-49cc-841d-785a9c2f4fb6,aor,1p,და-ვ-ბრუნდ--ით,n
19269aaf-32cf-49cc-841d-785a9c2f4fb6,aor,2p,და--ბრუნდ--ით,n
19269aaf-32cf-49cc-841d-785a9c2f4fb6,aor,3p,და--ბრუნდ--ნენ,n
19269aaf-32cf-49cc-841d-785a9c2f4fb6,opt,1s,და-ვ-ბრუნდ--,n
19269aaf-32cf-49cc-841d-785a9c2f4fb6,opt,2s,და--ბრუნდ--,n
19269aaf-32cf-49cc-841d-785a9c2f4fb6,opt,3s,და--ბრუნდ--ოს,n
19269aaf-32cf-49cc-841d-785a9c2f4fb6,opt,1p,და-ვ-ბრუნდ--ოთ,n
19269aaf-32cf-49cc-841d-785a9c2f4fb6,opt,2p,და--ბრუნდ--ოთ,n
19269aaf-32cf-49cc-841d-785a9c2f4fb6,opt,3p,და--ბრუნდ--ონ,n
99a16143-0dad-4323-9709-ec730f9d4492,pres,1s,-ვ-მდიდრდ-ებ-ი,n
99a16143-0dad-4323-9709-ec730f9d4492,pres,2s,--მდიდრდ-ებ-ი,n
99a16143-0dad-4323-9709-ec730f9d4492,pres,3s,--მდიდრდ-ებ-ა,n
99a16143-0dad-4323-9709-ec730f9d4492,pres,1p,-ვ-მდიდრდ-ებ-ით,n
99a16143-0dad-4323-9709-ec730f9d4492,pres,2p,--მდიდრდ-ებ-ით,n
99a16143-0dad-4323-9709-ec730f9d4492,pres,3p,--მდიდრდ-ებ-იან,n
99a16143-0dad-4323-9709-ec730f9d4492,imp,1s,-ვ-მდიდრდ-ებ-ოდი,n
99a16143-0dad-4323-9709-ec730f9d4492,imp,2s,--მდიდრდ-ებ-ოდი,n
99a16143-0dad-4323-9709-ec730f9d4492,imp,3s,--მდიდრდ-ებ-ოდა,n
99a16143-0dad-4323-9709-ec730f9d4492,imp,1p,-ვ-მდიდრდ-ებ-ოდით,n
99a16143-0dad-4323-9709-ec730f9d4492,imp,2p,--მდიდრდ-ებ-ოდით,n
99a16143-0dad-4323-9709-ec730f9d4492,imp,3p,--მდიდრდ-ებ-ოდნენ,n
99a16143-0dad-4323-9709-ec730f9d4492,pres-subj,1s,-ვ-მდიდრდ-ებ-დე,n
99a16143-0dad-4323-9709-ec730f9d4492,pres-subj,2s,--მდიდრდ-ებ-დე,n
99a16143-0dad-4323-9709-ec730f9d4492,pres-subj,3s,--მდიდრდ-ებ-დეს,n
99a16143-0dad-4323-9709-ec730f9d4492,pres-subj,1p,-ვ-მდიდრდ-ებ-დეთ,n
99a16143-0dad-4323-9709-ec730f9d4492,pres-subj,2p,--მდიდრდ-ებ-დეთ,n
99a16143-0dad-4323-9709-ec730f9d4492,pres-subj,3p,--მდიდრდ-ებ-დნენ,n
99a16143-0dad-4323-9709-ec730f9d4492,fut,1s,გა-ვ-მდიდრდ-ებ-ი,n
99a16143-0dad-4323-9709-ec730f9d4492,fut,2s,გა--მდიდრდ-ებ-ი,n
99a16143-0dad-4323-9709-ec730f9d4492,fut,3s,გა--მდიდრდ-ებ-ა,n
99a16143-0dad-4323-9709-ec730f9d4492,fut,1p,გა-ვ-მდიდრდ-ებ-ით,n
99a16143-0dad-4323-9709-ec730f9d4492,fut,2p,გა--მდიდრდ-ებ-ით,n
99a16143-0dad-4323-9709-ec730f9d4492,fut,3p,გა--მდიდრდ-ებ-იან,n
99a16143-0dad-4323-9709-ec730f9d4492,cond,1s,გა-ვ-მდიდრდ-ებ-ოდი,n
99a16143-0dad-4323-9709-ec730f9d4492,cond,2s,გა--მდიდრდ-ებ-ოდი,n
99a16143-0dad-4323-9709-ec730f9d4492,cond,3s,გა--მდიდრდ-ებ-ოდა,n
99a16143-0dad-4323-9709-ec730f9d4492,cond,1p,გა-ვ-მდიდრდ-ებ-ოდით,n
99a16143-0dad-4323-9709-ec730f9d4492,cond,2p,გა--მდიდრდ-ებ-ოდით,n
99a16143-0dad-4323-9709-ec730f9d4492,cond,3p,გა--მდიდრდ-ებ-ოდნენ,n
99a16143-0dad-4323-9709-ec730f9d4492,aor,1s,გა-ვ-მდიდრდ--ი,n
99a16143-0dad-4323-9709-ec730f9d4492,aor,2s,გა--მდიდრდ--ი,n
99a16143-0dad-4323-9709-ec730f9d4492,aor,3s,გა--მდიდრდ--ა,n
99a16143-0dad-4323-9709-ec730f9d4492,aor,1p,გა-ვ-მდიდრდ--ით,n
99a16143-0dad-4323-9709-ec730f9d4492,aor,2p,გა--მდიდრდ--ით,n
99a16143-0dad-4323-9709-ec730f9d4492,aor,3p,გა--მდიდრდ--ნენ,n
99a16143-0dad-4323-9709-ec730f9d4492,opt,1s,გა-ვ-მდიდრდ--,n
99a16143-0dad-4323-9709-ec730f9d4492,opt,2s,გა--მდიდრდ--,n
99a16143-0dad-4323-9709-ec730f9d4492,opt,3s,გა--მდიდრდ--ოს,n
99a16143-0dad-4323-9709-ec730f9d4492,opt,1p,გა-ვ-მდიდრდ--ოთ,n
99a16143-0dad-4323-9709-ec730f9d4492,opt,2p,გა--მდიდრდ--ოთ,n
99a16143-0dad-4323-9709-ec730f9d4492,opt,3p,გა--მდიდრდ--ონ,n
97c19cac-c05a-44e1-975d-be2d7ac0eff6,pres,1s,და-ვ-რბ-ი-ვარ,n
97c19cac-c05a-44e1-975d-be2d7ac0eff6,pres,2s,და--რბ-ი-ხარ,n
97c19cac-c05a-44e1-975d-be2d7ac0eff6,pres,3s,და--რბ-ი-ს,n
97c19cac-c05a-44e1-975d-be2d7ac0eff6,pres,1p,და-ვ-რბ-ი-ვართ,n
97c19cac-c05a-44e1-975d-be2d7ac0eff6,pres,2p,და--რბ-ი-ხართ,n
97c19cac-c05a-44e1-975d-be2d7ac0eff6,pres,3p,და--რბ-ი-ან,n
97c19cac-c05a-44e1-975d-be2d7ac0eff6,imp,1s,და-ვ-რბ--ოდი,n
97c19cac-c05a-44e1-975d-be2d7ac0eff6,imp,2s,და--რბ--ოდი,n
97c19cac-c05a-44e1-975d-be2d7ac0eff6,imp,3s,და--რბ--ოდა,n
97c19cac-c05a-44e1-975d-be2d7ac0eff6,imp,1p,და-ვ-რბ--ოდით,n
97c19cac-c05a-44e1-975d-be2d7ac0eff6,imp,2p,და--რბ--ოდით,n
97c19cac-c05a-44e1-975d-be2d7ac0eff6,imp,3p,და--რბ--ოდნენ,n
97c19cac-c05a-44e1-975d-be2d7ac0eff6,pres-subj,1s,და-ვ-რბ-ი-დე,n
97c19cac-c05a-44e1-975d-be2d7ac0eff6,pres-subj,2s,და--რბ-ი-დე,n
97c19cac-c05a-44e1-975d-be2d7ac0eff6,pres-subj,3s,და--რბ-ი-დეს,n
97c19cac-c05a-44e1-975d-be2d7ac0eff6,pres-subj,1p,და-ვ-რბ-ი-დეთ,n
97c19cac-c05a-44e1-975d-be2d7ac0eff6,pres-subj,2p,და--რბ-ი-დეთ,n
97c19cac-c05a-44e1-975d-be2d7ac0eff6,pres-subj,3p,და--რბ-ი-დნენ,n
97c19cac-c05a-44e1-975d-be2d7ac0eff6,fut,1s,და-ვ-რბ-ი-ვარ,n
97c19cac-c05a-44e1-975d-be2d7ac0eff6,fut,2s,და--რბ-ი-ხარ,n
97c19cac-c05a-44e1-975d-be2d7ac0eff6,fut,3s,და--რბ-ი-ს,n
97c19cac-c05a-44e1-975d-be2d7ac0eff6,fut,1p,და-ვ-რბ-ი-ვართ,n
97c19cac-c05a-44e1-975d-be2d7ac0eff6,fut,2p,და--რბ-ი-ხართ,n
97c19cac-c05a-44e1-975d-be2d7ac0eff6,fut,3p,და--რბ-ი-ან,n
97c19cac-c05a-44e1-975d-be2d7ac0eff6,aor,1s,ვ-ი-რბინ--ე,y
97c19cac-c05a-44e1-975d-be2d7ac0eff6,aor,2s,-ი-რბინ--ე,y
97c19cac-c05a-44e1-975d-be2d7ac0eff6,aor,3s,-ი-რბინ--ა,y
97c19cac-c05a-44e1-975d-be2d7ac0eff6,aor,1p,ვ-ი-რბინ--ეთ,y
97c19cac-c05a-44e1-975d-be2d7ac0eff6,aor,2p,-ი-რბინ--ეთ,y
97c19cac-c05a-44e1-975d-be2d7ac0eff6,aor,3p,-ი-რბინ--ეს,y
97c19cac-c05a-44e1-975d-be2d7ac0eff6,opt,1s,ვ-ი-რბინ--,y
97c19cac-c05a-44e1-975d-be2d7ac0eff6,opt,2s,-ი-რბინ--,y
97c19cac-c05a-44e1-975d-be2d7ac0eff6,opt,3s,-ი-რბინ--ოს,y
97c19cac-c05a-44e1-975d-be2d7ac0eff6,opt,1p,ვ-ი-რბინ--ოთ,y
97c19cac-c05a-44e1-975d-be2d7ac0eff6,opt,2p,-ი-რბინ--ოთ,y
97c19cac-c05a-44e1-975d-be2d7ac0eff6,opt,3p,-ი-რბინ--ონ,y
28108441-dde7-45f1-b737-5b345c714291,pres,1s,-ვ-აკმაყოფილ-ებ-,n
28108441-dde7-45f1-b737-5b345c714291,pres,2s,--აკმაყოფილ-ებ-,n
28108441-dde7-45f1-b737-5b345c714291,pres,3s,--აკმაყოფილ-ებ-ს,n
28108441-dde7-45f1-b737-5b345c714291,pres,1p,-ვ-აკმაყოფილ-ებ-თ,n
28108441-dde7-45f1-b737-5b345c714291,pres,2p,--აკმაყოფილ-ებ-თ,n
28108441-dde7-45f1-b737-5b345c714291,pres,3p,--აკმაყოფილ-ებ-ენ,n
28108441-dde7-45f1-b737-5b345c714291,imp,1s,-ვ-აკმაყოფილ-ებ-დი,n
28108441-dde7-45f1-b737-5b345c714291,imp,2s,--აკმაყოფილ-ებ-დი,n
28108441-dde7-45f1-b737-5b345c714291,imp,3s,--აკმაყოფილ-ებ-და,n
28108441-dde7-45f1-b737-5b345c714291,imp,1p,-ვ-აკმაყოფილ-ებ-დით,n
28108441-dde7-45f1-b737-5b345c714291,imp,2p,--აკმაყოფილ-ებ-დით,n
28108441-dde7-45f1-b737-5b345c714291,imp,3p,--აკმაყოფილ-ებ-დნენ,n
28108441-dde7-45f1-b737-5b345c714291,pres-subj,1s,-ვ-აკმაყოფილ-ებ-დე,n
28108441-dde7-45f1-b737-5b345c714291,pres-subj,2s,--აკმაყოფილ-ებ-დე,n
28108441-dde7-45f1-b737-5b345c714291,pres-subj,3s,--აკმაყოფილ-ებ-დეს,n
28108441-dde7-45f1-b737-5b345c714291,pres-subj,1p,-ვ-აკმაყოფილ-ებ-დეთ,n
28108441-dde7-45f1-b737-5b345c714291,pres-subj,2p,--აკმაყოფილ-ებ-დეთ,n
28108441-dde7-45f1-b737-5b345c714291,pres-subj,3p,--აკმაყოფილ-ებ-დნენ,n
28108441-dde7-45f1-b737-5b345c714291,fut,1s,და-ვ-აკმაყოფილ-ებ-,n
28108441-dde7-45f1-b737-5b345c714291,fut,2s,და--აკმაყოფილ-ებ-,n
28108441-dde7-45f1-b737-5b345c714291,fut,3s,და--აკმაყოფილ-ებ-ს,n
28108441-dde7-45f1-b737-5b345c714291,fut,1p,და-ვ-აკმაყოფილ-ებ-თ,n
28108441-dde7-45f1-b737-5b345c714291,fut,2p,და--აკმაყოფილ-ებ-თ,n
28108441-dde7-45f1-b737-5b345c714291,fut,3p,და--აკმაყოფილ-ებ-ენ,n
28108441-dde7-45f1-b737-5b345c714291,cond,1s,და-ვ-აკმაყოფილ-ებ-დი,n
28108441-dde7-45f1-b737-5b345c714291,cond,2s,და--აკმაყოფილ-ებ-დი,n
28108441-dde7-45f1-b737-5b345c714291,cond,3s,და--აკმაყოფილ-ებ-და,n
28108441-dde7-45f1-b737-5b345c714291,cond,1p,და-ვ-აკმაყოფილ-ებ-დით,n
28108441-dde7-45f1-b737-5b345c714291,cond,2p,და--აკმაყოფილ-ებ-დით,n
28108441-dde7-45f1-b737-5b345c714291,cond,3p,და--აკმაყოფილ-ებ-დნენ,n
28108441-dde7-45f1-b737-5b345c714291,aor,1s,და-ვ-აკმაყოფილ--ე,n
28108441-dde7-45f1-b737-5b345c714291,aor,2s,და--აკმაყოფილ--ე,n
28108441-dde7-45f1-b737-5b345c714291,aor,3s,და--აკმაყოფილ--ა,n
28108441-dde7-45f1-b737-5b345c714291,aor,1p,და-ვ-აკმაყოფილ--ეთ,n
28108441-dde7-45f1-b737-5b345c714291,aor,2p,და--აკმაყოფილ--ეთ,n
28108441-dde7-45f1-b737-5b345c714291,aor,3p,და--აკმაყოფილ--ეს,n
28108441-dde7-45f1-b737-5b345c714291,opt,1s,და-ვ-აკმაყოფილ--,n
28108441-dde7-45f1-b737-5b345c714291,opt,2s,და--აკმაყოფილ--,n
28108441-dde7-45f1-b737-5b345c714291,opt,3s,და--აკმაყოფილ--ოს,n
28108441-dde7-45f1-b737-5b345c714291,opt,1p,და-ვ-აკმაყოფილ--ოთ,n
28108441-dde7-45f1-b737-5b345c714291,opt,2p,და--აკმაყოფილ--ოთ,n
28108441-dde7-45f1-b737-5b345c714291,opt,3p,და--აკმაყოფილ--ონ,n
ca44e8ab-9814-4fe0-9496-db07388e4a73,pres,1s,-ვ-არჩენ--,n
ca44e8ab-9814-4fe0-9496-db07388e4a73,pres,2s,--არჩენ--,n
ca44e8ab-9814-4fe0-9496-db07388e4a73,pres,3s,--არჩენ--ს,n
ca44e8ab-9814-4fe0-9496-db07388e4a73,pres,1p,-ვ-არჩენ--თ,n
ca44e8ab-9814-4fe0-9496-db07388e4a73,pres,2p,--არჩენ--თ,n
ca44e8ab-9814-4fe0-9496-db07388e4a73,pres,3p,--არჩენ--ენ,n
ca44e8ab-9814-4fe0-9496-db07388e4a73,imp,1s,-ვ-არჩენ--დი,n
ca44e8ab-9814-4fe0-9496-db07388e4a73,imp,2s,--არჩენ--დი,n
ca44e8ab-9814-4fe0-9496-db07388e4a73,imp,3s,--არჩენ--და,n
ca44e8ab-9814-4fe0-9496-db07388e4a73,imp,1p,-ვ-არჩენ--დით,n
ca44e8ab-9814-4fe0-9496-db07388e4a73,imp,2p,--არჩენ--დით,n
ca44e8ab-9814-4fe0-9496-db07388e4a73,imp,3p,--არჩენ--დნენ,n
ca44e8ab-9814-4fe0-9496-db07388e4a73,pres-subj,1s,-ვ-არჩენ--დე,n
ca44e8ab-9814-4fe0-9496-db07388e4a73,pres-subj,2s,--არჩენ--დე,n
ca44e8ab-9814-4fe0-9496-db07388e4a73,pres-subj,3s,--არჩენ--დეს,n
ca44e8ab-9814-4fe0-9496-db07388e4a73,pres-subj,1p,-ვ-არჩენ--დეთ,n
ca44e8ab-9814-4fe0-9496-db07388e4a73,pres-subj,2p,--არჩენ--დეთ,n
ca44e8ab-9814-4fe0-9496-db07388e4a73,pres-subj,3p,--არჩენ--დნენ,n
ca44e8ab-9814-4fe0-9496-db07388e4a73,fut,1s,გადა-ვ-არჩენ--,n
ca44e8ab-9814-4fe0-9496-db07388e4a73,fut,2s,გადა--არჩენ--,n
ca44e8ab-9814-4fe0-9496-db07388e4a73,fut,3s,გადა--არჩენ--ს,n
ca44e8ab-9814-4fe0-9496-db07388e4a73,fut,1p,გადა-ვ-არჩენ--თ,n
ca44e8ab-9814-4fe0-9496-db07388e4a73,fut,2p,გადა--არჩენ--თ,n
ca44e8ab-9814-4fe0-9496-db07388e4a73,fut,3p,გადა--არჩენ--ენ,n
ca44e8ab-9814-4fe0-9496-db07388e4a73,cond,1s,გადა-ვ-არჩენ--დი,n
ca44e8ab-9814-4fe0-9496-db07388e4a73,cond,2s,გადა--არჩენ--დი,n
ca44e8ab-9814-4fe0-9496-db07388e4a73,cond,3s,გადა--არჩენ--და,n
ca44e8ab-9814-4fe0-9496-db07388e4a73,cond,1p,გადა-ვ-არჩენ--დით,n
ca44e8ab-9814-4fe0-9496-db07388e4a73,cond,2p,გადა--არჩენ--დით,n
ca44e8ab-9814-4fe0-9496-db07388e4a73,cond,3p,გადა--არჩენ--დნენ,n
ca44e8ab-9814-4fe0-9496-db07388e4a73,aor,1s,გადა-ვ-არჩინ--ე,n
ca44e8ab-9814-4fe0-9496-db07388e4a73,aor,2s,გადა--არჩინ--ე,n
ca44e8ab-9814-4fe0-9496-db07388e4a73,aor,3s,გადა--არჩინ--ა,n
ca44e8ab-9814-4fe0-9496-db07388e4a73,aor,1p,გადა-ვ-არჩინ--ეთ,n
ca44e8ab-9814-4fe0-9496-db07388e4a73,aor,2p,გადა--არჩინ--ეთ,n
ca44e8ab-9814-4fe0-9496-db07388e4a73,aor,3p,გადა--არჩინ--ეს,n
ca44e8ab-9814-4fe0-9496-db07388e4a73,opt,1s,გადა-ვ-არჩინ--,n
ca44e8ab-9814-4fe0-9496-db07388e4a73,opt,2s,გადა--არჩინ--,n
ca44e8ab-9814-4fe0-9496-db07388e4a73,opt,3s,გადა--არჩინ--ოს,n
ca44e8ab-9814-4fe0-9496-db07388e4a73,opt,1p,გადა-ვ-არჩინ--ოთ,n
ca44e8ab-9814-4fe0-9496-db07388e4a73,opt,2p,გადა--არჩინ--ოთ,n
ca44e8ab-9814-4fe0-9496-db07388e4a73,opt,3p,გადა--არჩინ--ონ,n
aaf7945c-bb86-42a5-9c70-86011435433e,pres,1s,-ვ-ხერხ-ავ-,n
aaf7945c-bb86-42a5-9c70-86011435433e,pres,2s,--ხერხ-ავ-,n
aaf7945c-bb86-42a5-9c70-86011435433e,pres,3s,--ხერხ-ავ-ს,n
aaf7945c-bb86-42a5-9c70-86011435433e,pres,1p,-ვ-ხერხ-ავ-თ,n
aaf7945c-bb86-42a5-9c70-86011435433e,pres,2p,--ხერხ-ავ-თ,n
aaf7945c-bb86-42a5-9c70-86011435433e,pres,3p,--ხერხ-ავ-ენ,n
aaf7945c-bb86-42a5-9c70-86011435433e,imp,1s,-ვ-ხერხ-ავ-დი,n
aaf7945c-bb86-42a5-9c70-86011435433e,imp,2s,--ხერხ-ავ-დი,n
aaf7945c-bb86-42a5-9c70-86011435433e,imp,3s,--ხერხ-ავ-და,n
aaf7945c-bb86-42a5-9c70-86011435433e,imp,1p,-ვ-ხერხ-ავ-დით,n
aaf7945c-bb86-42a5-9c70-86011435433e,imp,2p,--ხერხ-ავ-დით,n
aaf7945c-bb86-42a5-9c70-86011435433e,imp,3p,--ხერხ-ავ-დნენ,n
aaf7945c-bb86-42a5-9c70-86011435433e,pres-subj,1s,-ვ-ხერხ-ავ-დე,n
aaf7945c-bb86-42a5-9c70-86011435433e,pres-subj,2s,--ხერხ-ავ-დე,n
aaf7945c-bb86-42a5-9c70-86011435433e,pres-subj,3s,--ხერხ-ავ-დეს,n
aaf7945c-bb86-42a5-9c70-86011435433e,pres-subj,1p,-ვ-ხერხ-ავ-დეთ,n
aaf7945c-bb86-42a5-9c70-86011435433e,pres-subj,2p,--ხერხ-ავ-დეთ,n
aaf7945c-bb86-42a5-9c70-86011435433e,pres-subj,3p,--ხერხ-ავ-დნენ,n
aaf7945c-bb86-42a5-9c70-86011435433e,fut,1s,მო-ვ-ხერხ-ავ-,n
aaf7945c-bb86-42a5-9c70-86011435433e,fut,2s,მო--ხერხ-ავ-,n
aaf7945c-bb86-42a5-9c70-86011435433e,fut,3s,მო--ხერხ-ავ-ს,n
aaf7945c-bb86-42a5-9c70-86011435433e,fut,1p,მო-ვ-ხერხ-ავ-თ,n
aaf7945c-bb86-42a5-9c70-86011435433e,fut,2p,მო--ხერხ-ავ-თ,n
aaf7945c-bb86-42a5-9c70-86011435433e,fut,3p,მო--ხერხ-ავ-ენ,n
aaf7945c-bb86-42a5-9c70-86011435433e,cond,1s,მო-ვ-ხერხ-ავ-დი,n
aaf7945c-bb86-42a5-9c70-86011435433e,cond,2s,მო--ხერხ-ავ-დი,n
aaf7945c-bb86-42a5-9c70-86011435433e,cond,3s,მო--ხერხ-ავ-და,n
aaf7945c-bb86-42a5-9c70-86011435433e,cond,1p,მო-ვ-ხერხ-ავ-დით,n
aaf7945c-bb86-42a5-9c70-86011435433e,cond,2p,მო--ხერხ-ავ-დით,n
aaf7945c-bb86-42a5-9c70-86011435433e,cond,3p,მო--ხერხ-ავ-დნენ,n
aaf7945c-bb86-42a5-9c70-86011435433e,aor,1s,მო-ვ-ახერხ--ე,n
aaf7945c-bb86-42a5-9c70-86011435433e,aor,2s,მო--ახერხ--ე,n
aaf7945c-bb86-42a5-9c70-86011435433e,aor,3s,მო--ახერხ--ა,n
aaf7945c-bb86-42a5-9c70-86011435433e,aor,1p,მო-ვ-ახერხ--ეთ,n
aaf7945c-bb86-42a5-9c70-86011435433e,aor,2p,მო--ახერხ--ეთ,n
aaf7945c-bb86-42a5-9c70-86011435433e,aor,3p,მო--ახერხ--ეს,n
aaf7945c-bb86-42a5-9c70-86011435433e,opt,1s,მო-ვ-ახერხ--,n
aaf7945c-bb86-42a5-9c70-86011435433e,opt,2s,მო--ახერხ--,n
aaf7945c-bb86-42a5-9c70-86011435433e,opt,3s,მო--ახერხ--ოს,n
aaf7945c-bb86-42a5-9c70-86011435433e,opt,1p,მო-ვ-ახერხ--ოთ,n
aaf7945c-bb86-42a5-9c70-86011435433e,opt,2p,მო--ახერხ--ოთ,n
aaf7945c-bb86-42a5-9c70-86011435433e,opt,3p,მო--ახერხ--ონ,n
89e3ceab-12ed-4e34-86ce-99981f11631a,pres,1s,-ვ-ამბ-ობ-,n
89e3ceab-12ed-4e34-86ce-99981f11631a,pres,2s,--ამბ-ობ-,n
89e3ceab-12ed-4e34-86ce-99981f11631a,pres,3s,--ამბ-ობ-ს,n
89e3ceab-12ed-4e34-86ce-99981f11631a,pres,1p,-ვ-ამბ-ობ-თ,n
89e3ceab-12ed-4e34-86ce-99981f11631a,pres,2p,--ამბ-ობ-თ,n
89e3ceab-12ed-4e34-86ce-99981f11631a,pres,3p,--ამბ-ობ-ენ,n
89e3ceab-12ed-4e34-86ce-99981f11631a,imp,1s,-ვ-ამბ-ობ-დი,n
89e3ceab-12ed-4e34-86ce-99981f11631a,imp,2s,--ამბ-ობ-დი,n
89e3ceab-12ed-4e34-86ce-99981f11631a,imp,3s,--ამბ-ობ-და,n
89e3ceab-12ed-4e34-86ce-99981f11631a,imp,1p,-ვ-ამბ-ობ-დით,n
89e3ceab-12ed-4e34-86ce-99981f11631a,imp,2p,--ამბ-ობ-დით,n
89e3ceab-12ed-4e34-86ce-99981f11631a,imp,3p,--ამბ-ობ-დნენ,n
89e3ceab-12ed-4e34-86ce-99981f11631a,pres-subj,1s,-ვ-ამბ-ობ-დე,n
89e3ceab-12ed-4e34-86ce-99981f11631a,pres-subj,2s,--ამბ-ობ-დე,n
89e3ceab-12ed-4e34-86ce-99981f11631a,pres-subj,3s,--ამბ-ობ-დეს,n
89e3ceab-12ed-4e34-86ce-99981f11631a,pres-subj,1p,-ვ-ამბ-ობ-დეთ,n
89e3ceab-12ed-4e34-86ce-99981f11631a,pres-subj,2p,--ამბ-ობ-დეთ,n
89e3ceab-12ed-4e34-86ce-99981f11631a,pres-subj,3p,--ამბ-ობ-დნენ,n
89e3ceab-12ed-4e34-86ce-99981f11631a,fut,1s,ვ-ი-ტყვ-ი-,y
89e3ceab-12ed-4e34-86ce-99981f11631a,fut,2s,-ი-ტყვ-ი-,y
89e3ceab-12ed-4e34-86ce-99981f11631a,fut,3s,-ი-ტყვ-ი-ს,y
89e3ceab-12ed-4e34-86ce-99981f11631a,fut,1p,ვ-ი-ტყვ-ი-თ,y
89e3ceab-12ed-4e34-86ce-99981f11631a,fut,2p,-ი-ტყვ-ი-თ,y
89e3ceab-12ed-4e34-86ce-99981f11631a,fut,3p,-ი-ტყვ-ი-ან,y
89e3ceab-12ed-4e34-86ce-99981f11631a,aor,1s,-ვ-თქვ--ი,n
89e3ceab-12ed-4e34-86ce-99981f11631a,aor,2s,--თქვ--ი,n
89e3ceab-12ed-4e34-86ce-99981f11631a,aor,3s,--თქვ--ა,n
89e3ceab-12ed-4e34-86ce-99981f11631a,aor,1p,-ვ-თქვ--ით,n
89e3ceab-12ed-4e34-86ce-99981f11631a,aor,2p,--თქვ--ით,n
89e3ceab-12ed-4e34-86ce-99981f11631a,aor,3p,--თქვ--ეს,n
89e3ceab-12ed-4e34-86ce-99981f11631a,opt,1s,-ვ-თქვ--,n
89e3ceab-12ed-4e34-86ce-99981f11631a,opt,2s,--თქვ--,n
89e3ceab-12ed-4e34-86ce-99981f11631a,opt,3s,--თქვ--ოს,n
89e3ceab-12ed-4e34-86ce-99981f11631a,opt,1p,-ვ-თქვ--ოთ,n
89e3ceab-12ed-4e34-86ce-99981f11631a,opt,2p,--თქვ--ოთ,n
89e3ceab-12ed-4e34-86ce-99981f11631a,opt,3p,--თქვ--ონ,n
49bae755-6a2a-4224-870c-dc7a96ba8655,pres,1s,-ვ-იხეხ-ავ-,n
49bae755-6a2a-4224-870c-dc7a96ba8655,pres,2s,--იხეხ-ავ-,n
49bae755-6a2a-4224-870c-dc7a96ba8655,pres,3s,--იხეხ-ავ-ს,n
49bae755-6a2a-4224-870c-dc7a96ba8655,pres,1p,-ვ-იხეხ-ავ-თ,n
49bae755-6a2a-4224-870c-dc7a96ba8655,pres,2p,--იხეხ-ავ-თ,n
49bae755-6a2a-4224-870c-dc7a96ba8655,pres,3p,--იხეხ-ავ-ენ,n
49bae755-6a2a-4224-870c-dc7a96ba8655,imp,1s,-ვ-იხეხ-ავ-დი,n
49bae755-6a2a-4224-870c-dc7a96ba8655,imp,2s,--იხეხ-ავ-დი,n
49bae755-6a2a-4224-870c-dc7a96ba8655,imp,3s,--იხეხ-ავ-და,n
49bae755-6a2a-4224-870c-dc7a96ba8655,imp,1p,-ვ-იხეხ-ავ-დით,n
49bae755-6a2a-4224-870c-dc7a96ba8655,imp,2p,--იხეხ-ავ-დით,n
49bae755-6a2a-4224-870c-dc7a96ba8655,imp,3p,--იხეხ-ავ-დნენ,n
49bae755-6a2a-4224-870c-dc7a96ba8655,pres-subj,1s,-ვ-იხეხ-ავ-დე,n
49bae755-6a2a-4224-870c-dc7a96ba8655,pres-subj,2s,--იხეხ-ავ-დე,n
49bae755-6a2a-4224-870c-dc7a96ba8655,pres-subj,3s,--იხეხ-ავ-დეს,n
49bae755-6a2a-4224-870c-dc7a96ba8655,pres-subj,1p,-ვ-იხეხ-ავ-დეთ,n
49bae755-6a2a-4224-870c-dc7a96ba8655,pres-subj,2p,--იხეხ-ავ-დეთ,n
49bae755-6a2a-4224-870c-dc7a96ba8655,pres-subj,3p,--იხეხ-ავ-დნენ,n
49bae755-6a2a-4224-870c-dc7a96ba8655,fut,1s,გა-ვ-იხეხ-ავ-,n
49bae755-6a2a-4224-870c-dc7a96ba8655,fut,2s,გა--იხეხ-ავ-,n
49bae755-6a2a-4224-870c-dc7a96ba8655,fut,3s,გა--იხეხ-ავ-ს,n
49bae755-6a2a-4224-870c-dc7a96ba8655,fut,1p,გა-ვ-იხეხ-ავ-თ,n
49bae755-6a2a-4224-870c-dc7a96ba8655,fut,2p,გა--იხეხ-ავ-თ,n
49bae755-6a2a-4224-870c-dc7a96ba8655,fut,3p,გა--იხეხ-ავ-ენ,n
49bae755-6a2a-4224-870c-dc7a96ba8655,cond,1s,გა-ვ-იხეხ-ავ-დი,n
49bae755-6a2a-4224-870c-dc7a96ba8655,cond,2s,გა--იხეხ-ავ-დი,n
49bae755-6a2a-4224-870c-dc7a96ba8655,cond,3s,გა--იხეხ-ავ-და,n
49bae755-6a2a-4224-870c-dc7a96ba8655,cond,1p,გა-ვ-იხეხ-ავ-დით,n
49bae755-6a2a-4224-870c-dc7a96ba8655,cond,2p,გა--იხეხ-ავ-დით,n
49bae755-6a2a-4224-870c-dc7a96ba8655,cond,3p,გა--იხეხ-ავ-დნენ,n
49bae755-6a2a-4224-870c-dc7a96ba8655,aor,1s,გა-ვ-იხეხ--ე,n
49bae755-6a2a-4224-870c-dc7a96ba8655,aor,2s,გა--იხეხ--ე,n
49bae755-6a2a-4224-870c-dc7a96ba8655,aor,3s,გა--იხეხ--ა,n
49bae755-6a2a-4224-870c-dc7a96ba8655,aor,1p,გა-ვ-იხეხ--ეთ,n
49bae755-6a2a-4224-870c-dc7a96ba8655,aor,2p,გა--იხეხ--ეთ,n
49bae755-6a2a-4224-870c-dc7a96ba8655,aor,3p,გა--იხეხ--ეს,n
49bae755-6a2a-4224-870c-dc7a96ba8655,opt,1s,გა-ვ-იხეხ--,n
49bae755-6a2a-4224-870c-dc7a96ba8655,opt,2s,გა--იხეხ--,n
49bae755-6a2a-4224-870c-dc7a96ba8655,opt,3s,გა--იხეხ--ოს,n
49bae755-6a2a-4224-870c-dc7a96ba8655,opt,1p,გა-ვ-იხეხ--ოთ,n
49bae755-6a2a-4224-870c-dc7a96ba8655,opt,2p,გა--იხეხ--ოთ,n
49bae755-6a2a-4224-870c-dc7a96ba8655,opt,3p,გა--იხეხ--ონ,n
c828c499-c96b-452b-a25a-6b76c33abe42,pres,1s,-ვ-ხედ-ავ-,n
c828c499-c96b-452b-a25a-6b76c33abe42,pres,2s,--ხედ-ავ-,n
c828c499-c96b-452b-a25a-6b76c33abe42,pres,3s,--ხედ-ავ-ს,n
c828c499-c96b-452b-a25a-6b76c33abe42,pres,1p,-ვ-ხედ-ავ-თ,n
c828c499-c96b-452b-a25a-6b76c33abe42,pres,2p,--ხედ-ავ-თ,n
c828c499-c96b-452b-a25a-6b76c33abe42,pres,3p,--ხედ-ავ-ენ,n
c828c499-c96b-452b-a25a-6b76c33abe42,imp,1s,-ვ-ხედ-ავ-დი,n
c828c499-c96b-452b-a25a-6b76c33abe42,imp,2s,--ხედ-ავ-დი,n
c828c499-c96b-452b-a25a-6b76c33abe42,imp,3s,--ხედ-ავ-და,n
c828c499-c96b-452b-a25a-6b76c33abe42,imp,1p,-ვ-ხედ-ავ-დით,n
c828c499-c96b-452b-a25a-6b76c33abe42,imp,2p,--ხედ-ავ-დით,n
c828c499-c96b-452b-a25a-6b76c33abe42,imp,3p,--ხედ-ავ-დნენ,n
c828c499-c96b-452b-a25a-6b76c33abe42,pres-subj,1s,-ვ-ხედ-ავ-დე,n
c828c499-c96b-452b-a25a-6b76c33abe42,pres-subj,2s,--ხედ-ავ-დე,n
c828c499-c96b-452b-a25a-6b76c33abe42,pres-subj,3s,--ხედ-ავ-დეს,n
c828c499-c96b-452b-a25a-6b76c33abe42,pres-subj,1p,-ვ-ხედ-ავ-დეთ,n
c828c499-c96b-452b-a25a-6b76c33abe42,pres-subj,2p,--ხედ-ავ-დეთ,n
c828c499-c96b-452b-a25a-6b76c33abe42,pres-subj,3p,--ხედ-ავ-დნენ,n
c828c499-c96b-452b-a25a-6b76c33abe42,fut,1s,-ვ-ნახ-ავ-,n
c828c499-c96b-452b-a25a-6b76c33abe42,fut,2s,--ნახ-ავ-,n
c828c499-c96b-452b-a25a-6b76c33abe42,fut,3s,--ნახ-ავ-ს,n
c828c499-c96b-452b-a25a-6b76c33abe42,fut,1p,-ვ-ნახ-ავ-თ,n
c828c499-c96b-452b-a25a-6b76c33abe42,fut,2p,--ნახ-ავ-თ,n
c828c499-c96b-452b-a25a-6b76c33abe42,fut,3p,--ნახ-ავ-ენ,n
c828c499-c96b-452b-a25a-6b76c33abe42,cond,1s,-ვ-ნახ-ავ-დი,n
c828c499-c96b-452b-a25a-6b76c33abe42,cond,2s,--ნახ-ავ-დი,n
c828c499-c96b-452b-a25a-6b76c33abe42,cond,3s,--ნახ-ავ-და,n
c828c499-c96b-452b-a25a-6b76c33abe42,cond,1p,-ვ-ნახ-ავ-დით,n
c828c499-c96b-452b-a25a-6b76c33abe42,cond,2p,--ნახ-ავ-დით,n
c828c499-c96b-452b-a25a-6b76c33abe42,cond,3p,--ნახ-ავ-დნენ,n
c828c499-c96b-452b-a25a-6b76c33abe42,aor,1s,-ვ-ნახ--ე,n
c828c499-c96b-452b-a25a-6b76c33abe42,aor,2s,--ნახ--ე,n
c828c499-c96b-452b-a25a-6b76c33abe42,aor,3s,--ნახ--ა,n
c828c499-c96b-452b-a25a-6b76c33abe42,aor,1p,-ვ-ნახ--ეთ,n
c828c499-c96b-452b-a25a-6b76c33abe42,aor,2p,--ნახ--ეთ,n
c828c499-c96b-452b-a25a-6b76c33abe42,aor,3p,--ნახ--ეს,n
c828c499-c96b-452b-a25a-6b76c33abe42,opt,1s,-ვ-ნახ--,n
c828c499-c96b-452b-a25a-6b76c33abe42,opt,2s,--ნახ--,n
c828c499-c96b-452b-a25a-6b76c33abe42,opt,3s,--ნახ--ოს,n
c828c499-c96b-452b-a25a-6b76c33abe42,opt,1p,-ვ-ნახ--ოთ,n
c828c499-c96b-452b-a25a-6b76c33abe42,opt,2p,--ნახ--ოთ,n
c828c499-c96b-452b-a25a-6b76c33abe42,opt,3p,--ნახ--ონ,n
46052b22-4790-4c71-af9c-e3cd0e24fdb2,pres,1s,-მ-გონი--ა,n
46052b22-4790-4c71-af9c-e3cd0e24fdb2,pres,2s,-გ-გონი--ა,n
46052b22-4790-4c71-af9c-e3cd0e24fdb2,pres,3s,-ჰ-გონი--ა,n
46052b22-4790-4c71-af9c-e3cd0e24fdb2,pres,1p,-გვ-გონი--ა,n
46052b22-4790-4c71-af9c-e3cd0e24fdb2,pres,2p,-გ-გონი--ათ,n
46052b22-4790-4c71-af9c-e3cd0e24fdb2,pres,3p,-ჰ-გონი--ათ,n
46052b22-4790-4c71-af9c-e3cd0e24fdb2,imp,1s,-მ-ეგონ--ა,n
46052b22-4790-4c71-af9c-e3cd0e24fdb2,imp,2s,-გ-ეგონ--ა,n
46052b22-4790-4c71-af9c-e3cd0e24fdb2,imp,3s,--ეგონ--ა,n
46052b22-4790-4c71-af9c-e3cd0e24fdb2,imp,1p,-გვ-ეგონ--ა,n
46052b22-4790-4c71-af9c-e3cd0e24fdb2,imp,2p,-გ-ეგონ--ათ,n
46052b22-4790-4c71-af9c-e3cd0e24fdb2,imp,3p,--ეგონ--ათ,n
46052b22-4790-4c71-af9c-e3cd0e24fdb2,pres-subj,1s,-მ-გონი--ოდეს,n
46052b22-4790-4c71-af9c-e3cd0e24fdb2,pres-subj,2s,-გ-გონი--ოდეს,n
46052b22-4790-4c71-af9c-e3cd0e24fdb2,pres-subj,3s,-ჰ-გონი--ოდეს,n
46052b22-4790-4c71-af9c-e3cd0e24fdb2,pres-subj,1p,-გვ-გონი--ოდეს,n
46052b22-4790-4c71-af9c-e3cd0e24fdb2,pres-subj,2p,-გ-გონი--ოდეთ,n
46052b22-4790-4c71-af9c-e3cd0e24fdb2,pres-subj,3p,-ჰ-გონი--ოდეთ,n
46052b22-4790-4c71-af9c-e3cd0e24fdb2,fut,1s,-მ-ეგონ-ებ-ა,n
46052b22-4790-4c71-af9c-e3cd0e24fdb2,fut,2s,-გ-ეგონ-ებ-ა,n
46052b22-4790-4c71-af9c-e3cd0e24fdb2,fut,3s,--ეგონ-ებ-ა,n
46052b22-4790-4c71-af9c-e3cd0e24fdb2,fut,1p,-გვ-ეგონ-ებ-ა,n
46052b22-4790-4c71-af9c-e3cd0e24fdb2,fut,2p,-გ-ეგონ-ებ-ათ,n
46052b22-4790-4c71-af9c-e3cd0e24fdb2,fut,3p,--ეგონ-ებ-ათ,n
46052b22-4790-4c71-af9c-e3cd0e24fdb2,cond,1s,-მ-ეგონ-ებ-დი,n
46052b22-4790-4c71-af9c-e3cd0e24fdb2,cond,2s,-გ-ეგონ-ებ-დი,n
46052b22-4790-4c71-af9c-e3cd0e24fdb2,cond,3s,--ეგონ-ებ-და,n
46052b22-4790-4c71-af9c-e3cd0e24fdb2,cond,1p,-გვ-ეგონ-ებ-დით,n
46052b22-4790-4c71-af9c-e3cd0e24fdb2,cond,2p,-გ-ეგონ-ებ-დით,n
46052b22-4790-4c71-af9c-e3cd0e24fdb2,cond,3p,--ეგონ-ებ-დნენ,n
46052b22-4790-4c71-af9c-e3cd0e24fdb2,aor,1s,-მ-ეგონ--ა,n
46052b22-4790-4c71-af9c-e3cd0e24fdb2,aor,2s,-გ-ეგონ--ა,n
46052b22-4790-4c71-af9c-e3cd0e24fdb2,aor,3s,--ეგონ--ა,n
46052b22-4790-4c71-af9c-e3cd0e24fdb2,aor,1p,-გვ-ეგონ--ა,n
46052b22-4790-4c71-af9c-e3cd0e24fdb2,aor,2p,-გ-ეგონ--ათ,n
46052b22-4790-4c71-af9c-e3cd0e24fdb2,aor,3p,--ეგონ--ათ,n
46052b22-4790-4c71-af9c-e3cd0e24fdb2,opt,1s,-მ-ეგონ--ოს,n
46052b22-4790-4c71-af9c-e3cd0e24fdb2,opt,2s,-გ-ეგონ--ოს,n
46052b22-4790-4c71-af9c-e3cd0e24fdb2,opt,3s,--ეგონ--ოს,n
46052b22-4790-4c71-af9c-e3cd0e24fdb2,opt,1p,-გვ-ეგონ--ოს,n
46052b22-4790-4c71-af9c-e3cd0e24fdb2,opt,2p,-გ-ეგონ--ოთ,n
46052b22-4790-4c71-af9c-e3cd0e24fdb2,opt,3p,--ეგონ--ოთ,n
2bb89224-2f40-4f41-9852-6ee677bacac5,pres,1s,-ვ-ყიდ-ი-,n
2bb89224-2f40-4f41-9852-6ee677bacac5,pres,2s,--ყიდ-ი-,n
2bb89224-2f40-4f41-9852-6ee677bacac5,pres,3s,--ყიდ-ი-ს,n
2bb89224-2f40-4f41-9852-6ee677bacac5,pres,1p,-ვ-ყიდ-ი-თ,n
2bb89224-2f40-4f41-9852-6ee677bacac5,pres,2p,--ყიდ-ი-თ,n
2bb89224-2f40-4f41-9852-6ee677bacac5,pres,3p,--ყიდ-ი-ან,n
2bb89224-2f40-4f41-9852-6ee677bacac5,imp,1s,-ვ-ყიდ-ი-დი,n
2bb89224-2f40-4f41-9852-6ee677bacac5,imp,2s,--ყიდ-ი-დი,n
2bb89224-2f40-4f41-9852-6ee677bacac5,imp,3s,--ყიდ-ი-და,n
2bb89224-2f40-4f41-9852-6ee677bacac5,imp,1p,-ვ-ყიდ-ი-დით,n
2bb89224-2f40-4f41-9852-6ee677bacac5,imp,2p,--ყიდ-ი-დით,n
2bb89224-2f40-4f41-9852-6ee677bacac5,imp,3p,--ყიდ-ი-დნენ,n
2bb89224-2f40-4f41-9852-6ee677bacac5,pres-subj,1s,-ვ-ყიდ-ი-დე,n
2bb89224-2f40-4f41-9852-6ee677bacac5,pres-subj,2s,--ყიდ-ი-დე,n
2bb89224-2f40-4f41-9852-6ee677bacac5,pres-subj,3s,--ყიდ-ი-დეს,n
2bb89224-2f40-4f41-9852-6ee677bacac5,pres-subj,1p,-ვ-ყიდ-ი-დეთ,n
2bb89224-2f40-4f41-9852-6ee677bacac5,pres-subj,2p,--ყიდ-ი-დეთ,n
2bb89224-2f40-4f41-9852-6ee677bacac5,pres-subj,3p,--ყიდ-ი-დნენ,n
2bb89224-2f40-4f41-9852-6ee677bacac5,fut,1s,გა-ვ-ყიდ-ი-,n
2bb89224-2f40-4f41-9852-6ee677bacac5,fut,2s,გა--ყიდ-ი-,n
2bb89224-2f40-4f41-9852-6ee677bacac5,fut,3s,გა--ყიდ-ი-ს,n
2bb89224-2f40-4f41-9852-6ee677bacac5,fut,1p,გა-ვ-ყიდ-ი-თ,n
2bb89224-2f40-4f41-9852-6ee677bacac5,fut,2p,გა--ყიდ-ი-თ,n
2bb89224-2f40-4f41-9852-6ee677bacac5,fut,3p,გა--ყიდ-ი-ან,n
2bb89224-2f40-4f41-9852-6ee677bacac5,cond,1s,გა-ვ-ყიდ-ი-დი,n
2bb89224-2f40-4f41-9852-6ee677bacac5,cond,2s,გა--ყიდ-ი-დი,n
2bb89224-2f40-4f41-9852-6ee677bacac5,cond,3s,გა--ყიდ-ი-და,n
2bb89224-2f40-4f41-9852-6ee677bacac5,cond,1p,გა-ვ-ყიდ-ი-დით,n
2bb89224-2f40-4f41-9852-6ee677bacac5,cond,2p,გა--ყიდ-ი-დით,n
2bb89224-2f40-4f41-9852-6ee677bacac5,cond,3p,გა--ყიდ-ი-დნენ,n
2bb89224-2f40-4f41-9852-6ee677bacac5,aor,1s,გა-ვ-ყიდ--ე,n
2bb89224-2f40-4f41-9852-6ee677bacac5,aor,2s,გა--ყიდ--ე,n
2bb89224-2f40-4f41-9852-6ee677bacac5,aor,3s,გა--ყიდ--ა,n
2bb89224-2f40-4f41-9852-6ee677bacac5,aor,1p,გა-ვ-ყიდ--ეთ,n
2bb89224-2f40-4f41-9852-6ee677bacac5,aor,2p,გა--ყიდ--ეთ,n
2bb89224-2f40-4f41-9852-6ee677bacac5,aor,3p,გა--ყიდ--ეს,n
2bb89224-2f40-4f41-9852-6ee677bacac5,opt,1s,გა-ვ-ყიდ--,n
2bb89224-2f40-4f41-9852-6ee677bacac5,opt,2s,გა--ყიდ--,n
2bb89224-2f40-4f41-9852-6ee677bacac5,opt,3s,გა--ყიდ--ოს,n
2bb89224-2f40-4f41-9852-6ee677bacac5,opt,1p,გა-ვ-ყიდ--ოთ,n
2bb89224-2f40-4f41-9852-6ee677bacac5,opt,2p,გა--ყიდ--ოთ,n
2bb89224-2f40-4f41-9852-6ee677bacac5,opt,3p,გა--ყიდ--ონ,n
2a7194d9-0148-499b-bd09-6963f3fa41b1,pres,1s,-ვ-გზავნ-ი-,n
2a7194d9-0148-499b-bd09-6963f3fa41b1,pres,2s,--გზავნ-ი-,n
2a7194d9-0148-499b-bd09-6963f3fa41b1,pres,3s,--გზავნ-ი-ს,n
2a7194d9-0148-499b-bd09-6963f3fa41b1,pres,1p,-ვ-გზავნ-ი-თ,n
2a7194d9-0148-499b-bd09-6963f3fa41b1,pres,2p,--გზავნ-ი-თ,n
2a7194d9-0148-499b-bd09-6963f3fa41b1,pres,3p,--გზავნ-ი-ან,n
2a7194d9-0148-499b-bd09-6963f3fa41b1,imp,1s,-ვ-გზავნ-ი-დი,n
2a7194d9-0148-499b-bd09-6963f3fa41b1,imp,2s,--გზავნ-ი-დი,n
2a7194d9-0148-499b-bd09-6963f3fa41b1,imp,3s,--გზავნ-ი-და,n
2a7194d9-0148-499b-bd09-6963f3fa41b1,imp,1p,-ვ-გზავნ-ი-დით,n
2a7194d9-0148-499b-bd09-6963f3fa41b1,imp,2p,--გზავნ-ი-დით,n
2a7194d9-0148-499b-bd09-6963f3fa41b1,imp,3p,--გზავნ-ი-დნენ,n
2a7194d9-0148-499b-bd09-6963f3fa41b1,pres-subj,1s,-ვ-გზავნ-ი-დე,n
2a7194d9-0148-499b-bd09-6963f3fa41b1,pres-subj,2s,--გზავნ-ი-დე,n
2a7194d9-0148-499b-bd09-6963f3fa41b1,pres-subj,3s,--გზავნ-ი-დეს,n
2a7194d9-0148-499b-bd09-6963f3fa41b1,pres-subj,1p,-ვ-გზავნ-ი-დეთ,n
2a7194d9-0148-499b-bd09-6963f3fa41b1,pres-subj,2p,--გზავნ-ი-დეთ,n
2a7194d9-0148-499b-bd09-6963f3fa41b1,pres-subj,3p,--გზავნ-ი-დნენ,n
2a7194d9-0148-499b-bd09-6963f3fa41b1,fut,1s,გა-ვ-გზავნ-ი-,n
2a7194d9-0148-499b-bd09-6963f3fa41b1,fut,2s,გა--გზავნ-ი-,n
2a7194d9-0148-499b-bd09-6963f3fa41b1,fut,3s,გა--გზავნ-ი-ს,n
2a7194d9-0148-499b-bd09-6963f3fa41b1,fut,1p,გა-ვ-გზავნ-ი-თ,n
2a7194d9-0148-499b-bd09-6963f3fa41b1,fut,2p,გა--გზავნ-ი-თ,n
2a7194d9-0148-499b-bd09-6963f3fa41b1,fut,3p,გა--გზავნ-ი-ან,n
2a7194d9-0148-499b-bd09-6963f3fa41b1,cond,1s,გა-ვ-გზავნ-ი-დი,n
2a7194d9-0148-499b-bd09-6963f3fa41b1,cond,2s,გა--გზავნ-ი-დი,n
2a7194d9-0148-499b-bd09-6963f3fa41b1,cond,3s,გა--გზავნ-ი-და,n
2a7194d9-0148-499b-bd09-6963f3fa41b1,cond,1p,გა-ვ-გზავნ-ი-დით,n
2a7194d9-0148-499b-bd09-6963f3fa41b1,cond,2p,გა--გზავნ-ი-დით,n
2a7194d9-0148-499b-bd09-6963f3fa41b1,cond,3p,გა--გზავნ-ი-დნენ,n
2a7194d9-0148-499b-bd09-6963f3fa41b1,aor,1s,გა-ვ-გზავნ--ე,n
2a7194d9-0148-499b-bd09-6963f3fa41b1,aor,2s,გა--გზავნ--ე,n
2a7194d9-0148-499b-bd09-6963f3fa41b1,aor,3s,გა--გზავნ--ა,n
2a7194d9-0148-499b-bd09-6963f3fa41b1,aor,1p,გა-ვ-გზავნ--ეთ,n
2a7194d9-0148-499b-bd09-6963f3fa41b1,aor,2p,გა--გზავნ--ეთ,n
2a7194d9-0148-499b-bd09-6963f3fa41b1,aor,3p,გა--გზავნ--ეს,n
2a7194d9-0148-499b-bd09-6963f3fa41b1,opt,1s,გა-ვ-გზავნ--,n
2a7194d9-0148-499b-bd09-6963f3fa41b1,opt,2s,გა--გზავნ--,n
2a7194d9-0148-499b-bd09-6963f3fa41b1,opt,3s,გა--გზავნ--ოს,n
2a7194d9-0148-499b-bd09-6963f3fa41b1,opt,1p,გა-ვ-გზავნ--ოთ,n
2a7194d9-0148-499b-bd09-6963f3fa41b1,opt,2p,გა--გზავნ--ოთ,n
2a7194d9-0148-499b-bd09-6963f3fa41b1,opt,3p,გა--გზავნ--ონ,n
f03b62af-2e80-40f1-bd1f-851c0033f569,pres,1s,-ვ-ყოფ--,n
f03b62af-2e80-40f1-bd1f-851c0033f569,pres,2s,--ყოფ--,n
f03b62af-2e80-40f1-bd1f-851c0033f569,pres,3s,--ყოფ--ს,n
f03b62af-2e80-40f1-bd1f-851c0033f569,pres,1p,-ვ-ყოფ--თ,n
f03b62af-2e80-40f1-bd1f-851c0033f569,pres,2p,--ყოფ--თ,n
f03b62af-2e80-40f1-bd1f-851c0033f569,pres,3p,--ყოფ--ენ,n
f03b62af-2e80-40f1-bd1f-851c0033f569,imp,1s,-ვ-ყოფ--დი,n
f03b62af-2e80-40f1-bd1f-851c0033f569,imp,2s,--ყოფ--დი,n
f03b62af-2e80-40f1-bd1f-851c0033f569,imp,3s,--ყოფ--და,n
f03b62af-2e80-40f1-bd1f-851c0033f569,imp,1p,-ვ-ყოფ--დით,n
f03b62af-2e80-40f1-bd1f-851c0033f569,imp,2p,--ყოფ--დით,n
f03b62af-2e80-40f1-bd1f-851c0033f569,imp,3p,--ყოფ--დნენ,n
f03b62af-2e80-40f1-bd1f-851c0033f569,pres-subj,1s,-ვ-ყოფ--დე,n
f03b62af-2e80-40f1-bd1f-851c0033f569,pres-subj,2s,--ყოფ--დე,n
f03b62af-2e80-40f1-bd1f-851c0033f569,pres-subj,3s,--ყოფ--დეს,n
f03b62af-2e80-40f1-bd1f-851c0033f569,pres-subj,1p,-ვ-ყოფ--დეთ,n
f03b62af-2e80-40f1-bd1f-851c0033f569,pres-subj,2p,--ყოფ--დეთ,n
f03b62af-2e80-40f1-bd1f-851c0033f569,pres-subj,3p,--ყოფ--დნენ,n
f03b62af-2e80-40f1-bd1f-851c0033f569,fut,1s,და-ვ-ყოფ--,n
f03b62af-2e80-40f1-bd1f-851c0033f569,fut,2s,და--ყოფ--,n
f03b62af-2e80-40f1-bd1f-851c0033f569,fut,3s,და--ყოფ--ს,n
f03b62af-2e80-40f1-bd1f-851c0033f569,fut,1p,და-ვ-ყოფ--თ,n
f03b62af-2e80-40f1-bd1f-851c0033f569,fut,2p,და--ყოფ--თ,n
f03b62af-2e80-40f1-bd1f-851c0033f569,fut,3p,და--ყოფ--ენ,n
f03b62af-2e80-40f1-bd1f-851c0033f569,cond,1s,და-ვ-ყოფ--დი,n
f03b62af-2e80-40f1-bd1f-851c0033f569,cond,2s,და--ყოფ--დი,n
f03b62af-2e80-40f1-bd1f-851c0033f569,cond,3s,და--ყოფ--და,n
f03b62af-2e80-40f1-bd1f-851c0033f569,cond,1p,და-ვ-ყოფ--დით,n
f03b62af-2e80-40f1-bd1f-851c0033f569,cond,2p,და--ყოფ--დით,n
f03b62af-2e80-40f1-bd1f-851c0033f569,cond,3p,და--ყოფ--დნენ,n
f03b62af-2e80-40f1-bd1f-851c0033f569,aor,1s,და-ვ-ყავ--ი,n
f03b62af-2e80-40f1-bd1f-851c0033f569,aor,2s,და--ყავ--ი,n
f03b62af-2e80-40f1-bd1f-851c0033f569,aor,3s,და--ყ--ო,n
f03b62af-2e80-40f1-bd1f-851c0033f569,aor,1p,და-ვ-ყავ--ით,n
f03b62af-2e80-40f1-bd1f-851c0033f569,aor,2p,და--ყავ--ით,n
f03b62af-2e80-40f1-bd1f-851c0033f569,aor,3p,და--ყვ--ეს,n
f03b62af-2e80-40f1-bd1f-851c0033f569,opt,1s,და-ვ-ყავ--ა,n
f03b62af-2e80-40f1-bd1f-851c0033f569,opt,2s,და--ყავ--ა,n
f03b62af-2e80-40f1-bd1f-851c0033f569,opt,3s,და--ყ--ას,n
f03b62af-2e80-40f1-bd1f-851c0033f569,opt,1p,და-ვ-ყავ--ათ,n
f03b62af-2e80-40f1-bd1f-851c0033f569,opt,2p,და--ყავ--ათ,n
f03b62af-2e80-40f1-bd1f-851c0033f569,opt,3p,და--ყვ--ან,n
582331e1-fd26-4279-bc71-636680762518,pres,1s,-ვ-ემსახურ-ებ-ი,n
582331e1-fd26-4279-bc71-636680762518,pres,2s,--ემსახურ-ებ-ი,n
582331e1-fd26-4279-bc71-636680762518,pres,3s,--ემსახურ-ებ-ა,n
582331e1-fd26-4279-bc71-636680762518,pres,1p,-ვ-ემსახურ-ებ-ით,n
582331e1-fd26-4279-bc71-636680762518,pres,2p,--ემსახურ-ებ-ით,n
582331e1-fd26-4279-bc71-636680762518,pres,3p,--ემსახურ-ებ-იან,n
582331e1-fd26-4279-bc71-636680762518,imp,1s,-ვ-ემსახურ-ებ-ოდი,n
582331e1-fd26-4279-bc71-636680762518,imp,2s,--ემსახურ-ებ-ოდი,n
582331e1-fd26-4279-bc71-636680762518,imp,3s,--ემსახურ-ებ-ოდა,n
582331e1-fd26-4279-bc71-636680762518,imp,1p,-ვ-ემსახურ-ებ-ოდით,n
582331e1-fd26-4279-bc71-636680762518,imp,2p,--ემსახურ-ებ-ოდით,n
582331e1-fd26-4279-bc71-636680762518,imp,3p,--ემსახურ-ებ-ოდნენ,n
582331e1-fd26-4279-bc71-636680762518,pres-subj,1s,-ვ-ემსახურ-ებ-დე,n
582331e1-fd26-4279-bc71-636680762518,pres-subj,2s,--ემსახურ-ებ-დე,n
582331e1-fd26-4279-bc71-636680762518,pres-subj,3s,--ემსახურ-ებ-დეს,n
582331e1-fd26-4279-bc71-636680762518,pres-subj,1p,-ვ-ემსახურ-ებ-დეთ,n
582331e1-fd26-4279-bc71-636680762518,pres-subj,2p,--ემსახურ-ებ-დეთ,n
582331e1-fd26-4279-bc71-636680762518,pres-subj,3p,--ემსახურ-ებ-დნენ,n
582331e1-fd26-4279-bc71-636680762518,fut,1s,მო-ვ-ემსახურ-ებ-ი,n
582331e1-fd26-4279-bc71-636680762518,fut,2s,მო--ემსახურ-ებ-ი,n
582331e1-fd26-4279-bc71-636680762518,fut,3s,მო--ემსახურ-ებ-ა,n
582331e1-fd26-4279-bc71-636680762518,fut,1p,მო-ვ-ემსახურ-ებ-ით,n
582331e1-fd26-4279-bc71-636680762518,fut,2p,მო--ემსახურ-ებ-ით,n
582331e1-fd26-4279-bc71-636680762518,fut,3p,მო--ემსახურ-ებ-იან,n
582331e1-fd26-4279-bc71-636680762518,cond,1s,მო-ვ-ემსახურ-ებ-ოდი,n
582331e1-fd26-4279-bc71-636680762518,cond,2s,მო--ემსახურ-ებ-ოდი,n
582331e1-fd26-4279-bc71-636680762518,cond,3s,მო--ემსახურ-ებ-ოდა,n
582331e1-fd26-4279-bc71-636680762518,cond,1p,მო-ვ-ემსახურ-ებ-ოდით,n
582331e1-fd26-4279-bc71-636680762518,cond,2p,მო--ემსახურ-ებ-ოდით,n
582331e1-fd26-4279-bc71-636680762518,cond,3p,მო--ემსახურ-ებ-ოდნენ,n
582331e1-fd26-4279-bc71-636680762518,aor,1s,მო-ვ-ემსახურ--ე,n
582331e1-fd26-4279-bc71-636680762518,aor,2s,მო--ემსახურ--ე,n
582331e1-fd26-4279-bc71-636680762518,aor,3s,მო--ემსახურ--ა,n
582331e1-fd26-4279-bc71-636680762518,aor,1p,მო-ვ-ემსახურ--ეთ,n
582331e1-fd26-4279-bc71-636680762518,aor,2p,მო--ემსახურ--ეთ,n
582331e1-fd26-4279-bc71-636680762518,aor,3p,მო--ემსახურ--ნენ,n
582331e1-fd26-4279-bc71-636680762518,opt,1s,მო-ვ-ემსახურ--,n
582331e1-fd26-4279-bc71-636680762518,opt,2s,მო--ემსახურ--,n
582331e1-fd26-4279-bc71-636680762518,opt,3s,მო--ემსახურ--ოს,n
582331e1-fd26-4279-bc71-636680762518,opt,1p,მო-ვ-ემსახურ--ოთ,n
582331e1-fd26-4279-bc71-636680762518,opt,2p,მო--ემსახურ--ოთ,n
582331e1-fd26-4279-bc71-636680762518,opt,3p,მო--ემსახურ--ონ,n
48555f95-ff1c-43df-913f-6d8aa099099f,pres,1s,-ვ-აწყ-ობ-,n
48555f95-ff1c-43df-913f-6d8aa099099f,pres,2s,--აწყ-ობ-,n
48555f95-ff1c-43df-913f-6d8aa099099f,pres,3s,--აწყ-ობ-ს,n
48555f95-ff1c-43df-913f-6d8aa099099f,pres,1p,-ვ-აწყ-ობ-თ,n
48555f95-ff1c-43df-913f-6d8aa099099f,pres,2p,--აწყ-ობ-თ,n
48555f95-ff1c-43df-913f-6d8aa099099f,pres,3p,--აწყ-ობ-ენ,n
48555f95-ff1c-43df-913f-6d8aa099099f,imp,1s,-ვ-აწყ-ობ-დი,n
48555f95-ff1c-43df-913f-6d8aa099099f,imp,2s,--აწყ-ობ-დი,n
48555f95-ff1c-43df-913f-6d8aa099099f,imp,3s,--აწყ-ობ-და,n
48555f95-ff1c-43df-913f-6d8aa099099f,imp,1p,-ვ-აწყ-ობ-დით,n
48555f95-ff1c-43df-913f-6d8aa099099f,imp,2p,--აწყ-ობ-დით,n
48555f95-ff1c-43df-913f-6d8aa099099f,imp,3p,--აწყ-ობ-დნენ,n
48555f95-ff1c-43df-913f-6d8aa099099f,pres-subj,1s,-ვ-აწყ-ობ-დე,n
48555f95-ff1c-43df-913f-6d8aa099099f,pres-subj,2s,--აწყ-ობ-დე,n
48555f95-ff1c-43df-913f-6d8aa099099f,pres-subj,3s,--აწყ-ობ-დეს,n
48555f95-ff1c-43df-913f-6d8aa099099f,pres-subj,1p,-ვ-აწყ-ობ-დეთ,n
48555f95-ff1c-43df-913f-6d8aa099099f,pres-subj,2p,--აწყ-ობ-დეთ,n
48555f95-ff1c-43df-913f-6d8aa099099f,pres-subj,3p,--აწყ-ობ-დნენ,n
48555f95-ff1c-43df-913f-6d8aa099099f,fut,1s,გა-ვ-აწყ-ობ-,n
48555f95-ff1c-43df-913f-6d8aa099099f,fut,2s,გა--აწყ-ობ-,n
48555f95-ff1c-43df-913f-6d8aa099099f,fut,3s,გა--აწყ-ობ-ს,n
48555f95-ff1c-43df-913f-6d8aa099099f,fut,1p,გა-ვ-აწყ-ობ-თ,n
48555f95-ff1c-43df-913f-6d8aa099099f,fut,2p,გა--აწყ-ობ-თ,n
48555f95-ff1c-43df-913f-6d8aa099099f,fut,3p,გა--აწყ-ობ-ენ,n
48555f95-ff1c-43df-913f-6d8aa099099f,cond,1s,გა-ვ-აწყ-ობ-დი,n
48555f95-ff1c-43df-913f-6d8aa099099f,cond,2s,გა--აწყ-ობ-დი,n
48555f95-ff1c-43df-913f-6d8aa099099f,cond,3s,გა--აწყ-ობ-და,n
48555f95-ff1c-43df-913f-6d8aa099099f,cond,1p,გა-ვ-აწყ-ობ-დით,n
48555f95-ff1c-43df-913f-6d8aa099099f,cond,2p,გა--აწყ-ობ-დით,n
48555f95-ff1c-43df-913f-6d8aa099099f,cond,3p,გა--აწყ-ობ-დნენ,n
48555f95-ff1c-43df-913f-6d8aa099099f,aor,1s,გა-ვ-აწყ--ე,n
48555f95-ff1c-43df-913f-6d8aa099099f,aor,2s,გა--აწყ--ე,n
48555f95-ff1c-43df-913f-6d8aa099099f,aor,3s,გა--აწყ--ო,n
48555f95-ff1c-43df-913f-6d8aa099099f,aor,1p,გა-ვ-აწყ--ეთ,n
48555f95-ff1c-43df-913f-6d8aa099099f,aor,2p,გა--აწყ--ეთ,n
48555f95-ff1c-43df-913f-6d8aa099099f,aor,3p,გა--აწყ--ეს,n
48555f95-ff1c-43df-913f-6d8aa099099f,opt,1s,გა-ვ-აწყ--,n
48555f95-ff1c-43df-913f-6d8aa099099f,opt,2s,გა--აწყ--,n
48555f95-ff1c-43df-913f-6d8aa099099f,opt,3s,გა--აწყ--ოს,n
48555f95-ff1c-43df-913f-6d8aa099099f,opt,1p,გა-ვ-აწყ--ოთ,n
48555f95-ff1c-43df-913f-6d8aa099099f,opt,2p,გა--აწყ--ოთ,n
48555f95-ff1c-43df-913f-6d8aa099099f,opt,3p,გა--აწყ--ონ,n
3a836828-8744-4870-b070-4cc3f26daa63,pres,1s,-ვ-იქნ-ევ-,n
3a836828-8744-4870-b070-4cc3f26daa63,pres,2s,--იქნ-ევ-,n
3a836828-8744-4870-b070-4cc3f26daa63,pres,3s,--იქნ-ევ-ს,n
3a836828-8744-4870-b070-4cc3f26daa63,pres,1p,-ვ-იქნ-ევ-თ,n
3a836828-8744-4870-b070-4cc3f26daa63,pres,2p,--იქნ-ევ-თ,n
3a836828-8744-4870-b070-4cc3f26daa63,pres,3p,--იქნ-ევ-ენ,n
3a836828-8744-4870-b070-4cc3f26daa63,imp,1s,-ვ-იქნ-ევ-დი,n
3a836828-8744-4870-b070-4cc3f26daa63,imp,2s,--იქნ-ევ-დი,n
3a836828-8744-4870-b070-4cc3f26daa63,imp,3s,--იქნ-ევ-და,n
3a836828-8744-4870-b070-4cc3f26daa63,imp,1p,-ვ-იქნ-ევ-დით,n
3a836828-8744-4870-b070-4cc3f26daa63,imp,2p,--იქნ-ევ-დით,n
3a836828-8744-4870-b070-4cc3f26daa63,imp,3p,--იქნ-ევ-დნენ,n
3a836828-8744-4870-b070-4cc3f26daa63,pres-subj,1s,-ვ-იქნ-ევ-დე,n
3a836828-8744-4870-b070-4cc3f26daa63,pres-subj,2s,--იქნ-ევ-დე,n
3a836828-8744-4870-b070-4cc3f26daa63,pres-subj,3s,--იქნ-ევ-დეს,n
3a836828-8744-4870-b070-4cc3f26daa63,pres-subj,1p,-ვ-იქნ-ევ-დეთ,n
3a836828-8744-4870-b070-4cc3f26daa63,pres-subj,2p,--იქნ-ევ-დეთ,n
3a836828-8744-4870-b070-4cc3f26daa63,pres-subj,3p,--იქნ-ევ-დნენ,n
3a836828-8744-4870-b070-4cc3f26daa63,fut,1s,გა-ვ-იქნ-ევ-,n
3a836828-8744-4870-b070-4cc3f26daa63,fut,2s,გა--იქნ-ევ-,n
3a836828-8744-4870-b070-4cc3f26daa63,fut,3s,გა--იქნ-ევ-ს,n
3a836828-8744-4870-b070-4cc3f26daa63,fut,1p,გა-ვ-იქნ-ევ-თ,n
3a836828-8744-4870-b070-4cc3f26daa63,fut,2p,გა--იქნ-ევ-თ,n
3a836828-8744-4870-b070-4cc3f26daa63,fut,3p,გა--იქნ-ევ-ენ,n
3a836828-8744-4870-b070-4cc3f26daa63,cond,1s,გა-ვ-იქნ-ევ-დი,n
3a836828-8744-4870-b070-4cc3f26daa63,cond,2s,გა--იქნ-ევ-დი,n
3a836828-8744-4870-b070-4cc3f26daa63,cond,3s,გა--იქნ-ევ-და,n
3a836828-8744-4870-b070-4cc3f26daa63,cond,1p,გა-ვ-იქნ-ევ-დით,n
3a836828-8744-4870-b070-4cc3f26daa63,cond,2p,გა--იქნ-ევ-დით,n
3a836828-8744-4870-b070-4cc3f26daa63,cond,3p,გა--იქნ-ევ-დნენ,n
3a836828-8744-4870-b070-4cc3f26daa63,aor,1s,გა-ვ-იქნი--ე,n
3a836828-8744-4870-b070-4cc3f26daa63,aor,2s,გა--იქნი--ე,n
3a836828-8744-4870-b070-4cc3f26daa63,aor,3s,გა--იქნი--ა,n
3a836828-8744-4870-b070-4cc3f26daa63,aor,1p,გა-ვ-იქნი--ეთ,n
3a836828-8744-4870-b070-4cc3f26daa63,aor,2p,გა--იქნი--ეთ,n
3a836828-8744-4870-b070-4cc3f26daa63,aor,3p,გა--იქნი--ეს,n
3a836828-8744-4870-b070-4cc3f26daa63,opt,1s,გა-ვ-იქნი--,n
3a836828-8744-4870-b070-4cc3f26daa63,opt,2s,გა--იქნი--,n
3a836828-8744-4870-b070-4cc3f26daa63,opt,3s,გა--იქნი--ოს,n
3a836828-8744-4870-b070-4cc3f26daa63,opt,1p,გა-ვ-იქნი--ოთ,n
3a836828-8744-4870-b070-4cc3f26daa63,opt,2p,გა--იქნი--ოთ,n
3a836828-8744-4870-b070-4cc3f26daa63,opt,3p,გა--იქნი--ონ,n
bed37b48-5987-40bd-8149-6e569b299101,pres,1s,-ვ-იზიარ-ებ-,n
bed37b48-5987-40bd-8149-6e569b299101,pres,2s,--იზიარ-ებ-,n
bed37b48-5987-40bd-8149-6e569b299101,pres,3s,--იზიარ-ებ-ს,n
bed37b48-5987-40bd-8149-6e569b299101,pres,1p,-ვ-იზიარ-ებ-თ,n
bed37b48-5987-40bd-8149-6e569b299101,pres,2p,--იზიარ-ებ-თ,n
bed37b48-5987-40bd-8149-6e569b299101,pres,3p,--იზიარ-ებ-ენ,n
bed37b48-5987-40bd-8149-6e569b299101,imp,1s,-ვ-იზიარ-ებ-დი,n
bed37b48-5987-40bd-8149-6e569b299101,imp,2s,--იზიარ-ებ-დი,n
bed37b48-5987-40bd-8149-6e569b299101,imp,3s,--იზიარ-ებ-და,n
bed37b48-5987-40bd-8149-6e569b299101,imp,1p,-ვ-იზიარ-ებ-დით,n
bed37b48-5987-40bd-8149-6e569b299101,imp,2p,--იზიარ-ებ-დით,n
bed37b48-5987-40bd-8149-6e569b299101,imp,3p,--იზიარ-ებ-დნენ,n
bed37b48-5987-40bd-8149-6e569b299101,pres-subj,1s,-ვ-იზიარ-ებ-დე,n
bed37b48-5987-40bd-8149-6e569b299101,pres-subj,2s,--იზიარ-ებ-დე,n
bed37b48-5987-40bd-8149-6e569b299101,pres-subj,3s,--იზიარ-ებ-დეს,n
bed37b48-5987-40bd-8149-6e569b299101,pres-subj,1p,-ვ-იზიარ-ებ-დეთ,n
bed37b48-5987-40bd-8149-6e569b299101,pres-subj,2p,--იზიარ-ებ-დეთ,n
bed37b48-5987-40bd-8149-6e569b299101,pres-subj,3p,--იზიარ-ებ-დნენ,n
bed37b48-5987-40bd-8149-6e569b299101,fut,1s,გა-ვ-იზიარ-ებ-,n
bed37b48-5987-40bd-8149-6e569b299101,fut,2s,გა--იზიარ-ებ-,n
bed37b48-5987-40bd-8149-6e569b299101,fut,3s,გა--იზიარ-ებ-ს,n
bed37b48-5987-40bd-8149-6e569b299101,fut,1p,გა-ვ-იზიარ-ებ-თ,n
bed37b48-5987-40bd-8149-6e569b299101,fut,2p,გა--იზიარ-ებ-თ,n
bed37b48-5987-40bd-8149-6e569b299101,fut,3p,გა--იზიარ-ებ-ენ,n
bed37b48-5987-40bd-8149-6e569b299101,cond,1s,გა-ვ-იზიარ-ებ-დი,n
bed37b48-5987-40bd-8149-6e569b299101,cond,2s,გა--იზიარ-ებ-დი,n
bed37b48-5987-40bd-8149-6e569b299101,cond,3s,გა--იზიარ-ებ-და,n
bed37b48-5987-40bd-8149-6e569b299101,cond,1p,გა-ვ-იზიარ-ებ-დით,n
bed37b48-5987-40bd-8149-6e569b299101,cond,2p,გა--იზიარ-ებ-დით,n
bed37b48-5987-40bd-8149-6e569b299101,cond,3p,გა--იზიარ-ებ-დნენ,n
bed37b48-5987-40bd-8149-6e569b299101,aor,1s,გა-ვ-იზიარ--ე,n
bed37b48-5987-40bd-8149-6e569b299101,aor,2s,გა--იზიარ--ე,n
bed37b48-5987-40bd-8149-6e569b299101,aor,3s,გა--იზიარ--ა,n
bed37b48-5987-40bd-8149-6e569b299101,aor,1p,გა-ვ-იზიარ--ეთ,n
bed37b48-5987-40bd-8149-6e569b299101,aor,2p,გა--იზიარ--ეთ,n
bed37b48-5987-40bd-8149-6e569b299101,aor,3p,გა--იზიარ--ეს,n
bed37b48-5987-40bd-8149-6e569b299101,opt,1s,გა-ვ-იზიარ--,n
bed37b48-5987-40bd-8149-6e569b299101,opt,2s,გა--იზიარ--,n
bed37b48-5987-40bd-8149-6e569b299101,opt,3s,გა--იზიარ--ოს,n
bed37b48-5987-40bd-8149-6e569b299101,opt,1p,გა-ვ-იზიარ--ოთ,n
bed37b48-5987-40bd-8149-6e569b299101,opt,2p,გა--იზიარ--ოთ,n
bed37b48-5987-40bd-8149-6e569b299101,opt,3p,გა--იზიარ--ონ,n
48bea65f-89fe-4426-bb78-7f4305b53a92,pres,1s,-ვ-იპარს-ავ-,n
48bea65f-89fe-4426-bb78-7f4305b53a92,pres,2s,--იპარს-ავ-,n
48bea65f-89fe-4426-bb78-7f4305b53a92,pres,3s,--იპარს-ავ-ს,n
48bea65f-89fe-4426-bb78-7f4305b53a92,pres,1p,-ვ-იპარს-ავ-თ,n
48bea65f-89fe-4426-bb78-7f4305b53a92,pres,2p,--იპარს-ავ-თ,n
48bea65f-89fe-4426-bb78-7f4305b53a92,pres,3p,--იპარს-ავ-ენ,n
48bea65f-89fe-4426-bb78-7f4305b53a92,imp,1s,-ვ-იპარს-ავ-დი,n
48bea65f-89fe-4426-bb78-7f4305b53a92,imp,2s,--იპარს-ავ-დი,n
48bea65f-89fe-4426-bb78-7f4305b53a92,imp,3s,--იპარს-ავ-და,n
48bea65f-89fe-4426-bb78-7f4305b53a92,imp,1p,-ვ-იპარს-ავ-დით,n
48bea65f-89fe-4426-bb78-7f4305b53a92,imp,2p,--იპარს-ავ-დით,n
48bea65f-89fe-4426-bb78-7f4305b53a92,imp,3p,--იპარს-ავ-დნენ,n
48bea65f-89fe-4426-bb78-7f4305b53a92,pres-subj,1s,-ვ-იპარს-ავ-დე,n
48bea65f-89fe-4426-bb78-7f4305b53a92,pres-subj,2s,--იპარს-ავ-დე,n
48bea65f-89fe-4426-bb78-7f4305b53a92,pres-subj,3s,--იპარს-ავ-დეს,n
48bea65f-89fe-4426-bb78-7f4305b53a92,pres-subj,1p,-ვ-იპარს-ავ-დეთ,n
48bea65f-89fe-4426-bb78-7f4305b53a92,pres-subj,2p,--იპარს-ავ-დეთ,n
48bea65f-89fe-4426-bb78-7f4305b53a92,pres-subj,3p,--იპარს-ავ-დნენ,n
48bea65f-89fe-4426-bb78-7f4305b53a92,fut,1s,გა-ვ-იპარს-ავ-,n
48bea65f-89fe-4426-bb78-7f4305b53a92,fut,2s,გა--იპარს-ავ-,n
48bea65f-89fe-4426-bb78-7f4305b53a92,fut,3s,გა--იპარს-ავ-ს,n
48bea65f-89fe-4426-bb78-7f4305b53a92,fut,1p,გა-ვ-იპარს-ავ-თ,n
48bea65f-89fe-4426-bb78-7f4305b53a92,fut,2p,გა--იპარს-ავ-თ,n
48bea65f-89fe-4426-bb78-7f4305b53a92,fut,3p,გა--იპარს-ავ-ენ,n
48bea65f-89fe-4426-bb78-7f4305b53a92,cond,1s,გა-ვ-იპარს-ავ-დი,n
48bea65f-89fe-4426-bb78-7f4305b53a92,cond,2s,გა--იპარს-ავ-დი,n
48bea65f-89fe-4426-bb78-7f4305b53a92,cond,3s,გა--იპარს-ავ-და,n
48bea65f-89fe-4426-bb78-7f4305b53a92,cond,1p,გა-ვ-იპარს-ავ-დით,n
48bea65f-89fe-4426-bb78-7f4305b53a92,cond,2p,გა--იპარს-ავ-დით,n
48bea65f-89fe-4426-bb78-7f4305b53a92,cond,3p,გა--იპარს-ავ-დნენ,n
48bea65f-89fe-4426-bb78-7f4305b53a92,aor,1s,გა-ვ-იპარს--ე,n
48bea65f-89fe-4426-bb78-7f4305b53a92,aor,2s,გა--იპარს--ე,n
48bea65f-89fe-4426-bb78-7f4305b53a92,aor,3s,გა--იპარს--ა,n
48bea65f-89fe-4426-bb78-7f4305b53a92,aor,1p,გა-ვ-იპარს--ეთ,n
48bea65f-89fe-4426-bb78-7f4305b53a92,aor,2p,გა--იპარს--ეთ,n
48bea65f-89fe-4426-bb78-7f4305b53a92,aor,3p,გა--იპარს--ეს,n
48bea65f-89fe-4426-bb78-7f4305b53a92,opt,1s,გა-ვ-იპარს--,n
48bea65f-89fe-4426-bb78-7f4305b53a92,opt,2s,გა--იპარს--,n
48bea65f-89fe-4426-bb78-7f4305b53a92,opt,3s,გა--იპარს--ოს,n
48bea65f-89fe-4426-bb78-7f4305b53a92,opt,1p,გა-ვ-იპარს--ოთ,n
48bea65f-89fe-4426-bb78-7f4305b53a92,opt,2p,გა--იპარს--ოთ,n
48bea65f-89fe-4426-bb78-7f4305b53a92,opt,3p,გა--იპარს--ონ,n
ded34904-6be0-4f43-b28e-b6244d847c0e,pres,1s,ვ-ი-სვრ--ი,y
ded34904-6be0-4f43-b28e-b6244d847c0e,pres,2s,-ი-სვრ--ი,y
ded34904-6be0-4f43-b28e-b6244d847c0e,pres,3s,-ი-სვრ--ა,y
ded34904-6be0-4f43-b28e-b6244d847c0e,pres,1p,ვ-ი-სვრ--ით,y
ded34904-6be0-4f43-b28e-b6244d847c0e,pres,2p,-ი-სვრ--ით,y
ded34904-6be0-4f43-b28e-b6244d847c0e,pres,3p,-ი-სვრ--იან,y
ded34904-6be0-4f43-b28e-b6244d847c0e,imp,1s,ვ-ი-სვრ-ი-დი,y
ded34904-6be0-4f43-b28e-b6244d847c0e,imp,2s,-ი-სვრ-ი-დი,y
ded34904-6be0-4f43-b28e-b6244d847c0e,imp,3s,-ი-სვრ-ი-და,y
ded34904-6be0-4f43-b28e-b6244d847c0e,imp,1p,ვ-ი-სვრ-ი-დით,y
ded34904-6be0-4f43-b28e-b6244d847c0e,imp,2p,-ი-სვრ-ი-დით,y
ded34904-6be0-4f43-b28e-b6244d847c0e,imp,3p,-ი-სვრ-ი-დნენ,y
ded34904-6be0-4f43-b28e-b6244d847c0e,pres-subj,1s,ვ-ი-სვრ--დე,y
ded34904-6be0-4f43-b28e-b6244d847c0e,pres-subj,2s,-ი-სვრ--დე,y
ded34904-6be0-4f43-b28e-b6244d847c0e,pres-subj,3s,-ი-სვრ--დეს,y
ded34904-6be0-4f43-b28e-b6244d847c0e,pres-subj,1p,ვ-ი-სვრ--დეთ,y
ded34904-6be0-4f43-b28e-b6244d847c0e,pres-subj,2p,-ი-სვრ--დეთ,y
ded34904-6be0-4f43-b28e-b6244d847c0e,pres-subj,3p,-ი-სვრ--დნენ,y
ded34904-6be0-4f43-b28e-b6244d847c0e,fut,1s,ვ-ი-სვრ--ი,y
ded34904-6be0-4f43-b28e-b6244d847c0e,fut,2s,-ი-სვრ--ი,y
ded34904-6be0-4f43-b28e-b6244d847c0e,fut,3s,-ი-სვრ--ა,y
ded34904-6be0-4f43-b28e-b6244d847c0e,fut,1p,ვ-ი-სვრ--ით,y
ded34904-6be0-4f43-b28e-b6244d847c0e,fut,2p,-ი-სვრ--ით,y
ded34904-6be0-4f43-b28e-b6244d847c0e,fut,3p,-ი-სვრ--იან,y
ded34904-6be0-4f43-b28e-b6244d847c0e,cond,1s,ვ-ი-სვრ-ი-დი,y
ded34904-6be0-4f43-b28e-b6244d847c0e,cond,2s,-ი-სვრ-ი-დი,y
ded34904-6be0-4f43-b28e-b6244d847c0e,cond,3s,-ი-სვრ-ი-და,y
ded34904-6be0-4f43-b28e-b6244d847c0e,cond,1p,ვ-ი-სვრ-ი-დით,y
ded34904-6be0-4f43-b28e-b6244d847c0e,cond,2p,-ი-სვრ-ი-დით,y
ded34904-6be0-4f43-b28e-b6244d847c0e,cond,3p,-ი-სვრ-ი-დნენ,y
ded34904-6be0-4f43-b28e-b6244d847c0e,aor,1s,ვ-ი-სროლ--ე,y
ded34904-6be0-4f43-b28e-b6244d847c0e,aor,2s,-ი-სროლ--ე,y
ded34904-6be0-4f43-b28e-b6244d847c0e,aor,3s,-ი-სროლ--ა,y
ded34904-6be0-4f43-b28e-b6244d847c0e,aor,1p,ვ-ი-სროლ--ეთ,y
ded34904-6be0-4f43-b28e-b6244d847c0e,aor,2p,-ი-სროლ--ეთ,y
ded34904-6be0-4f43-b28e-b6244d847c0e,aor,3p,-ი-სროლ--ეს,y
ded34904-6be0-4f43-b28e-b6244d847c0e,opt,1s,ვ-ი-სროლ--,y
ded34904-6be0-4f43-b28e-b6244d847c0e,opt,2s,-ი-სროლ--,y
ded34904-6be0-4f43-b28e-b6244d847c0e,opt,3s,-ი-სროლ--ოს,y
ded34904-6be0-4f43-b28e-b6244d847c0e,opt,1p,ვ-ი-სროლ--ოთ,y
ded34904-6be0-4f43-b28e-b6244d847c0e,opt,2p,-ი-სროლ--ოთ,y
ded34904-6be0-4f43-b28e-b6244d847c0e,opt,3p,-ი-სროლ--ონ,y
53d2eaa7-ae6d-494d-b3c5-93a1bf011499,pres,1s,-ვ-ესვრ-ი-,n
53d2eaa7-ae6d-494d-b3c5-93a1bf011499,pres,2s,--ესვრ-ი-,n
53d2eaa7-ae6d-494d-b3c5-93a1bf011499,pres,3s,--ესვრ-ი-ს,n
53d2eaa7-ae6d-494d-b3c5-93a1bf011499,pres,1p,-ვ-ესვრ-ი-თ,n
53d2eaa7-ae6d-494d-b3c5-93a1bf011499,pres,2p,--ესვრ-ი-თ,n
53d2eaa7-ae6d-494d-b3c5-93a1bf011499,pres,3p,--ესვრ-ი-ან,n
53d2eaa7-ae6d-494d-b3c5-93a1bf011499,imp,1s,-ვ-ესვრ-ი-დი,n
53d2eaa7-ae6d-494d-b3c5-93a1bf011499,imp,2s,--ესვრ-ი-დი,n
53d2eaa7-ae6d-494d-b3c5-93a1bf011499,imp,3s,--ესვრ-ი-და,n
53d2eaa7-ae6d-494d-b3c5-93a1bf011499,imp,1p,-ვ-ესვრ-ი-დით,n
53d2eaa7-ae6d-494d-b3c5-93a1bf011499,imp,2p,--ესვრ-ი-დით,n
53d2eaa7-ae6d-494d-b3c5-93a1bf011499,imp,3p,--ესვრ-ი-დნენ,n
53d2eaa7-ae6d-494d-b3c5-93a1bf011499,pres-subj,1s,-ვ-ესვრ-ი-დე,n
53d2eaa7-ae6d-494d-b3c5-93a1bf011499,pres-subj,2s,--ესვრ-ი-დე,n
53d2eaa7-ae6d-494d-b3c5-93a1bf011499,pres-subj,3s,--ესვრ-ი-დეს,n
53d2eaa7-ae6d-494d-b3c5-93a1bf011499,pres-subj,1p,-ვ-ესვრ-ი-დეთ,n
53d2eaa7-ae6d-494d-b3c5-93a1bf011499,pres-subj,2p,--ესვრ-ი-დეთ,n
53d2eaa7-ae6d-494d-b3c5-93a1bf011499,pres-subj,3p,--ესვრ-ი-დნენ,n
53d2eaa7-ae6d-494d-b3c5-93a1bf011499,fut,1s,-ვ-ესვრ-ი-,n
53d2eaa7-ae6d-494d-b3c5-93a1bf011499,fut,2s,--ესვრ-ი-,n
53d2eaa7-ae6d-494d-b3c5-93a1bf011499,fut,3s,--ესვრ-ი-ს,n
53d2eaa7-ae6d-494d-b3c5-93a1bf011499,fut,1p,-ვ-ესვრ-ი-თ,n
53d2eaa7-ae6d-494d-b3c5-93a1bf011499,fut,2p,--ესვრ-ი-თ,n
53d2eaa7-ae6d-494d-b3c5-93a1bf011499,fut,3p,--ესვრ-ი-ან,n
53d2eaa7-ae6d-494d-b3c5-93a1bf011499,cond,1s,-ვ-ესვრ-ი-დი,n
53d2eaa7-ae6d-494d-b3c5-93a1bf011499,cond,2s,--ესვრ-ი-დი,n
53d2eaa7-ae6d-494d-b3c5-93a1bf011499,cond,3s,--ესვრ-ი-და,n
53d2eaa7-ae6d-494d-b3c5-93a1bf011499,cond,1p,-ვ-ესვრ-ი-დით,n
53d2eaa7-ae6d-494d-b3c5-93a1bf011499,cond,2p,--ესვრ-ი-დით,n
53d2eaa7-ae6d-494d-b3c5-93a1bf011499,cond,3p,--ესვრ-ი-დნენ,n
53d2eaa7-ae6d-494d-b3c5-93a1bf011499,aor,1s,-ვ-ესროლ--ე,n
53d2eaa7-ae6d-494d-b3c5-93a1bf011499,aor,2s,--ესროლ--ე,n
53d2eaa7-ae6d-494d-b3c5-93a1bf011499,aor,3s,--ესროლ--ა,n
53d2eaa7-ae6d-494d-b3c5-93a1bf011499,aor,1p,-ვ-ესროლ--ეთ,n
53d2eaa7-ae6d-494d-b3c5-93a1bf011499,aor,2p,--ესროლ--ეთ,n
53d2eaa7-ae6d-494d-b3c5-93a1bf011499,aor,3p,--ესროლ--ეს,n
53d2eaa7-ae6d-494d-b3c5-93a1bf011499,opt,1s,-ვ-ესროლ--,n
53d2eaa7-ae6d-494d-b3c5-93a1bf011499,opt,2s,--ესროლ--,n
53d2eaa7-ae6d-494d-b3c5-93a1bf011499,opt,3s,--ესროლ--ოს,n
53d2eaa7-ae6d-494d-b3c5-93a1bf011499,opt,1p,-ვ-ესროლ--ოთ,n
53d2eaa7-ae6d-494d-b3c5-93a1bf011499,opt,2p,--ესროლ--ოთ,n
53d2eaa7-ae6d-494d-b3c5-93a1bf011499,opt,3p,--ესროლ--ონ,n
cb1ab09d-d3d6-48cc-9a22-20ddb903202f,pres,1s,-ვ-იმოკლ-ებ-,n
cb1ab09d-d3d6-48cc-9a22-20ddb903202f,pres,2s,--იმოკლ-ებ-,n
cb1ab09d-d3d6-48cc-9a22-20ddb903202f,pres,3s,--იმოკლ-ებ-ს,n
cb1ab09d-d3d6-48cc-9a22-20ddb903202f,pres,1p,-ვ-იმოკლ-ებ-თ,n
cb1ab09d-d3d6-48cc-9a22-20ddb903202f,pres,2p,--იმოკლ-ებ-თ,n
cb1ab09d-d3d6-48cc-9a22-20ddb903202f,pres,3p,--იმოკლ-ებ-ენ,n
cb1ab09d-d3d6-48cc-9a22-20ddb903202f,imp,1s,-ვ-იმოკლ-ებ-დი,n
cb1ab09d-d3d6-48cc-9a22-20ddb903202f,imp,2s,--იმოკლ-ებ-დი,n
cb1ab09d-d3d6-48cc-9a22-20ddb903202f,imp,3s,--იმოკლ-ებ-და,n
cb1ab09d-d3d6-48cc-9a22-20ddb903202f,imp,1p,-ვ-იმოკლ-ებ-დით,n
cb1ab09d-d3d6-48cc-9a22-20ddb903202f,imp,2p,--იმოკლ-ებ-დით,n
cb1ab09d-d3d6-48cc-9a22-20ddb903202f,imp,3p,--იმოკლ-ებ-დნენ,n
cb1ab09d-d3d6-48cc-9a22-20ddb903202f,pres-subj,1s,-ვ-იმოკლ-ებ-დე,n
cb1ab09d-d3d6-48cc-9a22-20ddb903202f,pres-subj,2s,--იმოკლ-ებ-დე,n
cb1ab09d-d3d6-48cc-9a22-20ddb903202f,pres-subj,3s,--იმოკლ-ებ-დეს,n
cb1ab09d-d3d6-48cc-9a22-20ddb903202f,pres-subj,1p,-ვ-იმოკლ-ებ-დეთ,n
cb1ab09d-d3d6-48cc-9a22-20ddb903202f,pres-subj,2p,--იმოკლ-ებ-დეთ,n
cb1ab09d-d3d6-48cc-9a22-20ddb903202f,pres-subj,3p,--იმოკლ-ებ-დნენ,n
cb1ab09d-d3d6-48cc-9a22-20ddb903202f,fut,1s,შე-ვ-იმოკლ-ებ-,n
cb1ab09d-d3d6-48cc-9a22-20ddb903202f,fut,2s,შე--იმოკლ-ებ-,n
cb1ab09d-d3d6-48cc-9a22-20ddb903202f,fut,3s,შე--იმოკლ-ებ-ს,n
cb1ab09d-d3d6-48cc-9a22-20ddb903202f,fut,1p,შე-ვ-იმოკლ-ებ-თ,n
cb1ab09d-d3d6-48cc-9a22-20ddb903202f,fut,2p,შე--იმოკლ-ებ-თ,n
cb1ab09d-d3d6-48cc-9a22-20ddb903202f,fut,3p,შე--იმოკლ-ებ-ენ,n
cb1ab09d-d3d6-48cc-9a22-20ddb903202f,cond,1s,შე-ვ-იმოკლ-ებ-დი,n
cb1ab09d-d3d6-48cc-9a22-20ddb903202f,cond,2s,შე--იმოკლ-ებ-დი,n
cb1ab09d-d3d6-48cc-9a22-20ddb903202f,cond,3s,შე--იმოკლ-ებ-და,n
cb1ab09d-d3d6-48cc-9a22-20ddb903202f,cond,1p,შე-ვ-იმოკლ-ებ-დით,n
cb1ab09d-d3d6-48cc-9a22-20ddb903202f,cond,2p,შე--იმოკლ-ებ-დით,n
cb1ab09d-d3d6-48cc-9a22-20ddb903202f,cond,3p,შე--იმოკლ-ებ-დნენ,n
cb1ab09d-d3d6-48cc-9a22-20ddb903202f,aor,1s,შე-ვ-იმოკლ--ე,n
cb1ab09d-d3d6-48cc-9a22-20ddb903202f,aor,2s,შე--იმოკლ--ე,n
cb1ab09d-d3d6-48cc-9a22-20ddb903202f,aor,3s,შე--იმოკლ--ა,n
cb1ab09d-d3d6-48cc-9a22-20ddb903202f,aor,1p,შე-ვ-იმოკლ--ეთ,n
cb1ab09d-d3d6-48cc-9a22-20ddb903202f,aor,2p,შე--იმოკლ--ეთ,n
cb1ab09d-d3d6-48cc-9a22-20ddb903202f,aor,3p,შე--იმოკლ--ეს,n
cb1ab09d-d3d6-48cc-9a22-20ddb903202f,opt,1s,შე-ვ-იმოკლ--,n
cb1ab09d-d3d6-48cc-9a22-20ddb903202f,opt,2s,შე--იმოკლ--,n
cb1ab09d-d3d6-48cc-9a22-20ddb903202f,opt,3s,შე--იმოკლ--ოს,n
cb1ab09d-d3d6-48cc-9a22-20ddb903202f,opt,1p,შე-ვ-იმოკლ--ოთ,n
cb1ab09d-d3d6-48cc-9a22-20ddb903202f,opt,2p,შე--იმოკლ--ოთ,n
cb1ab09d-d3d6-48cc-9a22-20ddb903202f,opt,3p,შე--იმოკლ--ონ,n
22922779-d86e-4126-a933-e05b72237a79,pres,1s,ვ--ყვირ-ი-,y
22922779-d86e-4126-a933-e05b72237a79,pres,2s,--ყვირ-ი-,y
22922779-d86e-4126-a933-e05b72237a79,pres,3s,--ყვირ-ი-ს,y
22922779-d86e-4126-a933-e05b72237a79,pres,1p,ვ--ყვირ-ი-თ,y
22922779-d86e-4126-a933-e05b72237a79,pres,2p,--ყვირ-ი-თ,y
22922779-d86e-4126-a933-e05b72237a79,pres,3p,--ყვირ-ი-ან,y
22922779-d86e-4126-a933-e05b72237a79,imp,1s,ვ--ყვირ-ი-ოდი,y
22922779-d86e-4126-a933-e05b72237a79,imp,2s,--ყვირ-ი-ოდი,y
22922779-d86e-4126-a933-e05b72237a79,imp,3s,--ყვირ-ი-ოდა,y
22922779-d86e-4126-a933-e05b72237a79,imp,1p,ვ--ყვირ-ი-ოდით,y
22922779-d86e-4126-a933-e05b72237a79,imp,2p,--ყვირ-ი-ოდით,y
22922779-d86e-4126-a933-e05b72237a79,imp,3p,--ყვირ-ი-ოდნენ,y
22922779-d86e-4126-a933-e05b72237a79,pres-subj,1s,ვ--ყვირ-ი-დე,y
22922779-d86e-4126-a933-e05b72237a79,pres-subj,2s,--ყვირ-ი-დე,y
22922779-d86e-4126-a933-e05b72237a79,pres-subj,3s,--ყვირ-ი-დეს,y
22922779-d86e-4126-a933-e05b72237a79,pres-subj,1p,ვ--ყვირ-ი-დეთ,y
22922779-d86e-4126-a933-e05b72237a79,pres-subj,2p,--ყვირ-ი-დეთ,y
22922779-d86e-4126-a933-e05b72237a79,pres-subj,3p,--ყვირ-ი-დნენ,y
22922779-d86e-4126-a933-e05b72237a79,fut,1s,ვ-ი-ყვირ-ებ-,y
22922779-d86e-4126-a933-e05b72237a79,fut,2s,-ი-ყვირ-ებ-,y
22922779-d86e-4126-a933-e05b72237a79,fut,3s,-ი-ყვირ-ებ-ს,y
22922779-d86e-4126-a933-e05b72237a79,fut,1p,ვ-ი-ყვირ-ებ-თ,y
22922779-d86e-4126-a933-e05b72237a79,fut,2p,-ი-ყვირ-ებ-თ,y
22922779-d86e-4126-a933-e05b72237a79,fut,3p,-ი-ყვირ-ებ-ენ,y
22922779-d86e-4126-a933-e05b72237a79,cond,1s,ვ-ი-ყვირ-ებ-ოდი,y
22922779-d86e-4126-a933-e05b72237a79,cond,2s,-ი-ყვირ-ებ-ოდი,y
22922779-d86e-4126-a933-e05b72237a79,cond,3s,-ი-ყვირ-ებ-ოდა,y
22922779-d86e-4126-a933-e05b72237a79,cond,1p,ვ-ი-ყვირ-ებ-ოდით,y
22922779-d86e-4126-a933-e05b72237a79,cond,2p,-ი-ყვირ-ებ-ოდით,y
22922779-d86e-4126-a933-e05b72237a79,cond,3p,-ი-ყვირ-ებ-ოდნენ,y
22922779-d86e-4126-a933-e05b72237a79,aor,1s,ვ-ი-ყვირ--ე,y
22922779-d86e-4126-a933-e05b72237a79,aor,2s,-ი-ყვირ--ე,y
22922779-d86e-4126-a933-e05b72237a79,aor,3s,-ი-ყვირ--ა,y
22922779-d86e-4126-a933-e05b72237a79,aor,1p,ვ-ი-ყვირ--ეთ,y
22922779-d86e-4126-a933-e05b72237a79,aor,2p,-ი-ყვირ--ეთ,y
22922779-d86e-4126-a933-e05b72237a79,aor,3p,-ი-ყვირ--ეს,y
22922779-d86e-4126-a933-e05b72237a79,opt,1s,ვ-ი-ყვირ--,y
22922779-d86e-4126-a933-e05b72237a79,opt,2s,-ი-ყვირ--,y
22922779-d86e-4126-a933-e05b72237a79,opt,3s,-ი-ყვირ--ოს,y
22922779-d86e-4126-a933-e05b72237a79,opt,1p,ვ-ი-ყვირ--ოთ,y
22922779-d86e-4126-a933-e05b72237a79,opt,2p,-ი-ყვირ--ოთ,y
22922779-d86e-4126-a933-e05b72237a79,opt,3p,-ი-ყვირ--ონ,y
7c0e0324-837a-4e9a-b05b-f63ca57e7c92,pres,1s,-ვ-აჩვენ-ებ-,n
7c0e0324-837a-4e9a-b05b-f63ca57e7c92,pres,2s,--აჩვენ-ებ-,n
7c0e0324-837a-4e9a-b05b-f63ca57e7c92,pres,3s,--აჩვენ-ებ-ს,n
7c0e0324-837a-4e9a-b05b-f63ca57e7c92,pres,1p,-ვ-აჩვენ-ებ-თ,n
7c0e0324-837a-4e9a-b05b-f63ca57e7c92,pres,2p,--აჩვენ-ებ-თ,n
7c0e0324-837a-4e9a-b05b-f63ca57e7c92,pres,3p,--აჩვენ-ებ-ენ,n
7c0e0324-837a-4e9a-b05b-f63ca57e7c92,imp,1s,-ვ-აჩვენ-ებ-დი,n
7c0e0324-837a-4e9a-b05b-f63ca57e7c92,imp,2s,--აჩვენ-ებ-დი,n
7c0e0324-837a-4e9a-b05b-f63ca57e7c92,imp,3s,--აჩვენ-ებ-და,n
7c0e0324-837a-4e9a-b05b-f63ca57e7c92,imp,1p,-ვ-აჩვენ-ებ-დით,n
7c0e0324-837a-4e9a-b05b-f63ca57e7c92,imp,2p,--აჩვენ-ებ-დით,n
7c0e0324-837a-4e9a-b05b-f63ca57e7c92,imp,3p,--აჩვენ-ებ-დნენ,n
7c0e0324-837a-4e9a-b05b-f63ca57e7c92,pres-subj,1s,-ვ-აჩვენ-ებ-დე,n
7c0e0324-837a-4e9a-b05b-f63ca57e7c92,pres-subj,2s,--აჩვენ-ებ-დე,n
7c0e0324-837a-4e9a-b05b-f63ca57e7c92,pres-subj,3s,--აჩვენ-ებ-დეს,n
7c0e0324-837a-4e9a-b05b-f63ca57e7c92,pres-subj,1p,-ვ-აჩვენ-ებ-დეთ,n
7c0e0324-837a-4e9a-b05b-f63ca57e7c92,pres-subj,2p,--აჩვენ-ებ-დეთ,n
7c0e0324-837a-4e9a-b05b-f63ca57e7c92,pres-subj,3p,--აჩვენ-ებ-დნენ,n
7c0e0324-837a-4e9a-b05b-f63ca57e7c92,fut,1s,-ვ-აჩვენ-ებ-,n
7c0e0324-837a-4e9a-b05b-f63ca57e7c92,fut,2s,--აჩვენ-ებ-,n
7c0e0324-837a-4e9a-b05b-f63ca57e7c92,fut,3s,--აჩვენ-ებ-ს,n
7c0e0324-837a-4e9a-b05b-f63ca57e7c92,fut,1p,-ვ-აჩვენ-ებ-თ,n
7c0e0324-837a-4e9a-b05b-f63ca57e7c92,fut,2p,--აჩვენ-ებ-თ,n
7c0e0324-837a-4e9a-b05b-f63ca57e7c92,fut,3p,--აჩვენ-ებ-ენ,n
7c0e0324-837a-4e9a-b05b-f63ca57e7c92,cond,1s,-ვ-აჩვენ-ებ-დი,n
7c0e0324-837a-4e9a-b05b-f63ca57e7c92,cond,2s,--აჩვენ-ებ-დი,n
7c0e0324-837a-4e9a-b05b-f63ca57e7c92,cond,3s,--აჩვენ-ებ-და,n
7c0e0324-837a-4e9a-b05b-f63ca57e7c92,cond,1p,-ვ-აჩვენ-ებ-დით,n
7c0e0324-837a-4e9a-b05b-f63ca57e7c92,cond,2p,--აჩვენ-ებ-დით,n
7c0e0324-837a-4e9a-b05b-f63ca57e7c92,cond,3p,--აჩვენ-ებ-დნენ,n
7c0e0324-837a-4e9a-b05b-f63ca57e7c92,aor,1s,-ვ-აჩვენ--ე,n
7c0e0324-837a-4e9a-b05b-f63ca57e7c92,aor,2s,--აჩვენ--ე,n
7c0e0324-837a-4e9a-b05b-f63ca57e7c92,aor,3s,--აჩვენ--ა,n
7c0e0324-837a-4e9a-b05b-f63ca57e7c92,aor,1p,-ვ-აჩვენ--ეთ,n
7c0e0324-837a-4e9a-b05b-f63ca57e7c92,aor,2p,--აჩვენ--ეთ,n
7c0e0324-837a-4e9a-b05b-f63ca57e7c92,aor,3p,--აჩვენ--ეს,n
7c0e0324-837a-4e9a-b05b-f63ca57e7c92,opt,1s,-ვ-აჩვენ--,n
7c0e0324-837a-4e9a-b05b-f63ca57e7c92,opt,2s,--აჩვენ--,n
7c0e0324-837a-4e9a-b05b-f63ca57e7c92,opt,3s,--აჩვენ--ოს,n
7c0e0324-837a-4e9a-b05b-f63ca57e7c92,opt,1p,-ვ-აჩვენ--ოთ,n
7c0e0324-837a-4e9a-b05b-f63ca57e7c92,opt,2p,--აჩვენ--ოთ,n
7c0e0324-837a-4e9a-b05b-f63ca57e7c92,opt,3p,--აჩვენ--ონ,n
3c45009d-418e-4171-ad40-20d819fb621c,pres,1s,-ვ-აწერ--,n
3c45009d-418e-4171-ad40-20d819fb621c,pres,2s,--აწერ--,n
3c45009d-418e-4171-ad40-20d819fb621c,pres,3s,--აწერ--ს,n
3c45009d-418e-4171-ad40-20d819fb621c,pres,1p,-ვ-აწერ--თ,n
3c45009d-418e-4171-ad40-20d819fb621c,pres,2p,--აწერ--თ,n
3c45009d-418e-4171-ad40-20d819fb621c,pres,3p,--აწერ--ენ,n
3c45009d-418e-4171-ad40-20d819fb621c,imp,1s,-ვ-აწერ--დი,n
3c45009d-418e-4171-ad40-20d819fb621c,imp,2s,--აწერ--დი,n
3c45009d-418e-4171-ad40-20d819fb621c,imp,3s,--აწერ--და,n
3c45009d-418e-4171-ad40-20d819fb621c,imp,1p,-ვ-აწერ--დით,n
3c45009d-418e-4171-ad40-20d819fb621c,imp,2p,--აწერ--დით,n
3c45009d-418e-4171-ad40-20d819fb621c,imp,3p,--აწერ--დნენ,n
3c45009d-418e-4171-ad40-20d819fb621c,pres-subj,1s,-ვ-აწერ--დე,n
3c45009d-418e-4171-ad40-20d819fb621c,pres-subj,2s,--აწერ--დე,n
3c45009d-418e-4171-ad40-20d819fb621c,pres-subj,3s,--აწერ--დეს,n
3c45009d-418e-4171-ad40-20d819fb621c,pres-subj,1p,-ვ-აწერ--დეთ,n
3c45009d-418e-4171-ad40-20d819fb621c,pres-subj,2p,--აწერ--დეთ,n
3c45009d-418e-4171-ad40-20d819fb621c,pres-subj,3p,--აწერ--დნენ,n
3c45009d-418e-4171-ad40-20d819fb621c,fut,1s,მო-ვ-აწერ--,n
3c45009d-418e-4171-ad40-20d819fb621c,fut,2s,მო--აწერ--,n
3c45009d-418e-4171-ad40-20d819fb621c,fut,3s,მო--აწერ--ს,n
3c45009d-418e-4171-ad40-20d819fb621c,fut,1p,მო-ვ-აწერ--თ,n
3c45009d-418e-4171-ad40-20d819fb621c,fut,2p,მო--აწერ--თ,n
3c45009d-418e-4171-ad40-20d819fb621c,fut,3p,მო--აწერ--ენ,n
3c45009d-418e-4171-ad40-20d819fb621c,cond,1s,მო-ვ-აწერ--დი,n
3c45009d-418e-4171-ad40-20d819fb621c,cond,2s,მო--აწერ--დი,n
3c45009d-418e-4171-ad40-20d819fb621c,cond,3s,მო--აწერ--და,n
3c45009d-418e-4171-ad40-20d819fb621c,cond,1p,მო-ვ-აწერ--დით,n
3c45009d-418e-4171-ad40-20d819fb621c,cond,2p,მო--აწერ--დით,n
3c45009d-418e-4171-ad40-20d819fb621c,cond,3p,მო--აწერ--დნენ,n
3c45009d-418e-4171-ad40-20d819fb621c,aor,1s,მო-ვ-აწერ--ე,n
3c45009d-418e-4171-ad40-20d819fb621c,aor,2s,მო--აწერ--ე,n
3c45009d-418e-4171-ad40-20d819fb621c,aor,3s,მო--აწერ--ა,n
3c45009d-418e-4171-ad40-20d819fb621c,aor,1p,მო-ვ-აწერ--ეთ,n
3c45009d-418e-4171-ad40-20d819fb621c,aor,2p,მო--აწერ--ეთ,n
3c45009d-418e-4171-ad40-20d819fb621c,aor,3p,მო--აწერ--ეს,n
3c45009d-418e-4171-ad40-20d819fb621c,opt,1s,მო-ვ-აწერ--,n
3c45009d-418e-4171-ad40-20d819fb621c,opt,2s,მო--აწერ--,n
3c45009d-418e-4171-ad40-20d819fb621c,opt,3s,მო--აწერ--ოს,n
3c45009d-418e-4171-ad40-20d819fb621c,opt,1p,მო-ვ-აწერ--ოთ,n
3c45009d-418e-4171-ad40-20d819fb621c,opt,2p,მო--აწერ--ოთ,n
3c45009d-418e-4171-ad40-20d819fb621c,opt,3p,მო--აწერ--ონ,n
6627ad93-250a-447b-bdf6-b482b40b2c8f,pres,1s,ვ--მღერ-ი-,y
6627ad93-250a-447b-bdf6-b482b40b2c8f,pres,2s,--მღერ-ი-,y
6627ad93-250a-447b-bdf6-b482b40b2c8f,pres,3s,--მღერ-ი-ს,y
6627ad93-250a-447b-bdf6-b482b40b2c8f,pres,1p,ვ--მღერ-ი-თ,y
6627ad93-250a-447b-bdf6-b482b40b2c8f,pres,2p,--მღერ-ი-თ,y
6627ad93-250a-447b-bdf6-b482b40b2c8f,pres,3p,--მღერ-ი-ან,y
6627ad93-250a-447b-bdf6-b482b40b2c8f,imp,1s,ვ--მღერ-ი-ოდი,y
6627ad93-250a-447b-bdf6-b482b40b2c8f,imp,2s,--მღერ-ი-ოდი,y
6627ad93-250a-447b-bdf6-b482b40b2c8f,imp,3s,--მღერ-ი-ოდა,y
6627ad93-250a-447b-bdf6-b482b40b2c8f,imp,1p,ვ--მღერ-ი-ოდით,y
6627ad93-250a-447b-bdf6-b482b40b2c8f,imp,2p,--მღერ-ი-ოდით,y
6627ad93-250a-447b-bdf6-b482b40b2c8f,imp,3p,--მღერ-ი-ოდნენ,y
6627ad93-250a-447b-bdf6-b482b40b2c8f,pres-subj,1s,ვ--მღერ-ი-დე,y
6627ad93-250a-447b-bdf6-b482b40b2c8f,pres-subj,2s,--მღერ-ი-დე,y
6627ad93-250a-447b-bdf6-b482b40b2c8f,pres-subj,3s,--მღერ-ი-დეს,y
6627ad93-250a-447b-bdf6-b482b40b2c8f,pres-subj,1p,ვ--მღერ-ი-დეთ,y
6627ad93-250a-447b-bdf6-b482b40b2c8f,pres-subj,2p,--მღერ-ი-დეთ,y
6627ad93-250a-447b-bdf6-b482b40b2c8f,pres-subj,3p,--მღერ-ი-დნენ,y
6627ad93-250a-447b-bdf6-b482b40b2c8f,fut,1s,ვ-ი-მღერ-ებ-,y
6627ad93-250a-447b-bdf6-b482b40b2c8f,fut,2s,-ი-მღერ-ებ-,y
6627ad93-250a-447b-bdf6-b482b40b2c8f,fut,3s,-ი-მღერ-ებ-ს,y
6627ad93-250a-447b-bdf6-b482b40b2c8f,fut,1p,ვ-ი-მღერ-ებ-თ,y
6627ad93-250a-447b-bdf6-b482b40b2c8f,fut,2p,-ი-მღერ-ებ-თ,y
6627ad93-250a-447b-bdf6-b482b40b2c8f,fut,3p,-ი-მღერ-ებ-ან,y
6627ad93-250a-447b-bdf6-b482b40b2c8f,cond,1s,ვ-ი-მღერ-ებ-ოდი,y
6627ad93-250a-447b-bdf6-b482b40b2c8f,cond,2s,-ი-მღერ-ებ-ოდი,y
6627ad93-250a-447b-bdf6-b482b40b2c8f,cond,3s,-ი-მღერ-ებ-ოდა,y
6627ad93-250a-447b-bdf6-b482b40b2c8f,cond,1p,ვ-ი-მღერ-ებ-ოდით,y
6627ad93-250a-447b-bdf6-b482b40b2c8f,cond,2p,-ი-მღერ-ებ-ოდით,y
6627ad93-250a-447b-bdf6-b482b40b2c8f,cond,3p,-ი-მღერ-ებ-ოდნენ,y
6627ad93-250a-447b-bdf6-b482b40b2c8f,aor,1s,ვ-ი-მღერ--ე,y
6627ad93-250a-447b-bdf6-b482b40b2c8f,aor,2s,-ი-მღერ--ე,y
6627ad93-250a-447b-bdf6-b482b40b2c8f,aor,3s,-ი-მღერ--ა,y
6627ad93-250a-447b-bdf6-b482b40b2c8f,aor,1p,ვ-ი-მღერ--ეთ,y
6627ad93-250a-447b-bdf6-b482b40b2c8f,aor,2p,-ი-მღერ--ეთ,y
6627ad93-250a-447b-bdf6-b482b40b2c8f,aor,3p,-ი-მღერ--ეს,y
6627ad93-250a-447b-bdf6-b482b40b2c8f,opt,1s,ვ-ი-მღერ--,y
6627ad93-250a-447b-bdf6-b482b40b2c8f,opt,2s,-ი-მღერ--,y
6627ad93-250a-447b-bdf6-b482b40b2c8f,opt,3s,-ი-მღერ--ოს,y
6627ad93-250a-447b-bdf6-b482b40b2c8f,opt,1p,ვ-ი-მღერ--ოთ,y
6627ad93-250a-447b-bdf6-b482b40b2c8f,opt,2p,-ი-მღერ--ოთ,y
6627ad93-250a-447b-bdf6-b482b40b2c8f,opt,3p,-ი-მღერ--ონ,y
5ce42691-5364-43fe-a681-c7cae7ddfaca,pres,1s,-ვ-ჯდ-ებ-ი,n
5ce42691-5364-43fe-a681-c7cae7ddfaca,pres,2s,--ჯდ-ებ-ი,n
5ce42691-5364-43fe-a681-c7cae7ddfaca,pres,3s,--ჯდ-ებ-ა,n
5ce42691-5364-43fe-a681-c7cae7ddfaca,pres,1p,-ვ-ჯდ-ებ-ით,n
5ce42691-5364-43fe-a681-c7cae7ddfaca,pres,2p,--ჯდ-ებ-ით,n
5ce42691-5364-43fe-a681-c7cae7ddfaca,pres,3p,--ჯდ-ებ-იან,n
5ce42691-5364-43fe-a681-c7cae7ddfaca,imp,1s,-ვ-ჯდ-ებ-ოდი,n
5ce42691-5364-43fe-a681-c7cae7ddfaca,imp,2s,--ჯდ-ებ-ოდი,n
5ce42691-5364-43fe-a681-c7cae7ddfaca,imp,3s,--ჯდ-ებ-ოდა,n
5ce42691-5364-43fe-a681-c7cae7ddfaca,imp,1p,-ვ-ჯდ-ებ-ოდით,n
5ce42691-5364-43fe-a681-c7cae7ddfaca,imp,2p,--ჯდ-ებ-ოდით,n
5ce42691-5364-43fe-a681-c7cae7ddfaca,imp,3p,--ჯდ-ებ-ოდნენ,n
5ce42691-5364-43fe-a681-c7cae7ddfaca,pres-subj,1s,-ვ-ჯდ-ებ-დე,n
5ce42691-5364-43fe-a681-c7cae7ddfaca,pres-subj,2s,--ჯდ-ებ-დე,n
5ce42691-5364-43fe-a681-c7cae7ddfaca,pres-subj,3s,--ჯდ-ებ-დეს,n
5ce42691-5364-43fe-a681-c7cae7ddfaca,pres-subj,1p,-ვ-ჯდ-ებ-დეთ,n
5ce42691-5364-43fe-a681-c7cae7ddfaca,pres-subj,2p,--ჯდ-ებ-დეთ,n
5ce42691-5364-43fe-a681-c7cae7ddfaca,pres-subj,3p,--ჯდ-ებ-დნენ,n
5ce42691-5364-43fe-a681-c7cae7ddfaca,fut,1s,და-ვ-ჯდ-ებ-ი,n
5ce42691-5364-43fe-a681-c7cae7ddfaca,fut,2s,და--ჯდ-ებ-ი,n
5ce42691-5364-43fe-a681-c7cae7ddfaca,fut,3s,და--ჯდ-ებ-ა,n
5ce42691-5364-43fe-a681-c7cae7ddfaca,fut,1p,და-ვ-ჯდ-ებ-ით,n
5ce42691-5364-43fe-a681-c7cae7ddfaca,fut,2p,და--ჯდ-ებ-ით,n
5ce42691-5364-43fe-a681-c7cae7ddfaca,fut,3p,და--ჯდ-ებ-იან,n
5ce42691-5364-43fe-a681-c7cae7ddfaca,cond,1s,და-ვ-ჯდ-ებ-ოდი,n
5ce42691-5364-43fe-a681-c7cae7ddfaca,cond,2s,და--ჯდ-ებ-ოდი,n
5ce42691-5364-43fe-a681-c7cae7ddfaca,cond,3s,და--ჯდ-ებ-ოდა,n
5ce42691-5364-43fe-a681-c7cae7ddfaca,cond,1p,და-ვ-ჯდ-ებ-ოდით,n
5ce42691-5364-43fe-a681-c7cae7ddfaca,cond,2p,და--ჯდ-ებ-ოდით,n
5ce42691-5364-43fe-a681-c7cae7ddfaca,cond,3p,და--ჯდ-ებ-ოდნენ,n
5ce42691-5364-43fe-a681-c7cae7ddfaca,aor,1s,და-ვ-ჯექ--ი,n
5ce42691-5364-43fe-a681-c7cae7ddfaca,aor,2s,და--ჯექ--ი,n
5ce42691-5364-43fe-a681-c7cae7ddfaca,aor,3s,და--ჯდ--ა,n
5ce42691-5364-43fe-a681-c7cae7ddfaca,aor,1p,და-ვ-ჯექ--ით,n
5ce42691-5364-43fe-a681-c7cae7ddfaca,aor,2p,და--ჯექ--ით,n
5ce42691-5364-43fe-a681-c7cae7ddfaca,aor,3p,და--ჯდ--ნენ,n
5ce42691-5364-43fe-a681-c7cae7ddfaca,opt,1s,და-ვ-ჯექ--,n
5ce42691-5364-43fe-a681-c7cae7ddfaca,opt,2s,და--ჯექ--,n
5ce42691-5364-43fe-a681-c7cae7ddfaca,opt,3s,და--ჯდ--ოს,n
5ce42691-5364-43fe-a681-c7cae7ddfaca,opt,1p,და-ვ-ჯექ--ოთ,n
5ce42691-5364-43fe-a681-c7cae7ddfaca,opt,2p,და--ჯექ--ოთ,n
5ce42691-5364-43fe-a681-c7cae7ddfaca,opt,3p,და--ჯდ--ონ,n
84ead3a0-1672-4d12-ab99-0551638ce395,pres,1s,მ--ძინ-ავ-ს,y
84ead3a0-1672-4d12-ab99-0551638ce395,pres,2s,გ--ძინ-ავ-ს,y
84ead3a0-1672-4d12-ab99-0551638ce395,pres,3s,ს--ძინ-ავ-ს,y
84ead3a0-1672-4d12-ab99-0551638ce395,pres,1p,გვ--ძინ-ავ-ს,y
84ead3a0-1672-4d12-ab99-0551638ce395,pres,2p,გ--ძინ-ავ-თ,y
84ead3a0-1672-4d12-ab99-0551638ce395,pres,3p,ს--ძინ-ავ-თ,y
84ead3a0-1672-4d12-ab99-0551638ce395,imp,1s,მ--ძინ-ავ-დი,y
84ead3a0-1672-4d12-ab99-0551638ce395,imp,2s,გ--ძინ-ავ-დი,y
84ead3a0-1672-4d12-ab99-0551638ce395,imp,3s,ს--ძინ-ავ-და,y
84ead3a0-1672-4d12-ab99-0551638ce395,imp,1p,გვ--ძინ-ავ-დით,y
84ead3a0-1672-4d12-ab99-0551638ce395,imp,2p,გ--ძინ-ავ-დით,y
84ead3a0-1672-4d12-ab99-0551638ce395,imp,3p,ს--ძინ-ავ-დნენ,y
84ead3a0-1672-4d12-ab99-0551638ce395,pres-subj,1s,მ--ძინ-ავ-დე,y
84ead3a0-1672-4d12-ab99-0551638ce395,pres-subj,2s,გ--ძინ-ავ-დე,y
84ead3a0-1672-4d12-ab99-0551638ce395,pres-subj,3s,ს--ძინ-ავ-დეს,y
84ead3a0-1672-4d12-ab99-0551638ce395,pres-subj,1p,გვ--ძინ-ავ-დეთ,y
84ead3a0-1672-4d12-ab99-0551638ce395,pres-subj,2p,გ--ძინ-ავ-დეთ,y
84ead3a0-1672-4d12-ab99-0551638ce395,pres-subj,3p,ს--ძინ-ავ-დნენ,y
84ead3a0-1672-4d12-ab99-0551638ce395,fut,1s,მ-ი-ძინ-ებ-ს,y
84ead3a0-1672-4d12-ab99-0551638ce395,fut,2s,გ-ი-ძინ-ებ-ს,y
84ead3a0-1672-4d12-ab99-0551638ce395,fut,3s,ს-ი-ძინ-ებ-ს,y
84ead3a0-1672-4d12-ab99-0551638ce395,fut,1p,გვ-ი-ძინ-ებ-ს,y
84ead3a0-1672-4d12-ab99-0551638ce395,fut,2p,გ-ი-ძინ-ებ-თ,y
84ead3a0-1672-4d12-ab99-0551638ce395,fut,3p,ს-ი-ძინ-ებ-თ,y
84ead3a0-1672-4d12-ab99-0551638ce395,cond,1s,მ-ი-ძინ-ებ-დი,y
84ead3a0-1672-4d12-ab99-0551638ce395,cond,2s,გ-ი-ძინ-ებ-დი,y
84ead3a0-1672-4d12-ab99-0551638ce395,cond,3s,ს-ი-ძინ-ებ-და,y
84ead3a0-1672-4d12-ab99-0551638ce395,cond,1p,გვ-ი-ძინ-ებ-დით,y
84ead3a0-1672-4d12-ab99-0551638ce395,cond,2p,გ-ი-ძინ-ებ-დით,y
84ead3a0-1672-4d12-ab99-0551638ce395,cond,3p,ს-ი-ძინ-ებ-დნენ,y
84ead3a0-1672-4d12-ab99-0551638ce395,aor,1s,ვ-ი-ძინ--ე,y
84ead3a0-1672-4d12-ab99-0551638ce395,aor,2s,-ი-ძინ--ე,y
84ead3a0-1672-4d12-ab99-0551638ce395,aor,3s,-ი-ძინ--ა,y
84ead3a0-1672-4d12-ab99-0551638ce395,aor,1p,ვ-ი-ძინ--ეთ,y
84ead3a0-1672-4d12-ab99-0551638ce395,aor,2p,-ი-ძინ--ეთ,y
84ead3a0-1672-4d12-ab99-0551638ce395,aor,3p,-ი-ძინ--ეს,y
84ead3a0-1672-4d12-ab99-0551638ce395,opt,1s,ვ-ი-ძინ--,y
84ead3a0-1672-4d12-ab99-0551638ce395,opt,2s,-ი-ძინ--,y
84ead3a0-1672-4d12-ab99-0551638ce395,opt,3s,-ი-ძინ--ოს,y
84ead3a0-1672-4d12-ab99-0551638ce395,opt,1p,ვ-ი-ძინ--ოთ,y
84ead3a0-1672-4d12-ab99-0551638ce395,opt,2p,-ი-ძინ--ოთ,y
84ead3a0-1672-4d12-ab99-0551638ce395,opt,3p,-ი-ძინ--ონ,y
5cc219cc-747e-42ce-94f7-a0fd3ff18eb7,pres,1s,-ვ-იძინ-ებ-,n
5cc219cc-747e-42ce-94f7-a0fd3ff18eb7,pres,2s,--იძინ-ებ-,n
5cc219cc-747e-42ce-94f7-a0fd3ff18eb7,pres,3s,--იძინ-ებ-ს,n
5cc219cc-747e-42ce-94f7-a0fd3ff18eb7,pres,1p,-ვ-იძინ-ებ-თ,n
5cc219cc-747e-42ce-94f7-a0fd3ff18eb7,pres,2p,--იძინ-ებ-თ,n
5cc219cc-747e-42ce-94f7-a0fd3ff18eb7,pres,3p,--იძინ-ებ-ენ,n
5cc219cc-747e-42ce-94f7-a0fd3ff18eb7,imp,1s,-ვ-იძინ-ებ-დი,n
5cc219cc-747e-42ce-94f7-a0fd3ff18eb7,imp,2s,--იძინ-ებ-დი,n
5cc219cc-747e-42ce-94f7-a0fd3ff18eb7,imp,3s,--იძინ-ებ-და,n
5cc219cc-747e-42ce-94f7-a0fd3ff18eb7,imp,1p,-ვ-იძინ-ებ-დით,n
5cc219cc-747e-42ce-94f7-a0fd3ff18eb7,imp,2p,--იძინ-ებ-დით,n
5cc219cc-747e-42ce-94f7-a0fd3ff18eb7,imp,3p,--იძინ-ებ-დნენ,n
5cc219cc-747e-42ce-94f7-a0fd3ff18eb7,pres-subj,1s,-ვ-იძინ-ებ-დე,n
5cc219cc-747e-42ce-94f7-a0fd3ff18eb7,pres-subj,2s,--იძინ-ებ-დე,n
5cc219cc-747e-42ce-94f7-a0fd3ff18eb7,pres-subj,3s,--იძინ-ებ-დეს,n
5cc219cc-747e-42ce-94f7-a0fd3ff18eb7,pres-subj,1p,-ვ-იძინ-ებ-დეთ,n
5cc219cc-747e-42ce-94f7-a0fd3ff18eb7,pres-subj,2p,--იძინ-ებ-დეთ,n
5cc219cc-747e-42ce-94f7-a0fd3ff18eb7,pres-subj,3p,--იძინ-ებ-დნენ,n
5cc219cc-747e-42ce-94f7-a0fd3ff18eb7,fut,1s,და-ვ-იძინ-ებ-,n
5cc219cc-747e-42ce-94f7-a0fd3ff18eb7,fut,2s,და--იძინ-ებ-,n
5cc219cc-747e-42ce-94f7-a0fd3ff18eb7,fut,3s,და--იძინ-ებ-ს,n
5cc219cc-747e-42ce-94f7-a0fd3ff18eb7,fut,1p,და-ვ-იძინ-ებ-თ,n
5cc219cc-747e-42ce-94f7-a0fd3ff18eb7,fut,2p,და--იძინ-ებ-თ,n
5cc219cc-747e-42ce-94f7-a0fd3ff18eb7,fut,3p,და--იძინ-ებ-ენ,n
5cc219cc-747e-42ce-94f7-a0fd3ff18eb7,cond,1s,და-ვ-იძინ-ებ-დი,n
5cc219cc-747e-42ce-94f7-a0fd3ff18eb7,cond,2s,და--იძინ-ებ-დი,n
5cc219cc-747e-42ce-94f7-a0fd3ff18eb7,cond,3s,და--იძინ-ებ-და,n
5cc219cc-747e-42ce-94f7-a0fd3ff18eb7,cond,1p,და-ვ-იძინ-ებ-დით,n
5cc219cc-747e-42ce-94f7-a0fd3ff18eb7,cond,2p,და--იძინ-ებ-დით,n
5cc219cc-747e-42ce-94f7-a0fd3ff18eb7,cond,3p,და--იძინ-ებ-დნენ,n
5cc219cc-747e-42ce-94f7-a0fd3ff18eb7,aor,1s,და-ვ-იძინ--ე,n
5cc219cc-747e-42ce-94f7-a0fd3ff18eb7,aor,2s,და--იძინ--ე,n
5cc219cc-747e-42ce-94f7-a0fd3ff18eb7,aor,3s,და--იძინ--ა,n
5cc219cc-747e-42ce-94f7-a0fd3ff18eb7,aor,1p,და-ვ-იძინ--ეთ,n
5cc219cc-747e-42ce-94f7-a0fd3ff18eb7,aor,2p,და--იძინ--ეთ,n
5cc219cc-747e-42ce-94f7-a0fd3ff18eb7,aor,3p,და--იძინ--ეს,n
5cc219cc-747e-42ce-94f7-a0fd3ff18eb7,opt,1s,და-ვ-იძინ--,n
5cc219cc-747e-42ce-94f7-a0fd3ff18eb7,opt,2s,და--იძინ--,n
5cc219cc-747e-42ce-94f7-a0fd3ff18eb7,opt,3s,და--იძინ--ოს,n
5cc219cc-747e-42ce-94f7-a0fd3ff18eb7,opt,1p,და-ვ-იძინ--ოთ,n
5cc219cc-747e-42ce-94f7-a0fd3ff18eb7,opt,2p,და--იძინ--ოთ,n
5cc219cc-747e-42ce-94f7-a0fd3ff18eb7,opt,3p,და--იძინ--ონ,n
2ed1f839-2557-41b2-8bc7-13db43a62985,pres,1s,-ვ-იღიმ-ი-,n
2ed1f839-2557-41b2-8bc7-13db43a62985,pres,2s,--იღიმ-ი-,n
2ed1f839-2557-41b2-8bc7-13db43a62985,pres,3s,--იღიმ-ი-ს,n
2ed1f839-2557-41b2-8bc7-13db43a62985,pres,1p,-ვ-იღიმ-ი-თ,n
2ed1f839-2557-41b2-8bc7-13db43a62985,pres,2p,--იღიმ-ი-თ,n
2ed1f839-2557-41b2-8bc7-13db43a62985,pres,3p,--იღიმ-ი-ან,n
2ed1f839-2557-41b2-8bc7-13db43a62985,imp,1s,-ვ-იღიმ-ი-დი,n
2ed1f839-2557-41b2-8bc7-13db43a62985,imp,2s,--იღიმ-ი-დი,n
2ed1f839-2557-41b2-8bc7-13db43a62985,imp,3s,--იღიმ-ი-და,n
2ed1f839-2557-41b2-8bc7-13db43a62985,imp,1p,-ვ-იღიმ-ი-დით,n
2ed1f839-2557-41b2-8bc7-13db43a62985,imp,2p,--იღიმ-ი-დით,n
2ed1f839-2557-41b2-8bc7-13db43a62985,imp,3p,--იღიმ-ი-დნენ,n
2ed1f839-2557-41b2-8bc7-13db43a62985,pres-subj,1s,-ვ-იღიმ-ი-დე,n
2ed1f839-2557-41b2-8bc7-13db43a62985,pres-subj,2s,--იღიმ-ი-დე,n
2ed1f839-2557-41b2-8bc7-13db43a62985,pres-subj,3s,--იღიმ-ი-დეს,n
2ed1f839-2557-41b2-8bc7-13db43a62985,pres-subj,1p,-ვ-იღიმ-ი-დეთ,n
2ed1f839-2557-41b2-8bc7-13db43a62985,pres-subj,2p,--იღიმ-ი-დეთ,n
2ed1f839-2557-41b2-8bc7-13db43a62985,pres-subj,3p,--იღიმ-ი-დნენ,n
2ed1f839-2557-41b2-8bc7-13db43a62985,fut,1s,გა-ვ-იღიმ-ებ-,n
2ed1f839-2557-41b2-8bc7-13db43a62985,fut,2s,გა--იღიმ-ებ-,n
2ed1f839-2557-41b2-8bc7-13db43a62985,fut,3s,გა--იღიმ-ებ-ს,n
2ed1f839-2557-41b2-8bc7-13db43a62985,fut,1p,გა-ვ-იღიმ-ებ-თ,n
2ed1f839-2557-41b2-8bc7-13db43a62985,fut,2p,გა--იღიმ-ებ-თ,n
2ed1f839-2557-41b2-8bc7-13db43a62985,fut,3p,გა--იღიმ-ებ-ენ,n
2ed1f839-2557-41b2-8bc7-13db43a62985,cond,1s,გა-ვ-იღიმ-ებ-დი,n
2ed1f839-2557-41b2-8bc7-13db43a62985,cond,2s,გა--იღიმ-ებ-დი,n
2ed1f839-2557-41b2-8bc7-13db43a62985,cond,3s,გა--იღიმ-ებ-და,n
2ed1f839-2557-41b2-8bc7-13db43a62985,cond,1p,გა-ვ-იღიმ-ებ-დით,n
2ed1f839-2557-41b2-8bc7-13db43a62985,cond,2p,გა--იღიმ-ებ-დით,n
2ed1f839-2557-41b2-8bc7-13db43a62985,cond,3p,გა--იღიმ-ებ-დნენ,n
2ed1f839-2557-41b2-8bc7-13db43a62985,aor,1s,გა-ვ-იღიმ--ე,n
2ed1f839-2557-41b2-8bc7-13db43a62985,aor,2s,გა--იღიმ--ე,n
2ed1f839-2557-41b2-8bc7-13db43a62985,aor,3s,გა--იღიმ--ა,n
2ed1f839-2557-41b2-8bc7-13db43a62985,aor,1p,გა-ვ-იღიმ--ეთ,n
2ed1f839-2557-41b2-8bc7-13db43a62985,aor,2p,გა--იღიმ--ეთ,n
2ed1f839-2557-41b2-8bc7-13db43a62985,aor,3p,გა--იღიმ--ეს,n
2ed1f839-2557-41b2-8bc7-13db43a62985,opt,1s,გა-ვ-იღიმ--,n
2ed1f839-2557-41b2-8bc7-13db43a62985,opt,2s,გა--იღიმ--,n
2ed1f839-2557-41b2-8bc7-13db43a62985,opt,3s,გა--იღიმ--ოს,n
2ed1f839-2557-41b2-8bc7-13db43a62985,opt,1p,გა-ვ-იღიმ--ოთ,n
2ed1f839-2557-41b2-8bc7-13db43a62985,opt,2p,გა--იღიმ--ოთ,n
2ed1f839-2557-41b2-8bc7-13db43a62985,opt,3p,გა--იღიმ--ონ,n
a243506e-886e-43d8-a033-ec7c58165587,pres,1s,-ვ-ეწ-ევ-ი,n
a243506e-886e-43d8-a033-ec7c58165587,pres,2s,--ეწ-ევ-ი,n
a243506e-886e-43d8-a033-ec7c58165587,pres,3s,--ეწ-ევ-ა,n
a243506e-886e-43d8-a033-ec7c58165587,pres,1p,-ვ-ეწ-ევ-ით,n
a243506e-886e-43d8-a033-ec7c58165587,pres,2p,--ეწ-ევ-ით,n
a243506e-886e-43d8-a033-ec7c58165587,pres,3p,--ეწ-ევ-იან,n
a243506e-886e-43d8-a033-ec7c58165587,imp,1s,-ვ-ეწ-ევ-დი,n
a243506e-886e-43d8-a033-ec7c58165587,imp,2s,--ეწ-ევ-დი,n
a243506e-886e-43d8-a033-ec7c58165587,imp,3s,--ეწ-ევ-და,n
a243506e-886e-43d8-a033-ec7c58165587,imp,1p,-ვ-ეწ-ევ-დით,n
a243506e-886e-43d8-a033-ec7c58165587,imp,2p,--ეწ-ევ-დით,n
a243506e-886e-43d8-a033-ec7c58165587,imp,3p,--ეწ-ევ-დნენ,n
a243506e-886e-43d8-a033-ec7c58165587,pres-subj,1s,-ვ-ეწ-ევ-დე,n
a243506e-886e-43d8-a033-ec7c58165587,pres-subj,2s,--ეწ-ევ-დე,n
a243506e-886e-43d8-a033-ec7c58165587,pres-subj,3s,--ეწ-ევ-დეს,n
a243506e-886e-43d8-a033-ec7c58165587,pres-subj,1p,-ვ-ეწ-ევ-დეთ,n
a243506e-886e-43d8-a033-ec7c58165587,pres-subj,2p,--ეწ-ევ-დეთ,n
a243506e-886e-43d8-a033-ec7c58165587,pres-subj,3p,--ეწ-ევ-დნენ,n
a243506e-886e-43d8-a033-ec7c58165587,fut,1s,მო-ვ-ეწ-ევ-ი,n
a243506e-886e-43d8-a033-ec7c58165587,fut,2s,მო--ეწ-ევ-ი,n
a243506e-886e-43d8-a033-ec7c58165587,fut,3s,მო--ეწ-ევ-ა,n
a243506e-886e-43d8-a033-ec7c58165587,fut,1p,მო-ვ-ეწ-ევ-ით,n
a243506e-886e-43d8-a033-ec7c58165587,fut,2p,მო--ეწ-ევ-ით,n
a243506e-886e-43d8-a033-ec7c58165587,fut,3p,მო--ეწ-ევ-იან,n
a243506e-886e-43d8-a033-ec7c58165587,cond,1s,მო-ვ-ეწ-ევ-დი,n
a243506e-886e-43d8-a033-ec7c58165587,cond,2s,მო--ეწ-ევ-დი,n
a243506e-886e-43d8-a033-ec7c58165587,cond,3s,მო--ეწ-ევ-და,n
a243506e-886e-43d8-a033-ec7c58165587,cond,1p,მო-ვ-ეწ-ევ-დით,n
a243506e-886e-43d8-a033-ec7c58165587,cond,2p,მო--ეწ-ევ-დით,n
a243506e-886e-43d8-a033-ec7c58165587,cond,3p,მო--ეწ-ევ-დნენ,n
a243506e-886e-43d8-a033-ec7c58165587,aor,1s,მო-ვ-წი--ე,n
a243506e-886e-43d8-a033-ec7c58165587,aor,2s,მო--წი--ე,n
a243506e-886e-43d8-a033-ec7c58165587,aor,3s,მო--წი--ა,n
a243506e-886e-43d8-a033-ec7c58165587,aor,1p,მო-ვ-წი--ეთ,n
a243506e-886e-43d8-a033-ec7c58165587,aor,2p,მო--წი--ეთ,n
a243506e-886e-43d8-a033-ec7c58165587,aor,3p,მო--წი--ეს,n
a243506e-886e-43d8-a033-ec7c58165587,opt,1s,მო-ვ-წი--,n
a243506e-886e-43d8-a033-ec7c58165587,opt,2s,მო--წი--,n
a243506e-886e-43d8-a033-ec7c58165587,opt,3s,მო--წი--ოს,n
a243506e-886e-43d8-a033-ec7c58165587,opt,1p,მო-ვ-წი--ოთ,n
a243506e-886e-43d8-a033-ec7c58165587,opt,2p,მო--წი--ოთ,n
a243506e-886e-43d8-a033-ec7c58165587,opt,3p,მო--წი--ონ,n
ed818bf1-90d3-4466-847e-c3c5743753e0,pres,1s,-ვ-აცემინ-ებ-,n
ed818bf1-90d3-4466-847e-c3c5743753e0,pres,2s,--აცემინ-ებ-,n
ed818bf1-90d3-4466-847e-c3c5743753e0,pres,3s,--აცემინ-ებ-ს,n
ed818bf1-90d3-4466-847e-c3c5743753e0,pres,1p,-ვ-აცემინ-ებ-თ,n
ed818bf1-90d3-4466-847e-c3c5743753e0,pres,2p,--აცემინ-ებ-თ,n
ed818bf1-90d3-4466-847e-c3c5743753e0,pres,3p,--აცემინ-ებ-ენ,n
ed818bf1-90d3-4466-847e-c3c5743753e0,imp,1s,-ვ-აცემინ-ებ-დი,n
ed818bf1-90d3-4466-847e-c3c5743753e0,imp,2s,--აცემინ-ებ-დი,n
ed818bf1-90d3-4466-847e-c3c5743753e0,imp,3s,--აცემინ-ებ-და,n
ed818bf1-90d3-4466-847e-c3c5743753e0,imp,1p,-ვ-აცემინ-ებ-დით,n
ed818bf1-90d3-4466-847e-c3c5743753e0,imp,2p,--აცემინ-ებ-დით,n
ed818bf1-90d3-4466-847e-c3c5743753e0,imp,3p,--აცემინ-ებ-დნენ,n
ed818bf1-90d3-4466-847e-c3c5743753e0,pres-subj,1s,-ვ-აცემინ-ებ-დე,n
ed818bf1-90d3-4466-847e-c3c5743753e0,pres-subj,2s,--აცემინ-ებ-დე,n
ed818bf1-90d3-4466-847e-c3c5743753e0,pres-subj,3s,--აცემინ-ებ-დეს,n
ed818bf1-90d3-4466-847e-c3c5743753e0,pres-subj,1p,-ვ-აცემინ-ებ-დეთ,n
ed818bf1-90d3-4466-847e-c3c5743753e0,pres-subj,2p,--აცემინ-ებ-დეთ,n
ed818bf1-90d3-4466-847e-c3c5743753e0,pres-subj,3p,--აცემინ-ებ-დნენ,n
ed818bf1-90d3-4466-847e-c3c5743753e0,fut,1s,და-ვ-აცემინ-ებ-,n
ed818bf1-90d3-4466-847e-c3c5743753e0,fut,2s,და--აცემინ-ებ-,n
ed818bf1-90d3-4466-847e-c3c5743753e0,fut,3s,და--აცემინ-ებ-ს,n
ed818bf1-90d3-4466-847e-c3c5743753e0,fut,1p,და-ვ-აცემინ-ებ-თ,n
ed818bf1-90d3-4466-847e-c3c5743753e0,fut,2p,და--აცემინ-ებ-თ,n
ed818bf1-90d3-4466-847e-c3c5743753e0,fut,3p,და--აცემინ-ებ-ენ,n
ed818bf1-90d3-4466-847e-c3c5743753e0,cond,1s,და-ვ-აცემინ-ებ-დი,n
ed818bf1-90d3-4466-847e-c3c5743753e0,cond,2s,და--აცემინ-ებ-დი,n
ed818bf1-90d3-4466-847e-c3c5743753e0,cond,3s,და--აცემინ-ებ-და,n
ed818bf1-90d3-4466-847e-c3c5743753e0,cond,1p,და-ვ-აცემინ-ებ-დით,n
ed818bf1-90d3-4466-847e-c3c5743753e0,cond,2p,და--აცემინ-ებ-დით,n
ed818bf1-90d3-4466-847e-c3c5743753e0,cond,3p,და--აცემინ-ებ-დნენ,n
ed818bf1-90d3-4466-847e-c3c5743753e0,aor,1s,და-ვ-აცემინ--ე,n
ed818bf1-90d3-4466-847e-c3c5743753e0,aor,2s,და--აცემინ--ე,n
ed818bf1-90d3-4466-847e-c3c5743753e0,aor,3s,და--აცემინ--ა,n
ed818bf1-90d3-4466-847e-c3c5743753e0,aor,1p,და-ვ-აცემინ--ეთ,n
ed818bf1-90d3-4466-847e-c3c5743753e0,aor,2p,და--აცემინ--ეთ,n
ed818bf1-90d3-4466-847e-c3c5743753e0,aor,3p,და--აცემინ--ეს,n
ed818bf1-90d3-4466-847e-c3c5743753e0,opt,1s,და-ვ-აცემინ--,n
ed818bf1-90d3-4466-847e-c3c5743753e0,opt,2s,და--აცემინ--,n
ed818bf1-90d3-4466-847e-c3c5743753e0,opt,3s,და--აცემინ--ოს,n
ed818bf1-90d3-4466-847e-c3c5743753e0,opt,1p,და-ვ-აცემინ--ოთ,n
ed818bf1-90d3-4466-847e-c3c5743753e0,opt,2p,და--აცემინ--ოთ,n
ed818bf1-90d3-4466-847e-c3c5743753e0,opt,3p,და--აცემინ--ონ,n
a86c90e4-e7b9-4a58-96f4-8142e91fcc0a,pres,1s,ვ--ლაპარაკ-ობ-,y
a86c90e4-e7b9-4a58-96f4-8142e91fcc0a,pres,2s,--ლაპარაკ-ობ-,y
a86c90e4-e7b9-4a58-96f4-8142e91fcc0a,pres,3s,--ლაპარაკ-ობ-ს,y
a86c90e4-e7b9-4a58-96f4-8142e91fcc0a,pres,1p,ვ--ლაპარაკ-ობ-თ,y
a86c90e4-e7b9-4a58-96f4-8142e91fcc0a,pres,2p,--ლაპარაკ-ობ-თ,y
a86c90e4-e7b9-4a58-96f4-8142e91fcc0a,pres,3p,--ლაპარაკ-ობ-ენ,y
a86c90e4-e7b9-4a58-96f4-8142e91fcc0a,imp,1s,ვ--ლაპარაკ-ობ-დი,y
a86c90e4-e7b9-4a58-96f4-8142e91fcc0a,imp,2s,--ლაპარაკ-ობ-დი,y
a86c90e4-e7b9-4a58-96f4-8142e91fcc0a,imp,3s,--ლაპარაკ-ობ-და,y
a86c90e4-e7b9-4a58-96f4-8142e91fcc0a,imp,1p,ვ--ლაპარაკ-ობ-დით,y
a86c90e4-e7b9-4a58-96f4-8142e91fcc0a,imp,2p,--ლაპარაკ-ობ-დით,y
a86c90e4-e7b9-4a58-96f4-8142e91fcc0a,imp,3p,--ლაპარაკ-ობ-დნენ,y
a86c90e4-e7b9-4a58-96f4-8142e91fcc0a,pres-subj,1s,ვ--ლაპარაკ-ობ-დე,y
a86c90e4-e7b9-4a58-96f4-8142e91fcc0a,pres-subj,2s,--ლაპარაკ-ობ-დე,y
a86c90e4-e7b9-4a58-96f4-8142e91fcc0a,pres-subj,3s,--ლაპარაკ-ობ-დეს,y
a86c90e4-e7b9-4a58-96f4-8142e91fcc0a,pres-subj,1p,ვ--ლაპარაკ-ობ-დეთ,y
a86c90e4-e7b9-4a58-96f4-8142e91fcc0a,pres-subj,2p,--ლაპარაკ-ობ-დეთ,y
a86c90e4-e7b9-4a58-96f4-8142e91fcc0a,pres-subj,3p,--ლაპარაკ-ობ-დნენ,y
a86c90e4-e7b9-4a58-96f4-8142e91fcc0a,fut,1s,ვ-ი-ლაპარაკ-ებ-,y
a86c90e4-e7b9-4a58-96f4-8142e91fcc0a,fut,2s,-ი-ლაპარაკ-ებ-,y
a86c90e4-e7b9-4a58-96f4-8142e91fcc0a,fut,3s,-ი-ლაპარაკ-ებ-ს,y
a86c90e4-e7b9-4a58-96f4-8142e91fcc0a,fut,1p,ვ-ი-ლაპარაკ-ებ-თ,y
a86c90e4-e7b9-4a58-96f4-8142e91fcc0a,fut,2p,-ი-ლაპარაკ-ებ-თ,y
a86c90e4-e7b9-4a58-96f4-8142e91fcc0a,fut,3p,-ი-ლაპარაკ-ებ-ენ,y
a86c90e4-e7b9-4a58-96f4-8142e91fcc0a,cond,1s,ვ-ი-ლაპარაკ-ებ-დი,y
a86c90e4-e7b9-4a58-96f4-8142e91fcc0a,cond,2s,-ი-ლაპარაკ-ებ-დი,y
a86c90e4-e7b9-4a58-96f4-8142e91fcc0a,cond,3s,-ი-ლაპარაკ-ებ-და,y
a86c90e4-e7b9-4a58-96f4-8142e91fcc0a,cond,1p,ვ-ი-ლაპარაკ-ებ-დით,y
a86c90e4-e7b9-4a58-96f4-8142e91fcc0a,cond,2p,-ი-ლაპარაკ-ებ-დით,y
a86c90e4-e7b9-4a58-96f4-8142e91fcc0a,cond,3p,-ი-ლაპარაკ-ებ-დნენ,y
a86c90e4-e7b9-4a58-96f4-8142e91fcc0a,aor,1s,ვ-ი-ლაპარაკ--ე,y
a86c90e4-e7b9-4a58-96f4-8142e91fcc0a,aor,2s,-ი-ლაპარაკ--ე,y
a86c90e4-e7b9-4a58-96f4-8142e91fcc0a,aor,3s,-ი-ლაპარაკ--ა,y
a86c90e4-e7b9-4a58-96f4-8142e91fcc0a,aor,1p,ვ-ი-ლაპარაკ--ეთ,y
a86c90e4-e7b9-4a58-96f4-8142e91fcc0a,aor,2p,-ი-ლაპარაკ--ეთ,y
a86c90e4-e7b9-4a58-96f4-8142e91fcc0a,aor,3p,-ი-ლაპარაკ--ეს,y
a86c90e4-e7b9-4a58-96f4-8142e91fcc0a,opt,1s,ვ-ი-ლაპარაკ--,y
a86c90e4-e7b9-4a58-96f4-8142e91fcc0a,opt,2s,-ი-ლაპარაკ--,y
a86c90e4-e7b9-4a58-96f4-8142e91fcc0a,opt,3s,-ი-ლაპარაკ--ოს,y
a86c90e4-e7b9-4a58-96f4-8142e91fcc0a,opt,1p,ვ-ი-ლაპარაკ--ოთ,y
a86c90e4-e7b9-4a58-96f4-8142e91fcc0a,opt,2p,-ი-ლაპარაკ--ოთ,y
a86c90e4-e7b9-4a58-96f4-8142e91fcc0a,opt,3p,-ი-ლაპარაკ--ონ,y
b072e916-3f29-41d6-9e82-2f504c7380bc,pres,1s,-ვ-ელაპარაკ-ებ-ი,n
b072e916-3f29-41d6-9e82-2f504c7380bc,pres,2s,--ელაპარაკ-ებ-ი,n
b072e916-3f29-41d6-9e82-2f504c7380bc,pres,3s,--ელაპარაკ-ებ-ა,n
b072e916-3f29-41d6-9e82-2f504c7380bc,pres,1p,-ვ-ელაპარაკ-ებ-ით,n
b072e916-3f29-41d6-9e82-2f504c7380bc,pres,2p,--ელაპარაკ-ებ-ით,n
b072e916-3f29-41d6-9e82-2f504c7380bc,pres,3p,--ელაპარაკ-ებ-იან,n
b072e916-3f29-41d6-9e82-2f504c7380bc,imp,1s,-ვ-ელაპარაკ-ებ-დი,n
b072e916-3f29-41d6-9e82-2f504c7380bc,imp,2s,--ელაპარაკ-ებ-დი,n
b072e916-3f29-41d6-9e82-2f504c7380bc,imp,3s,--ელაპარაკ-ებ-და,n
b072e916-3f29-41d6-9e82-2f504c7380bc,imp,1p,-ვ-ელაპარაკ-ებ-დით,n
b072e916-3f29-41d6-9e82-2f504c7380bc,imp,2p,--ელაპარაკ-ებ-დით,n
b072e916-3f29-41d6-9e82-2f504c7380bc,imp,3p,--ელაპარაკ-ებ-დნენ,n
b072e916-3f29-41d6-9e82-2f504c7380bc,pres-subj,1s,-ვ-ელაპარაკ-ებ-დე,n
b072e916-3f29-41d6-9e82-2f504c7380bc,pres-subj,2s,--ელაპარაკ-ებ-დე,n
b072e916-3f29-41d6-9e82-2f504c7380bc,pres-subj,3s,--ელაპარაკ-ებ-დეს,n
b072e916-3f29-41d6-9e82-2f504c7380bc,pres-subj,1p,-ვ-ელაპარაკ-ებ-დეთ,n
b072e916-3f29-41d6-9e82-2f504c7380bc,pres-subj,2p,--ელაპარაკ-ებ-დეთ,n
b072e916-3f29-41d6-9e82-2f504c7380bc,pres-subj,3p,--ელაპარაკ-ებ-დნენ,n
b072e916-3f29-41d6-9e82-2f504c7380bc,fut,1s,მო-ვ-ელაპარაკ-ებ-ი,n
b072e916-3f29-41d6-9e82-2f504c7380bc,fut,2s,მო--ელაპარაკ-ებ-ი,n
b072e916-3f29-41d6-9e82-2f504c7380bc,fut,3s,მო--ელაპარაკ-ებ-ა,n
b072e916-3f29-41d6-9e82-2f504c7380bc,fut,1p,მო-ვ-ელაპარაკ-ებ-ით,n
b072e916-3f29-41d6-9e82-2f504c7380bc,fut,2p,მო--ელაპარაკ-ებ-ით,n
b072e916-3f29-41d6-9e82-2f504c7380bc,fut,3p,მო--ელაპარაკ-ებ-იან,n
b072e916-3f29-41d6-9e82-2f504c7380bc,cond,1s,მო-ვ-ელაპარაკ-ებ-დი,n
b072e916-3f29-41d6-9e82-2f504c7380bc,cond,2s,მო--ელაპარაკ-ებ-დი,n
b072e916-3f29-41d6-9e82-2f504c7380bc,cond,3s,მო--ელაპარაკ-ებ-და,n
b072e916-3f29-41d6-9e82-2f504c7380bc,cond,1p,მო-ვ-ელაპარაკ-ებ-დით,n
b072e916-3f29-41d6-9e82-2f504c7380bc,cond,2p,მო--ელაპარაკ-ებ-დით,n
b072e916-3f29-41d6-9e82-2f504c7380bc,cond,3p,მო--ელაპარაკ-ებ-დნენ,n
b072e916-3f29-41d6-9e82-2f504c7380bc,aor,1s,-ვ-ელაპარაკ--ე,n
b072e916-3f29-41d6-9e82-2f504c7380bc,aor,2s,--ელაპარაკ--ე,n
b072e916-3f29-41d6-9e82-2f504c7380bc,aor,3s,--ელაპარაკ--ა,n
b072e916-3f29-41d6-9e82-2f504c7380bc,aor,1p,-ვ-ელაპარაკ--ეთ,n
b072e916-3f29-41d6-9e82-2f504c7380bc,aor,2p,--ელაპარაკ--ეთ,n
b072e916-3f29-41d6-9e82-2f504c7380bc,aor,3p,--ელაპარაკ--ნენ,n
b072e916-3f29-41d6-9e82-2f504c7380bc,opt,1s,-ვ-ელაპარაკ--,n
b072e916-3f29-41d6-9e82-2f504c7380bc,opt,2s,--ელაპარაკ--,n
b072e916-3f29-41d6-9e82-2f504c7380bc,opt,3s,--ელაპარაკ--ოს,n
b072e916-3f29-41d6-9e82-2f504c7380bc,opt,1p,-ვ-ელაპარაკ--ოთ,n
b072e916-3f29-41d6-9e82-2f504c7380bc,opt,2p,--ელაპარაკ--ოთ,n
b072e916-3f29-41d6-9e82-2f504c7380bc,opt,3p,--ელაპარაკ--ონ,n
736ceeee-0d99-4654-b97d-eab8f8d83045,pres,1s,-ვ-მარცვლ-ავ-,n
736ceeee-0d99-4654-b97d-eab8f8d83045,pres,2s,--მარცვლ-ავ-,n
736ceeee-0d99-4654-b97d-eab8f8d83045,pres,3s,--მარცვლ-ავ-ს,n
736ceeee-0d99-4654-b97d-eab8f8d83045,pres,1p,-ვ-მარცვლ-ავ-თ,n
736ceeee-0d99-4654-b97d-eab8f8d83045,pres,2p,--მარცვლ-ავ-თ,n
736ceeee-0d99-4654-b97d-eab8f8d83045,pres,3p,--მარცვლ-ავ-ენ,n
736ceeee-0d99-4654-b97d-eab8f8d83045,imp,1s,-ვ-მარცვლ-ავ-დი,n
736ceeee-0d99-4654-b97d-eab8f8d83045,imp,2s,--მარცვლ-ავ-დი,n
736ceeee-0d99-4654-b97d-eab8f8d83045,imp,3s,--მარცვლ-ავ-და,n
736ceeee-0d99-4654-b97d-eab8f8d83045,imp,1p,-ვ-მარცვლ-ავ-დით,n
736ceeee-0d99-4654-b97d-eab8f8d83045,imp,2p,--მარცვლ-ავ-დით,n
736ceeee-0d99-4654-b97d-eab8f8d83045,imp,3p,--მარცვლ-ავ-დნენ,n
736ceeee-0d99-4654-b97d-eab8f8d83045,pres-subj,1s,-ვ-მარცვლ-ავ-დე,n
736ceeee-0d99-4654-b97d-eab8f8d83045,pres-subj,2s,--მარცვლ-ავ-დე,n
736ceeee-0d99-4654-b97d-eab8f8d83045,pres-subj,3s,--მარცვლ-ავ-დეს,n
736ceeee-0d99-4654-b97d-eab8f8d83045,pres-subj,1p,-ვ-მარცვლ-ავ-დეთ,n
736ceeee-0d99-4654-b97d-eab8f8d83045,pres-subj,2p,--მარცვლ-ავ-დეთ,n
736ceeee-0d99-4654-b97d-eab8f8d83045,pres-subj,3p,--მარცვლ-ავ-დნენ,n
736ceeee-0d99-4654-b97d-eab8f8d83045,fut,1s,და-ვ-მარცვლ-ავ-,n
736ceeee-0d99-4654-b97d-eab8f8d83045,fut,2s,და--მარცვლ-ავ-,n
736ceeee-0d99-4654-b97d-eab8f8d83045,fut,3s,და--მარცვლ-ავ-ს,n
736ceeee-0d99-4654-b97d-eab8f8d83045,fut,1p,და-ვ-მარცვლ-ავ-თ,n
736ceeee-0d99-4654-b97d-eab8f8d83045,fut,2p,და--მარცვლ-ავ-თ,n
736ceeee-0d99-4654-b97d-eab8f8d83045,fut,3p,და--მარცვლ-ავ-ენ,n
736ceeee-0d99-4654-b97d-eab8f8d83045,cond,1s,და-ვ-მარცვლ-ავ-დი,n
736ceeee-0d99-4654-b97d-eab8f8d83045,cond,2s,და--მარცვლ-ავ-დი,n
736ceeee-0d99-4654-b97d-eab8f8d83045,cond,3s,და--მარცვლ-ავ-და,n
736ceeee-0d99-4654-b97d-eab8f8d83045,cond,1p,და-ვ-მარცვლ-ავ-დით,n
736ceeee-0d99-4654-b97d-eab8f8d83045,cond,2p,და--მარცვლ-ავ-დით,n
736ceeee-0d99-4654-b97d-eab8f8d83045,cond,3p,და--მარცვლ-ავ-დნენ,n
736ceeee-0d99-4654-b97d-eab8f8d83045,aor,1s,და-ვ-მარცვლ--ე,n
736ceeee-0d99-4654-b97d-eab8f8d83045,aor,2s,და--მარცვლ--ე,n
736ceeee-0d99-4654-b97d-eab8f8d83045,aor,3s,და--მარცვლ--ა,n
736ceeee-0d99-4654-b97d-eab8f8d83045,aor,1p,და-ვ-მარცვლ--ეთ,n
736ceeee-0d99-4654-b97d-eab8f8d83045,aor,2p,და--მარცვლ--ეთ,n
736ceeee-0d99-4654-b97d-eab8f8d83045,aor,3p,და--მარცვლ--ეს,n
736ceeee-0d99-4654-b97d-eab8f8d83045,opt,1s,და-ვ-მარცვლ--,n
736ceeee-0d99-4654-b97d-eab8f8d83045,opt,2s,და--მარცვლ--,n
736ceeee-0d99-4654-b97d-eab8f8d83045,opt,3s,და--მარცვლ--ოს,n
736ceeee-0d99-4654-b97d-eab8f8d83045,opt,1p,და-ვ-მარცვლ--ოთ,n
736ceeee-0d99-4654-b97d-eab8f8d83045,opt,2p,და--მარცვლ--ოთ,n
736ceeee-0d99-4654-b97d-eab8f8d83045,opt,3p,და--მარცვლ--ონ,n
1bc6d46b-b8c2-4fee-b60d-a51f44e30995,pres,1s,-ვ-ხარჯ-ავ-,n
1bc6d46b-b8c2-4fee-b60d-a51f44e30995,pres,2s,--ხარჯ-ავ-,n
1bc6d46b-b8c2-4fee-b60d-a51f44e30995,pres,3s,--ხარჯ-ავ-ს,n
1bc6d46b-b8c2-4fee-b60d-a51f44e30995,pres,1p,-ვ-ხარჯ-ავ-თ,n
1bc6d46b-b8c2-4fee-b60d-a51f44e30995,pres,2p,--ხარჯ-ავ-თ,n
1bc6d46b-b8c2-4fee-b60d-a51f44e30995,pres,3p,--ხარჯ-ავ-ენ,n
1bc6d46b-b8c2-4fee-b60d-a51f44e30995,imp,1s,-ვ-ხარჯ-ავ-დი,n
1bc6d46b-b8c2-4fee-b60d-a51f44e30995,imp,2s,--ხარჯ-ავ-დი,n
1bc6d46b-b8c2-4fee-b60d-a51f44e30995,imp,3s,--ხარჯ-ავ-და,n
1bc6d46b-b8c2-4fee-b60d-a51f44e30995,imp,1p,-ვ-ხარჯ-ავ-დით,n
1bc6d46b-b8c2-4fee-b60d-a51f44e30995,imp,2p,--ხარჯ-ავ-დით,n
1bc6d46b-b8c2-4fee-b60d-a51f44e30995,imp,3p,--ხარჯ-ავ-დნენ,n
1bc6d46b-b8c2-4fee-b60d-a51f44e30995,pres-subj,1s,-ვ-ხარჯ-ავ-დე,n
1bc6d46b-b8c2-4fee-b60d-a51f44e30995,pres-subj,2s,--ხარჯ-ავ-დე,n
1bc6d46b-b8c2-4fee-b60d-a51f44e30995,pres-subj,3s,--ხარჯ-ავ-დეს,n
1bc6d46b-b8c2-4fee-b60d-a51f44e30995,pres-subj,1p,-ვ-ხარჯ-ავ-დეთ,n
1bc6d46b-b8c2-4fee-b60d-a51f44e30995,pres-subj,2p,--ხარჯ-ავ-დეთ,n
1bc6d46b-b8c2-4fee-b60d-a51f44e30995,pres-subj,3p,--ხარჯ-ავ-დნენ,n
1bc6d46b-b8c2-4fee-b60d-a51f44e30995,fut,1s,და-ვ-ხარჯ-ავ-,n
1bc6d46b-b8c2-4fee-b60d-a51f44e30995,fut,2s,და--ხარჯ-ავ-,n
1bc6d46b-b8c2-4fee-b60d-a51f44e30995,fut,3s,და--ხარჯ-ავ-ს,n
1bc6d46b-b8c2-4fee-b60d-a51f44e30995,fut,1p,და-ვ-ხარჯ-ავ-თ,n
1bc6d46b-b8c2-4fee-b60d-a51f44e30995,fut,2p,და--ხარჯ-ავ-თ,n
1bc6d46b-b8c2-4fee-b60d-a51f44e30995,fut,3p,და--ხარჯ-ავ-ენ,n
1bc6d46b-b8c2-4fee-b60d-a51f44e30995,cond,1s,და-ვ-ხარჯ-ავ-დი,n
1bc6d46b-b8c2-4fee-b60d-a51f44e30995,cond,2s,და--ხარჯ-ავ-დი,n
1bc6d46b-b8c2-4fee-b60d-a51f44e30995,cond,3s,და--ხარჯ-ავ-და,n
1bc6d46b-b8c2-4fee-b60d-a51f44e30995,cond,1p,და-ვ-ხარჯ-ავ-დით,n
1bc6d46b-b8c2-4fee-b60d-a51f44e30995,cond,2p,და--ხარჯ-ავ-დით,n
1bc6d46b-b8c2-4fee-b60d-a51f44e30995,cond,3p,და--ხარჯ-ავ-დნენ,n
1bc6d46b-b8c2-4fee-b60d-a51f44e30995,aor,1s,და-ვ-ხარჯ--ე,n
1bc6d46b-b8c2-4fee-b60d-a51f44e30995,aor,2s,და--ხარჯ--ე,n
1bc6d46b-b8c2-4fee-b60d-a51f44e30995,aor,3s,და--ხარჯ--ა,n
1bc6d46b-b8c2-4fee-b60d-a51f44e30995,aor,1p,და-ვ-ხარჯ--ეთ,n
1bc6d46b-b8c2-4fee-b60d-a51f44e30995,aor,2p,და--ხარჯ--ეთ,n
1bc6d46b-b8c2-4fee-b60d-a51f44e30995,aor,3p,და--ხარჯ--ეს,n
1bc6d46b-b8c2-4fee-b60d-a51f44e30995,opt,1s,და-ვ-ხარჯ--,n
1bc6d46b-b8c2-4fee-b60d-a51f44e30995,opt,2s,და--ხარჯ--,n
1bc6d46b-b8c2-4fee-b60d-a51f44e30995,opt,3s,და--ხარჯ--ოს,n
1bc6d46b-b8c2-4fee-b60d-a51f44e30995,opt,1p,და-ვ-ხარჯ--ოთ,n
1bc6d46b-b8c2-4fee-b60d-a51f44e30995,opt,2p,და--ხარჯ--ოთ,n
1bc6d46b-b8c2-4fee-b60d-a51f44e30995,opt,3p,და--ხარჯ--ონ,n
481e264f-1253-430e-880a-be4244133e54,pres,1s,-ვ-ატარ-ებ-,n
481e264f-1253-430e-880a-be4244133e54,pres,2s,--ატარ-ებ-,n
481e264f-1253-430e-880a-be4244133e54,pres,3s,--ატარ-ებ-ს,n
481e264f-1253-430e-880a-be4244133e54,pres,1p,-ვ-ატარ-ებ-თ,n
481e264f-1253-430e-880a-be4244133e54,pres,2p,--ატარ-ებ-თ,n
481e264f-1253-430e-880a-be4244133e54,pres,3p,--ატარ-ებ-ენ,n
481e264f-1253-430e-880a-be4244133e54,imp,1s,-ვ-ატარ-ებ-დი,n
481e264f-1253-430e-880a-be4244133e54,imp,2s,--ატარ-ებ-დი,n
481e264f-1253-430e-880a-be4244133e54,imp,3s,--ატარ-ებ-და,n
481e264f-1253-430e-880a-be4244133e54,imp,1p,-ვ-ატარ-ებ-დით,n
481e264f-1253-430e-880a-be4244133e54,imp,2p,--ატარ-ებ-დით,n
481e264f-1253-430e-880a-be4244133e54,imp,3p,--ატარ-ებ-დნენ,n
481e264f-1253-430e-880a-be4244133e54,pres-subj,1s,-ვ-ატარ-ებ-დე,n
481e264f-1253-430e-880a-be4244133e54,pres-subj,2s,--ატარ-ებ-დე,n
481e264f-1253-430e-880a-be4244133e54,pres-subj,3s,--ატარ-ებ-დეს,n
481e264f-1253-430e-880a-be4244133e54,pres-subj,1p,-ვ-ატარ-ებ-დეთ,n
481e264f-1253-430e-880a-be4244133e54,pres-subj,2p,--ატარ-ებ-დეთ,n
481e264f-1253-430e-880a-be4244133e54,pres-subj,3p,--ატარ-ებ-დნენ,n
481e264f-1253-430e-880a-be4244133e54,fut,1s,გა-ვ-ატარ-ებ-,n
481e264f-1253-430e-880a-be4244133e54,fut,2s,გა--ატარ-ებ-,n
481e264f-1253-430e-880a-be4244133e54,fut,3s,გა--ატარ-ებ-ს,n
481e264f-1253-430e-880a-be4244133e54,fut,1p,გა-ვ-ატარ-ებ-თ,n
481e264f-1253-430e-880a-be4244133e54,fut,2p,გა--ატარ-ებ-თ,n
481e264f-1253-430e-880a-be4244133e54,fut,3p,გა--ატარ-ებ-ენ,n
481e264f-1253-430e-880a-be4244133e54,cond,1s,გა-ვ-ატარ-ებ-დი,n
481e264f-1253-430e-880a-be4244133e54,cond,2s,გა--ატარ-ებ-დი,n
481e264f-1253-430e-880a-be4244133e54,cond,3s,გა--ატარ-ებ-და,n
481e264f-1253-430e-880a-be4244133e54,cond,1p,გა-ვ-ატარ-ებ-დით,n
481e264f-1253-430e-880a-be4244133e54,cond,2p,გა--ატარ-ებ-დით,n
481e264f-1253-430e-880a-be4244133e54,cond,3p,გა--ატარ-ებ-დნენ,n
481e264f-1253-430e-880a-be4244133e54,aor,1s,გა-ვ-ატარ--ე,n
481e264f-1253-430e-880a-be4244133e54,aor,2s,გა--ატარ--ე,n
481e264f-1253-430e-880a-be4244133e54,aor,3s,გა--ატარ--ა,n
481e264f-1253-430e-880a-be4244133e54,aor,1p,გა-ვ-ატარ--ეთ,n
481e264f-1253-430e-880a-be4244133e54,aor,2p,გა--ატარ--ეთ,n
481e264f-1253-430e-880a-be4244133e54,aor,3p,გა--ატარ--ეს,n
481e264f-1253-430e-880a-be4244133e54,opt,1s,გა-ვ-ატარ--,n
481e264f-1253-430e-880a-be4244133e54,opt,2s,გა--ატარ--,n
481e264f-1253-430e-880a-be4244133e54,opt,3s,გა--ატარ--ოს,n
481e264f-1253-430e-880a-be4244133e54,opt,1p,გა-ვ-ატარ--ოთ,n
481e264f-1253-430e-880a-be4244133e54,opt,2p,გა--ატარ--ოთ,n
481e264f-1253-430e-880a-be4244133e54,opt,3p,გა--ატარ--ონ,n
79960898-3f46-4623-ab5d-7cca5b814935,pres,1s,-ვ-ფუჭდ-ებ-ი,n
79960898-3f46-4623-ab5d-7cca5b814935,pres,2s,--ფუჭდ-ებ-ი,n
79960898-3f46-4623-ab5d-7cca5b814935,pres,3s,--ფუჭდ-ებ-ა,n
79960898-3f46-4623-ab5d-7cca5b814935,pres,1p,-ვ-ფუჭდ-ებ-ით,n
79960898-3f46-4623-ab5d-7cca5b814935,pres,2p,--ფუჭდ-ებ-ით,n
79960898-3f46-4623-ab5d-7cca5b814935,pres,3p,--ფუჭდ-ებ-იან,n
79960898-3f46-4623-ab5d-7cca5b814935,imp,1s,-ვ-ფუჭდ-ებ-ოდი,n
79960898-3f46-4623-ab5d-7cca5b814935,imp,2s,--ფუჭდ-ებ-ოდი,n
79960898-3f46-4623-ab5d-7cca5b814935,imp,3s,--ფუჭდ-ებ-ოდა,n
79960898-3f46-4623-ab5d-7cca5b814935,imp,1p,-ვ-ფუჭდ-ებ-ოდით,n
79960898-3f46-4623-ab5d-7cca5b814935,imp,2p,--ფუჭდ-ებ-ოდით,n
79960898-3f46-4623-ab5d-7cca5b814935,imp,3p,--ფუჭდ-ებ-ოდნენ,n
79960898-3f46-4623-ab5d-7cca5b814935,pres-subj,1s,-ვ-ფუჭდ-ებ-დე,n
79960898-3f46-4623-ab5d-7cca5b814935,pres-subj,2s,--ფუჭდ-ებ-დე,n
79960898-3f46-4623-ab5d-7cca5b814935,pres-subj,3s,--ფუჭდ-ებ-დეს,n
79960898-3f46-4623-ab5d-7cca5b814935,pres-subj,1p,-ვ-ფუჭდ-ებ-დეთ,n
79960898-3f46-4623-ab5d-7cca5b814935,pres-subj,2p,--ფუჭდ-ებ-დეთ,n
79960898-3f46-4623-ab5d-7cca5b814935,pres-subj,3p,--ფუჭდ-ებ-დნენ,n
79960898-3f46-4623-ab5d-7cca5b814935,fut,1s,გა-ვ-ფუჭდ-ებ-ი,n
79960898-3f46-4623-ab5d-7cca5b814935,fut,2s,გა--ფუჭდ-ებ-ი,n
79960898-3f46-4623-ab5d-7cca5b814935,fut,3s,გა--ფუჭდ-ებ-ა,n
79960898-3f46-4623-ab5d-7cca5b814935,fut,1p,გა-ვ-ფუჭდ-ებ-ით,n
79960898-3f46-4623-ab5d-7cca5b814935,fut,2p,გა--ფუჭდ-ებ-ით,n
79960898-3f46-4623-ab5d-7cca5b814935,fut,3p,გა--ფუჭდ-ებ-იან,n
79960898-3f46-4623-ab5d-7cca5b814935,cond,1s,გა-ვ-ფუჭდ-ებ-ოდი,n
79960898-3f46-4623-ab5d-7cca5b814935,cond,2s,გა--ფუჭდ-ებ-ოდი,n
79960898-3f46-4623-ab5d-7cca5b814935,cond,3s,გა--ფუჭდ-ებ-ოდა,n
79960898-3f46-4623-ab5d-7cca5b814935,cond,1p,გა-ვ-ფუჭდ-ებ-ოდით,n
79960898-3f46-4623-ab5d-7cca5b814935,cond,2p,გა--ფუჭდ-ებ-ოდით,n
79960898-3f46-4623-ab5d-7cca5b814935,cond,3p,გა--ფუჭდ-ებ-ოდნენ,n
79960898-3f46-4623-ab5d-7cca5b814935,aor,1s,გა-ვ-ფუჭდ--ი,n
79960898-3f46-4623-ab5d-7cca5b814935,aor,2s,გა--ფუჭდ--ი,n
79960898-3f46-4623-ab5d-7cca5b814935,aor,3s,გა--ფუჭდ--ა,n
79960898-3f46-4623-ab5d-7cca5b814935,aor,1p,გა-ვ-ფუჭდ--ით,n
79960898-3f46-4623-ab5d-7cca5b814935,aor,2p,გა--ფუჭდ--ით,n
79960898-3f46-4623-ab5d-7cca5b814935,aor,3p,გა--ფუჭდ--ნენ,n
79960898-3f46-4623-ab5d-7cca5b814935,opt,1s,გა-ვ-ფუჭდ--,n
79960898-3f46-4623-ab5d-7cca5b814935,opt,2s,გა--ფუჭდ--,n
79960898-3f46-4623-ab5d-7cca5b814935,opt,3s,გა--ფუჭდ--ოს,n
79960898-3f46-4623-ab5d-7cca5b814935,opt,1p,გა-ვ-ფუჭდ--ოთ,n
79960898-3f46-4623-ab5d-7cca5b814935,opt,2p,გა--ფუჭდ--ოთ,n
79960898-3f46-4623-ab5d-7cca5b814935,opt,3p,გა--ფუჭდ--ონ,n
3a8a5568-4c41-4ddc-89c4-0deb39a963bf,pres,1s,-ვ-დგ-ებ-ი,n
3a8a5568-4c41-4ddc-89c4-0deb39a963bf,pres,2s,--დგ-ებ-ი,n
3a8a5568-4c41-4ddc-89c4-0deb39a963bf,pres,3s,--დგ-ებ-ა,n
3a8a5568-4c41-4ddc-89c4-0deb39a963bf,pres,1p,-ვ-დგ-ებ-ით,n
3a8a5568-4c41-4ddc-89c4-0deb39a963bf,pres,2p,--დგ-ებ-ით,n
3a8a5568-4c41-4ddc-89c4-0deb39a963bf,pres,3p,--დგ-ებ-იან,n
3a8a5568-4c41-4ddc-89c4-0deb39a963bf,imp,1s,-ვ-დგ-ებ-ოდი,n
3a8a5568-4c41-4ddc-89c4-0deb39a963bf,imp,2s,--დგ-ებ-ოდი,n
3a8a5568-4c41-4ddc-89c4-0deb39a963bf,imp,3s,--დგ-ებ-ოდა,n
3a8a5568-4c41-4ddc-89c4-0deb39a963bf,imp,1p,-ვ-დგ-ებ-ოდით,n
3a8a5568-4c41-4ddc-89c4-0deb39a963bf,imp,2p,--დგ-ებ-ოდით,n
3a8a5568-4c41-4ddc-89c4-0deb39a963bf,imp,3p,--დგ-ებ-ოდნენ,n
3a8a5568-4c41-4ddc-89c4-0deb39a963bf,pres-subj,1s,-ვ-დგ-ებ-დე,n
3a8a5568-4c41-4ddc-89c4-0deb39a963bf,pres-subj,2s,--დგ-ებ-დე,n
3a8a5568-4c41-4ddc-89c4-0deb39a963bf,pres-subj,3s,--დგ-ებ-დეს,n
3a8a5568-4c41-4ddc-89c4-0deb39a963bf,pres-subj,1p,-ვ-დგ-ებ-დეთ,n
3a8a5568-4c41-4ddc-89c4-0deb39a963bf,pres-subj,2p,--დგ-ებ-დეთ,n
3a8a5568-4c41-4ddc-89c4-0deb39a963bf,pres-subj,3p,--დგ-ებ-დნენ,n
3a8a5568-4c41-4ddc-89c4-0deb39a963bf,fut,1s,ა-ვ-დგ-ებ-ი,n
3a8a5568-4c41-4ddc-89c4-0deb39a963bf,fut,2s,ა--დგ-ებ-ი,n
3a8a5568-4c41-4ddc-89c4-0deb39a963bf,fut,3s,ა--დგ-ებ-ა,n
3a8a5568-4c41-4ddc-89c4-0deb39a963bf,fut,1p,ა-ვ-დგ-ებ-ით,n
3a8a5568-4c41-4ddc-89c4-0deb39a963bf,fut,2p,ა--დგ-ებ-ით,n
3a8a5568-4c41-4ddc-89c4-0deb39a963bf,fut,3p,ა--დგ-ებ-იან,n
3a8a5568-4c41-4ddc-89c4-0deb39a963bf,cond,1s,ა-ვ-დგ-ებ-ოდი,n
3a8a5568-4c41-4ddc-89c4-0deb39a963bf,cond,2s,ა--დგ-ებ-ოდი,n
3a8a5568-4c41-4ddc-89c4-0deb39a963bf,cond,3s,ა--დგ-ებ-ოდა,n
3a8a5568-4c41-4ddc-89c4-0deb39a963bf,cond,1p,ა-ვ-დგ-ებ-ოდით,n
3a8a5568-4c41-4ddc-89c4-0deb39a963bf,cond,2p,ა--დგ-ებ-ოდით,n
3a8a5568-4c41-4ddc-89c4-0deb39a963bf,cond,3p,ა--დგ-ებ-ოდნენ,n
3a8a5568-4c41-4ddc-89c4-0deb39a963bf,aor,1s,ა-ვ-დექ--ი,n
3a8a5568-4c41-4ddc-89c4-0deb39a963bf,aor,2s,ა--დექ--ი,n
3a8a5568-4c41-4ddc-89c4-0deb39a963bf,aor,3s,ა--დგ--ა,n
3a8a5568-4c41-4ddc-89c4-0deb39a963bf,aor,1p,ა-ვ-დექ--ით,n
3a8a5568-4c41-4ddc-89c4-0deb39a963bf,aor,2p,ა--დექ--ით,n
3a8a5568-4c41-4ddc-89c4-0deb39a963bf,aor,3p,ა--დგ--ნენ,n
3a8a5568-4c41-4ddc-89c4-0deb39a963bf,opt,1s,ა-ვ-დექ--ე,n
3a8a5568-4c41-4ddc-89c4-0deb39a963bf,opt,2s,ა--დექ--ე,n
3a8a5568-4c41-4ddc-89c4-0deb39a963bf,opt,3s,ა--დგ--ეს,n
3a8a5568-4c41-4ddc-89c4-0deb39a963bf,opt,1p,ა-ვ-დექ--ეთ,n
3a8a5568-4c41-4ddc-89c4-0deb39a963bf,opt,2p,ა--დექ--ეთ,n
3a8a5568-4c41-4ddc-89c4-0deb39a963bf,opt,3p,ა--დგ--ენ,n
0a24c476-6521-42cc-b384-7c41c2250da7,pres,1s,ვ--დგა--ვარ,y
0a24c476-6521-42cc-b384-7c41c2250da7,pres,2s,--დგა--ხარ,y
0a24c476-6521-42cc-b384-7c41c2250da7,pres,3s,--დგა--ს,y
0a24c476-6521-42cc-b384-7c41c2250da7,pres,1p,ვ--დგა--ვართ,y
0a24c476-6521-42cc-b384-7c41c2250da7,pres,2p,--დგა--ხართ,y
0a24c476-6521-42cc-b384-7c41c2250da7,pres,3p,--დგა--ნან,y
0a24c476-6521-42cc-b384-7c41c2250da7,imp,1s,ვ-ი-დექ--ი,y
0a24c476-6521-42cc-b384-7c41c2250da7,imp,2s,-ი-დექ--ი,y
0a24c476-6521-42cc-b384-7c41c2250da7,imp,3s,-ი-დგ--ა,y
0a24c476-6521-42cc-b384-7c41c2250da7,imp,1p,ვ-ი-დექ--ით,y
0a24c476-6521-42cc-b384-7c41c2250da7,imp,2p,-ი-დექ--ით,y
0a24c476-6521-42cc-b384-7c41c2250da7,imp,3p,-ი-დგ--ნენ,y
0a24c476-6521-42cc-b384-7c41c2250da7,pres-subj,1s,ვ--დგა--დე,y
0a24c476-6521-42cc-b384-7c41c2250da7,pres-subj,2s,--დგა--დე,y
0a24c476-6521-42cc-b384-7c41c2250da7,pres-subj,3s,--დგა--დეს,y
0a24c476-6521-42cc-b384-7c41c2250da7,pres-subj,1p,ვ--დგა--დეთ,y
0a24c476-6521-42cc-b384-7c41c2250da7,pres-subj,2p,--დგა--დეთ,y
0a24c476-6521-42cc-b384-7c41c2250da7,pres-subj,3p,--დგა--დნენ,y
0a24c476-6521-42cc-b384-7c41c2250da7,fut,1s,ვ-ი-დგ-ებ-ი,y
0a24c476-6521-42cc-b384-7c41c2250da7,fut,2s,-ი-დგ-ებ-ი,y
0a24c476-6521-42cc-b384-7c41c2250da7,fut,3s,-ი-დგ-ებ-ა,y
0a24c476-6521-42cc-b384-7c41c2250da7,fut,1p,ვ-ი-დგ-ებ-ით,y
0a24c476-6521-42cc-b384-7c41c2250da7,fut,2p,-ი-დგ-ებ-ით,y
0a24c476-6521-42cc-b384-7c41c2250da7,fut,3p,-ი-დგ-ებ-იან,y
0a24c476-6521-42cc-b384-7c41c2250da7,aor,1s,ვ-ი-დექ--ი,y
0a24c476-6521-42cc-b384-7c41c2250da7,aor,2s,-ი-დექ--ი,y
0a24c476-6521-42cc-b384-7c41c2250da7,aor,3s,-ი-დგ--ა,y
0a24c476-6521-42cc-b384-7c41c2250da7,aor,1p,ვ-ი-დექ--ით,y
0a24c476-6521-42cc-b384-7c41c2250da7,aor,2p,-ი-დექ--ით,y
0a24c476-6521-42cc-b384-7c41c2250da7,aor,3p,-ი-დგ--ნენ,y
0a24c476-6521-42cc-b384-7c41c2250da7,opt,1s,ვ-ი-დექ--ე,y
0a24c476-6521-42cc-b384-7c41c2250da7,opt,2s,-ი-დექ--ე,y
0a24c476-6521-42cc-b384-7c41c2250da7,opt,3s,-ი-დგ--ეს,y
0a24c476-6521-42cc-b384-7c41c2250da7,opt,1p,ვ-ი-დექ--ეთ,y
0a24c476-6521-42cc-b384-7c41c2250da7,opt,2p,-ი-დექ--ეთ,y
0a24c476-6521-42cc-b384-7c41c2250da7,opt,3p,-ი-დგ--ენ,y
d08870ba-94be-4616-9e9d-6b44fac4ea86,pres,1s,-ვ-იპარ-ავ-,n
d08870ba-94be-4616-9e9d-6b44fac4ea86,pres,2s,--იპარ-ავ-,n
d08870ba-94be-4616-9e9d-6b44fac4ea86,pres,3s,--იპარ-ავ-ს,n
d08870ba-94be-4616-9e9d-6b44fac4ea86,pres,1p,-ვ-იპარ-ავ-თ,n
d08870ba-94be-4616-9e9d-6b44fac4ea86,pres,2p,--იპარ-ავ-თ,n
d08870ba-94be-4616-9e9d-6b44fac4ea86,pres,3p,--იპარ-ავ-ენ,n
d08870ba-94be-4616-9e9d-6b44fac4ea86,imp,1s,-ვ-იპარ-ავ-დი,n
d08870ba-94be-4616-9e9d-6b44fac4ea86,imp,2s,--იპარ-ავ-დი,n
d08870ba-94be-4616-9e9d-6b44fac4ea86,imp,3s,--იპარ-ავ-და,n
d08870ba-94be-4616-9e9d-6b44fac4ea86,imp,1p,-ვ-იპარ-ავ-დით,n
d08870ba-94be-4616-9e9d-6b44fac4ea86,imp,2p,--იპარ-ავ-დით,n
d08870ba-94be-4616-9e9d-6b44fac4ea86,imp,3p,--იპარ-ავ-დნენ,n
d08870ba-94be-4616-9e9d-6b44fac4ea86,pres-subj,1s,-ვ-იპარ-ავ-დე,n
d08870ba-94be-4616-9e9d-6b44fac4ea86,pres-subj,2s,--იპარ-ავ-დე,n
d08870ba-94be-4616-9e9d-6b44fac4ea86,pres-subj,3s,--იპარ-ავ-დეს,n
d08870ba-94be-4616-9e9d-6b44fac4ea86,pres-subj,1p,-ვ-იპარ-ავ-დეთ,n
d08870ba-94be-4616-9e9d-6b44fac4ea86,pres-subj,2p,--იპარ-ავ-დეთ,n
d08870ba-94be-4616-9e9d-6b44fac4ea86,pres-subj,3p,--იპარ-ავ-დნენ,n
d08870ba-94be-4616-9e9d-6b44fac4ea86,fut,1s,მო-ვ-იპარ-ავ-,n
d08870ba-94be-4616-9e9d-6b44fac4ea86,fut,2s,მო--იპარ-ავ-,n
d08870ba-94be-4616-9e9d-6b44fac4ea86,fut,3s,მო--იპარ-ავ-ს,n
d08870ba-94be-4616-9e9d-6b44fac4ea86,fut,1p,მო-ვ-იპარ-ავ-თ,n
d08870ba-94be-4616-9e9d-6b44fac4ea86,fut,2p,მო--იპარ-ავ-თ,n
d08870ba-94be-4616-9e9d-6b44fac4ea86,fut,3p,მო--იპარ-ავ-ენ,n
d08870ba-94be-4616-9e9d-6b44fac4ea86,cond,1s,მო-ვ-იპარ-ავ-დი,n
d08870ba-94be-4616-9e9d-6b44fac4ea86,cond,2s,მო--იპარ-ავ-დი,n
d08870ba-94be-4616-9e9d-6b44fac4ea86,cond,3s,მო--იპარ-ავ-და,n
d08870ba-94be-4616-9e9d-6b44fac4ea86,cond,1p,მო-ვ-იპარ-ავ-დით,n
d08870ba-94be-4616-9e9d-6b44fac4ea86,cond,2p,მო--იპარ-ავ-დით,n
d08870ba-94be-4616-9e9d-6b44fac4ea86,cond,3p,მო--იპარ-ავ-დნენ,n
d08870ba-94be-4616-9e9d-6b44fac4ea86,aor,1s,მო-ვ-იპარ--ე,n
d08870ba-94be-4616-9e9d-6b44fac4ea86,aor,2s,მო--იპარ--ე,n
d08870ba-94be-4616-9e9d-6b44fac4ea86,aor,3s,მო--იპარ--ა,n
d08870ba-94be-4616-9e9d-6b44fac4ea86,aor,1p,მო-ვ-იპარ--ეთ,n
d08870ba-94be-4616-9e9d-6b44fac4ea86,aor,2p,მო--იპარ--ეთ,n
d08870ba-94be-4616-9e9d-6b44fac4ea86,aor,3p,მო--იპარ--ეს,n
d08870ba-94be-4616-9e9d-6b44fac4ea86,opt,1s,მო-ვ-იპარ--,n
d08870ba-94be-4616-9e9d-6b44fac4ea86,opt,2s,მო--იპარ--,n
d08870ba-94be-4616-9e9d-6b44fac4ea86,opt,3s,მო--იპარ--ოს,n
d08870ba-94be-4616-9e9d-6b44fac4ea86,opt,1p,მო-ვ-იპარ--ოთ,n
d08870ba-94be-4616-9e9d-6b44fac4ea86,opt,2p,მო--იპარ--ოთ,n
d08870ba-94be-4616-9e9d-6b44fac4ea86,opt,3p,მო--იპარ--ონ,n
44e78c8d-3639-40ca-b706-2bbd449e8f99,pres,1s,-ვ-აჩერ-ებ-,n
44e78c8d-3639-40ca-b706-2bbd449e8f99,pres,2s,--აჩერ-ებ-,n
44e78c8d-3639-40ca-b706-2bbd449e8f99,pres,3s,--აჩერ-ებ-ს,n
44e78c8d-3639-40ca-b706-2bbd449e8f99,pres,1p,-ვ-აჩერ-ებ-თ,n
44e78c8d-3639-40ca-b706-2bbd449e8f99,pres,2p,--აჩერ-ებ-თ,n
44e78c8d-3639-40ca-b706-2bbd449e8f99,pres,3p,--აჩერ-ებ-ენ,n
44e78c8d-3639-40ca-b706-2bbd449e8f99,imp,1s,-ვ-აჩერ-ებ-დი,n
44e78c8d-3639-40ca-b706-2bbd449e8f99,imp,2s,--აჩერ-ებ-დი,n
44e78c8d-3639-40ca-b706-2bbd449e8f99,imp,3s,--აჩერ-ებ-და,n
44e78c8d-3639-40ca-b706-2bbd449e8f99,imp,1p,-ვ-აჩერ-ებ-დით,n
44e78c8d-3639-40ca-b706-2bbd449e8f99,imp,2p,--აჩერ-ებ-დით,n
44e78c8d-3639-40ca-b706-2bbd449e8f99,imp,3p,--აჩერ-ებ-დნენ,n
44e78c8d-3639-40ca-b706-2bbd449e8f99,pres-subj,1s,-ვ-აჩერ-ებ-დე,n
44e78c8d-3639-40ca-b706-2bbd449e8f99,pres-subj,2s,--აჩერ-ებ-დე,n
44e78c8d-3639-40ca-b706-2bbd449e8f99,pres-subj,3s,--აჩერ-ებ-დეს,n
44e78c8d-3639-40ca-b706-2bbd449e8f99,pres-subj,1p,-ვ-აჩერ-ებ-დეთ,n
44e78c8d-3639-40ca-b706-2bbd449e8f99,pres-subj,2p,--აჩერ-ებ-დეთ,n
44e78c8d-3639-40ca-b706-2bbd449e8f99,pres-subj,3p,--აჩერ-ებ-დნენ,n
44e78c8d-3639-40ca-b706-2bbd449e8f99,fut,1s,გა-ვ-აჩერ-ებ-,n
44e78c8d-3639-40ca-b706-2bbd449e8f99,fut,2s,გა--აჩერ-ებ-,n
44e78c8d-3639-40ca-b706-2bbd449e8f99,fut,3s,გა--აჩერ-ებ-ს,n
44e78c8d-3639-40ca-b706-2bbd449e8f99,fut,1p,გა-ვ-აჩერ-ებ-თ,n
44e78c8d-3639-40ca-b706-2bbd449e8f99,fut,2p,გა--აჩერ-ებ-თ,n
44e78c8d-3639-40ca-b706-2bbd449e8f99,fut,3p,გა--აჩერ-ებ-ენ,n
44e78c8d-3639-40ca-b706-2bbd449e8f99,cond,1s,გა-ვ-აჩერ-ებ-დი,n
44e78c8d-3639-40ca-b706-2bbd449e8f99,cond,2s,გა--აჩერ-ებ-დი,n
44e78c8d-3639-40ca-b706-2bbd449e8f99,cond,3s,გა--აჩერ-ებ-და,n
44e78c8d-3639-40ca-b706-2bbd449e8f99,cond,1p,გა-ვ-აჩერ-ებ-დით,n
44e78c8d-3639-40ca-b706-2bbd449e8f99,cond,2p,გა--აჩერ-ებ-დით,n
44e78c8d-3639-40ca-b706-2bbd449e8f99,cond,3p,გა--აჩერ-ებ-დნენ,n
44e78c8d-3639-40ca-b706-2bbd449e8f99,aor,1s,გა-ვ-აჩერ--ე,n
44e78c8d-3639-40ca-b706-2bbd449e8f99,aor,2s,გა--აჩერ--ე,n
44e78c8d-3639-40ca-b706-2bbd449e8f99,aor,3s,გა--აჩერ--ა,n
44e78c8d-3639-40ca-b706-2bbd449e8f99,aor,1p,გა-ვ-აჩერ--ეთ,n
44e78c8d-3639-40ca-b706-2bbd449e8f99,aor,2p,გა--აჩერ--ეთ,n
44e78c8d-3639-40ca-b706-2bbd449e8f99,aor,3p,გა--აჩერ--ეს,n
44e78c8d-3639-40ca-b706-2bbd449e8f99,opt,1s,გა-ვ-აჩერ--,n
44e78c8d-3639-40ca-b706-2bbd449e8f99,opt,2s,გა--აჩერ--,n
44e78c8d-3639-40ca-b706-2bbd449e8f99,opt,3s,გა--აჩერ--ოს,n
44e78c8d-3639-40ca-b706-2bbd449e8f99,opt,1p,გა-ვ-აჩერ--ოთ,n
44e78c8d-3639-40ca-b706-2bbd449e8f99,opt,2p,გა--აჩერ--ოთ,n
44e78c8d-3639-40ca-b706-2bbd449e8f99,opt,3p,გა--აჩერ--ონ,n
ad960c5c-57d0-4ed7-b0f1-8424520a9821,pres,1s,ვ--სწავლ-ობ-,y
ad960c5c-57d0-4ed7-b0f1-8424520a9821,pres,2s,--სწავლ-ობ-,y
ad960c5c-57d0-4ed7-b0f1-8424520a9821,pres,3s,--სწავლ-ობ-ს,y
ad960c5c-57d0-4ed7-b0f1-8424520a9821,pres,1p,ვ--სწავლ-ობ-თ,y
ad960c5c-57d0-4ed7-b0f1-8424520a9821,pres,2p,--სწავლ-ობ-თ,y
ad960c5c-57d0-4ed7-b0f1-8424520a9821,pres,3p,--სწავლ-ობ-ენ,y
ad960c5c-57d0-4ed7-b0f1-8424520a9821,imp,1s,ვ--სწავლ-ობ-დი,y
ad960c5c-57d0-4ed7-b0f1-8424520a9821,imp,2s,--სწავლ-ობ-დი,y
ad960c5c-57d0-4ed7-b0f1-8424520a9821,imp,3s,--სწავლ-ობ-და,y
ad960c5c-57d0-4ed7-b0f1-8424520a9821,imp,1p,ვ--სწავლ-ობ-დით,y
ad960c5c-57d0-4ed7-b0f1-8424520a9821,imp,2p,--სწავლ-ობ-დით,y
ad960c5c-57d0-4ed7-b0f1-8424520a9821,imp,3p,--სწავლ-ობ-დნენ,y
ad960c5c-57d0-4ed7-b0f1-8424520a9821,pres-subj,1s,ვ--სწავლ-ობ-დე,y
ad960c5c-57d0-4ed7-b0f1-8424520a9821,pres-subj,2s,--სწავლ-ობ-დე,y
ad960c5c-57d0-4ed7-b0f1-8424520a9821,pres-subj,3s,--სწავლ-ობ-დეს,y
ad960c5c-57d0-4ed7-b0f1-8424520a9821,pres-subj,1p,ვ--სწავლ-ობ-დეთ,y
ad960c5c-57d0-4ed7-b0f1-8424520a9821,pres-subj,2p,--სწავლ-ობ-დეთ,y
ad960c5c-57d0-4ed7-b0f1-8424520a9821,pres-subj,3p,--სწავლ-ობ-დნენ,y
ad960c5c-57d0-4ed7-b0f1-8424520a9821,fut,1s,ვ-ი-სწავლ-ებ-,y
ad960c5c-57d0-4ed7-b0f1-8424520a9821,fut,2s,-ი-სწავლ-ებ-,y
ad960c5c-57d0-4ed7-b0f1-8424520a9821,fut,3s,-ი-სწავლ-ებ-ს,y
ad960c5c-57d0-4ed7-b0f1-8424520a9821,fut,1p,ვ-ი-სწავლ-ებ-თ,y
ad960c5c-57d0-4ed7-b0f1-8424520a9821,fut,2p,-ი-სწავლ-ებ-თ,y
ad960c5c-57d0-4ed7-b0f1-8424520a9821,fut,3p,-ი-სწავლ-ებ-ენ,y
ad960c5c-57d0-4ed7-b0f1-8424520a9821,cond,1s,ვ-ი-სწავლ-ებ-დი,y
ad960c5c-57d0-4ed7-b0f1-8424520a9821,cond,2s,-ი-სწავლ-ებ-დი,y
ad960c5c-57d0-4ed7-b0f1-8424520a9821,cond,3s,-ი-სწავლ-ებ-და,y
ad960c5c-57d0-4ed7-b0f1-8424520a9821,cond,1p,ვ-ი-სწავლ-ებ-დით,y
ad960c5c-57d0-4ed7-b0f1-8424520a9821,cond,2p,-ი-სწავლ-ებ-დით,y
ad960c5c-57d0-4ed7-b0f1-8424520a9821,cond,3p,-ი-სწავლ-ებ-დნენ,y
ad960c5c-57d0-4ed7-b0f1-8424520a9821,aor,1s,ვ-ი-სწავლ--ე,y
ad960c5c-57d0-4ed7-b0f1-8424520a9821,aor,2s,-ი-სწავლ--ე,y
ad960c5c-57d0-4ed7-b0f1-8424520a9821,aor,3s,-ი-სწავლ--ა,y
ad960c5c-57d0-4ed7-b0f1-8424520a9821,aor,1p,ვ-ი-სწავლ--ეთ,y
ad960c5c-57d0-4ed7-b0f1-8424520a9821,aor,2p,-ი-სწავლ--ეთ,y
ad960c5c-57d0-4ed7-b0f1-8424520a9821,aor,3p,-ი-სწავლ--ეს,y
ad960c5c-57d0-4ed7-b0f1-8424520a9821,opt,1s,ვ-ი-სწავლ--,y
ad960c5c-57d0-4ed7-b0f1-8424520a9821,opt,2s,-ი-სწავლ--,y
ad960c5c-57d0-4ed7-b0f1-8424520a9821,opt,3s,-ი-სწავლ--ოს,y
ad960c5c-57d0-4ed7-b0f1-8424520a9821,opt,1p,ვ-ი-სწავლ--ოთ,y
ad960c5c-57d0-4ed7-b0f1-8424520a9821,opt,2p,-ი-სწავლ--ოთ,y
ad960c5c-57d0-4ed7-b0f1-8424520a9821,opt,3p,-ი-სწავლ--ონ,y
5bfed046-bd47-4346-a252-22f5bc1fe29c,pres,1s,-ვ-ივარცხნ-ი-,n
5bfed046-bd47-4346-a252-22f5bc1fe29c,pres,2s,--ივარცხნ-ი-,n
5bfed046-bd47-4346-a252-22f5bc1fe29c,pres,3s,--ივარცხნ-ი-ს,n
5bfed046-bd47-4346-a252-22f5bc1fe29c,pres,1p,-ვ-ივარცხნ-ი-თ,n
5bfed046-bd47-4346-a252-22f5bc1fe29c,pres,2p,--ივარცხნ-ი-თ,n
5bfed046-bd47-4346-a252-22f5bc1fe29c,pres,3p,--ივარცხნ-ი-ან,n
5bfed046-bd47-4346-a252-22f5bc1fe29c,imp,1s,-ვ-ივარცხნ-ი-დი,n
5bfed046-bd47-4346-a252-22f5bc1fe29c,imp,2s,--ივარცხნ-ი-დი,n
5bfed046-bd47-4346-a252-22f5bc1fe29c,imp,3s,--ივარცხნ-ი-და,n
5bfed046-bd47-4346-a252-22f5bc1fe29c,imp,1p,-ვ-ივარცხნ-ი-დით,n
5bfed046-bd47-4346-a252-22f5bc1fe29c,imp,2p,--ივარცხნ-ი-დით,n
5bfed046-bd47-4346-a252-22f5bc1fe29c,imp,3p,--ივარცხნ-ი-დნენ,n
5bfed046-bd47-4346-a252-22f5bc1fe29c,pres-subj,1s,-ვ-ივარცხნ-ი-დე,n
5bfed046-bd47-4346-a252-22f5bc1fe29c,pres-subj,2s,--ივარცხნ-ი-დე,n
5bfed046-bd47-4346-a252-22f5bc1fe29c,pres-subj,3s,--ივარცხნ-ი-დეს,n
5bfed046-bd47-4346-a252-22f5bc1fe29c,pres-subj,1p,-ვ-ივარცხნ-ი-დეთ,n
5bfed046-bd47-4346-a252-22f5bc1fe29c,pres-subj,2p,--ივარცხნ-ი-დეთ,n
5bfed046-bd47-4346-a252-22f5bc1fe29c,pres-subj,3p,--ივარცხნ-ი-დნენ,n
5bfed046-bd47-4346-a252-22f5bc1fe29c,fut,1s,და-ვ-ივარცხნ-ი-,n
5bfed046-bd47-4346-a252-22f5bc1fe29c,fut,2s,და--ივარცხნ-ი-,n
5bfed046-bd47-4346-a252-22f5bc1fe29c,fut,3s,და--ივარცხნ-ი-ს,n
5bfed046-bd47-4346-a252-22f5bc1fe29c,fut,1p,და-ვ-ივარცხნ-ი-თ,n
5bfed046-bd47-4346-a252-22f5bc1fe29c,fut,2p,და--ივარცხნ-ი-თ,n
5bfed046-bd47-4346-a252-22f5bc1fe29c,fut,3p,და--ივარცხნ-ი-ან,n
5bfed046-bd47-4346-a252-22f5bc1fe29c,cond,1s,და-ვ-ივარცხნ-ი-დი,n
5bfed046-bd47-4346-a252-22f5bc1fe29c,cond,2s,და--ივარცხნ-ი-დი,n
5bfed046-bd47-4346-a252-22f5bc1fe29c,cond,3s,და--ივარცხნ-ი-და,n
5bfed046-bd47-4346-a252-22f5bc1fe29c,cond,1p,და-ვ-ივარცხნ-ი-დით,n
5bfed046-bd47-4346-a252-22f5bc1fe29c,cond,2p,და--ივარცხნ-ი-დით,n
5bfed046-bd47-4346-a252-22f5bc1fe29c,cond,3p,და--ივარცხნ-ი-დნენ,n
5bfed046-bd47-4346-a252-22f5bc1fe29c,aor,1s,და-ვ-ივარცხნ--ე,n
5bfed046-bd47-4346-a252-22f5bc1fe29c,aor,2s,და--ივარცხნ--ე,n
5bfed046-bd47-4346-a252-22f5bc1fe29c,aor,3s,და--ივარცხნ--ა,n
5bfed046-bd47-4346-a252-22f5bc1fe29c,aor,1p,და-ვ-ივარცხნ--ეთ,n
5bfed046-bd47-4346-a252-22f5bc1fe29c,aor,2p,და--ივარცხნ--ეთ,n
5bfed046-bd47-4346-a252-22f5bc1fe29c,aor,3p,და--ივარცხნ--ეს,n
5bfed046-bd47-4346-a252-22f5bc1fe29c,opt,1s,და-ვ-ივარცხნ--,n
5bfed046-bd47-4346-a252-22f5bc1fe29c,opt,2s,და--ივარცხნ--,n
5bfed046-bd47-4346-a252-22f5bc1fe29c,opt,3s,და--ივარცხნ--ოს,n
5bfed046-bd47-4346-a252-22f5bc1fe29c,opt,1p,და-ვ-ივარცხნ--ოთ,n
5bfed046-bd47-4346-a252-22f5bc1fe29c,opt,2p,და--ივარცხნ--ოთ,n
5bfed046-bd47-4346-a252-22f5bc1fe29c,opt,3p,და--ივარცხნ--ონ,n
1021c776-87de-4a5c-9c09-30ac6710ae80,pres,1s,-ვ-იწერ--,n
1021c776-87de-4a5c-9c09-30ac6710ae80,pres,2s,--იწერ--,n
1021c776-87de-4a5c-9c09-30ac6710ae80,pres,3s,--იწერ--ს,n
1021c776-87de-4a5c-9c09-30ac6710ae80,pres,1p,-ვ-იწერ--თ,n
1021c776-87de-4a5c-9c09-30ac6710ae80,pres,2p,--იწერ--თ,n
1021c776-87de-4a5c-9c09-30ac6710ae80,pres,3p,--იწერ--ენ,n
1021c776-87de-4a5c-9c09-30ac6710ae80,imp,1s,-ვ-იწერ--დი,n
1021c776-87de-4a5c-9c09-30ac6710ae80,imp,2s,--იწერ--დი,n
1021c776-87de-4a5c-9c09-30ac6710ae80,imp,3s,--იწერ--და,n
1021c776-87de-4a5c-9c09-30ac6710ae80,imp,1p,-ვ-იწერ--დით,n
1021c776-87de-4a5c-9c09-30ac6710ae80,imp,2p,--იწერ--დით,n
1021c776-87de-4a5c-9c09-30ac6710ae80,imp,3p,--იწერ--დნენ,n
1021c776-87de-4a5c-9c09-30ac6710ae80,pres-subj,1s,-ვ-იწერ--დე,n
1021c776-87de-4a5c-9c09-30ac6710ae80,pres-subj,2s,--იწერ--დე,n
1021c776-87de-4a5c-9c09-30ac6710ae80,pres-subj,3s,--იწერ--დეს,n
1021c776-87de-4a5c-9c09-30ac6710ae80,pres-subj,1p,-ვ-იწერ--დეთ,n
1021c776-87de-4a5c-9c09-30ac6710ae80,pres-subj,2p,--იწერ--დეთ,n
1021c776-87de-4a5c-9c09-30ac6710ae80,pres-subj,3p,--იწერ--დნენ,n
1021c776-87de-4a5c-9c09-30ac6710ae80,fut,1s,გამო-ვ-იწერ--,n
1021c776-87de-4a5c-9c09-30ac6710ae80,fut,2s,გამო--იწერ--,n
1021c776-87de-4a5c-9c09-30ac6710ae80,fut,3s,გამო--იწერ--ს,n
1021c776-87de-4a5c-9c09-30ac6710ae80,fut,1p,გამო-ვ-იწერ--თ,n
1021c776-87de-4a5c-9c09-30ac6710ae80,fut,2p,გამო--იწერ--თ,n
1021c776-87de-4a5c-9c09-30ac6710ae80,fut,3p,გამო--იწერ--ენ,n
1021c776-87de-4a5c-9c09-30ac6710ae80,cond,1s,გამო-ვ-იწერ--დი,n
1021c776-87de-4a5c-9c09-30ac6710ae80,cond,2s,გამო--იწერ--დი,n
1021c776-87de-4a5c-9c09-30ac6710ae80,cond,3s,გამო--იწერ--და,n
1021c776-87de-4a5c-9c09-30ac6710ae80,cond,1p,გამო-ვ-იწერ--დით,n
1021c776-87de-4a5c-9c09-30ac6710ae80,cond,2p,გამო--იწერ--დით,n
1021c776-87de-4a5c-9c09-30ac6710ae80,cond,3p,გამო--იწერ--დნენ,n
1021c776-87de-4a5c-9c09-30ac6710ae80,aor,1s,გამო-ვ-იწერ--ე,n
1021c776-87de-4a5c-9c09-30ac6710ae80,aor,2s,გამო--იწერ--ე,n
1021c776-87de-4a5c-9c09-30ac6710ae80,aor,3s,გამო--იწერ--ა,n
1021c776-87de-4a5c-9c09-30ac6710ae80,aor,1p,გამო-ვ-იწერ--ეთ,n
1021c776-87de-4a5c-9c09-30ac6710ae80,aor,2p,გამო--იწერ--ეთ,n
1021c776-87de-4a5c-9c09-30ac6710ae80,aor,3p,გამო--იწერ--ეს,n
1021c776-87de-4a5c-9c09-30ac6710ae80,opt,1s,გამო-ვ-იწერ--,n
1021c776-87de-4a5c-9c09-30ac6710ae80,opt,2s,გამო--იწერ--,n
1021c776-87de-4a5c-9c09-30ac6710ae80,opt,3s,გამო--იწერ--ოს,n
1021c776-87de-4a5c-9c09-30ac6710ae80,opt,1p,გამო-ვ-იწერ--ოთ,n
1021c776-87de-4a5c-9c09-30ac6710ae80,opt,2p,გამო--იწერ--ოთ,n
1021c776-87de-4a5c-9c09-30ac6710ae80,opt,3p,გამო--იწერ--ონ,n
a40e5097-531d-4db4-99ed-cd06d9f27a1b,pres,1s,-ვ-წოვ--,n
a40e5097-531d-4db4-99ed-cd06d9f27a1b,pres,2s,--წოვ--,n
a40e5097-531d-4db4-99ed-cd06d9f27a1b,pres,3s,--წოვ--ს,n
a40e5097-531d-4db4-99ed-cd06d9f27a1b,pres,1p,-ვ-წოვ--თ,n
a40e5097-531d-4db4-99ed-cd06d9f27a1b,pres,2p,--წოვ--თ,n
a40e5097-531d-4db4-99ed-cd06d9f27a1b,pres,3p,--წოვ--ენ,n
a40e5097-531d-4db4-99ed-cd06d9f27a1b,imp,1s,-ვ-წოვ--დი,n
a40e5097-531d-4db4-99ed-cd06d9f27a1b,imp,2s,--წოვ--დი,n
a40e5097-531d-4db4-99ed-cd06d9f27a1b,imp,3s,--წოვ--და,n
a40e5097-531d-4db4-99ed-cd06d9f27a1b,imp,1p,-ვ-წოვ--დით,n
a40e5097-531d-4db4-99ed-cd06d9f27a1b,imp,2p,--წოვ--დით,n
a40e5097-531d-4db4-99ed-cd06d9f27a1b,imp,3p,--წოვ--დნენ,n
a40e5097-531d-4db4-99ed-cd06d9f27a1b,pres-subj,1s,-ვ-წოვ--დე,n
a40e5097-531d-4db4-99ed-cd06d9f27a1b,pres-subj,2s,--წოვ--დე,n
a40e5097-531d-4db4-99ed-cd06d9f27a1b,pres-subj,3s,--წოვ--დეს,n
a40e5097-531d-4db4-99ed-cd06d9f27a1b,pres-subj,1p,-ვ-წოვ--დეთ,n
a40e5097-531d-4db4-99ed-cd06d9f27a1b,pres-subj,2p,--წოვ--დეთ,n
a40e5097-531d-4db4-99ed-cd06d9f27a1b,pres-subj,3p,--წოვ--დნენ,n
a40e5097-531d-4db4-99ed-cd06d9f27a1b,fut,1s,მო-ვ-წოვ--,n
a40e5097-531d-4db4-99ed-cd06d9f27a1b,fut,2s,მო--წოვ--,n
a40e5097-531d-4db4-99ed-cd06d9f27a1b,fut,3s,მო--წოვ--ს,n
a40e5097-531d-4db4-99ed-cd06d9f27a1b,fut,1p,მო-ვ-წოვ--თ,n
a40e5097-531d-4db4-99ed-cd06d9f27a1b,fut,2p,მო--წოვ--თ,n
a40e5097-531d-4db4-99ed-cd06d9f27a1b,fut,3p,მო--წოვ--ენ,n
a40e5097-531d-4db4-99ed-cd06d9f27a1b,cond,1s,მო-ვ-წოვ--დი,n
a40e5097-531d-4db4-99ed-cd06d9f27a1b,cond,2s,მო--წოვ--დი,n
a40e5097-531d-4db4-99ed-cd06d9f27a1b,cond,3s,მო--წოვ--და,n
a40e5097-531d-4db4-99ed-cd06d9f27a1b,cond,1p,მო-ვ-წოვ--დით,n
a40e5097-531d-4db4-99ed-cd06d9f27a1b,cond,2p,მო--წოვ--დით,n
a40e5097-531d-4db4-99ed-cd06d9f27a1b,cond,3p,მო--წოვ--დნენ,n
a40e5097-531d-4db4-99ed-cd06d9f27a1b,aor,1s,მო-ვ-წოვ--ე,n
a40e5097-531d-4db4-99ed-cd06d9f27a1b,aor,2s,მო--წოვ--ე,n
a40e5097-531d-4db4-99ed-cd06d9f27a1b,aor,3s,მო--წოვ--ა,n
a40e5097-531d-4db4-99ed-cd06d9f27a1b,aor,1p,მო-ვ-წოვ--ეთ,n
a40e5097-531d-4db4-99ed-cd06d9f27a1b,aor,2p,მო--წოვ--ეთ,n
a40e5097-531d-4db4-99ed-cd06d9f27a1b,aor,3p,მო--წოვ--ეს,n
a40e5097-531d-4db4-99ed-cd06d9f27a1b,opt,1s,მო-ვ-წოვ--,n
a40e5097-531d-4db4-99ed-cd06d9f27a1b,opt,2s,მო--წოვ--,n
a40e5097-531d-4db4-99ed-cd06d9f27a1b,opt,3s,მო--წოვ--ოს,n
a40e5097-531d-4db4-99ed-cd06d9f27a1b,opt,1p,მო-ვ-წოვ--ოთ,n
a40e5097-531d-4db4-99ed-cd06d9f27a1b,opt,2p,მო--წოვ--ოთ,n
a40e5097-531d-4db4-99ed-cd06d9f27a1b,opt,3p,მო--წოვ--ონ,n
8a404a9b-4f25-41c0-93f9-28ea41c2b8fb,pres,1s,ვ--წვალ-ობ-,y
8a404a9b-4f25-41c0-93f9-28ea41c2b8fb,pres,2s,--წვალ-ობ-,y
8a404a9b-4f25-41c0-93f9-28ea41c2b8fb,pres,3s,--წვალ-ობ-ს,y
8a404a9b-4f25-41c0-93f9-28ea41c2b8fb,pres,1p,ვ--წვალ-ობ-თ,y
8a404a9b-4f25-41c0-93f9-28ea41c2b8fb,pres,2p,--წვალ-ობ-თ,y
8a404a9b-4f25-41c0-93f9-28ea41c2b8fb,pres,3p,--წვალ-ობ-ენ,y
8a404a9b-4f25-41c0-93f9-28ea41c2b8fb,imp,1s,ვ--წვალ-ობ-დი,y
8a404a9b-4f25-41c0-93f9-28ea41c2b8fb,imp,2s,--წვალ-ობ-დი,y
8a404a9b-4f25-41c0-93f9-28ea41c2b8fb,imp,3s,--წვალ-ობ-და,y
8a404a9b-4f25-41c0-93f9-28ea41c2b8fb,imp,1p,ვ--წვალ-ობ-დით,y
8a404a9b-4f25-41c0-93f9-28ea41c2b8fb,imp,2p,--წვალ-ობ-დით,y
8a404a9b-4f25-41c0-93f9-28ea41c2b8fb,imp,3p,--წვალ-ობ-დნენ,y
8a404a9b-4f25-41c0-93f9-28ea41c2b8fb,pres-subj,1s,ვ--წვალ-ობ-დე,y
8a404a9b-4f25-41c0-93f9-28ea41c2b8fb,pres-subj,2s,--წვალ-ობ-დე,y
8a404a9b-4f25-41c0-93f9-28ea41c2b8fb,pres-subj,3s,--წვალ-ობ-დეს,y
8a404a9b-4f25-41c0-93f9-28ea41c2b8fb,pres-subj,1p,ვ--წვალ-ობ-დეთ,y
8a404a9b-4f25-41c0-93f9-28ea41c2b8fb,pres-subj,2p,--წვალ-ობ-დეთ,y
8a404a9b-4f25-41c0-93f9-28ea41c2b8fb,pres-subj,3p,--წვალ-ობ-დნენ,y
8a404a9b-4f25-41c0-93f9-28ea41c2b8fb,fut,1s,ვ-ი-წვალ-ებ-,y
8a404a9b-4f25-41c0-93f9-28ea41c2b8fb,fut,2s,-ი-წვალ-ებ-,y
8a404a9b-4f25-41c0-93f9-28ea41c2b8fb,fut,3s,-ი-წვალ-ებ-ს,y
8a404a9b-4f25-41c0-93f9-28ea41c2b8fb,fut,1p,ვ-ი-წვალ-ებ-თ,y
8a404a9b-4f25-41c0-93f9-28ea41c2b8fb,fut,2p,-ი-წვალ-ებ-თ,y
8a404a9b-4f25-41c0-93f9-28ea41c2b8fb,fut,3p,-ი-წვალ-ებ-ენ,y
8a404a9b-4f25-41c0-93f9-28ea41c2b8fb,cond,1s,ვ-ი-წვალ-ებ-დი,y
8a404a9b-4f25-41c0-93f9-28ea41c2b8fb,cond,2s,-ი-წვალ-ებ-დი,y
8a404a9b-4f25-41c0-93f9-28ea41c2b8fb,cond,3s,-ი-წვალ-ებ-და,y
8a404a9b-4f25-41c0-93f9-28ea41c2b8fb,cond,1p,ვ-ი-წვალ-ებ-დით,y
8a404a9b-4f25-41c0-93f9-28ea41c2b8fb,cond,2p,-ი-წვალ-ებ-დით,y
8a404a9b-4f25-41c0-93f9-28ea41c2b8fb,cond,3p,-ი-წვალ-ებ-დნენ,y
8a404a9b-4f25-41c0-93f9-28ea41c2b8fb,aor,1s,ვ-ი-წვალ--ე,y
8a404a9b-4f25-41c0-93f9-28ea41c2b8fb,aor,2s,-ი-წვალ--ე,y
8a404a9b-4f25-41c0-93f9-28ea41c2b8fb,aor,3s,-ი-წვალ--ა,y
8a404a9b-4f25-41c0-93f9-28ea41c2b8fb,aor,1p,ვ-ი-წვალ--ეთ,y
8a404a9b-4f25-41c0-93f9-28ea41c2b8fb,aor,2p,-ი-წვალ--ეთ,y
8a404a9b-4f25-41c0-93f9-28ea41c2b8fb,aor,3p,-ი-წვალ--ეს,y
8a404a9b-4f25-41c0-93f9-28ea41c2b8fb,opt,1s,ვ-ი-წვალ--,y
8a404a9b-4f25-41c0-93f9-28ea41c2b8fb,opt,2s,-ი-წვალ--,y
8a404a9b-4f25-41c0-93f9-28ea41c2b8fb,opt,3s,-ი-წვალ--ოს,y
8a404a9b-4f25-41c0-93f9-28ea41c2b8fb,opt,1p,ვ-ი-წვალ--ოთ,y
8a404a9b-4f25-41c0-93f9-28ea41c2b8fb,opt,2p,-ი-წვალ--ოთ,y
8a404a9b-4f25-41c0-93f9-28ea41c2b8fb,opt,3p,-ი-წვალ--ონ,y
da3fb4be-b0a1-4e1d-8bfc-4966c717da17,pres,1s,ვ--ვარაუდ-ობ-,y
da3fb4be-b0a1-4e1d-8bfc-4966c717da17,pres,2s,--ვარაუდ-ობ-,y
da3fb4be-b0a1-4e1d-8bfc-4966c717da17,pres,3s,--ვარაუდ-ობ-ს,y
da3fb4be-b0a1-4e1d-8bfc-4966c717da17,pres,1p,ვ--ვარაუდ-ობ-თ,y
da3fb4be-b0a1-4e1d-8bfc-4966c717da17,pres,2p,--ვარაუდ-ობ-თ,y
da3fb4be-b0a1-4e1d-8bfc-4966c717da17,pres,3p,--ვარაუდ-ობ-ენ,y
da3fb4be-b0a1-4e1d-8bfc-4966c717da17,imp,1s,ვ--ვარაუდ-ობ-დი,y
da3fb4be-b0a1-4e1d-8bfc-4966c717da17,imp,2s,--ვარაუდ-ობ-დი,y
da3fb4be-b0a1-4e1d-8bfc-4966c717da17,imp,3s,--ვარაუდ-ობ-და,y
da3fb4be-b0a1-4e1d-8bfc-4966c717da17,imp,1p,ვ--ვარაუდ-ობ-დით,y
da3fb4be-b0a1-4e1d-8bfc-4966c717da17,imp,2p,--ვარაუდ-ობ-დით,y
da3fb4be-b0a1-4e1d-8bfc-4966c717da17,imp,3p,--ვარაუდ-ობ-დნენ,y
da3fb4be-b0a1-4e1d-8bfc-4966c717da17,pres-subj,1s,ვ--ვარაუდ-ობ-დე,y
da3fb4be-b0a1-4e1d-8bfc-4966c717da17,pres-subj,2s,--ვარაუდ-ობ-დე,y
da3fb4be-b0a1-4e1d-8bfc-4966c717da17,pres-subj,3s,--ვარაუდ-ობ-დეს,y
da3fb4be-b0a1-4e1d-8bfc-4966c717da17,pres-subj,1p,ვ--ვარაუდ-ობ-დეთ,y
da3fb4be-b0a1-4e1d-8bfc-4966c717da17,pres-subj,2p,--ვარაუდ-ობ-დეთ,y
da3fb4be-b0a1-4e1d-8bfc-4966c717da17,pres-subj,3p,--ვარაუდ-ობ-დნენ,y
da3fb4be-b0a1-4e1d-8bfc-4966c717da17,fut,1s,ვ-ი-ვარაუდ-ებ-,y
da3fb4be-b0a1-4e1d-8bfc-4966c717da17,fut,2s,-ი-ვარაუდ-ებ-,y
da3fb4be-b0a1-4e1d-8bfc-4966c717da17,fut,3s,-ი-ვარაუდ-ებ-ს,y
da3fb4be-b0a1-4e1d-8bfc-4966c717da17,fut,1p,ვ-ი-ვარაუდ-ებ-თ,y
da3fb4be-b0a1-4e1d-8bfc-4966c717da17,fut,2p,-ი-ვარაუდ-ებ-თ,y
da3fb4be-b0a1-4e1d-8bfc-4966c717da17,fut,3p,-ი-ვარაუდ-ებ-ენ,y
da3fb4be-b0a1-4e1d-8bfc-4966c717da17,cond,1s,ვ-ი-ვარაუდ-ებ-დი,y
da3fb4be-b0a1-4e1d-8bfc-4966c717da17,cond,2s,-ი-ვარაუდ-ებ-დი,y
da3fb4be-b0a1-4e1d-8bfc-4966c717da17,cond,3s,-ი-ვარაუდ-ებ-და,y
da3fb4be-b0a1-4e1d-8bfc-4966c717da17,cond,1p,ვ-ი-ვარაუდ-ებ-დით,y
da3fb4be-b0a1-4e1d-8bfc-4966c717da17,cond,2p,-ი-ვარაუდ-ებ-დით,y
da3fb4be-b0a1-4e1d-8bfc-4966c717da17,cond,3p,-ი-ვარაუდ-ებ-დნენ,y
da3fb4be-b0a1-4e1d-8bfc-4966c717da17,aor,1s,ვ-ი-ვარაუდ--ე,y
da3fb4be-b0a1-4e1d-8bfc-4966c717da17,aor,2s,-ი-ვარაუდ--ე,y
da3fb4be-b0a1-4e1d-8bfc-4966c717da17,aor,3s,-ი-ვარაუდ--ა,y
da3fb4be-b0a1-4e1d-8bfc-4966c717da17,aor,1p,ვ-ი-ვარაუდ--ეთ,y
da3fb4be-b0a1-4e1d-8bfc-4966c717da17,aor,2p,-ი-ვარაუდ--ეთ,y
da3fb4be-b0a1-4e1d-8bfc-4966c717da17,aor,3p,-ი-ვარაუდ--ეს,y
da3fb4be-b0a1-4e1d-8bfc-4966c717da17,opt,1s,ვ-ი-ვარაუდ--,y
da3fb4be-b0a1-4e1d-8bfc-4966c717da17,opt,2s,-ი-ვარაუდ--,y
da3fb4be-b0a1-4e1d-8bfc-4966c717da17,opt,3s,-ი-ვარაუდ--ოს,y
da3fb4be-b0a1-4e1d-8bfc-4966c717da17,opt,1p,ვ-ი-ვარაუდ--ოთ,y
da3fb4be-b0a1-4e1d-8bfc-4966c717da17,opt,2p,-ი-ვარაუდ--ოთ,y
da3fb4be-b0a1-4e1d-8bfc-4966c717da17,opt,3p,-ი-ვარაუდ--ონ,y
6e26f406-188f-46b4-936c-899a374729d6,pres,1s,-მი-კვირ--ს,n
6e26f406-188f-46b4-936c-899a374729d6,pres,2s,-გი-კვირ--ს,n
6e26f406-188f-46b4-936c-899a374729d6,pres,3s,-უ-კვირ--ს,n
6e26f406-188f-46b4-936c-899a374729d6,pres,1p,-გვი-კვირ--ს,n
6e26f406-188f-46b4-936c-899a374729d6,pres,2p,-გი-კვირ--თ,n
6e26f406-188f-46b4-936c-899a374729d6,pres,3p,-უ-კვირ--თ,n
6e26f406-188f-46b4-936c-899a374729d6,imp,1s,გა-მი-კვირ--და,n
6e26f406-188f-46b4-936c-899a374729d6,imp,2s,გა-გი-კვირ--და,n
6e26f406-188f-46b4-936c-899a374729d6,imp,3s,გა-უ-კვირ--და,n
6e26f406-188f-46b4-936c-899a374729d6,imp,1p,გა-გვი-კვირ--და,n
6e26f406-188f-46b4-936c-899a374729d6,imp,2p,გა-გი-კვირ--დათ,n
6e26f406-188f-46b4-936c-899a374729d6,imp,3p,გა-უ-კვირ--დათ,n
6e26f406-188f-46b4-936c-899a374729d6,pres-subj,1s,-მი-კვირ--დეს,n
6e26f406-188f-46b4-936c-899a374729d6,pres-subj,2s,-გი-კვირ--დეს,n
6e26f406-188f-46b4-936c-899a374729d6,pres-subj,3s,-უ-კვირ--დეს,n
6e26f406-188f-46b4-936c-899a374729d6,pres-subj,1p,-გვი-კვირ--დეს,n
6e26f406-188f-46b4-936c-899a374729d6,pres-subj,2p,-გი-კვირ--დეთ,n
6e26f406-188f-46b4-936c-899a374729d6,pres-subj,3p,-უ-კვირ--დეთ,n
6e26f406-188f-46b4-936c-899a374729d6,fut,1s,და-მი-კვირ--ს,n
6e26f406-188f-46b4-936c-899a374729d6,fut,2s,და-გი-კვირ--ს,n
6e26f406-188f-46b4-936c-899a374729d6,fut,3s,და-უ-კვირ--ს,n
6e26f406-188f-46b4-936c-899a374729d6,fut,1p,და-გვი-კვირ--ს,n
6e26f406-188f-46b4-936c-899a374729d6,fut,2p,და-გი-კვირ--თ,n
6e26f406-188f-46b4-936c-899a374729d6,fut,3p,და-უ-კვირ--თ,n
6e26f406-188f-46b4-936c-899a374729d6,cond,1s,და-მი-კვირ--და,n
6e26f406-188f-46b4-936c-899a374729d6,cond,2s,და-გი-კვირ--და,n
6e26f406-188f-46b4-936c-899a374729d6,cond,3s,და-უ-კვირ--და,n
6e26f406-188f-46b4-936c-899a374729d6,cond,1p,და-გვი-კვირ--და,n
6e26f406-188f-46b4-936c-899a374729d6,cond,2p,და-გი-კვირ--დათ,n
6e26f406-188f-46b4-936c-899a374729d6,cond,3p,და-უ-კვირ--დათ,n
6e26f406-188f-46b4-936c-899a374729d6,aor,1s,გა-მი-კვირ--და,n
6e26f406-188f-46b4-936c-899a374729d6,aor,2s,გა-გი-კვირ--და,n
6e26f406-188f-46b4-936c-899a374729d6,aor,3s,გა-უ-კვირ--და,n
6e26f406-188f-46b4-936c-899a374729d6,aor,1p,გა-გვი-კვირ--და,n
6e26f406-188f-46b4-936c-899a374729d6,aor,2p,გა-გი-კვირ--დათ,n
6e26f406-188f-46b4-936c-899a374729d6,aor,3p,გა-უ-კვირ--დათ,n
6e26f406-188f-46b4-936c-899a374729d6,opt,1s,გა-მი-კვირ--ეს,n
6e26f406-188f-46b4-936c-899a374729d6,opt,2s,გა-გი-კვირ--ეს,n
6e26f406-188f-46b4-936c-899a374729d6,opt,3s,გა-უ-კვირ--ეს,n
6e26f406-188f-46b4-936c-899a374729d6,opt,1p,გა-გვი-კვირ--ეს,n
6e26f406-188f-46b4-936c-899a374729d6,opt,2p,გა-გი-კვირ--ეთ,n
6e26f406-188f-46b4-936c-899a374729d6,opt,3p,გა-უ-კვირ--ეთ,n
c91b0b89-f832-4385-9046-5f12dbb94cd3,pres,1s,-ვ-ყლაპ-ავ-,n
c91b0b89-f832-4385-9046-5f12dbb94cd3,pres,2s,--ყლაპ-ავ-,n
c91b0b89-f832-4385-9046-5f12dbb94cd3,pres,3s,--ყლაპ-ავ-ს,n
c91b0b89-f832-4385-9046-5f12dbb94cd3,pres,1p,-ვ-ყლაპ-ავ-თ,n
c91b0b89-f832-4385-9046-5f12dbb94cd3,pres,2p,--ყლაპ-ავ-თ,n
c91b0b89-f832-4385-9046-5f12dbb94cd3,pres,3p,--ყლაპ-ავ-ენ,n
c91b0b89-f832-4385-9046-5f12dbb94cd3,imp,1s,-ვ-ყლაპ-ავ-დი,n
c91b0b89-f832-4385-9046-5f12dbb94cd3,imp,2s,--ყლაპ-ავ-დი,n
c91b0b89-f832-4385-9046-5f12dbb94cd3,imp,3s,--ყლაპ-ავ-და,n
c91b0b89-f832-4385-9046-5f12dbb94cd3,imp,1p,-ვ-ყლაპ-ავ-დით,n
c91b0b89-f832-4385-9046-5f12dbb94cd3,imp,2p,--ყლაპ-ავ-დით,n
c91b0b89-f832-4385-9046-5f12dbb94cd3,imp,3p,--ყლაპ-ავ-დნენ,n
c91b0b89-f832-4385-9046-5f12dbb94cd3,pres-subj,1s,-ვ-ყლაპ-ავ-დე,n
c91b0b89-f832-4385-9046-5f12dbb94cd3,pres-subj,2s,--ყლაპ-ავ-დე,n
c91b0b89-f832-4385-9046-5f12dbb94cd3,pres-subj,3s,--ყლაპ-ავ-დეს,n
c91b0b89-f832-4385-9046-5f12dbb94cd3,pres-subj,1p,-ვ-ყლაპ-ავ-დეთ,n
c91b0b89-f832-4385-9046-5f12dbb94cd3,pres-subj,2p,--ყლაპ-ავ-დეთ,n
c91b0b89-f832-4385-9046-5f12dbb94cd3,pres-subj,3p,--ყლაპ-ავ-დნენ,n
c91b0b89-f832-4385-9046-5f12dbb94cd3,fut,1s,გადა-ვ-ყლაპ-ავ-,n
c91b0b89-f832-4385-9046-5f12dbb94cd3,fut,2s,გადა--ყლაპ-ავ-,n
c91b0b89-f832-4385-9046-5f12dbb94cd3,fut,3s,გადა--ყლაპ-ავ-ს,n
c91b0b89-f832-4385-9046-5f12dbb94cd3,fut,1p,გადა-ვ-ყლაპ-ავ-თ,n
c91b0b89-f832-4385-9046-5f12dbb94cd3,fut,2p,გადა--ყლაპ-ავ-თ,n
c91b0b89-f832-4385-9046-5f12dbb94cd3,fut,3p,გადა--ყლაპ-ავ-ენ,n
c91b0b89-f832-4385-9046-5f12dbb94cd3,cond,1s,გადა-ვ-ყლაპ-ავ-დი,n
c91b0b89-f832-4385-9046-5f12dbb94cd3,cond,2s,გადა--ყლაპ-ავ-დი,n
c91b0b89-f832-4385-9046-5f12dbb94cd3,cond,3s,გადა--ყლაპ-ავ-და,n
c91b0b89-f832-4385-9046-5f12dbb94cd3,cond,1p,გადა-ვ-ყლაპ-ავ-დით,n
c91b0b89-f832-4385-9046-5f12dbb94cd3,cond,2p,გადა--ყლაპ-ავ-დით,n
c91b0b89-f832-4385-9046-5f12dbb94cd3,cond,3p,გადა--ყლაპ-ავ-დნენ,n
c91b0b89-f832-4385-9046-5f12dbb94cd3,aor,1s,გადა-ვ-ყლაპ--ე,n
c91b0b89-f832-4385-9046-5f12dbb94cd3,aor,2s,გადა--ყლაპ--ე,n
c91b0b89-f832-4385-9046-5f12dbb94cd3,aor,3s,გადა--ყლაპ--ა,n
c91b0b89-f832-4385-9046-5f12dbb94cd3,aor,1p,გადა-ვ-ყლაპ--ეთ,n
c91b0b89-f832-4385-9046-5f12dbb94cd3,aor,2p,გადა--ყლაპ--ეთ,n
c91b0b89-f832-4385-9046-5f12dbb94cd3,aor,3p,გადა--ყლაპ--ეს,n
c91b0b89-f832-4385-9046-5f12dbb94cd3,opt,1s,გადა-ვ-ყლაპ--,n
c91b0b89-f832-4385-9046-5f12dbb94cd3,opt,2s,გადა--ყლაპ--,n
c91b0b89-f832-4385-9046-5f12dbb94cd3,opt,3s,გადა--ყლაპ--ოს,n
c91b0b89-f832-4385-9046-5f12dbb94cd3,opt,1p,გადა-ვ-ყლაპ--ოთ,n
c91b0b89-f832-4385-9046-5f12dbb94cd3,opt,2p,გადა--ყლაპ--ოთ,n
c91b0b89-f832-4385-9046-5f12dbb94cd3,opt,3p,გადა--ყლაპ--ონ,n
39999f02-03d9-4def-ba28-aa323da5c194,pres,1s,-ვ-ანძრ-ევ-,n
39999f02-03d9-4def-ba28-aa323da5c194,pres,2s,--ანძრ-ევ-,n
39999f02-03d9-4def-ba28-aa323da5c194,pres,3s,--ანძრ-ევ-ს,n
39999f02-03d9-4def-ba28-aa323da5c194,pres,1p,-ვ-ანძრ-ევ-თ,n
39999f02-03d9-4def-ba28-aa323da5c194,pres,2p,--ანძრ-ევ-თ,n
39999f02-03d9-4def-ba28-aa323da5c194,pres,3p,--ანძრ-ევ-ენ,n
39999f02-03d9-4def-ba28-aa323da5c194,imp,1s,-ვ-ანძრ-ევ-დი,n
39999f02-03d9-4def-ba28-aa323da5c194,imp,2s,--ანძრ-ევ-დი,n
39999f02-03d9-4def-ba28-aa323da5c194,imp,3s,--ანძრ-ევ-და,n
39999f02-03d9-4def-ba28-aa323da5c194,imp,1p,-ვ-ანძრ-ევ-დით,n
39999f02-03d9-4def-ba28-aa323da5c194,imp,2p,--ანძრ-ევ-დით,n
39999f02-03d9-4def-ba28-aa323da5c194,imp,3p,--ანძრ-ევ-დნენ,n
39999f02-03d9-4def-ba28-aa323da5c194,pres-subj,1s,-ვ-ანძრ-ევ-დე,n
39999f02-03d9-4def-ba28-aa323da5c194,pres-subj,2s,--ანძრ-ევ-დე,n
39999f02-03d9-4def-ba28-aa323da5c194,pres-subj,3s,--ანძრ-ევ-დეს,n
39999f02-03d9-4def-ba28-aa323da5c194,pres-subj,1p,-ვ-ანძრ-ევ-დეთ,n
39999f02-03d9-4def-ba28-aa323da5c194,pres-subj,2p,--ანძრ-ევ-დეთ,n
39999f02-03d9-4def-ba28-aa323da5c194,pres-subj,3p,--ანძრ-ევ-დნენ,n
39999f02-03d9-4def-ba28-aa323da5c194,fut,1s,და-ვ-ანძრ-ევ-,n
39999f02-03d9-4def-ba28-aa323da5c194,fut,2s,და--ანძრ-ევ-,n
39999f02-03d9-4def-ba28-aa323da5c194,fut,3s,და--ანძრ-ევ-ს,n
39999f02-03d9-4def-ba28-aa323da5c194,fut,1p,და-ვ-ანძრ-ევ-თ,n
39999f02-03d9-4def-ba28-aa323da5c194,fut,2p,და--ანძრ-ევ-თ,n
39999f02-03d9-4def-ba28-aa323da5c194,fut,3p,და--ანძრ-ევ-ენ,n
39999f02-03d9-4def-ba28-aa323da5c194,cond,1s,და-ვ-ანძრ-ევ-დი,n
39999f02-03d9-4def-ba28-aa323da5c194,cond,2s,და--ანძრ-ევ-დი,n
39999f02-03d9-4def-ba28-aa323da5c194,cond,3s,და--ანძრ-ევ-და,n
39999f02-03d9-4def-ba28-aa323da5c194,cond,1p,და-ვ-ანძრ-ევ-დით,n
39999f02-03d9-4def-ba28-aa323da5c194,cond,2p,და--ანძრ-ევ-დით,n
39999f02-03d9-4def-ba28-aa323da5c194,cond,3p,და--ანძრ-ევ-დნენ,n
39999f02-03d9-4def-ba28-aa323da5c194,aor,1s,და-ვ-ანძრი--ე,n
39999f02-03d9-4def-ba28-aa323da5c194,aor,2s,და--ანძრი--ე,n
39999f02-03d9-4def-ba28-aa323da5c194,aor,3s,და--ანძრი--ა,n
39999f02-03d9-4def-ba28-aa323da5c194,aor,1p,და-ვ-ანძრი--ეთ,n
39999f02-03d9-4def-ba28-aa323da5c194,aor,2p,და--ანძრი--ეთ,n
39999f02-03d9-4def-ba28-aa323da5c194,aor,3p,და--ანძრი--ეს,n
39999f02-03d9-4def-ba28-aa323da5c194,opt,1s,და-ვ-ანძრი--,n
39999f02-03d9-4def-ba28-aa323da5c194,opt,2s,და--ანძრი--,n
39999f02-03d9-4def-ba28-aa323da5c194,opt,3s,და--ანძრი--ოს,n
39999f02-03d9-4def-ba28-aa323da5c194,opt,1p,და-ვ-ანძრი--ოთ,n
39999f02-03d9-4def-ba28-aa323da5c194,opt,2p,და--ანძრი--ოთ,n
39999f02-03d9-4def-ba28-aa323da5c194,opt,3p,და--ანძრი--ონ,n
1d24d106-6632-4d53-b5d8-f4d0262baf3b,pres,1s,ვ--ცურ-ავ-,y
1d24d106-6632-4d53-b5d8-f4d0262baf3b,pres,2s,--ცურ-ავ-,y
1d24d106-6632-4d53-b5d8-f4d0262baf3b,pres,3s,--ცურ-ავ-ს,y
1d24d106-6632-4d53-b5d8-f4d0262baf3b,pres,1p,ვ--ცურ-ავ-თ,y
1d24d106-6632-4d53-b5d8-f4d0262baf3b,pres,2p,--ცურ-ავ-თ,y
1d24d106-6632-4d53-b5d8-f4d0262baf3b,pres,3p,--ცურ-ავ-ენ,y
1d24d106-6632-4d53-b5d8-f4d0262baf3b,imp,1s,ვ--ცურ-ავ-დი,y
1d24d106-6632-4d53-b5d8-f4d0262baf3b,imp,2s,--ცურ-ავ-დი,y
1d24d106-6632-4d53-b5d8-f4d0262baf3b,imp,3s,--ცურ-ავ-და,y
1d24d106-6632-4d53-b5d8-f4d0262baf3b,imp,1p,ვ--ცურ-ავ-დით,y
1d24d106-6632-4d53-b5d8-f4d0262baf3b,imp,2p,--ცურ-ავ-დით,y
1d24d106-6632-4d53-b5d8-f4d0262baf3b,imp,3p,--ცურ-ავ-დნენ,y
1d24d106-6632-4d53-b5d8-f4d0262baf3b,pres-subj,1s,ვ--ცურ-ავ-დე,y
1d24d106-6632-4d53-b5d8-f4d0262baf3b,pres-subj,2s,--ცურ-ავ-დე,y
1d24d106-6632-4d53-b5d8-f4d0262baf3b,pres-subj,3s,--ცურ-ავ-დეს,y
1d24d106-6632-4d53-b5d8-f4d0262baf3b,pres-subj,1p,ვ--ცურ-ავ-დეთ,y
1d24d106-6632-4d53-b5d8-f4d0262baf3b,pres-subj,2p,--ცურ-ავ-დეთ,y
1d24d106-6632-4d53-b5d8-f4d0262baf3b,pres-subj,3p,--ცურ-ავ-დნენ,y
1d24d106-6632-4d53-b5d8-f4d0262baf3b,fut,1s,ვ-ი-ცურ-ებ-,y
1d24d106-6632-4d53-b5d8-f4d0262baf3b,fut,2s,-ი-ცურ-ებ-,y
1d24d106-6632-4d53-b5d8-f4d0262baf3b,fut,3s,-ი-ცურ-ებ-ს,y
1d24d106-6632-4d53-b5d8-f4d0262baf3b,fut,1p,ვ-ი-ცურ-ებ-თ,y
1d24d106-6632-4d53-b5d8-f4d0262baf3b,fut,2p,-ი-ცურ-ებ-თ,y
1d24d106-6632-4d53-b5d8-f4d0262baf3b,fut,3p,-ი-ცურ-ებ-ენ,y
1d24d106-6632-4d53-b5d8-f4d0262baf3b,cond,1s,ვ-ი-ცურ-ებ-დი,y
1d24d106-6632-4d53-b5d8-f4d0262baf3b,cond,2s,-ი-ცურ-ებ-დი,y
1d24d106-6632-4d53-b5d8-f4d0262baf3b,cond,3s,-ი-ცურ-ებ-და,y
1d24d106-6632-4d53-b5d8-f4d0262baf3b,cond,1p,ვ-ი-ცურ-ებ-დით,y
1d24d106-6632-4d53-b5d8-f4d0262baf3b,cond,2p,-ი-ცურ-ებ-დით,y
1d24d106-6632-4d53-b5d8-f4d0262baf3b,cond,3p,-ი-ცურ-ებ-დნენ,y
1d24d106-6632-4d53-b5d8-f4d0262baf3b,aor,1s,ვ-ი-ცურავ--ე,y
1d24d106-6632-4d53-b5d8-f4d0262baf3b,aor,2s,-ი-ცურავ--ე,y
1d24d106-6632-4d53-b5d8-f4d0262baf3b,aor,3s,-ი-ცურავ--ა,y
1d24d106-6632-4d53-b5d8-f4d0262baf3b,aor,1p,ვ-ი-ცურავ--ეთ,y
1d24d106-6632-4d53-b5d8-f4d0262baf3b,aor,2p,-ი-ცურავ--ეთ,y
1d24d106-6632-4d53-b5d8-f4d0262baf3b,aor,3p,-ი-ცურავ--ეს,y
1d24d106-6632-4d53-b5d8-f4d0262baf3b,opt,1s,ვ-ი-ცურავ--,y
1d24d106-6632-4d53-b5d8-f4d0262baf3b,opt,2s,-ი-ცურავ--,y
1d24d106-6632-4d53-b5d8-f4d0262baf3b,opt,3s,-ი-ცურავ--ოს,y
1d24d106-6632-4d53-b5d8-f4d0262baf3b,opt,1p,ვ-ი-ცურავ--ოთ,y
1d24d106-6632-4d53-b5d8-f4d0262baf3b,opt,2p,-ი-ცურავ--ოთ,y
1d24d106-6632-4d53-b5d8-f4d0262baf3b,opt,3p,-ი-ცურავ--ონ,y
593354a9-0728-451a-a679-4f4f9107923a,pres,1s,-ვ-იღ-ებ-,n
593354a9-0728-451a-a679-4f4f9107923a,pres,2s,--იღ-ებ-,n
593354a9-0728-451a-a679-4f4f9107923a,pres,3s,--იღ-ებ-ს,n
593354a9-0728-451a-a679-4f4f9107923a,pres,1p,-ვ-იღ-ებ-თ,n
593354a9-0728-451a-a679-4f4f9107923a,pres,2p,--იღ-ებ-თ,n
593354a9-0728-451a-a679-4f4f9107923a,pres,3p,--იღ-ებ-ენ,n
593354a9-0728-451a-a679-4f4f9107923a,imp,1s,-ვ-იღ-ებ-დი,n
593354a9-0728-451a-a679-4f4f9107923a,imp,2s,--იღ-ებ-დი,n
593354a9-0728-451a-a679-4f4f9107923a,imp,3s,--იღ-ებ-და,n
593354a9-0728-451a-a679-4f4f9107923a,imp,1p,-ვ-იღ-ებ-დით,n
593354a9-0728-451a-a679-4f4f9107923a,imp,2p,--იღ-ებ-დით,n
593354a9-0728-451a-a679-4f4f9107923a,imp,3p,--იღ-ებ-დნენ,n
593354a9-0728-451a-a679-4f4f9107923a,pres-subj,1s,-ვ-იღ-ებ-დე,n
593354a9-0728-451a-a679-4f4f9107923a,pres-subj,2s,--იღ-ებ-დე,n
593354a9-0728-451a-a679-4f4f9107923a,pres-subj,3s,--იღ-ებ-დეს,n
593354a9-0728-451a-a679-4f4f9107923a,pres-subj,1p,-ვ-იღ-ებ-დეთ,n
593354a9-0728-451a-a679-4f4f9107923a,pres-subj,2p,--იღ-ებ-დეთ,n
593354a9-0728-451a-a679-4f4f9107923a,pres-subj,3p,--იღ-ებ-დნენ,n
593354a9-0728-451a-a679-4f4f9107923a,fut,1s,ა-ვ-იღ-ებ-,n
593354a9-0728-451a-a679-4f4f9107923a,fut,2s,ა--იღ-ებ-,n
593354a9-0728-451a-a679-4f4f9107923a,fut,3s,ა--იღ-ებ-ს,n
593354a9-0728-451a-a679-4f4f9107923a,fut,1p,ა-ვ-იღ-ებ-თ,n
593354a9-0728-451a-a679-4f4f9107923a,fut,2p,ა--იღ-ებ-თ,n
593354a9-0728-451a-a679-4f4f9107923a,fut,3p,ა--იღ-ებ-ენ,n
593354a9-0728-451a-a679-4f4f9107923a,cond,1s,ა-ვ-იღ-ებ-დი,n
593354a9-0728-451a-a679-4f4f9107923a,cond,2s,ა--იღ-ებ-დი,n
593354a9-0728-451a-a679-4f4f9107923a,cond,3s,ა--იღ-ებ-და,n
593354a9-0728-451a-a679-4f4f9107923a,cond,1p,ა-ვ-იღ-ებ-დით,n
593354a9-0728-451a-a679-4f4f9107923a,cond,2p,ა--იღ-ებ-დით,n
593354a9-0728-451a-a679-4f4f9107923a,cond,3p,ა--იღ-ებ-დნენ,n
593354a9-0728-451a-a679-4f4f9107923a,aor,1s,ა-ვ-იღ--ე,n
593354a9-0728-451a-a679-4f4f9107923a,aor,2s,ა--იღ--ე,n
593354a9-0728-451a-a679-4f4f9107923a,aor,3s,ა--იღ--ო,n
593354a9-0728-451a-a679-4f4f9107923a,aor,1p,ა-ვ-იღ--ეთ,n
593354a9-0728-451a-a679-4f4f9107923a,aor,2p,ა--იღ--ეთ,n
593354a9-0728-451a-a679-4f4f9107923a,aor,3p,ა--იღ--ეს,n
593354a9-0728-451a-a679-4f4f9107923a,opt,1s,ა-ვ-იღ--,n
593354a9-0728-451a-a679-4f4f9107923a,opt,2s,ა--იღ--,n
593354a9-0728-451a-a679-4f4f9107923a,opt,3s,ა--იღ--ოს,n
593354a9-0728-451a-a679-4f4f9107923a,opt,1p,ა-ვ-იღ--ოთ,n
593354a9-0728-451a-a679-4f4f9107923a,opt,2p,ა--იღ--ოთ,n
593354a9-0728-451a-a679-4f4f9107923a,opt,3p,ა--იღ--ონ,n
a0a7be0d-3e80-417b-8535-a50f8687f552,pres,1s,-ვ-იხდ-ი-,n
a0a7be0d-3e80-417b-8535-a50f8687f552,pres,2s,--იხდ-ი-,n
a0a7be0d-3e80-417b-8535-a50f8687f552,pres,3s,--იხდ-ი-ს,n
a0a7be0d-3e80-417b-8535-a50f8687f552,pres,1p,-ვ-იხდ-ი-თ,n
a0a7be0d-3e80-417b-8535-a50f8687f552,pres,2p,--იხდ-ი-თ,n
a0a7be0d-3e80-417b-8535-a50f8687f552,pres,3p,--იხდ-ი-ან,n
a0a7be0d-3e80-417b-8535-a50f8687f552,imp,1s,-ვ-იხდ-ი-დი,n
a0a7be0d-3e80-417b-8535-a50f8687f552,imp,2s,--იხდ-ი-დი,n
a0a7be0d-3e80-417b-8535-a50f8687f552,imp,3s,--იხდ-ი-და,n
a0a7be0d-3e80-417b-8535-a50f8687f552,imp,1p,-ვ-იხდ-ი-დით,n
a0a7be0d-3e80-417b-8535-a50f8687f552,imp,2p,--იხდ-ი-დით,n
a0a7be0d-3e80-417b-8535-a50f8687f552,imp,3p,--იხდ-ი-დნენ,n
a0a7be0d-3e80-417b-8535-a50f8687f552,pres-subj,1s,-ვ-იხდ-ი-დე,n
a0a7be0d-3e80-417b-8535-a50f8687f552,pres-subj,2s,--იხდ-ი-დე,n
a0a7be0d-3e80-417b-8535-a50f8687f552,pres-subj,3s,--იხდ-ი-დეს,n
a0a7be0d-3e80-417b-8535-a50f8687f552,pres-subj,1p,-ვ-იხდ-ი-დეთ,n
a0a7be0d-3e80-417b-8535-a50f8687f552,pres-subj,2p,--იხდ-ი-დეთ,n
a0a7be0d-3e80-417b-8535-a50f8687f552,pres-subj,3p,--იხდ-ი-დნენ,n
a0a7be0d-3e80-417b-8535-a50f8687f552,fut,1s,გა-ვ-იხდ-ი-,n
a0a7be0d-3e80-417b-8535-a50f8687f552,fut,2s,გა--იხდ-ი-,n
a0a7be0d-3e80-417b-8535-a50f8687f552,fut,3s,გა--იხდ-ი-ს,n
a0a7be0d-3e80-417b-8535-a50f8687f552,fut,1p,გა-ვ-იხდ-ი-თ,n
a0a7be0d-3e80-417b-8535-a50f8687f552,fut,2p,გა--იხდ-ი-თ,n
a0a7be0d-3e80-417b-8535-a50f8687f552,fut,3p,გა--იხდ-ი-ან,n
a0a7be0d-3e80-417b-8535-a50f8687f552,cond,1s,გა-ვ-იხდ-ი-დი,n
a0a7be0d-3e80-417b-8535-a50f8687f552,cond,2s,გა--იხდ-ი-დი,n
a0a7be0d-3e80-417b-8535-a50f8687f552,cond,3s,გა--იხდ-ი-და,n
a0a7be0d-3e80-417b-8535-a50f8687f552,cond,1p,გა-ვ-იხდ-ი-დით,n
a0a7be0d-3e80-417b-8535-a50f8687f552,cond,2p,გა--იხდ-ი-დით,n
a0a7be0d-3e80-417b-8535-a50f8687f552,cond,3p,გა--იხდ-ი-დნენ,n
a0a7be0d-3e80-417b-8535-a50f8687f552,aor,1s,გა-ვ-იხდ--ე,n
a0a7be0d-3e80-417b-8535-a50f8687f552,aor,2s,გა--იხდ--ე,n
a0a7be0d-3e80-417b-8535-a50f8687f552,aor,3s,გა--იხად--ა,n
a0a7be0d-3e80-417b-8535-a50f8687f552,aor,1p,გა-ვ-იხდ--ეთ,n
a0a7be0d-3e80-417b-8535-a50f8687f552,aor,2p,გა--იხდ--ეთ,n
a0a7be0d-3e80-417b-8535-a50f8687f552,aor,3p,გა--იხად--ეს,n
a0a7be0d-3e80-417b-8535-a50f8687f552,opt,1s,გა-ვ-იხდ--,n
a0a7be0d-3e80-417b-8535-a50f8687f552,opt,2s,გა--იხდ--,n
a0a7be0d-3e80-417b-8535-a50f8687f552,opt,3s,გა--იხად--ოს,n
a0a7be0d-3e80-417b-8535-a50f8687f552,opt,1p,გა-ვ-იხდ--ოთ,n
a0a7be0d-3e80-417b-8535-a50f8687f552,opt,2p,გა--იხდ--ოთ,n
a0a7be0d-3e80-417b-8535-a50f8687f552,opt,3p,გა--იხად--ონ,n
6ca9d069-6f94-4d28-bbf7-5e289ae34d5c,pres,1s,ვ--საუბრ-ობ-,y
6ca9d069-6f94-4d28-bbf7-5e289ae34d5c,pres,2s,--საუბრ-ობ-,y
6ca9d069-6f94-4d28-bbf7-5e289ae34d5c,pres,3s,--საუბრ-ობ-ს,y
6ca9d069-6f94-4d28-bbf7-5e289ae34d5c,pres,1p,ვ--საუბრ-ობ-თ,y
6ca9d069-6f94-4d28-bbf7-5e289ae34d5c,pres,2p,--საუბრ-ობ-თ,y
6ca9d069-6f94-4d28-bbf7-5e289ae34d5c,pres,3p,--საუბრ-ობ-ენ,y
6ca9d069-6f94-4d28-bbf7-5e289ae34d5c,imp,1s,ვ--საუბრ-ობ-დი,y
6ca9d069-6f94-4d28-bbf7-5e289ae34d5c,imp,2s,--საუბრ-ობ-დი,y
6ca9d069-6f94-4d28-bbf7-5e289ae34d5c,imp,3s,--საუბრ-ობ-და,y
6ca9d069-6f94-4d28-bbf7-5e289ae34d5c,imp,1p,ვ--საუბრ-ობ-დით,y
6ca9d069-6f94-4d28-bbf7-5e289ae34d5c,imp,2p,--საუბრ-ობ-დით,y
6ca9d069-6f94-4d28-bbf7-5e289ae34d5c,imp,3p,--საუბრ-ობ-დნენ,y
6ca9d069-6f94-4d28-bbf7-5e289ae34d5c,pres-subj,1s,ვ--საუბრ-ობ-დე,y
6ca9d069-6f94-4d28-bbf7-5e289ae34d5c,pres-subj,2s,--საუბრ-ობ-დე,y
6ca9d069-6f94-4d28-bbf7-5e289ae34d5c,pres-subj,3s,--საუბრ-ობ-დეს,y
6ca9d069-6f94-4d28-bbf7-5e289ae34d5c,pres-subj,1p,ვ--საუბრ-ობ-დეთ,y
6ca9d069-6f94-4d28-bbf7-5e289ae34d5c,pres-subj,2p,--საუბრ-ობ-დეთ,y
6ca9d069-6f94-4d28-bbf7-5e289ae34d5c,pres-subj,3p,--საუბრ-ობ-დნენ,y
6ca9d069-6f94-4d28-bbf7-5e289ae34d5c,fut,1s,ვ-ი-საუბრ-ებ-,y
6ca9d069-6f94-4d28-bbf7-5e289ae34d5c,fut,2s,-ი-საუბრ-ებ-,y
6ca9d069-6f94-4d28-bbf7-5e289ae34d5c,fut,3s,-ი-საუბრ-ებ-ს,y
6ca9d069-6f94-4d28-bbf7-5e289ae34d5c,fut,1p,ვ-ი-საუბრ-ებ-თ,y
6ca9d069-6f94-4d28-bbf7-5e289ae34d5c,fut,2p,-ი-საუბრ-ებ-თ,y
6ca9d069-6f94-4d28-bbf7-5e289ae34d5c,fut,3p,-ი-საუბრ-ებ-ენ,y
6ca9d069-6f94-4d28-bbf7-5e289ae34d5c,cond,1s,ვ-ი-საუბრ-ებ-დი,y
6ca9d069-6f94-4d28-bbf7-5e289ae34d5c,cond,2s,-ი-საუბრ-ებ-დი,y
6ca9d069-6f94-4d28-bbf7-5e289ae34d5c,cond,3s,-ი-საუბრ-ებ-და,y
6ca9d069-6f94-4d28-bbf7-5e289ae34d5c,cond,1p,ვ-ი-საუბრ-ებ-დით,y
6ca9d069-6f94-4d28-bbf7-5e289ae34d5c,cond,2p,-ი-საუბრ-ებ-დით,y
6ca9d069-6f94-4d28-bbf7-5e289ae34d5c,cond,3p,-ი-საუბრ-ებ-დნენ,y
6ca9d069-6f94-4d28-bbf7-5e289ae34d5c,aor,1s,ვ-ი-საუბრ--ე,y
6ca9d069-6f94-4d28-bbf7-5e289ae34d5c,aor,2s,-ი-საუბრ--ე,y
6ca9d069-6f94-4d28-bbf7-5e289ae34d5c,aor,3s,-ი-საუბრ--ა,y
6ca9d069-6f94-4d28-bbf7-5e289ae34d5c,aor,1p,ვ-ი-საუბრ--ეთ,y
6ca9d069-6f94-4d28-bbf7-5e289ae34d5c,aor,2p,-ი-საუბრ--ეთ,y
6ca9d069-6f94-4d28-bbf7-5e289ae34d5c,aor,3p,-ი-საუბრ--ეს,y
6ca9d069-6f94-4d28-bbf7-5e289ae34d5c,opt,1s,ვ-ი-საუბრ--,y
6ca9d069-6f94-4d28-bbf7-5e289ae34d5c,opt,2s,-ი-საუბრ--,y
6ca9d069-6f94-4d28-bbf7-5e289ae34d5c,opt,3s,-ი-საუბრ--ოს,y
6ca9d069-6f94-4d28-bbf7-5e289ae34d5c,opt,1p,ვ-ი-საუბრ--ოთ,y
6ca9d069-6f94-4d28-bbf7-5e289ae34d5c,opt,2p,-ი-საუბრ--ოთ,y
6ca9d069-6f94-4d28-bbf7-5e289ae34d5c,opt,3p,-ი-საუბრ--ონ,y
147501b9-3808-4764-a5ce-35ce69a279b5,pres,1s,-ვ-სინჯ-ავ-,n
147501b9-3808-4764-a5ce-35ce69a279b5,pres,2s,--სინჯ-ავ-,n
147501b9-3808-4764-a5ce-35ce69a279b5,pres,3s,--სინჯ-ავ-ს,n
147501b9-3808-4764-a5ce-35ce69a279b5,pres,1p,-ვ-სინჯ-ავ-თ,n
147501b9-3808-4764-a5ce-35ce69a279b5,pres,2p,--სინჯ-ავ-თ,n
147501b9-3808-4764-a5ce-35ce69a279b5,pres,3p,--სინჯ-ავ-ენ,n
147501b9-3808-4764-a5ce-35ce69a279b5,imp,1s,-ვ-სინჯ-ავ-დი,n
147501b9-3808-4764-a5ce-35ce69a279b5,imp,2s,--სინჯ-ავ-დი,n
147501b9-3808-4764-a5ce-35ce69a279b5,imp,3s,--სინჯ-ავ-და,n
147501b9-3808-4764-a5ce-35ce69a279b5,imp,1p,-ვ-სინჯ-ავ-დით,n
147501b9-3808-4764-a5ce-35ce69a279b5,imp,2p,--სინჯ-ავ-დით,n
147501b9-3808-4764-a5ce-35ce69a279b5,imp,3p,--სინჯ-ავ-დნენ,n
147501b9-3808-4764-a5ce-35ce69a279b5,pres-subj,1s,-ვ-სინჯ-ავ-დე,n
147501b9-3808-4764-a5ce-35ce69a279b5,pres-subj,2s,--სინჯ-ავ-დე,n
147501b9-3808-4764-a5ce-35ce69a279b5,pres-subj,3s,--სინჯ-ავ-დეს,n
147501b9-3808-4764-a5ce-35ce69a279b5,pres-subj,1p,-ვ-სინჯ-ავ-დეთ,n
147501b9-3808-4764-a5ce-35ce69a279b5,pres-subj,2p,--სინჯ-ავ-დეთ,n
147501b9-3808-4764-a5ce-35ce69a279b5,pres-subj,3p,--სინჯ-ავ-დნენ,n
147501b9-3808-4764-a5ce-35ce69a279b5,fut,1s,გა-ვ-სინჯ-ავ-,n
147501b9-3808-4764-a5ce-35ce69a279b5,fut,2s,გა--სინჯ-ავ-,n
147501b9-3808-4764-a5ce-35ce69a279b5,fut,3s,გა--სინჯ-ავ-ს,n
147501b9-3808-4764-a5ce-35ce69a279b5,fut,1p,გა-ვ-სინჯ-ავ-თ,n
147501b9-3808-4764-a5ce-35ce69a279b5,fut,2p,გა--სინჯ-ავ-თ,n
147501b9-3808-4764-a5ce-35ce69a279b5,fut,3p,გა--სინჯ-ავ-ენ,n
147501b9-3808-4764-a5ce-35ce69a279b5,cond,1s,გა-ვ-სინჯ-ავ-დი,n
147501b9-3808-4764-a5ce-35ce69a279b5,cond,2s,გა--სინჯ-ავ-დი,n
147501b9-3808-4764-a5ce-35ce69a279b5,cond,3s,გა--სინჯ-ავ-და,n
147501b9-3808-4764-a5ce-35ce69a279b5,cond,1p,გა-ვ-სინჯ-ავ-დით,n
147501b9-3808-4764-a5ce-35ce69a279b5,cond,2p,გა--სინჯ-ავ-დით,n
147501b9-3808-4764-a5ce-35ce69a279b5,cond,3p,გა--სინჯ-ავ-დნენ,n
147501b9-3808-4764-a5ce-35ce69a279b5,aor,1s,გა-ვ-სინჯ--ე,n
147501b9-3808-4764-a5ce-35ce69a279b5,aor,2s,გა--სინჯ--ე,n
147501b9-3808-4764-a5ce-35ce69a279b5,aor,3s,გა--სინჯ--ა,n
147501b9-3808-4764-a5ce-35ce69a279b5,aor,1p,გა-ვ-სინჯ--ეთ,n
147501b9-3808-4764-a5ce-35ce69a279b5,aor,2p,გა--სინჯ--ეთ,n
147501b9-3808-4764-a5ce-35ce69a279b5,aor,3p,გა--სინჯ--ეს,n
147501b9-3808-4764-a5ce-35ce69a279b5,opt,1s,გა-ვ-სინჯ--,n
147501b9-3808-4764-a5ce-35ce69a279b5,opt,2s,გა--სინჯ--,n
147501b9-3808-4764-a5ce-35ce69a279b5,opt,3s,გა--სინჯ--ოს,n
147501b9-3808-4764-a5ce-35ce69a279b5,opt,1p,გა-ვ-სინჯ--ოთ,n
147501b9-3808-4764-a5ce-35ce69a279b5,opt,2p,გა--სინჯ--ოთ,n
147501b9-3808-4764-a5ce-35ce69a279b5,opt,3p,გა--სინჯ--ონ,n
7825d788-1e15-4143-ab6a-8a49d56b6b2a,pres,1s,-ვ-ასწავლ-ი-,n
7825d788-1e15-4143-ab6a-8a49d56b6b2a,pres,2s,--ასწავლ-ი-,n
7825d788-1e15-4143-ab6a-8a49d56b6b2a,pres,3s,--ასწავლ-ი-ს,n
7825d788-1e15-4143-ab6a-8a49d56b6b2a,pres,1p,-ვ-ასწავლ-ი-თ,n
7825d788-1e15-4143-ab6a-8a49d56b6b2a,pres,2p,--ასწავლ-ი-თ,n
7825d788-1e15-4143-ab6a-8a49d56b6b2a,pres,3p,--ასწავლ-ი-ან,n
7825d788-1e15-4143-ab6a-8a49d56b6b2a,imp,1s,-ვ-ასწავლ-ი-დი,n
7825d788-1e15-4143-ab6a-8a49d56b6b2a,imp,2s,--ასწავლ-ი-დი,n
7825d788-1e15-4143-ab6a-8a49d56b6b2a,imp,3s,--ასწავლ-ი-და,n
7825d788-1e15-4143-ab6a-8a49d56b6b2a,imp,1p,-ვ-ასწავლ-ი-დით,n
7825d788-1e15-4143-ab6a-8a49d56b6b2a,imp,2p,--ასწავლ-ი-დით,n
7825d788-1e15-4143-ab6a-8a49d56b6b2a,imp,3p,--ასწავლ-ი-დნენ,n
7825d788-1e15-4143-ab6a-8a49d56b6b2a,pres-subj,1s,-ვ-ასწავლ-ი-დე,n
7825d788-1e15-4143-ab6a-8a49d56b6b2a,pres-subj,2s,--ასწავლ-ი-დე,n
7825d788-1e15-4143-ab6a-8a49d56b6b2a,pres-subj,3s,--ასწავლ-ი-დეს,n
7825d788-1e15-4143-ab6a-8a49d56b6b2a,pres-subj,1p,-ვ-ასწავლ-ი-დეთ,n
7825d788-1e15-4143-ab6a-8a49d56b6b2a,pres-subj,2p,--ასწავლ-ი-დეთ,n
7825d788-1e15-4143-ab6a-8a49d56b6b2a,pres-subj,3p,--ასწავლ-ი-დნენ,n
7825d788-1e15-4143-ab6a-8a49d56b6b2a,fut,1s,-ვ-ასწავლ-ი-,n
7825d788-1e15-4143-ab6a-8a49d56b6b2a,fut,2s,--ასწავლ-ი-,n
7825d788-1e15-4143-ab6a-8a49d56b6b2a,fut,3s,--ასწავლ-ი-ს,n
7825d788-1e15-4143-ab6a-8a49d56b6b2a,fut,1p,-ვ-ასწავლ-ი-თ,n
7825d788-1e15-4143-ab6a-8a49d56b6b2a,fut,2p,--ასწავლ-ი-თ,n
7825d788-1e15-4143-ab6a-8a49d56b6b2a,fut,3p,--ასწავლ-ი-ან,n
7825d788-1e15-4143-ab6a-8a49d56b6b2a,cond,1s,-ვ-ასწავლ-ი-დი,n
7825d788-1e15-4143-ab6a-8a49d56b6b2a,cond,2s,--ასწავლ-ი-დი,n
7825d788-1e15-4143-ab6a-8a49d56b6b2a,cond,3s,--ასწავლ-ი-და,n
7825d788-1e15-4143-ab6a-8a49d56b6b2a,cond,1p,-ვ-ასწავლ-ი-დით,n
7825d788-1e15-4143-ab6a-8a49d56b6b2a,cond,2p,--ასწავლ-ი-დით,n
7825d788-1e15-4143-ab6a-8a49d56b6b2a,cond,3p,--ასწავლ-ი-დნენ,n
7825d788-1e15-4143-ab6a-8a49d56b6b2a,aor,1s,-ვ-ასწავლ--ე,n
7825d788-1e15-4143-ab6a-8a49d56b6b2a,aor,2s,--ასწავლ--ე,n
7825d788-1e15-4143-ab6a-8a49d56b6b2a,aor,3s,--ასწავლ--ა,n
7825d788-1e15-4143-ab6a-8a49d56b6b2a,aor,1p,-ვ-ასწავლ--ეთ,n
7825d788-1e15-4143-ab6a-8a49d56b6b2a,aor,2p,--ასწავლ--ეთ,n
7825d788-1e15-4143-ab6a-8a49d56b6b2a,aor,3p,--ასწავლ--ეს,n
7825d788-1e15-4143-ab6a-8a49d56b6b2a,opt,1s,-ვ-ასწავლ--,n
7825d788-1e15-4143-ab6a-8a49d56b6b2a,opt,2s,--ასწავლ--,n
7825d788-1e15-4143-ab6a-8a49d56b6b2a,opt,3s,--ასწავლ--ოს,n
7825d788-1e15-4143-ab6a-8a49d56b6b2a,opt,1p,-ვ-ასწავლ--ოთ,n
7825d788-1e15-4143-ab6a-8a49d56b6b2a,opt,2p,--ასწავლ--ოთ,n
7825d788-1e15-4143-ab6a-8a49d56b6b2a,opt,3p,--ასწავლ--ონ,n
a408af9a-f842-4225-96aa-3931b0d472cc,pres,1s,-ვ-ეუბნ-ებ-ი,n
a408af9a-f842-4225-96aa-3931b0d472cc,pres,2s,--ეუბნ-ებ-ი,n
a408af9a-f842-4225-96aa-3931b0d472cc,pres,3s,--ეუბნ-ებ-ა,n
a408af9a-f842-4225-96aa-3931b0d472cc,pres,1p,-ვ-ეუბნ-ებ-ით,n
a408af9a-f842-4225-96aa-3931b0d472cc,pres,2p,--ეუბნ-ებ-ით,n
a408af9a-f842-4225-96aa-3931b0d472cc,pres,3p,--ეუბნ-ებ-იან,n
a408af9a-f842-4225-96aa-3931b0d472cc,imp,1s,-ვ-ეუბნ-ებ-დი,n
a408af9a-f842-4225-96aa-3931b0d472cc,imp,2s,--ეუბნ-ებ-დი,n
a408af9a-f842-4225-96aa-3931b0d472cc,imp,3s,--ეუბნ-ებ-და,n
a408af9a-f842-4225-96aa-3931b0d472cc,imp,1p,-ვ-ეუბნ-ებ-დით,n
a408af9a-f842-4225-96aa-3931b0d472cc,imp,2p,--ეუბნ-ებ-დით,n
a408af9a-f842-4225-96aa-3931b0d472cc,imp,3p,--ეუბნ-ებ-დნენ,n
a408af9a-f842-4225-96aa-3931b0d472cc,pres-subj,1s,-ვ-ეუბნ-ებ-დე,n
a408af9a-f842-4225-96aa-3931b0d472cc,pres-subj,2s,--ეუბნ-ებ-დე,n
a408af9a-f842-4225-96aa-3931b0d472cc,pres-subj,3s,--ეუბნ-ებ-დეს,n
a408af9a-f842-4225-96aa-3931b0d472cc,pres-subj,1p,-ვ-ეუბნ-ებ-დეთ,n
a408af9a-f842-4225-96aa-3931b0d472cc,pres-subj,2p,--ეუბნ-ებ-დეთ,n
a408af9a-f842-4225-96aa-3931b0d472cc,pres-subj,3p,--ეუბნ-ებ-დნენ,n
a408af9a-f842-4225-96aa-3931b0d472cc,fut,1s,-ვ-ეტყვ-ი-,n
a408af9a-f842-4225-96aa-3931b0d472cc,fut,2s,--ეტყვ-ი-,n
a408af9a-f842-4225-96aa-3931b0d472cc,fut,3s,--ეტყვ-ი-ს,n
a408af9a-f842-4225-96aa-3931b0d472cc,fut,1p,-ვ-ეტყვ-ი-თ,n
a408af9a-f842-4225-96aa-3931b0d472cc,fut,2p,--ეტყვ-ი-თ,n
a408af9a-f842-4225-96aa-3931b0d472cc,fut,3p,--ეტყვ-ი-ან,n
a408af9a-f842-4225-96aa-3931b0d472cc,aor,1s,-ვ-ეტყ--ოდი,n
a408af9a-f842-4225-96aa-3931b0d472cc,aor,2s,--ეტყ--ოდი,n
a408af9a-f842-4225-96aa-3931b0d472cc,aor,3s,--ეტყ--ოდა,n
a408af9a-f842-4225-96aa-3931b0d472cc,aor,1p,-ვ-ეტყ--ოდით,n
a408af9a-f842-4225-96aa-3931b0d472cc,aor,2p,--ეტყ--ოდით,n
a408af9a-f842-4225-96aa-3931b0d472cc,aor,3p,--ეტყ--ოდნენ,n
a408af9a-f842-4225-96aa-3931b0d472cc,opt,1s,-ვ-ეტყ--ე,n
a408af9a-f842-4225-96aa-3931b0d472cc,opt,2s,--ეტყ--ე,n
a408af9a-f842-4225-96aa-3931b0d472cc,opt,3s,--ეტყ--ეს,n
a408af9a-f842-4225-96aa-3931b0d472cc,opt,1p,-ვ-ეტყ--ეთ,n
a408af9a-f842-4225-96aa-3931b0d472cc,opt,2p,--ეტყ--ეთ,n
a408af9a-f842-4225-96aa-3931b0d472cc,opt,3p,--ეტყ--ენ,n
698ea852-5577-4223-b0e9-a7d7b617df5f,pres,1s,-ვ-აცდუნ-ებ-,n
698ea852-5577-4223-b0e9-a7d7b617df5f,pres,2s,--აცდუნ-ებ-,n
698ea852-5577-4223-b0e9-a7d7b617df5f,pres,3s,--აცდუნ-ებ-ს,n
698ea852-5577-4223-b0e9-a7d7b617df5f,pres,1p,-ვ-აცდუნ-ებ-თ,n
698ea852-5577-4223-b0e9-a7d7b617df5f,pres,2p,--აცდუნ-ებ-თ,n
698ea852-5577-4223-b0e9-a7d7b617df5f,pres,3p,--აცდუნ-ებ-ენ,n
698ea852-5577-4223-b0e9-a7d7b617df5f,imp,1s,-ვ-აცდუნ-ებ-დი,n
698ea852-5577-4223-b0e9-a7d7b617df5f,imp,2s,--აცდუნ-ებ-დი,n
698ea852-5577-4223-b0e9-a7d7b617df5f,imp,3s,--აცდუნ-ებ-და,n
698ea852-5577-4223-b0e9-a7d7b617df5f,imp,1p,-ვ-აცდუნ-ებ-დით,n
698ea852-5577-4223-b0e9-a7d7b617df5f,imp,2p,--აცდუნ-ებ-დით,n
698ea852-5577-4223-b0e9-a7d7b617df5f,imp,3p,--აცდუნ-ებ-დნენ,n
698ea852-5577-4223-b0e9-a7d7b617df5f,pres-subj,1s,-ვ-აცდუნ-ებ-დე,n
698ea852-5577-4223-b0e9-a7d7b617df5f,pres-subj,2s,--აცდუნ-ებ-დე,n
698ea852-5577-4223-b0e9-a7d7b617df5f,pres-subj,3s,--აცდუნ-ებ-დეს,n
698ea852-5577-4223-b0e9-a7d7b617df5f,pres-subj,1p,-ვ-აცდუნ-ებ-დეთ,n
698ea852-5577-4223-b0e9-a7d7b617df5f,pres-subj,2p,--აცდუნ-ებ-დეთ,n
698ea852-5577-4223-b0e9-a7d7b617df5f,pres-subj,3p,--აცდუნ-ებ-დნენ,n
698ea852-5577-4223-b0e9-a7d7b617df5f,fut,1s,შე-ვ-აცდენ--,n
698ea852-5577-4223-b0e9-a7d7b617df5f,fut,2s,შე--აცდენ--,n
698ea852-5577-4223-b0e9-a7d7b617df5f,fut,3s,შე--აცდენ--ს,n
698ea852-5577-4223-b0e9-a7d7b617df5f,fut,1p,შე-ვ-აცდენ--თ,n
698ea852-5577-4223-b0e9-a7d7b617df5f,fut,2p,შე--აცდენ--თ,n
698ea852-5577-4223-b0e9-a7d7b617df5f,fut,3p,შე--აცდენ--ენ,n
698ea852-5577-4223-b0e9-a7d7b617df5f,cond,1s,შე-ვ-აცდენ--დი,n
698ea852-5577-4223-b0e9-a7d7b617df5f,cond,2s,შე--აცდენ--დი,n
698ea852-5577-4223-b0e9-a7d7b617df5f,cond,3s,შე--აცდენ--და,n
698ea852-5577-4223-b0e9-a7d7b617df5f,cond,1p,შე-ვ-აცდენ--დით,n
698ea852-5577-4223-b0e9-a7d7b617df5f,cond,2p,შე--აცდენ--დით,n
698ea852-5577-4223-b0e9-a7d7b617df5f,cond,3p,შე--აცდენ--დნენ,n
698ea852-5577-4223-b0e9-a7d7b617df5f,aor,1s,-ვ-აცდუნ--ე,n
698ea852-5577-4223-b0e9-a7d7b617df5f,aor,2s,--აცდუნ--ე,n
698ea852-5577-4223-b0e9-a7d7b617df5f,aor,3s,--აცდუნ--ა,n
698ea852-5577-4223-b0e9-a7d7b617df5f,aor,1p,-ვ-აცდუნ--ეთ,n
698ea852-5577-4223-b0e9-a7d7b617df5f,aor,2p,--აცდუნ--ეთ,n
698ea852-5577-4223-b0e9-a7d7b617df5f,aor,3p,--აცდუნ--ეს,n
698ea852-5577-4223-b0e9-a7d7b617df5f,opt,1s,-ვ-აცდუნ--,n
698ea852-5577-4223-b0e9-a7d7b617df5f,opt,2s,--აცდუნ--,n
698ea852-5577-4223-b0e9-a7d7b617df5f,opt,3s,--აცდუნ--ოს,n
698ea852-5577-4223-b0e9-a7d7b617df5f,opt,1p,-ვ-აცდუნ--ოთ,n
698ea852-5577-4223-b0e9-a7d7b617df5f,opt,2p,--აცდუნ--ოთ,n
698ea852-5577-4223-b0e9-a7d7b617df5f,opt,3p,--აცდუნ--ონ,n
8e6c0022-d2f0-432c-808d-9d180a3a63af,pres,1s,ვ--ფიქრ-ობ-,y
8e6c0022-d2f0-432c-808d-9d180a3a63af,pres,2s,--ფიქრ-ობ-,y
8e6c0022-d2f0-432c-808d-9d180a3a63af,pres,3s,--ფიქრ-ობ-ს,y
8e6c0022-d2f0-432c-808d-9d180a3a63af,pres,1p,ვ--ფიქრ-ობ-თ,y
8e6c0022-d2f0-432c-808d-9d180a3a63af,pres,2p,--ფიქრ-ობ-თ,y
8e6c0022-d2f0-432c-808d-9d180a3a63af,pres,3p,--ფიქრ-ობ-ენ,y
8e6c0022-d2f0-432c-808d-9d180a3a63af,imp,1s,ვ--ფიქრ-ობ-დი,y
8e6c0022-d2f0-432c-808d-9d180a3a63af,imp,2s,--ფიქრ-ობ-დი,y
8e6c0022-d2f0-432c-808d-9d180a3a63af,imp,3s,--ფიქრ-ობ-და,y
8e6c0022-d2f0-432c-808d-9d180a3a63af,imp,1p,ვ--ფიქრ-ობ-დით,y
8e6c0022-d2f0-432c-808d-9d180a3a63af,imp,2p,--ფიქრ-ობ-დით,y
8e6c0022-d2f0-432c-808d-9d180a3a63af,imp,3p,--ფიქრ-ობ-დნენ,y
8e6c0022-d2f0-432c-808d-9d180a3a63af,pres-subj,1s,ვ--ფიქრ-ობ-დე,y
8e6c0022-d2f0-432c-808d-9d180a3a63af,pres-subj,2s,--ფიქრ-ობ-დე,y
8e6c0022-d2f0-432c-808d-9d180a3a63af,pres-subj,3s,--ფიქრ-ობ-დეს,y
8e6c0022-d2f0-432c-808d-9d180a3a63af,pres-subj,1p,ვ--ფიქრ-ობ-დეთ,y
8e6c0022-d2f0-432c-808d-9d180a3a63af,pres-subj,2p,--ფიქრ-ობ-დეთ,y
8e6c0022-d2f0-432c-808d-9d180a3a63af,pres-subj,3p,--ფიქრ-ობ-დნენ,y
8e6c0022-d2f0-432c-808d-9d180a3a63af,fut,1s,ვ-ი-ფიქრ-ებ-,y
8e6c0022-d2f0-432c-808d-9d180a3a63af,fut,2s,-ი-ფიქრ-ებ-,y
8e6c0022-d2f0-432c-808d-9d180a3a63af,fut,3s,-ი-ფიქრ-ებ-ს,y
8e6c0022-d2f0-432c-808d-9d180a3a63af,fut,1p,ვ-ი-ფიქრ-ებ-თ,y
8e6c0022-d2f0-432c-808d-9d180a3a63af,fut,2p,-ი-ფიქრ-ებ-თ,y
8e6c0022-d2f0-432c-808d-9d180a3a63af,fut,3p,-ი-ფიქრ-ებ-ენ,y
8e6c0022-d2f0-432c-808d-9d180a3a63af,cond,1s,ვ-ი-ფიქრ-ებ-დი,y
8e6c0022-d2f0-432c-808d-9d180a3a63af,cond,2s,-ი-ფიქრ-ებ-დი,y
8e6c0022-d2f0-432c-808d-9d180a3a63af,cond,3s,-ი-ფიქრ-ებ-და,y
8e6c0022-d2f0-432c-808d-9d180a3a63af,cond,1p,ვ-ი-ფიქრ-ებ-დით,y
8e6c0022-d2f0-432c-808d-9d180a3a63af,cond,2p,-ი-ფიქრ-ებ-დით,y
8e6c0022-d2f0-432c-808d-9d180a3a63af,cond,3p,-ი-ფიქრ-ებ-დნენ,y
8e6c0022-d2f0-432c-808d-9d180a3a63af,aor,1s,ვ-ი-ფიქრ--ე,y
8e6c0022-d2f0-432c-808d-9d180a3a63af,aor,2s,-ი-ფიქრ--ე,y
8e6c0022-d2f0-432c-808d-9d180a3a63af,aor,3s,-ი-ფიქრ--ა,y
8e6c0022-d2f0-432c-808d-9d180a3a63af,aor,1p,ვ-ი-ფიქრ--ეთ,y
8e6c0022-d2f0-432c-808d-9d180a3a63af,aor,2p,-ი-ფიქრ--ეთ,y
8e6c0022-d2f0-432c-808d-9d180a3a63af,aor,3p,-ი-ფიქრ--ეს,y
8e6c0022-d2f0-432c-808d-9d180a3a63af,opt,1s,ვ-ი-ფიქრ--,y
8e6c0022-d2f0-432c-808d-9d180a3a63af,opt,2s,-ი-ფიქრ--,y
8e6c0022-d2f0-432c-808d-9d180a3a63af,opt,3s,-ი-ფიქრ--ოს,y
8e6c0022-d2f0-432c-808d-9d180a3a63af,opt,1p,ვ-ი-ფიქრ--ოთ,y
8e6c0022-d2f0-432c-808d-9d180a3a63af,opt,2p,-ი-ფიქრ--ოთ,y
8e6c0022-d2f0-432c-808d-9d180a3a63af,opt,3p,-ი-ფიქრ--ონ,y
7b8198f7-8030-498a-b779-d496f34ea3ad,pres,1s,-ვ-ემუქრ-ებ-ი,n
7b8198f7-8030-498a-b779-d496f34ea3ad,pres,2s,--ემუქრ-ებ-ი,n
7b8198f7-8030-498a-b779-d496f34ea3ad,pres,3s,--ემუქრ-ებ-ა,n
7b8198f7-8030-498a-b779-d496f34ea3ad,pres,1p,-ვ-ემუქრ-ებ-ით,n
7b8198f7-8030-498a-b779-d496f34ea3ad,pres,2p,--ემუქრ-ებ-ით,n
7b8198f7-8030-498a-b779-d496f34ea3ad,pres,3p,--ემუქრ-ებ-იან,n
7b8198f7-8030-498a-b779-d496f34ea3ad,imp,1s,-ვ-ემუქრ-ებ-დი,n
7b8198f7-8030-498a-b779-d496f34ea3ad,imp,2s,--ემუქრ-ებ-დი,n
7b8198f7-8030-498a-b779-d496f34ea3ad,imp,3s,--ემუქრ-ებ-და,n
7b8198f7-8030-498a-b779-d496f34ea3ad,imp,1p,-ვ-ემუქრ-ებ-დით,n
7b8198f7-8030-498a-b779-d496f34ea3ad,imp,2p,--ემუქრ-ებ-დით,n
7b8198f7-8030-498a-b779-d496f34ea3ad,imp,3p,--ემუქრ-ებ-დნენ,n
7b8198f7-8030-498a-b779-d496f34ea3ad,pres-subj,1s,-ვ-ემუქრ-ებ-დე,n
7b8198f7-8030-498a-b779-d496f34ea3ad,pres-subj,2s,--ემუქრ-ებ-დე,n
7b8198f7-8030-498a-b779-d496f34ea3ad,pres-subj,3s,--ემუქრ-ებ-დეს,n
7b8198f7-8030-498a-b779-d496f34ea3ad,pres-subj,1p,-ვ-ემუქრ-ებ-დეთ,n
7b8198f7-8030-498a-b779-d496f34ea3ad,pres-subj,2p,--ემუქრ-ებ-დეთ,n
7b8198f7-8030-498a-b779-d496f34ea3ad,pres-subj,3p,--ემუქრ-ებ-დნენ,n
7b8198f7-8030-498a-b779-d496f34ea3ad,fut,1s,და-ვ-ემუქრ-ებ-ი,n
7b8198f7-8030-498a-b779-d496f34ea3ad,fut,2s,და--ემუქრ-ებ-ი,n
7b8198f7-8030-498a-b779-d496f34ea3ad,fut,3s,და--ემუქრ-ებ-ა,n
7b8198f7-8030-498a-b779-d496f34ea3ad,fut,1p,და-ვ-ემუქრ-ებ-ით,n
7b8198f7-8030-498a-b779-d496f34ea3ad,fut,2p,და--ემუქრ-ებ-ით,n
7b8198f7-8030-498a-b779-d496f34ea3ad,fut,3p,და--ემუქრ-ებ-იან,n
7b8198f7-8030-498a-b779-d496f34ea3ad,cond,1s,და-ვ-ემუქრ-ებ-დი,n
7b8198f7-8030-498a-b779-d496f34ea3ad,cond,2s,და--ემუქრ-ებ-დი,n
7b8198f7-8030-498a-b779-d496f34ea3ad,cond,3s,და--ემუქრ-ებ-და,n
7b8198f7-8030-498a-b779-d496f34ea3ad,cond,1p,და-ვ-ემუქრ-ებ-დით,n
7b8198f7-8030-498a-b779-d496f34ea3ad,cond,2p,და--ემუქრ-ებ-დით,n
7b8198f7-8030-498a-b779-d496f34ea3ad,cond,3p,და--ემუქრ-ებ-დნენ,n
7b8198f7-8030-498a-b779-d496f34ea3ad,aor,1s,და-ვ-ემუქრ--ე,n
7b8198f7-8030-498a-b779-d496f34ea3ad,aor,2s,და--ემუქრ--ე,n
7b8198f7-8030-498a-b779-d496f34ea3ad,aor,3s,და--ემუქრ--ა,n
7b8198f7-8030-498a-b779-d496f34ea3ad,aor,1p,და-ვ-ემუქრ--ეთ,n
7b8198f7-8030-498a-b779-d496f34ea3ad,aor,2p,და--ემუქრ--ეთ,n
7b8198f7-8030-498a-b779-d496f34ea3ad,aor,3p,და--ემუქრ--ნენ,n
7b8198f7-8030-498a-b779-d496f34ea3ad,opt,1s,და-ვ-ემუქრ--,n
7b8198f7-8030-498a-b779-d496f34ea3ad,opt,2s,და--ემუქრ--,n
7b8198f7-8030-498a-b779-d496f34ea3ad,opt,3s,და--ემუქრ--ოს,n
7b8198f7-8030-498a-b779-d496f34ea3ad,opt,1p,და-ვ-ემუქრ--ოთ,n
7b8198f7-8030-498a-b779-d496f34ea3ad,opt,2p,და--ემუქრ--ოთ,n
7b8198f7-8030-498a-b779-d496f34ea3ad,opt,3p,და--ემუქრ--ონ,n
4035c25b-dbd4-4174-87ad-059cc881faa2,pres,1s,-ვ-აგდ-ებ-,n
4035c25b-dbd4-4174-87ad-059cc881faa2,pres,2s,--აგდ-ებ-,n
4035c25b-dbd4-4174-87ad-059cc881faa2,pres,3s,--აგდ-ებ-ს,n
4035c25b-dbd4-4174-87ad-059cc881faa2,pres,1p,-ვ-აგდ-ებ-თ,n
4035c25b-dbd4-4174-87ad-059cc881faa2,pres,2p,--აგდ-ებ-თ,n
4035c25b-dbd4-4174-87ad-059cc881faa2,pres,3p,--აგდ-ებ-ენ,n
4035c25b-dbd4-4174-87ad-059cc881faa2,imp,1s,-ვ-აგდ-ებ-დი,n
4035c25b-dbd4-4174-87ad-059cc881faa2,imp,2s,--აგდ-ებ-დი,n
4035c25b-dbd4-4174-87ad-059cc881faa2,imp,3s,--აგდ-ებ-და,n
4035c25b-dbd4-4174-87ad-059cc881faa2,imp,1p,-ვ-აგდ-ებ-დით,n
4035c25b-dbd4-4174-87ad-059cc881faa2,imp,2p,--აგდ-ებ-დით,n
4035c25b-dbd4-4174-87ad-059cc881faa2,imp,3p,--აგდ-ებ-დნენ,n
4035c25b-dbd4-4174-87ad-059cc881faa2,pres-subj,1s,-ვ-აგდ-ებ-დე,n
4035c25b-dbd4-4174-87ad-059cc881faa2,pres-subj,2s,--აგდ-ებ-დე,n
4035c25b-dbd4-4174-87ad-059cc881faa2,pres-subj,3s,--აგდ-ებ-დეს,n
4035c25b-dbd4-4174-87ad-059cc881faa2,pres-subj,1p,-ვ-აგდ-ებ-დეთ,n
4035c25b-dbd4-4174-87ad-059cc881faa2,pres-subj,2p,--აგდ-ებ-დეთ,n
4035c25b-dbd4-4174-87ad-059cc881faa2,pres-subj,3p,--აგდ-ებ-დნენ,n
4035c25b-dbd4-4174-87ad-059cc881faa2,fut,1s,გადა-ვ-აგდ-ებ-,n
4035c25b-dbd4-4174-87ad-059cc881faa2,fut,2s,გადა--აგდ-ებ-,n
4035c25b-dbd4-4174-87ad-059cc881faa2,fut,3s,გადა--აგდ-ებ-ს,n
4035c25b-dbd4-4174-87ad-059cc881faa2,fut,1p,გადა-ვ-აგდ-ებ-თ,n
4035c25b-dbd4-4174-87ad-059cc881faa2,fut,2p,გადა--აგდ-ებ-თ,n
4035c25b-dbd4-4174-87ad-059cc881faa2,fut,3p,გადა--აგდ-ებ-ენ,n
4035c25b-dbd4-4174-87ad-059cc881faa2,cond,1s,გადა-ვ-აგდ-ებ-დი,n
4035c25b-dbd4-4174-87ad-059cc881faa2,cond,2s,გადა--აგდ-ებ-დი,n
4035c25b-dbd4-4174-87ad-059cc881faa2,cond,3s,გადა--აგდ-ებ-და,n
4035c25b-dbd4-4174-87ad-059cc881faa2,cond,1p,გადა-ვ-აგდ-ებ-დით,n
4035c25b-dbd4-4174-87ad-059cc881faa2,cond,2p,გადა--აგდ-ებ-დით,n
4035c25b-dbd4-4174-87ad-059cc881faa2,cond,3p,გადა--აგდ-ებ-დნენ,n
4035c25b-dbd4-4174-87ad-059cc881faa2,aor,1s,გადა-ვ-აგდ--ე,n
4035c25b-dbd4-4174-87ad-059cc881faa2,aor,2s,გადა--აგდ--ე,n
4035c25b-dbd4-4174-87ad-059cc881faa2,aor,3s,გადა--აგდ--ო,n
4035c25b-dbd4-4174-87ad-059cc881faa2,aor,1p,გადა-ვ-აგდ--ეთ,n
4035c25b-dbd4-4174-87ad-059cc881faa2,aor,2p,გადა--აგდ--ეთ,n
4035c25b-dbd4-4174-87ad-059cc881faa2,aor,3p,გადა--აგდ--ეს,n
4035c25b-dbd4-4174-87ad-059cc881faa2,opt,1s,გადა-ვ-აგდ--,n
4035c25b-dbd4-4174-87ad-059cc881faa2,opt,2s,გადა--აგდ--,n
4035c25b-dbd4-4174-87ad-059cc881faa2,opt,3s,გადა--აგდ--ოს,n
4035c25b-dbd4-4174-87ad-059cc881faa2,opt,1p,გადა-ვ-აგდ--ოთ,n
4035c25b-dbd4-4174-87ad-059cc881faa2,opt,2p,გადა--აგდ--ოთ,n
4035c25b-dbd4-4174-87ad-059cc881faa2,opt,3p,გადა--აგდ--ონ,n
9cd2ed10-09e4-4127-afc9-4f836f881b0a,pres,1s,-ვ-ალაგ-ებ-,n
9cd2ed10-09e4-4127-afc9-4f836f881b0a,pres,2s,--ალაგ-ებ-,n
9cd2ed10-09e4-4127-afc9-4f836f881b0a,pres,3s,--ალაგ-ებ-ს,n
9cd2ed10-09e4-4127-afc9-4f836f881b0a,pres,1p,-ვ-ალაგ-ებ-თ,n
9cd2ed10-09e4-4127-afc9-4f836f881b0a,pres,2p,--ალაგ-ებ-თ,n
9cd2ed10-09e4-4127-afc9-4f836f881b0a,pres,3p,--ალაგ-ებ-ენ,n
9cd2ed10-09e4-4127-afc9-4f836f881b0a,imp,1s,-ვ-ალაგ-ებ-დი,n
9cd2ed10-09e4-4127-afc9-4f836f881b0a,imp,2s,--ალაგ-ებ-დი,n
9cd2ed10-09e4-4127-afc9-4f836f881b0a,imp,3s,--ალაგ-ებ-და,n
9cd2ed10-09e4-4127-afc9-4f836f881b0a,imp,1p,-ვ-ალაგ-ებ-დით,n
9cd2ed10-09e4-4127-afc9-4f836f881b0a,imp,2p,--ალაგ-ებ-დით,n
9cd2ed10-09e4-4127-afc9-4f836f881b0a,imp,3p,--ალაგ-ებ-დნენ,n
9cd2ed10-09e4-4127-afc9-4f836f881b0a,pres-subj,1s,-ვ-ალაგ-ებ-დე,n
9cd2ed10-09e4-4127-afc9-4f836f881b0a,pres-subj,2s,--ალაგ-ებ-დე,n
9cd2ed10-09e4-4127-afc9-4f836f881b0a,pres-subj,3s,--ალაგ-ებ-დეს,n
9cd2ed10-09e4-4127-afc9-4f836f881b0a,pres-subj,1p,-ვ-ალაგ-ებ-დეთ,n
9cd2ed10-09e4-4127-afc9-4f836f881b0a,pres-subj,2p,--ალაგ-ებ-დეთ,n
9cd2ed10-09e4-4127-afc9-4f836f881b0a,pres-subj,3p,--ალაგ-ებ-დნენ,n
9cd2ed10-09e4-4127-afc9-4f836f881b0a,fut,1s,და-ვ-ალაგ-ებ-,n
9cd2ed10-09e4-4127-afc9-4f836f881b0a,fut,2s,და--ალაგ-ებ-,n
9cd2ed10-09e4-4127-afc9-4f836f881b0a,fut,3s,და--ალაგ-ებ-ს,n
9cd2ed10-09e4-4127-afc9-4f836f881b0a,fut,1p,და-ვ-ალაგ-ებ-თ,n
9cd2ed10-09e4-4127-afc9-4f836f881b0a,fut,2p,და--ალაგ-ებ-თ,n
9cd2ed10-09e4-4127-afc9-4f836f881b0a,fut,3p,და--ალაგ-ებ-ენ,n
9cd2ed10-09e4-4127-afc9-4f836f881b0a,cond,1s,და-ვ-ალაგ-ებ-დი,n
9cd2ed10-09e4-4127-afc9-4f836f881b0a,cond,2s,და--ალაგ-ებ-დი,n
9cd2ed10-09e4-4127-afc9-4f836f881b0a,cond,3s,და--ალაგ-ებ-და,n
9cd2ed10-09e4-4127-afc9-4f836f881b0a,cond,1p,და-ვ-ალაგ-ებ-დით,n
9cd2ed10-09e4-4127-afc9-4f836f881b0a,cond,2p,და--ალაგ-ებ-დით,n
9cd2ed10-09e4-4127-afc9-4f836f881b0a,cond,3p,და--ალაგ-ებ-დნენ,n
9cd2ed10-09e4-4127-afc9-4f836f881b0a,aor,1s,და-ვ-ალაგ--ე,n
9cd2ed10-09e4-4127-afc9-4f836f881b0a,aor,2s,და--ალაგ--ე,n
9cd2ed10-09e4-4127-afc9-4f836f881b0a,aor,3s,და--ალაგ--ა,n
9cd2ed10-09e4-4127-afc9-4f836f881b0a,aor,1p,და-ვ-ალაგ--ეთ,n
9cd2ed10-09e4-4127-afc9-4f836f881b0a,aor,2p,და--ალაგ--ეთ,n
9cd2ed10-09e4-4127-afc9-4f836f881b0a,aor,3p,და--ალაგ--ეს,n
9cd2ed10-09e4-4127-afc9-4f836f881b0a,opt,1s,და-ვ-ალაგ--,n
9cd2ed10-09e4-4127-afc9-4f836f881b0a,opt,2s,და--ალაგ--,n
9cd2ed10-09e4-4127-afc9-4f836f881b0a,opt,3s,და--ალაგ--ოს,n
9cd2ed10-09e4-4127-afc9-4f836f881b0a,opt,1p,და-ვ-ალაგ--ოთ,n
9cd2ed10-09e4-4127-afc9-4f836f881b0a,opt,2p,და--ალაგ--ოთ,n
9cd2ed10-09e4-4127-afc9-4f836f881b0a,opt,3p,და--ალაგ--ონ,n
b24bc27a-760b-412b-945c-189f5564dabf,pres,1s,-ვ-უჭერ--,n
b24bc27a-760b-412b-945c-189f5564dabf,pres,2s,--უჭერ--,n
b24bc27a-760b-412b-945c-189f5564dabf,pres,3s,--უჭერ--ს,n
b24bc27a-760b-412b-945c-189f5564dabf,pres,1p,-ვ-უჭერ--თ,n
b24bc27a-760b-412b-945c-189f5564dabf,pres,2p,--უჭერ--თ,n
b24bc27a-760b-412b-945c-189f5564dabf,pres,3p,--უჭერ--ენ,n
b24bc27a-760b-412b-945c-189f5564dabf,imp,1s,-ვ-უჭერ--დი,n
b24bc27a-760b-412b-945c-189f5564dabf,imp,2s,--უჭერ--დი,n
b24bc27a-760b-412b-945c-189f5564dabf,imp,3s,--უჭერ--და,n
b24bc27a-760b-412b-945c-189f5564dabf,imp,1p,-ვ-უჭერ--დით,n
b24bc27a-760b-412b-945c-189f5564dabf,imp,2p,--უჭერ--დით,n
b24bc27a-760b-412b-945c-189f5564dabf,imp,3p,--უჭერ--დნენ,n
b24bc27a-760b-412b-945c-189f5564dabf,pres-subj,1s,-ვ-უჭერ--დე,n
b24bc27a-760b-412b-945c-189f5564dabf,pres-subj,2s,--უჭერ--დე,n
b24bc27a-760b-412b-945c-189f5564dabf,pres-subj,3s,--უჭერ--დეს,n
b24bc27a-760b-412b-945c-189f5564dabf,pres-subj,1p,-ვ-უჭერ--დეთ,n
b24bc27a-760b-412b-945c-189f5564dabf,pres-subj,2p,--უჭერ--დეთ,n
b24bc27a-760b-412b-945c-189f5564dabf,pres-subj,3p,--უჭერ--დნენ,n
b24bc27a-760b-412b-945c-189f5564dabf,fut,1s,მო-ვ-უჭერ--,n
b24bc27a-760b-412b-945c-189f5564dabf,fut,2s,მო--უჭერ--,n
b24bc27a-760b-412b-945c-189f5564dabf,fut,3s,მო--უჭერ--ს,n
b24bc27a-760b-412b-945c-189f5564dabf,fut,1p,მო-ვ-უჭერ--თ,n
b24bc27a-760b-412b-945c-189f5564dabf,fut,2p,მო--უჭერ--თ,n
b24bc27a-760b-412b-945c-189f5564dabf,fut,3p,მო--უჭერ--ენ,n
b24bc27a-760b-412b-945c-189f5564dabf,cond,1s,მო-ვ-უჭერ--დი,n
b24bc27a-760b-412b-945c-189f5564dabf,cond,2s,მო--უჭერ--დი,n
b24bc27a-760b-412b-945c-189f5564dabf,cond,3s,მო--უჭერ--და,n
b24bc27a-760b-412b-945c-189f5564dabf,cond,1p,მო-ვ-უჭერ--დით,n
b24bc27a-760b-412b-945c-189f5564dabf,cond,2p,მო--უჭერ--დით,n
b24bc27a-760b-412b-945c-189f5564dabf,cond,3p,მო--უჭერ--დნენ,n
b24bc27a-760b-412b-945c-189f5564dabf,aor,1s,მო-ვ-უჭირ--ე,n
b24bc27a-760b-412b-945c-189f5564dabf,aor,2s,მო--უჭირ--ე,n
b24bc27a-760b-412b-945c-189f5564dabf,aor,3s,მო--უჭირ--ა,n
b24bc27a-760b-412b-945c-189f5564dabf,aor,1p,მო-ვ-უჭირ--ეთ,n
b24bc27a-760b-412b-945c-189f5564dabf,aor,2p,მო--უჭირ--ეთ,n
b24bc27a-760b-412b-945c-189f5564dabf,aor,3p,მო--უჭირ--ეს,n
b24bc27a-760b-412b-945c-189f5564dabf,opt,1s,მო-ვ-უჭირ--,n
b24bc27a-760b-412b-945c-189f5564dabf,opt,2s,მო--უჭირ--,n
b24bc27a-760b-412b-945c-189f5564dabf,opt,3s,მო--უჭირ--ოს,n
b24bc27a-760b-412b-945c-189f5564dabf,opt,1p,მო-ვ-უჭირ--ოთ,n
b24bc27a-760b-412b-945c-189f5564dabf,opt,2p,მო--უჭირ--ოთ,n
b24bc27a-760b-412b-945c-189f5564dabf,opt,3p,მო--უჭირ--ონ,n
f4cb1393-f0b8-4b3e-ac37-f1dac697953f,pres,1s,-ვ-იღლ-ებ-ი,n
f4cb1393-f0b8-4b3e-ac37-f1dac697953f,pres,2s,--იღლ-ებ-ი,n
f4cb1393-f0b8-4b3e-ac37-f1dac697953f,pres,3s,--იღლ-ებ-ა,n
f4cb1393-f0b8-4b3e-ac37-f1dac697953f,pres,1p,-ვ-იღლ-ებ-ით,n
f4cb1393-f0b8-4b3e-ac37-f1dac697953f,pres,2p,--იღლ-ებ-ით,n
f4cb1393-f0b8-4b3e-ac37-f1dac697953f,pres,3p,--იღლ-ებ-იან,n
f4cb1393-f0b8-4b3e-ac37-f1dac697953f,aor,1s,და-ვ-იღალ--ე,n
f4cb1393-f0b8-4b3e-ac37-f1dac697953f,aor,2s,და--იღალ--ე,n
f4cb1393-f0b8-4b3e-ac37-f1dac697953f,aor,3s,და--იღალ--ა,n
f4cb1393-f0b8-4b3e-ac37-f1dac697953f,aor,1p,და-ვ-იღალ--ეთ,n
f4cb1393-f0b8-4b3e-ac37-f1dac697953f,aor,2p,და--იღალ--ეთ,n
f4cb1393-f0b8-4b3e-ac37-f1dac697953f,aor,3p,და--იღალ--ნენ,n
a2860513-8e7d-4767-9e31-1ff2d9a97251,pres,1s,-ვ-ადღეგრძელ-ებ-,n
a2860513-8e7d-4767-9e31-1ff2d9a97251,pres,2s,--ადღეგრძელ-ებ-,n
a2860513-8e7d-4767-9e31-1ff2d9a97251,pres,3s,--ადღეგრძელ-ებ-ს,n
a2860513-8e7d-4767-9e31-1ff2d9a97251,pres,1p,-ვ-ადღეგრძელ-ებ-თ,n
a2860513-8e7d-4767-9e31-1ff2d9a97251,pres,2p,--ადღეგრძელ-ებ-თ,n
a2860513-8e7d-4767-9e31-1ff2d9a97251,pres,3p,--ადღეგრძელ-ებ-ენ,n
a2860513-8e7d-4767-9e31-1ff2d9a97251,imp,1s,-ვ-ადღეგრძელ-ებ-დი,n
a2860513-8e7d-4767-9e31-1ff2d9a97251,imp,2s,--ადღეგრძელ-ებ-დი,n
a2860513-8e7d-4767-9e31-1ff2d9a97251,imp,3s,--ადღეგრძელ-ებ-და,n
a2860513-8e7d-4767-9e31-1ff2d9a97251,imp,1p,-ვ-ადღეგრძელ-ებ-დით,n
a2860513-8e7d-4767-9e31-1ff2d9a97251,imp,2p,--ადღეგრძელ-ებ-დით,n
a2860513-8e7d-4767-9e31-1ff2d9a97251,imp,3p,--ადღეგრძელ-ებ-დნენ,n
a2860513-8e7d-4767-9e31-1ff2d9a97251,pres-subj,1s,-ვ-ადღეგრძელ-ებ-დე,n
a2860513-8e7d-4767-9e31-1ff2d9a97251,pres-subj,2s,--ადღეგრძელ-ებ-დე,n
a2860513-8e7d-4767-9e31-1ff2d9a97251,pres-subj,3s,--ადღეგრძელ-ებ-დეს,n
a2860513-8e7d-4767-9e31-1ff2d9a97251,pres-subj,1p,-ვ-ადღეგრძელ-ებ-დეთ,n
a2860513-8e7d-4767-9e31-1ff2d9a97251,pres-subj,2p,--ადღეგრძელ-ებ-დეთ,n
a2860513-8e7d-4767-9e31-1ff2d9a97251,pres-subj,3p,--ადღეგრძელ-ებ-დნენ,n
a2860513-8e7d-4767-9e31-1ff2d9a97251,fut,1s,-ვ-ადღეგრძელ-ებ-,n
a2860513-8e7d-4767-9e31-1ff2d9a97251,fut,2s,--ადღეგრძელ-ებ-,n
a2860513-8e7d-4767-9e31-1ff2d9a97251,fut,3s,--ადღეგრძელ-ებ-ს,n
a2860513-8e7d-4767-9e31-1ff2d9a97251,fut,1p,-ვ-ადღეგრძელ-ებ-თ,n
a2860513-8e7d-4767-9e31-1ff2d9a97251,fut,2p,--ადღეგრძელ-ებ-თ,n
a2860513-8e7d-4767-9e31-1ff2d9a97251,fut,3p,--ადღეგრძელ-ებ-ენ,n
a2860513-8e7d-4767-9e31-1ff2d9a97251,cond,1s,-ვ-ადღეგრძელ-ებ-დი,n
a2860513-8e7d-4767-9e31-1ff2d9a97251,cond,2s,--ადღეგრძელ-ებ-დი,n
a2860513-8e7d-4767-9e31-1ff2d9a97251,cond,3s,--ადღეგრძელ-ებ-და,n
a2860513-8e7d-4767-9e31-1ff2d9a97251,cond,1p,-ვ-ადღეგრძელ-ებ-დით,n
a2860513-8e7d-4767-9e31-1ff2d9a97251,cond,2p,--ადღეგრძელ-ებ-დით,n
a2860513-8e7d-4767-9e31-1ff2d9a97251,cond,3p,--ადღეგრძელ-ებ-დნენ,n
a2860513-8e7d-4767-9e31-1ff2d9a97251,aor,1s,-ვ-ადღეგრძელ--ე,n
a2860513-8e7d-4767-9e31-1ff2d9a97251,aor,2s,--ადღეგრძელ--ე,n
a2860513-8e7d-4767-9e31-1ff2d9a97251,aor,3s,--ადღეგრძელ--ა,n
a2860513-8e7d-4767-9e31-1ff2d9a97251,aor,1p,-ვ-ადღეგრძელ--ეთ,n
a2860513-8e7d-4767-9e31-1ff2d9a97251,aor,2p,--ადღეგრძელ--ეთ,n
a2860513-8e7d-4767-9e31-1ff2d9a97251,aor,3p,--ადღეგრძელ--ეს,n
a2860513-8e7d-4767-9e31-1ff2d9a97251,opt,1s,-ვ-ადღეგრძელ--,n
a2860513-8e7d-4767-9e31-1ff2d9a97251,opt,2s,--ადღეგრძელ--,n
a2860513-8e7d-4767-9e31-1ff2d9a97251,opt,3s,--ადღეგრძელ--ოს,n
a2860513-8e7d-4767-9e31-1ff2d9a97251,opt,1p,-ვ-ადღეგრძელ--ოთ,n
a2860513-8e7d-4767-9e31-1ff2d9a97251,opt,2p,--ადღეგრძელ--ოთ,n
a2860513-8e7d-4767-9e31-1ff2d9a97251,opt,3p,--ადღეგრძელ--ონ,n
cc01cabc-a0e1-4951-ae6d-4ddc310d83d4,pres,1s,-ვ-ეხ-ებ-ი,n
cc01cabc-a0e1-4951-ae6d-4ddc310d83d4,pres,2s,--ეხ-ებ-ი,n
cc01cabc-a0e1-4951-ae6d-4ddc310d83d4,pres,3s,--ეხ-ებ-ა,n
cc01cabc-a0e1-4951-ae6d-4ddc310d83d4,pres,1p,-ვ-ეხ-ებ-ით,n
cc01cabc-a0e1-4951-ae6d-4ddc310d83d4,pres,2p,--ეხ-ებ-ით,n
cc01cabc-a0e1-4951-ae6d-4ddc310d83d4,pres,3p,--ეხ-ებ-იან,n
cc01cabc-a0e1-4951-ae6d-4ddc310d83d4,imp,1s,-ვ-ეხ-ებ-დი,n
cc01cabc-a0e1-4951-ae6d-4ddc310d83d4,imp,2s,--ეხ-ებ-დი,n
cc01cabc-a0e1-4951-ae6d-4ddc310d83d4,imp,3s,--ეხ-ებ-და,n
cc01cabc-a0e1-4951-ae6d-4ddc310d83d4,imp,1p,-ვ-ეხ-ებ-დით,n
cc01cabc-a0e1-4951-ae6d-4ddc310d83d4,imp,2p,--ეხ-ებ-დით,n
cc01cabc-a0e1-4951-ae6d-4ddc310d83d4,imp,3p,--ეხ-ებ-დნენ,n
cc01cabc-a0e1-4951-ae6d-4ddc310d83d4,pres-subj,1s,-ვ-ეხ-ებ-დე,n
cc01cabc-a0e1-4951-ae6d-4ddc310d83d4,pres-subj,2s,--ეხ-ებ-დე,n
cc01cabc-a0e1-4951-ae6d-4ddc310d83d4,pres-subj,3s,--ეხ-ებ-დეს,n
cc01cabc-a0e1-4951-ae6d-4ddc310d83d4,pres-subj,1p,-ვ-ეხ-ებ-დეთ,n
cc01cabc-a0e1-4951-ae6d-4ddc310d83d4,pres-subj,2p,--ეხ-ებ-დეთ,n
cc01cabc-a0e1-4951-ae6d-4ddc310d83d4,pres-subj,3p,--ეხ-ებ-დნენ,n
cc01cabc-a0e1-4951-ae6d-4ddc310d83d4,fut,1s,შე-ვ-ეხ-ებ-ი,n
cc01cabc-a0e1-4951-ae6d-4ddc310d83d4,fut,2s,შე--ეხ-ებ-ი,n
cc01cabc-a0e1-4951-ae6d-4ddc310d83d4,fut,3s,შე--ეხ-ებ-ა,n
cc01cabc-a0e1-4951-ae6d-4ddc310d83d4,fut,1p,შე-ვ-ეხ-ებ-ით,n
cc01cabc-a0e1-4951-ae6d-4ddc310d83d4,fut,2p,შე--ეხ-ებ-ით,n
cc01cabc-a0e1-4951-ae6d-4ddc310d83d4,fut,3p,შე--ეხ-ებ-იან,n
cc01cabc-a0e1-4951-ae6d-4ddc310d83d4,cond,1s,შე-ვ-ეხ-ებ-დი,n
cc01cabc-a0e1-4951-ae6d-4ddc310d83d4,cond,2s,შე--ეხ-ებ-დი,n
cc01cabc-a0e1-4951-ae6d-4ddc310d83d4,cond,3s,შე--ეხ-ებ-და,n
cc01cabc-a0e1-4951-ae6d-4ddc310d83d4,cond,1p,შე-ვ-ეხ-ებ-დით,n
cc01cabc-a0e1-4951-ae6d-4ddc310d83d4,cond,2p,შე--ეხ-ებ-დით,n
cc01cabc-a0e1-4951-ae6d-4ddc310d83d4,cond,3p,შე--ეხ-ებ-დნენ,n
cc01cabc-a0e1-4951-ae6d-4ddc310d83d4,aor,1s,შე-ვ-ეხ--ე,n
cc01cabc-a0e1-4951-ae6d-4ddc310d83d4,aor,2s,შე--ეხ--ე,n
cc01cabc-a0e1-4951-ae6d-4ddc310d83d4,aor,3s,შე--ეხ--ო,n
cc01cabc-a0e1-4951-ae6d-4ddc310d83d4,aor,1p,შე-ვ-ეხ--ეთ,n
cc01cabc-a0e1-4951-ae6d-4ddc310d83d4,aor,2p,შე--ეხ--ეთ,n
cc01cabc-a0e1-4951-ae6d-4ddc310d83d4,aor,3p,შე--ეხ--ნენ,n
cc01cabc-a0e1-4951-ae6d-4ddc310d83d4,opt,1s,შე-ვ-ეხ--,n
cc01cabc-a0e1-4951-ae6d-4ddc310d83d4,opt,2s,შე--ეხ--,n
cc01cabc-a0e1-4951-ae6d-4ddc310d83d4,opt,3s,შე--ეხ--ოს,n
cc01cabc-a0e1-4951-ae6d-4ddc310d83d4,opt,1p,შე-ვ-ეხ--ოთ,n
cc01cabc-a0e1-4951-ae6d-4ddc310d83d4,opt,2p,შე--ეხ--ოთ,n
cc01cabc-a0e1-4951-ae6d-4ddc310d83d4,opt,3p,შე--ეხ--ონ,n
de6b6779-0e4c-45a2-96b0-f950188a0597,pres,1s,-ვ-თარგმნ-ი-,n
de6b6779-0e4c-45a2-96b0-f950188a0597,pres,2s,--თარგმნ-ი-,n
de6b6779-0e4c-45a2-96b0-f950188a0597,pres,3s,--თარგმნ-ი-ს,n
de6b6779-0e4c-45a2-96b0-f950188a0597,pres,1p,-ვ-თარგმნ-ი-თ,n
de6b6779-0e4c-45a2-96b0-f950188a0597,pres,2p,--თარგმნ-ი-თ,n
de6b6779-0e4c-45a2-96b0-f950188a0597,pres,3p,--თარგმნ-ი-ან,n
de6b6779-0e4c-45a2-96b0-f950188a0597,imp,1s,-ვ-თარგმნ-ი-დი,n
de6b6779-0e4c-45a2-96b0-f950188a0597,imp,2s,--თარგმნ-ი-დი,n
de6b6779-0e4c-45a2-96b0-f950188a0597,imp,3s,--თარგმნ-ი-და,n
de6b6779-0e4c-45a2-96b0-f950188a0597,imp,1p,-ვ-თარგმნ-ი-დით,n
de6b6779-0e4c-45a2-96b0-f950188a0597,imp,2p,--თარგმნ-ი-დით,n
de6b6779-0e4c-45a2-96b0-f950188a0597,imp,3p,--თარგმნ-ი-დნენ,n
de6b6779-0e4c-45a2-96b0-f950188a0597,pres-subj,1s,-ვ-თარგმნ-ი-დე,n
de6b6779-0e4c-45a2-96b0-f950188a0597,pres-subj,2s,--თარგმნ-ი-დე,n
de6b6779-0e4c-45a2-96b0-f950188a0597,pres-subj,3s,--თარგმნ-ი-დეს,n
de6b6779-0e4c-45a2-96b0-f950188a0597,pres-subj,1p,-ვ-თარგმნ-ი-დეთ,n
de6b6779-0e4c-45a2-96b0-f950188a0597,pres-subj,2p,--თარგმნ-ი-დეთ,n
de6b6779-0e4c-45a2-96b0-f950188a0597,pres-subj,3p,--თარგმნ-ი-დნენ,n
de6b6779-0e4c-45a2-96b0-f950188a0597,fut,1s,გადა-ვ-თარგმნ-ი-,n
de6b6779-0e4c-45a2-96b0-f950188a0597,fut,2s,გადა--თარგმნ-ი-,n
de6b6779-0e4c-45a2-96b0-f950188a0597,fut,3s,გადა--თარგმნ-ი-ს,n
de6b6779-0e4c-45a2-96b0-f950188a0597,fut,1p,გადა-ვ-თარგმნ-ი-თ,n
de6b6779-0e4c-45a2-96b0-f950188a0597,fut,2p,გადა--თარგმნ-ი-თ,n
de6b6779-0e4c-45a2-96b0-f950188a0597,fut,3p,გადა--თარგმნ-ი-ან,n
de6b6779-0e4c-45a2-96b0-f950188a0597,cond,1s,გადა-ვ-თარგმნ-ი-დი,n
de6b6779-0e4c-45a2-96b0-f950188a0597,cond,2s,გადა--თარგმნ-ი-დი,n
de6b6779-0e4c-45a2-96b0-f950188a0597,cond,3s,გადა--თარგმნ-ი-და,n
de6b6779-0e4c-45a2-96b0-f950188a0597,cond,1p,გადა-ვ-თარგმნ-ი-დით,n
de6b6779-0e4c-45a2-96b0-f950188a0597,cond,2p,გადა--თარგმნ-ი-დით,n
de6b6779-0e4c-45a2-96b0-f950188a0597,cond,3p,გადა--თარგმნ-ი-დნენ,n
de6b6779-0e4c-45a2-96b0-f950188a0597,aor,1s,გადა-ვ-თარგმნ--ე,n
de6b6779-0e4c-45a2-96b0-f950188a0597,aor,2s,გადა--თარგმნ--ე,n
de6b6779-0e4c-45a2-96b0-f950188a0597,aor,3s,გადა--თარგმნ--ა,n
de6b6779-0e4c-45a2-96b0-f950188a0597,aor,1p,გადა-ვ-თარგმნ--ეთ,n
de6b6779-0e4c-45a2-96b0-f950188a0597,aor,2p,გადა--თარგმნ--ეთ,n
de6b6779-0e4c-45a2-96b0-f950188a0597,aor,3p,გადა--თარგმნ--ეს,n
de6b6779-0e4c-45a2-96b0-f950188a0597,opt,1s,გადა-ვ-თარგმნ--,n
de6b6779-0e4c-45a2-96b0-f950188a0597,opt,2s,გადა--თარგმნ--,n
de6b6779-0e4c-45a2-96b0-f950188a0597,opt,3s,გადა--თარგმნ--ოს,n
de6b6779-0e4c-45a2-96b0-f950188a0597,opt,1p,გადა-ვ-თარგმნ--ოთ,n
de6b6779-0e4c-45a2-96b0-f950188a0597,opt,2p,გადა--თარგმნ--ოთ,n
de6b6779-0e4c-45a2-96b0-f950188a0597,opt,3p,გადა--თარგმნ--ონ,n
08fcc198-7979-4a9d-85fd-1fe0eaec844a,pres,1s,ვ--მგზავრ-ობ-,y
08fcc198-7979-4a9d-85fd-1fe0eaec844a,pres,2s,--მგზავრ-ობ-,y
08fcc198-7979-4a9d-85fd-1fe0eaec844a,pres,3s,--მგზავრ-ობ-ს,y
08fcc198-7979-4a9d-85fd-1fe0eaec844a,pres,1p,ვ--მგზავრ-ობ-თ,y
08fcc198-7979-4a9d-85fd-1fe0eaec844a,pres,2p,--მგზავრ-ობ-თ,y
08fcc198-7979-4a9d-85fd-1fe0eaec844a,pres,3p,--მგზავრ-ობ-ენ,y
08fcc198-7979-4a9d-85fd-1fe0eaec844a,imp,1s,ვ--მგზავრ-ობ-დი,y
08fcc198-7979-4a9d-85fd-1fe0eaec844a,imp,2s,--მგზავრ-ობ-დი,y
08fcc198-7979-4a9d-85fd-1fe0eaec844a,imp,3s,--მგზავრ-ობ-და,y
08fcc198-7979-4a9d-85fd-1fe0eaec844a,imp,1p,ვ--მგზავრ-ობ-დით,y
08fcc198-7979-4a9d-85fd-1fe0eaec844a,imp,2p,--მგზავრ-ობ-დით,y
08fcc198-7979-4a9d-85fd-1fe0eaec844a,imp,3p,--მგზავრ-ობ-დნენ,y
08fcc198-7979-4a9d-85fd-1fe0eaec844a,pres-subj,1s,ვ--მგზავრ-ობ-დე,y
08fcc198-7979-4a9d-85fd-1fe0eaec844a,pres-subj,2s,--მგზავრ-ობ-დე,y
08fcc198-7979-4a9d-85fd-1fe0eaec844a,pres-subj,3s,--მგზავრ-ობ-დეს,y
08fcc198-7979-4a9d-85fd-1fe0eaec844a,pres-subj,1p,ვ--მგზავრ-ობ-დეთ,y
08fcc198-7979-4a9d-85fd-1fe0eaec844a,pres-subj,2p,--მგზავრ-ობ-დეთ,y
08fcc198-7979-4a9d-85fd-1fe0eaec844a,pres-subj,3p,--მგზავრ-ობ-დნენ,y
08fcc198-7979-4a9d-85fd-1fe0eaec844a,fut,1s,ვ-ი-მგზავრ-ებ-,y
08fcc198-7979-4a9d-85fd-1fe0eaec844a,fut,2s,-ი-მგზავრ-ებ-,y
08fcc198-7979-4a9d-85fd-1fe0eaec844a,fut,3s,-ი-მგზავრ-ებ-ს,y
08fcc198-7979-4a9d-85fd-1fe0eaec844a,fut,1p,ვ-ი-მგზავრ-ებ-თ,y
08fcc198-7979-4a9d-85fd-1fe0eaec844a,fut,2p,-ი-მგზავრ-ებ-თ,y
08fcc198-7979-4a9d-85fd-1fe0eaec844a,fut,3p,-ი-მგზავრ-ებ-ენ,y
08fcc198-7979-4a9d-85fd-1fe0eaec844a,cond,1s,ვ-ი-მგზავრ-ებ-დი,y
08fcc198-7979-4a9d-85fd-1fe0eaec844a,cond,2s,-ი-მგზავრ-ებ-დი,y
08fcc198-7979-4a9d-85fd-1fe0eaec844a,cond,3s,-ი-მგზავრ-ებ-და,y
08fcc198-7979-4a9d-85fd-1fe0eaec844a,cond,1p,ვ-ი-მგზავრ-ებ-დით,y
08fcc198-7979-4a9d-85fd-1fe0eaec844a,cond,2p,-ი-მგზავრ-ებ-დით,y
08fcc198-7979-4a9d-85fd-1fe0eaec844a,cond,3p,-ი-მგზავრ-ებ-დნენ,y
08fcc198-7979-4a9d-85fd-1fe0eaec844a,aor,1s,ვ-ი-მგზავრ--ე,y
08fcc198-7979-4a9d-85fd-1fe0eaec844a,aor,2s,-ი-მგზავრ--ე,y
08fcc198-7979-4a9d-85fd-1fe0eaec844a,aor,3s,-ი-მგზავრ--ა,y
08fcc198-7979-4a9d-85fd-1fe0eaec844a,aor,1p,ვ-ი-მგზავრ--ეთ,y
08fcc198-7979-4a9d-85fd-1fe0eaec844a,aor,2p,-ი-მგზავრ--ეთ,y
08fcc198-7979-4a9d-85fd-1fe0eaec844a,aor,3p,-ი-მგზავრ--ეს,y
08fcc198-7979-4a9d-85fd-1fe0eaec844a,opt,1s,ვ-ი-მგზავრ--,y
08fcc198-7979-4a9d-85fd-1fe0eaec844a,opt,2s,-ი-მგზავრ--,y
08fcc198-7979-4a9d-85fd-1fe0eaec844a,opt,3s,-ი-მგზავრ--ოს,y
08fcc198-7979-4a9d-85fd-1fe0eaec844a,opt,1p,ვ-ი-მგზავრ--ოთ,y
08fcc198-7979-4a9d-85fd-1fe0eaec844a,opt,2p,-ი-მგზავრ--ოთ,y
08fcc198-7979-4a9d-85fd-1fe0eaec844a,opt,3p,-ი-მგზავრ--ონ,y
9de3ad70-17cb-4cb6-8784-88752717d44d,pres,1s,-ვ-კურნ-ავ-,n
9de3ad70-17cb-4cb6-8784-88752717d44d,pres,2s,--კურნ-ავ-,n
9de3ad70-17cb-4cb6-8784-88752717d44d,pres,3s,--კურნ-ავ-ს,n
9de3ad70-17cb-4cb6-8784-88752717d44d,pres,1p,-ვ-კურნ-ავ-თ,n
9de3ad70-17cb-4cb6-8784-88752717d44d,pres,2p,--კურნ-ავ-თ,n
9de3ad70-17cb-4cb6-8784-88752717d44d,pres,3p,--კურნ-ავ-ენ,n
9de3ad70-17cb-4cb6-8784-88752717d44d,imp,1s,-ვ-კურნ-ავ-დი,n
9de3ad70-17cb-4cb6-8784-88752717d44d,imp,2s,--კურნ-ავ-დი,n
9de3ad70-17cb-4cb6-8784-88752717d44d,imp,3s,--კურნ-ავ-და,n
9de3ad70-17cb-4cb6-8784-88752717d44d,imp,1p,-ვ-კურნ-ავ-დით,n
9de3ad70-17cb-4cb6-8784-88752717d44d,imp,2p,--კურნ-ავ-დით,n
9de3ad70-17cb-4cb6-8784-88752717d44d,imp,3p,--კურნ-ავ-დნენ,n
9de3ad70-17cb-4cb6-8784-88752717d44d,pres-subj,1s,-ვ-კურნ-ავ-დე,n
9de3ad70-17cb-4cb6-8784-88752717d44d,pres-subj,2s,--კურნ-ავ-დე,n
9de3ad70-17cb-4cb6-8784-88752717d44d,pres-subj,3s,--კურნ-ავ-დეს,n
9de3ad70-17cb-4cb6-8784-88752717d44d,pres-subj,1p,-ვ-კურნ-ავ-დეთ,n
9de3ad70-17cb-4cb6-8784-88752717d44d,pres-subj,2p,--კურნ-ავ-დეთ,n
9de3ad70-17cb-4cb6-8784-88752717d44d,pres-subj,3p,--კურნ-ავ-დნენ,n
9de3ad70-17cb-4cb6-8784-88752717d44d,fut,1s,გა-ვ-კურნ-ავ-,n
9de3ad70-17cb-4cb6-8784-88752717d44d,fut,2s,გა--კურნ-ავ-,n
9de3ad70-17cb-4cb6-8784-88752717d44d,fut,3s,გა--კურნ-ავ-ს,n
9de3ad70-17cb-4cb6-8784-88752717d44d,fut,1p,გა-ვ-კურნ-ავ-თ,n
9de3ad70-17cb-4cb6-8784-88752717d44d,fut,2p,გა--კურნ-ავ-თ,n
9de3ad70-17cb-4cb6-8784-88752717d44d,fut,3p,გა--კურნ-ავ-ენ,n
9de3ad70-17cb-4cb6-8784-88752717d44d,cond,1s,გა-ვ-კურნ-ავ-დი,n
9de3ad70-17cb-4cb6-8784-88752717d44d,cond,2s,გა--კურნ-ავ-დი,n
9de3ad70-17cb-4cb6-8784-88752717d44d,cond,3s,გა--კურნ-ავ-და,n
9de3ad70-17cb-4cb6-8784-88752717d44d,cond,1p,გა-ვ-კურნ-ავ-დით,n
9de3ad70-17cb-4cb6-8784-88752717d44d,cond,2p,გა--კურნ-ავ-დით,n
9de3ad70-17cb-4cb6-8784-88752717d44d,cond,3p,გა--კურნ-ავ-დნენ,n
9de3ad70-17cb-4cb6-8784-88752717d44d,aor,1s,გან-ვ-კურნ--ე,n
9de3ad70-17cb-4cb6-8784-88752717d44d,aor,2s,გან--კურნ--ე,n
9de3ad70-17cb-4cb6-8784-88752717d44d,aor,3s,გან--კურნ--ა,n
9de3ad70-17cb-4cb6-8784-88752717d44d,aor,1p,გან-ვ-კურნ--ეთ,n
9de3ad70-17cb-4cb6-8784-88752717d44d,aor,2p,გან--კურნ--ეთ,n
9de3ad70-17cb-4cb6-8784-88752717d44d,aor,3p,გან--კურნ--ეს,n
9de3ad70-17cb-4cb6-8784-88752717d44d,opt,1s,გან-ვ-კურნ--,n
9de3ad70-17cb-4cb6-8784-88752717d44d,opt,2s,გან--კურნ--,n
9de3ad70-17cb-4cb6-8784-88752717d44d,opt,3s,გან--კურნ--ოს,n
9de3ad70-17cb-4cb6-8784-88752717d44d,opt,1p,გან-ვ-კურნ--ოთ,n
9de3ad70-17cb-4cb6-8784-88752717d44d,opt,2p,გან--კურნ--ოთ,n
9de3ad70-17cb-4cb6-8784-88752717d44d,opt,3p,გან--კურნ--ონ,n
baccec04-493a-4a28-b718-8877d38fd183,pres,1s,ვ--მკურნალ-ობ-,y
baccec04-493a-4a28-b718-8877d38fd183,pres,2s,--მკურნალ-ობ-,y
baccec04-493a-4a28-b718-8877d38fd183,pres,3s,--მკურნალ-ობ-ს,y
baccec04-493a-4a28-b718-8877d38fd183,pres,1p,ვ--მკურნალ-ობ-თ,y
baccec04-493a-4a28-b718-8877d38fd183,pres,2p,--მკურნალ-ობ-თ,y
baccec04-493a-4a28-b718-8877d38fd183,pres,3p,--მკურნალ-ობ-ენ,y
baccec04-493a-4a28-b718-8877d38fd183,imp,1s,ვ--მკურნალ-ობ-დი,y
baccec04-493a-4a28-b718-8877d38fd183,imp,2s,--მკურნალ-ობ-დი,y
baccec04-493a-4a28-b718-8877d38fd183,imp,3s,--მკურნალ-ობ-და,y
baccec04-493a-4a28-b718-8877d38fd183,imp,1p,ვ--მკურნალ-ობ-დით,y
baccec04-493a-4a28-b718-8877d38fd183,imp,2p,--მკურნალ-ობ-დით,y
baccec04-493a-4a28-b718-8877d38fd183,imp,3p,--მკურნალ-ობ-დნენ,y
baccec04-493a-4a28-b718-8877d38fd183,pres-subj,1s,ვ--მკურნალ-ობ-დე,y
baccec04-493a-4a28-b718-8877d38fd183,pres-subj,2s,--მკურნალ-ობ-დე,y
baccec04-493a-4a28-b718-8877d38fd183,pres-subj,3s,--მკურნალ-ობ-დეს,y
baccec04-493a-4a28-b718-8877d38fd183,pres-subj,1p,ვ--მკურნალ-ობ-დეთ,y
baccec04-493a-4a28-b718-8877d38fd183,pres-subj,2p,--მკურნალ-ობ-დეთ,y
baccec04-493a-4a28-b718-8877d38fd183,pres-subj,3p,--მკურნალ-ობ-დნენ,y
baccec04-493a-4a28-b718-8877d38fd183,fut,1s,ვ-ი-მკურნალ-ებ-,y
baccec04-493a-4a28-b718-8877d38fd183,fut,2s,-ი-მკურნალ-ებ-,y
baccec04-493a-4a28-b718-8877d38fd183,fut,3s,-ი-მკურნალ-ებ-ს,y
baccec04-493a-4a28-b718-8877d38fd183,fut,1p,ვ-ი-მკურნალ-ებ-თ,y
baccec04-493a-4a28-b718-8877d38fd183,fut,2p,-ი-მკურნალ-ებ-თ,y
baccec04-493a-4a28-b718-8877d38fd183,fut,3p,-ი-მკურნალ-ებ-ენ,y
baccec04-493a-4a28-b718-8877d38fd183,cond,1s,ვ-ი-მკურნალ-ებ-დი,y
baccec04-493a-4a28-b718-8877d38fd183,cond,2s,-ი-მკურნალ-ებ-დი,y
baccec04-493a-4a28-b718-8877d38fd183,cond,3s,-ი-მკურნალ-ებ-და,y
baccec04-493a-4a28-b718-8877d38fd183,cond,1p,ვ-ი-მკურნალ-ებ-დით,y
baccec04-493a-4a28-b718-8877d38fd183,cond,2p,-ი-მკურნალ-ებ-დით,y
baccec04-493a-4a28-b718-8877d38fd183,cond,3p,-ი-მკურნალ-ებ-დნენ,y
baccec04-493a-4a28-b718-8877d38fd183,aor,1s,ვ-ი-მკურნალ--ე,y
baccec04-493a-4a28-b718-8877d38fd183,aor,2s,-ი-მკურნალ--ე,y
baccec04-493a-4a28-b718-8877d38fd183,aor,3s,-ი-მკურნალ--ა,y
baccec04-493a-4a28-b718-8877d38fd183,aor,1p,ვ-ი-მკურნალ--ეთ,y
baccec04-493a-4a28-b718-8877d38fd183,aor,2p,-ი-მკურნალ--ეთ,y
baccec04-493a-4a28-b718-8877d38fd183,aor,3p,-ი-მკურნალ--ეს,y
baccec04-493a-4a28-b718-8877d38fd183,opt,1s,ვ-ი-მკურნალ--,y
baccec04-493a-4a28-b718-8877d38fd183,opt,2s,-ი-მკურნალ--,y
baccec04-493a-4a28-b718-8877d38fd183,opt,3s,-ი-მკურნალ--ოს,y
baccec04-493a-4a28-b718-8877d38fd183,opt,1p,ვ-ი-მკურნალ--ოთ,y
baccec04-493a-4a28-b718-8877d38fd183,opt,2p,-ი-მკურნალ--ოთ,y
baccec04-493a-4a28-b718-8877d38fd183,opt,3p,-ი-მკურნალ--ონ,y
c5f2c97f-8a7c-4469-8fcc-bb0373da6500,pres,1s,-ვ-ენდ-ობ-ი,n
c5f2c97f-8a7c-4469-8fcc-bb0373da6500,pres,2s,--ენდ-ობ-ი,n
c5f2c97f-8a7c-4469-8fcc-bb0373da6500,pres,3s,--ენდ-ობ-ა,n
c5f2c97f-8a7c-4469-8fcc-bb0373da6500,pres,1p,-ვ-ენდ-ობ-ით,n
c5f2c97f-8a7c-4469-8fcc-bb0373da6500,pres,2p,--ენდ-ობ-ით,n
c5f2c97f-8a7c-4469-8fcc-bb0373da6500,pres,3p,--ენდ-ობ-იან,n
c5f2c97f-8a7c-4469-8fcc-bb0373da6500,imp,1s,-ვ-ენდ-ობ-ოდი,n
c5f2c97f-8a7c-4469-8fcc-bb0373da6500,imp,2s,--ენდ-ობ-ოდი,n
c5f2c97f-8a7c-4469-8fcc-bb0373da6500,imp,3s,--ენდ-ობ-ოდა,n
c5f2c97f-8a7c-4469-8fcc-bb0373da6500,imp,1p,-ვ-ენდ-ობ-ოდით,n
c5f2c97f-8a7c-4469-8fcc-bb0373da6500,imp,2p,--ენდ-ობ-ოდით,n
c5f2c97f-8a7c-4469-8fcc-bb0373da6500,imp,3p,--ენდ-ობ-ოდნენ,n
c5f2c97f-8a7c-4469-8fcc-bb0373da6500,pres-subj,1s,-ვ-ენდ-ობ-დე,n
c5f2c97f-8a7c-4469-8fcc-bb0373da6500,pres-subj,2s,--ენდ-ობ-დე,n
c5f2c97f-8a7c-4469-8fcc-bb0373da6500,pres-subj,3s,--ენდ-ობ-დეს,n
c5f2c97f-8a7c-4469-8fcc-bb0373da6500,pres-subj,1p,-ვ-ენდ-ობ-დეთ,n
c5f2c97f-8a7c-4469-8fcc-bb0373da6500,pres-subj,2p,--ენდ-ობ-დეთ,n
c5f2c97f-8a7c-4469-8fcc-bb0373da6500,pres-subj,3p,--ენდ-ობ-დნენ,n
c5f2c97f-8a7c-4469-8fcc-bb0373da6500,fut,1s,-ვ-ენდ-ობ-ი,n
c5f2c97f-8a7c-4469-8fcc-bb0373da6500,fut,2s,--ენდ-ობ-ი,n
c5f2c97f-8a7c-4469-8fcc-bb0373da6500,fut,3s,--ენდ-ობ-ა,n
c5f2c97f-8a7c-4469-8fcc-bb0373da6500,fut,1p,-ვ-ენდ-ობ-ით,n
c5f2c97f-8a7c-4469-8fcc-bb0373da6500,fut,2p,--ენდ-ობ-ით,n
c5f2c97f-8a7c-4469-8fcc-bb0373da6500,fut,3p,--ენდ-ობ-იან,n
c5f2c97f-8a7c-4469-8fcc-bb0373da6500,cond,1s,-ვ-ენდ-ობ-ოდი,n
c5f2c97f-8a7c-4469-8fcc-bb0373da6500,cond,2s,--ენდ-ობ-ოდი,n
c5f2c97f-8a7c-4469-8fcc-bb0373da6500,cond,3s,--ენდ-ობ-ოდა,n
c5f2c97f-8a7c-4469-8fcc-bb0373da6500,cond,1p,-ვ-ენდ-ობ-ოდით,n
c5f2c97f-8a7c-4469-8fcc-bb0373da6500,cond,2p,--ენდ-ობ-ოდით,n
c5f2c97f-8a7c-4469-8fcc-bb0373da6500,cond,3p,--ენდ-ობ-ოდნენ,n
c5f2c97f-8a7c-4469-8fcc-bb0373da6500,aor,1s,-ვ-ენდ--ე,n
c5f2c97f-8a7c-4469-8fcc-bb0373da6500,aor,2s,--ენდ--ე,n
c5f2c97f-8a7c-4469-8fcc-bb0373da6500,aor,3s,--ენდ--ო,n
c5f2c97f-8a7c-4469-8fcc-bb0373da6500,aor,1p,-ვ-ენდ--ეთ,n
c5f2c97f-8a7c-4469-8fcc-bb0373da6500,aor,2p,--ენდ--ეთ,n
c5f2c97f-8a7c-4469-8fcc-bb0373da6500,aor,3p,--ენდ--ნენ,n
c5f2c97f-8a7c-4469-8fcc-bb0373da6500,opt,1s,-ვ-ენდ--,n
c5f2c97f-8a7c-4469-8fcc-bb0373da6500,opt,2s,--ენდ--,n
c5f2c97f-8a7c-4469-8fcc-bb0373da6500,opt,3s,--ენდ--ოს,n
c5f2c97f-8a7c-4469-8fcc-bb0373da6500,opt,1p,-ვ-ენდ--ოთ,n
c5f2c97f-8a7c-4469-8fcc-bb0373da6500,opt,2p,--ენდ--ოთ,n
c5f2c97f-8a7c-4469-8fcc-bb0373da6500,opt,3p,--ენდ--ონ,n
8f984f96-63a8-48f7-8da3-c5f752d3e42a,pres,1s,-ვ-ცდილ-ობ-,n
8f984f96-63a8-48f7-8da3-c5f752d3e42a,pres,2s,--ცდილ-ობ-,n
8f984f96-63a8-48f7-8da3-c5f752d3e42a,pres,3s,--ცდილ-ობ-ს,n
8f984f96-63a8-48f7-8da3-c5f752d3e42a,pres,1p,-ვ-ცდილ-ობ-თ,n
8f984f96-63a8-48f7-8da3-c5f752d3e42a,pres,2p,--ცდილ-ობ-თ,n
8f984f96-63a8-48f7-8da3-c5f752d3e42a,pres,3p,--ცდილ-ობ-ენ,n
8f984f96-63a8-48f7-8da3-c5f752d3e42a,imp,1s,-ვ-ცდილ-ობ-დი,n
8f984f96-63a8-48f7-8da3-c5f752d3e42a,imp,2s,--ცდილ-ობ-დი,n
8f984f96-63a8-48f7-8da3-c5f752d3e42a,imp,3s,--ცდილ-ობ-და,n
8f984f96-63a8-48f7-8da3-c5f752d3e42a,imp,1p,-ვ-ცდილ-ობ-დით,n
8f984f96-63a8-48f7-8da3-c5f752d3e42a,imp,2p,--ცდილ-ობ-დით,n
8f984f96-63a8-48f7-8da3-c5f752d3e42a,imp,3p,--ცდილ-ობ-დნენ,n
8f984f96-63a8-48f7-8da3-c5f752d3e42a,pres-subj,1s,-ვ-ცდილ-ობ-დე,n
8f984f96-63a8-48f7-8da3-c5f752d3e42a,pres-subj,2s,--ცდილ-ობ-დე,n
8f984f96-63a8-48f7-8da3-c5f752d3e42a,pres-subj,3s,--ცდილ-ობ-დეს,n
8f984f96-63a8-48f7-8da3-c5f752d3e42a,pres-subj,1p,-ვ-ცდილ-ობ-დეთ,n
8f984f96-63a8-48f7-8da3-c5f752d3e42a,pres-subj,2p,--ცდილ-ობ-დეთ,n
8f984f96-63a8-48f7-8da3-c5f752d3e42a,pres-subj,3p,--ცდილ-ობ-დნენ,n
8f984f96-63a8-48f7-8da3-c5f752d3e42a,fut,1s,ი-ვ-ცდილ-ებ-,n
8f984f96-63a8-48f7-8da3-c5f752d3e42a,fut,2s,ი--ცდილ-ებ-,n
8f984f96-63a8-48f7-8da3-c5f752d3e42a,fut,3s,ი--ცდილ-ებ-ს,n
8f984f96-63a8-48f7-8da3-c5f752d3e42a,fut,1p,ი-ვ-ცდილ-ებ-თ,n
8f984f96-63a8-48f7-8da3-c5f752d3e42a,fut,2p,ი--ცდილ-ებ-თ,n
8f984f96-63a8-48f7-8da3-c5f752d3e42a,fut,3p,ი--ცდილ-ებ-ენ,n
8f984f96-63a8-48f7-8da3-c5f752d3e42a,cond,1s,ი-ვ-ცდილ-ებ-დი,n
8f984f96-63a8-48f7-8da3-c5f752d3e42a,cond,2s,ი--ცდილ-ებ-დი,n
8f984f96-63a8-48f7-8da3-c5f752d3e42a,cond,3s,ი--ცდილ-ებ-და,n
8f984f96-63a8-48f7-8da3-c5f752d3e42a,cond,1p,ი-ვ-ცდილ-ებ-დით,n
8f984f96-63a8-48f7-8da3-c5f752d3e42a,cond,2p,ი--ცდილ-ებ-დით,n
8f984f96-63a8-48f7-8da3-c5f752d3e42a,cond,3p,ი--ცდილ-ებ-დნენ,n
8f984f96-63a8-48f7-8da3-c5f752d3e42a,aor,1s,-ვ-ცად--ე,n
8f984f96-63a8-48f7-8da3-c5f752d3e42a,aor,2s,--ცად--ე,n
8f984f96-63a8-48f7-8da3-c5f752d3e42a,aor,3s,--ცად--ა,n
8f984f96-63a8-48f7-8da3-c5f752d3e42a,aor,1p,-ვ-ცად--ეთ,n
8f984f96-63a8-48f7-8da3-c5f752d3e42a,aor,2p,--ცად--ეთ,n
8f984f96-63a8-48f7-8da3-c5f752d3e42a,aor,3p,--ცად--ეს,n
8f984f96-63a8-48f7-8da3-c5f752d3e42a,opt,1s,-ვ-ცად--,n
8f984f96-63a8-48f7-8da3-c5f752d3e42a,opt,2s,--ცად--,n
8f984f96-63a8-48f7-8da3-c5f752d3e42a,opt,3s,--ცად--ოს,n
8f984f96-63a8-48f7-8da3-c5f752d3e42a,opt,1p,-ვ-ცად--ოთ,n
8f984f96-63a8-48f7-8da3-c5f752d3e42a,opt,2p,--ცად--ოთ,n
8f984f96-63a8-48f7-8da3-c5f752d3e42a,opt,3p,--ცად--ონ,n
1aef939b-433d-43ce-8d7e-2c0af57d84a7,pres,1s,-ვ-იზომ-ავ-,n
1aef939b-433d-43ce-8d7e-2c0af57d84a7,pres,2s,--იზომ-ავ-,n
1aef939b-433d-43ce-8d7e-2c0af57d84a7,pres,3s,--იზომ-ავ-ს,n
1aef939b-433d-43ce-8d7e-2c0af57d84a7,pres,1p,-ვ-იზომ-ავ-თ,n
1aef939b-433d-43ce-8d7e-2c0af57d84a7,pres,2p,--იზომ-ავ-თ,n
1aef939b-433d-43ce-8d7e-2c0af57d84a7,pres,3p,--იზომ-ავ-ენ,n
1aef939b-433d-43ce-8d7e-2c0af57d84a7,imp,1s,-ვ-იზომ-ავ-დი,n
1aef939b-433d-43ce-8d7e-2c0af57d84a7,imp,2s,--იზომ-ავ-დი,n
1aef939b-433d-43ce-8d7e-2c0af57d84a7,imp,3s,--იზომ-ავ-და,n
1aef939b-433d-43ce-8d7e-2c0af57d84a7,imp,1p,-ვ-იზომ-ავ-დით,n
1aef939b-433d-43ce-8d7e-2c0af57d84a7,imp,2p,--იზომ-ავ-დით,n
1aef939b-433d-43ce-8d7e-2c0af57d84a7,imp,3p,--იზომ-ავ-დნენ,n
1aef939b-433d-43ce-8d7e-2c0af57d84a7,pres-subj,1s,-ვ-იზომ-ავ-დე,n
1aef939b-433d-43ce-8d7e-2c0af57d84a7,pres-subj,2s,--იზომ-ავ-დე,n
1aef939b-433d-43ce-8d7e-2c0af57d84a7,pres-subj,3s,--იზომ-ავ-დეს,n
1aef939b-433d-43ce-8d7e-2c0af57d84a7,pres-subj,1p,-ვ-იზომ-ავ-დეთ,n
1aef939b-433d-43ce-8d7e-2c0af57d84a7,pres-subj,2p,--იზომ-ავ-დეთ,n
1aef939b-433d-43ce-8d7e-2c0af57d84a7,pres-subj,3p,--იზომ-ავ-დნენ,n
1aef939b-433d-43ce-8d7e-2c0af57d84a7,fut,1s,მო-ვ-იზომ-ავ-,n
1aef939b-433d-43ce-8d7e-2c0af57d84a7,fut,2s,მო--იზომ-ავ-,n
1aef939b-433d-43ce-8d7e-2c0af57d84a7,fut,3s,მო--იზომ-ავ-ს,n
1aef939b-433d-43ce-8d7e-2c0af57d84a7,fut,1p,მო-ვ-იზომ-ავ-თ,n
1aef939b-433d-43ce-8d7e-2c0af57d84a7,fut,2p,მო--იზომ-ავ-თ,n
1aef939b-433d-43ce-8d7e-2c0af57d84a7,fut,3p,მო--იზომ-ავ-ენ,n
1aef939b-433d-43ce-8d7e-2c0af57d84a7,cond,1s,მო-ვ-იზომ-ავ-დი,n
1aef939b-433d-43ce-8d7e-2c0af57d84a7,cond,2s,მო--იზომ-ავ-დი,n
1aef939b-433d-43ce-8d7e-2c0af57d84a7,cond,3s,მო--იზომ-ავ-და,n
1aef939b-433d-43ce-8d7e-2c0af57d84a7,cond,1p,მო-ვ-იზომ-ავ-დით,n
1aef939b-433d-43ce-8d7e-2c0af57d84a7,cond,2p,მო--იზომ-ავ-დით,n
1aef939b-433d-43ce-8d7e-2c0af57d84a7,cond,3p,მო--იზომ-ავ-დნენ,n
1aef939b-433d-43ce-8d7e-2c0af57d84a7,aor,1s,მო-ვ-იზომ--ე,n
1aef939b-433d-43ce-8d7e-2c0af57d84a7,aor,2s,მო--იზომ--ე,n
1aef939b-433d-43ce-8d7e-2c0af57d84a7,aor,3s,მო--იზომ--ა,n
1aef939b-433d-43ce-8d7e-2c0af57d84a7,aor,1p,მო-ვ-იზომ--ეთ,n
1aef939b-433d-43ce-8d7e-2c0af57d84a7,aor,2p,მო--იზომ--ეთ,n
1aef939b-433d-43ce-8d7e-2c0af57d84a7,aor,3p,მო--იზომ--ეს,n
1aef939b-433d-43ce-8d7e-2c0af57d84a7,opt,1s,მო-ვ-იზომ--,n
1aef939b-433d-43ce-8d7e-2c0af57d84a7,opt,2s,მო--იზომ--,n
1aef939b-433d-43ce-8d7e-2c0af57d84a7,opt,3s,მო--იზომ--ოს,n
1aef939b-433d-43ce-8d7e-2c0af57d84a7,opt,1p,მო-ვ-იზომ--ოთ,n
1aef939b-433d-43ce-8d7e-2c0af57d84a7,opt,2p,მო--იზომ--ოთ,n
1aef939b-433d-43ce-8d7e-2c0af57d84a7,opt,3p,მო--იზომ--ონ,n
ea807334-fd79-45ad-81f3-712f2bcfdfcb,pres,1s,-ვ-რთ-ავ-,n
ea807334-fd79-45ad-81f3-712f2bcfdfcb,pres,2s,--რთ-ავ-,n
ea807334-fd79-45ad-81f3-712f2bcfdfcb,pres,3s,--რთ-ავ-ს,n
ea807334-fd79-45ad-81f3-712f2bcfdfcb,pres,1p,-ვ-რთ-ავ-თ,n
ea807334-fd79-45ad-81f3-712f2bcfdfcb,pres,2p,--რთ-ავ-თ,n
ea807334-fd79-45ad-81f3-712f2bcfdfcb,pres,3p,--რთ-ავ-ენ,n
ea807334-fd79-45ad-81f3-712f2bcfdfcb,imp,1s,-ვ-რთ-ავ-დი,n
ea807334-fd79-45ad-81f3-712f2bcfdfcb,imp,2s,--რთ-ავ-დი,n
ea807334-fd79-45ad-81f3-712f2bcfdfcb,imp,3s,--რთ-ავ-და,n
ea807334-fd79-45ad-81f3-712f2bcfdfcb,imp,1p,-ვ-რთ-ავ-დით,n
ea807334-fd79-45ad-81f3-712f2bcfdfcb,imp,2p,--რთ-ავ-დით,n
ea807334-fd79-45ad-81f3-712f2bcfdfcb,imp,3p,--რთ-ავ-დნენ,n
ea807334-fd79-45ad-81f3-712f2bcfdfcb,pres-subj,1s,-ვ-რთ-ავ-დე,n
ea807334-fd79-45ad-81f3-712f2bcfdfcb,pres-subj,2s,--რთ-ავ-დე,n
ea807334-fd79-45ad-81f3-712f2bcfdfcb,pres-subj,3s,--რთ-ავ-დეს,n
ea807334-fd79-45ad-81f3-712f2bcfdfcb,pres-subj,1p,-ვ-რთ-ავ-დეთ,n
ea807334-fd79-45ad-81f3-712f2bcfdfcb,pres-subj,2p,--რთ-ავ-დეთ,n
ea807334-fd79-45ad-81f3-712f2bcfdfcb,pres-subj,3p,--რთ-ავ-დნენ,n
ea807334-fd79-45ad-81f3-712f2bcfdfcb,fut,1s,გამო-ვ-რთ-ავ-,n
ea807334-fd79-45ad-81f3-712f2bcfdfcb,fut,2s,გამო--რთ-ავ-,n
ea807334-fd79-45ad-81f3-712f2bcfdfcb,fut,3s,გამო--რთ-ავ-ს,n
ea807334-fd79-45ad-81f3-712f2bcfdfcb,fut,1p,გამო-ვ-რთ-ავ-თ,n
ea807334-fd79-45ad-81f3-712f2bcfdfcb,fut,2p,გამო--რთ-ავ-თ,n
ea807334-fd79-45ad-81f3-712f2bcfdfcb,fut,3p,გამო--რთ-ავ-ენ,n
ea807334-fd79-45ad-81f3-712f2bcfdfcb,cond,1s,გამო-ვ-რთ-ავ-დი,n
ea807334-fd79-45ad-81f3-712f2bcfdfcb,cond,2s,გამო--რთ-ავ-დი,n
ea807334-fd79-45ad-81f3-712f2bcfdfcb,cond,3s,გამო--რთ-ავ-და,n
ea807334-fd79-45ad-81f3-712f2bcfdfcb,cond,1p,გამო-ვ-რთ-ავ-დით,n
ea807334-fd79-45ad-81f3-712f2bcfdfcb,cond,2p,გამო--რთ-ავ-დით,n
ea807334-fd79-45ad-81f3-712f2bcfdfcb,cond,3p,გამო--რთ-ავ-დნენ,n
ea807334-fd79-45ad-81f3-712f2bcfdfcb,aor,1s,გამო-ვ-რთ--ე,n
ea807334-fd79-45ad-81f3-712f2bcfdfcb,aor,2s,გამო--რთ--ე,n
ea807334-fd79-45ad-81f3-712f2bcfdfcb,aor,3s,გამო--რთ--ო,n
ea807334-fd79-45ad-81f3-712f2bcfdfcb,aor,1p,გამო-ვ-რთ--ეთ,n
ea807334-fd79-45ad-81f3-712f2bcfdfcb,aor,2p,გამო--რთ--ეთ,n
ea807334-fd79-45ad-81f3-712f2bcfdfcb,aor,3p,გამო--რთ--ეს,n
ea807334-fd79-45ad-81f3-712f2bcfdfcb,opt,1s,გამო-ვ-რთ--,n
ea807334-fd79-45ad-81f3-712f2bcfdfcb,opt,2s,გამო--რთ--,n
ea807334-fd79-45ad-81f3-712f2bcfdfcb,opt,3s,გამო--რთ--ოს,n
ea807334-fd79-45ad-81f3-712f2bcfdfcb,opt,1p,გამო-ვ-რთ--ოთ,n
ea807334-fd79-45ad-81f3-712f2bcfdfcb,opt,2p,გამო--რთ--ოთ,n
ea807334-fd79-45ad-81f3-712f2bcfdfcb,opt,3p,გამო--რთ--ონ,n
b0a81bd2-883e-488b-90b1-eee2c40cf762,pres,1s,-ვ-რთ-ავ-,n
b0a81bd2-883e-488b-90b1-eee2c40cf762,pres,2s,--რთ-ავ-,n
b0a81bd2-883e-488b-90b1-eee2c40cf762,pres,3s,--რთ-ავ-ს,n
b0a81bd2-883e-488b-90b1-eee2c40cf762,pres,1p,-ვ-რთ-ავ-თ,n
b0a81bd2-883e-488b-90b1-eee2c40cf762,pres,2p,--რთ-ავ-თ,n
b0a81bd2-883e-488b-90b1-eee2c40cf762,pres,3p,--რთ-ავ-ენ,n
b0a81bd2-883e-488b-90b1-eee2c40cf762,imp,1s,-ვ-რთ-ავ-დი,n
b0a81bd2-883e-488b-90b1-eee2c40cf762,imp,2s,--რთ-ავ-დი,n
b0a81bd2-883e-488b-90b1-eee2c40cf762,imp,3s,--რთ-ავ-და,n
b0a81bd2-883e-488b-90b1-eee2c40cf762,imp,1p,-ვ-რთ-ავ-დით,n
b0a81bd2-883e-488b-90b1-eee2c40cf762,imp,2p,--რთ-ავ-დით,n
b0a81bd2-883e-488b-90b1-eee2c40cf762,imp,3p,--რთ-ავ-დნენ,n
b0a81bd2-883e-488b-90b1-eee2c40cf762,pres-subj,1s,-ვ-რთ-ავ-დე,n
b0a81bd2-883e-488b-90b1-eee2c40cf762,pres-subj,2s,--რთ-ავ-დე,n
b0a81bd2-883e-488b-90b1-eee2c40cf762,pres-subj,3s,--რთ-ავ-დეს,n
b0a81bd2-883e-488b-90b1-eee2c40cf762,pres-subj,1p,-ვ-რთ-ავ-დეთ,n
b0a81bd2-883e-488b-90b1-eee2c40cf762,pres-subj,2p,--რთ-ავ-დეთ,n
b0a81bd2-883e-488b-90b1-eee2c40cf762,pres-subj,3p,--რთ-ავ-დნენ,n
b0a81bd2-883e-488b-90b1-eee2c40cf762,fut,1s,ჩა-ვ-რთ-ავ-,n
b0a81bd2-883e-488b-90b1-eee2c40cf762,fut,2s,ჩა--რთ-ავ-,n
b0a81bd2-883e-488b-90b1-eee2c40cf762,fut,3s,ჩა--რთ-ავ-ს,n
b0a81bd2-883e-488b-90b1-eee2c40cf762,fut,1p,ჩა-ვ-რთ-ავ-თ,n
b0a81bd2-883e-488b-90b1-eee2c40cf762,fut,2p,ჩა--რთ-ავ-თ,n
b0a81bd2-883e-488b-90b1-eee2c40cf762,fut,3p,ჩა--რთ-ავ-ენ,n
b0a81bd2-883e-488b-90b1-eee2c40cf762,cond,1s,ჩა-ვ-რთ-ავ-დი,n
b0a81bd2-883e-488b-90b1-eee2c40cf762,cond,2s,ჩა--რთ-ავ-დი,n
b0a81bd2-883e-488b-90b1-eee2c40cf762,cond,3s,ჩა--რთ-ავ-და,n
b0a81bd2-883e-488b-90b1-eee2c40cf762,cond,1p,ჩა-ვ-რთ-ავ-დით,n
b0a81bd2-883e-488b-90b1-eee2c40cf762,cond,2p,ჩა--რთ-ავ-დით,n
b0a81bd2-883e-488b-90b1-eee2c40cf762,cond,3p,ჩა--რთ-ავ-დნენ,n
b0a81bd2-883e-488b-90b1-eee2c40cf762,aor,1s,ჩა-ვ-რთ--ე,n
b0a81bd2-883e-488b-90b1-eee2c40cf762,aor,2s,ჩა--რთ--ე,n
b0a81bd2-883e-488b-90b1-eee2c40cf762,aor,3s,ჩა--რთ--ო,n
b0a81bd2-883e-488b-90b1-eee2c40cf762,aor,1p,ჩა-ვ-რთ--ეთ,n
b0a81bd2-883e-488b-90b1-eee2c40cf762,aor,2p,ჩა--რთ--ეთ,n
b0a81bd2-883e-488b-90b1-eee2c40cf762,aor,3p,ჩა--რთ--ეს,n
b0a81bd2-883e-488b-90b1-eee2c40cf762,opt,1s,ჩა-ვ-რთ--,n
b0a81bd2-883e-488b-90b1-eee2c40cf762,opt,2s,ჩა--რთ--,n
b0a81bd2-883e-488b-90b1-eee2c40cf762,opt,3s,ჩა--რთ--ოს,n
b0a81bd2-883e-488b-90b1-eee2c40cf762,opt,1p,ჩა-ვ-რთ--ოთ,n
b0a81bd2-883e-488b-90b1-eee2c40cf762,opt,2p,ჩა--რთ--ოთ,n
b0a81bd2-883e-488b-90b1-eee2c40cf762,opt,3p,ჩა--რთ--ონ,n
680a3846-43a6-4644-b31c-ce8852a566d2,pres,1s,-ვ-გრეხ--,n
680a3846-43a6-4644-b31c-ce8852a566d2,pres,2s,--გრეხ--,n
680a3846-43a6-4644-b31c-ce8852a566d2,pres,3s,--გრეხ--ს,n
680a3846-43a6-4644-b31c-ce8852a566d2,pres,1p,-ვ-გრეხ--თ,n
680a3846-43a6-4644-b31c-ce8852a566d2,pres,2p,--გრეხ--თ,n
680a3846-43a6-4644-b31c-ce8852a566d2,pres,3p,--გრეხ--ენ,n
680a3846-43a6-4644-b31c-ce8852a566d2,imp,1s,-ვ-გრეხ--დი,n
680a3846-43a6-4644-b31c-ce8852a566d2,imp,2s,--გრეხ--დი,n
680a3846-43a6-4644-b31c-ce8852a566d2,imp,3s,--გრეხ--და,n
680a3846-43a6-4644-b31c-ce8852a566d2,imp,1p,-ვ-გრეხ--დით,n
680a3846-43a6-4644-b31c-ce8852a566d2,imp,2p,--გრეხ--დით,n
680a3846-43a6-4644-b31c-ce8852a566d2,imp,3p,--გრეხ--დნენ,n
680a3846-43a6-4644-b31c-ce8852a566d2,pres-subj,1s,-ვ-გრეხ--დე,n
680a3846-43a6-4644-b31c-ce8852a566d2,pres-subj,2s,--გრეხ--დე,n
680a3846-43a6-4644-b31c-ce8852a566d2,pres-subj,3s,--გრეხ--დეს,n
680a3846-43a6-4644-b31c-ce8852a566d2,pres-subj,1p,-ვ-გრეხ--დეთ,n
680a3846-43a6-4644-b31c-ce8852a566d2,pres-subj,2p,--გრეხ--დეთ,n
680a3846-43a6-4644-b31c-ce8852a566d2,pres-subj,3p,--გრეხ--დნენ,n
680a3846-43a6-4644-b31c-ce8852a566d2,fut,1s,და-ვ-გრეხ--,n
680a3846-43a6-4644-b31c-ce8852a566d2,fut,2s,და--გრეხ--,n
680a3846-43a6-4644-b31c-ce8852a566d2,fut,3s,და--გრეხ--ს,n
680a3846-43a6-4644-b31c-ce8852a566d2,fut,1p,და-ვ-გრეხ--თ,n
680a3846-43a6-4644-b31c-ce8852a566d2,fut,2p,და--გრეხ--თ,n
680a3846-43a6-4644-b31c-ce8852a566d2,fut,3p,და--გრეხ--ენ,n
680a3846-43a6-4644-b31c-ce8852a566d2,cond,1s,და-ვ-გრეხ--დი,n
680a3846-43a6-4644-b31c-ce8852a566d2,cond,2s,და--გრეხ--დი,n
680a3846-43a6-4644-b31c-ce8852a566d2,cond,3s,და--გრეხ--და,n
680a3846-43a6-4644-b31c-ce8852a566d2,cond,1p,და-ვ-გრეხ--დით,n
680a3846-43a6-4644-b31c-ce8852a566d2,cond,2p,და--გრეხ--დით,n
680a3846-43a6-4644-b31c-ce8852a566d2,cond,3p,და--გრეხ--დნენ,n
680a3846-43a6-4644-b31c-ce8852a566d2,aor,1s,და-ვ-გრიხ--ე,n
680a3846-43a6-4644-b31c-ce8852a566d2,aor,2s,და--გრიხ--ე,n
680a3846-43a6-4644-b31c-ce8852a566d2,aor,3s,და--გრიხ--ა,n
680a3846-43a6-4644-b31c-ce8852a566d2,aor,1p,და-ვ-გრიხ--ეთ,n
680a3846-43a6-4644-b31c-ce8852a566d2,aor,2p,და--გრიხ--ეთ,n
680a3846-43a6-4644-b31c-ce8852a566d2,aor,3p,და--გრიხ--ეს,n
680a3846-43a6-4644-b31c-ce8852a566d2,opt,1s,და-ვ-გრიხ--,n
680a3846-43a6-4644-b31c-ce8852a566d2,opt,2s,და--გრიხ--,n
680a3846-43a6-4644-b31c-ce8852a566d2,opt,3s,და--გრიხ--ოს,n
680a3846-43a6-4644-b31c-ce8852a566d2,opt,1p,და-ვ-გრიხ--ოთ,n
680a3846-43a6-4644-b31c-ce8852a566d2,opt,2p,და--გრიხ--ოთ,n
680a3846-43a6-4644-b31c-ce8852a566d2,opt,3p,და--გრიხ--ონ,n
f3ecad31-87aa-4969-913a-fa75e6af6bb8,pres,1s,-ვ-იგ-ებ-,n
f3ecad31-87aa-4969-913a-fa75e6af6bb8,pres,2s,--იგ-ებ-,n
f3ecad31-87aa-4969-913a-fa75e6af6bb8,pres,3s,--იგ-ებ-ს,n
f3ecad31-87aa-4969-913a-fa75e6af6bb8,pres,1p,-ვ-იგ-ებ-თ,n
f3ecad31-87aa-4969-913a-fa75e6af6bb8,pres,2p,--იგ-ებ-თ,n
f3ecad31-87aa-4969-913a-fa75e6af6bb8,pres,3p,--იგ-ებ-ენ,n
f3ecad31-87aa-4969-913a-fa75e6af6bb8,imp,1s,-ვ-იგ-ებ-დი,n
f3ecad31-87aa-4969-913a-fa75e6af6bb8,imp,2s,--იგ-ებ-დი,n
f3ecad31-87aa-4969-913a-fa75e6af6bb8,imp,3s,--იგ-ებ-და,n
f3ecad31-87aa-4969-913a-fa75e6af6bb8,imp,1p,-ვ-იგ-ებ-დით,n
f3ecad31-87aa-4969-913a-fa75e6af6bb8,imp,2p,--იგ-ებ-დით,n
f3ecad31-87aa-4969-913a-fa75e6af6bb8,imp,3p,--იგ-ებ-დნენ,n
f3ecad31-87aa-4969-913a-fa75e6af6bb8,pres-subj,1s,-ვ-იგ-ებ-დე,n
f3ecad31-87aa-4969-913a-fa75e6af6bb8,pres-subj,2s,--იგ-ებ-დე,n
f3ecad31-87aa-4969-913a-fa75e6af6bb8,pres-subj,3s,--იგ-ებ-დეს,n
f3ecad31-87aa-4969-913a-fa75e6af6bb8,pres-subj,1p,-ვ-იგ-ებ-დეთ,n
f3ecad31-87aa-4969-913a-fa75e6af6bb8,pres-subj,2p,--იგ-ებ-დეთ,n
f3ecad31-87aa-4969-913a-fa75e6af6bb8,pres-subj,3p,--იგ-ებ-დნენ,n
f3ecad31-87aa-4969-913a-fa75e6af6bb8,fut,1s,გა-ვ-იგ-ებ-,n
f3ecad31-87aa-4969-913a-fa75e6af6bb8,fut,2s,გა--იგ-ებ-,n
f3ecad31-87aa-4969-913a-fa75e6af6bb8,fut,3s,გა--იგ-ებ-ს,n
f3ecad31-87aa-4969-913a-fa75e6af6bb8,fut,1p,გა-ვ-იგ-ებ-თ,n
f3ecad31-87aa-4969-913a-fa75e6af6bb8,fut,2p,გა--იგ-ებ-თ,n
f3ecad31-87aa-4969-913a-fa75e6af6bb8,fut,3p,გა--იგ-ებ-ენ,n
f3ecad31-87aa-4969-913a-fa75e6af6bb8,cond,1s,გა-ვ-იგ-ებ-დი,n
f3ecad31-87aa-4969-913a-fa75e6af6bb8,cond,2s,გა--იგ-ებ-დი,n
f3ecad31-87aa-4969-913a-fa75e6af6bb8,cond,3s,გა--იგ-ებ-და,n
f3ecad31-87aa-4969-913a-fa75e6af6bb8,cond,1p,გა-ვ-იგ-ებ-დით,n
f3ecad31-87aa-4969-913a-fa75e6af6bb8,cond,2p,გა--იგ-ებ-დით,n
f3ecad31-87aa-4969-913a-fa75e6af6bb8,cond,3p,გა--იგ-ებ-დნენ,n
f3ecad31-87aa-4969-913a-fa75e6af6bb8,aor,1s,გა-ვ-იგ--ე,n
f3ecad31-87aa-4969-913a-fa75e6af6bb8,aor,2s,გა--იგ--ე,n
f3ecad31-87aa-4969-913a-fa75e6af6bb8,aor,3s,გა--იგ--ო,n
f3ecad31-87aa-4969-913a-fa75e6af6bb8,aor,1p,გა-ვ-იგ--ეთ,n
f3ecad31-87aa-4969-913a-fa75e6af6bb8,aor,2p,გა--იგ--ეთ,n
f3ecad31-87aa-4969-913a-fa75e6af6bb8,aor,3p,გა--იგ--ეს,n
f3ecad31-87aa-4969-913a-fa75e6af6bb8,opt,1s,გა-ვ-იგ--,n
f3ecad31-87aa-4969-913a-fa75e6af6bb8,opt,2s,გა--იგ--,n
f3ecad31-87aa-4969-913a-fa75e6af6bb8,opt,3s,გა--იგ--ოს,n
f3ecad31-87aa-4969-913a-fa75e6af6bb8,opt,1p,გა-ვ-იგ--ოთ,n
f3ecad31-87aa-4969-913a-fa75e6af6bb8,opt,2p,გა--იგ--ოთ,n
f3ecad31-87aa-4969-913a-fa75e6af6bb8,opt,3p,გა--იგ--ონ,n
0339dab0-fe9e-4ca4-bded-011b6f486ecb,pres,1s,-მ-ეზარ-ებ-ა,n
0339dab0-fe9e-4ca4-bded-011b6f486ecb,pres,2s,-გ-ეზარ-ებ-ა,n
0339dab0-fe9e-4ca4-bded-011b6f486ecb,pres,3s,--ეზარ-ებ-ა,n
0339dab0-fe9e-4ca4-bded-011b6f486ecb,pres,1p,-გვ-ეზარ-ებ-ა,n
0339dab0-fe9e-4ca4-bded-011b6f486ecb,pres,2p,-გ-ეზარ-ებ-ათ,n
0339dab0-fe9e-4ca4-bded-011b6f486ecb,pres,3p,--ეზარ-ებ-ათ,n
0339dab0-fe9e-4ca4-bded-011b6f486ecb,imp,1s,-მ-ეზარ-ებ-ოდი,n
0339dab0-fe9e-4ca4-bded-011b6f486ecb,imp,2s,-გ-ეზარ-ებ-ოდი,n
0339dab0-fe9e-4ca4-bded-011b6f486ecb,imp,3s,--ეზარ-ებ-ოდა,n
0339dab0-fe9e-4ca4-bded-011b6f486ecb,imp,1p,-გვ-ეზარ-ებ-ოდით,n
0339dab0-fe9e-4ca4-bded-011b6f486ecb,imp,2p,-გ-ეზარ-ებ-ოდით,n
0339dab0-fe9e-4ca4-bded-011b6f486ecb,imp,3p,--ეზარ-ებ-ოდნენ,n
0339dab0-fe9e-4ca4-bded-011b6f486ecb,pres-subj,1s,-მ-ეზარ-ებ-ოდეს,n
0339dab0-fe9e-4ca4-bded-011b6f486ecb,pres-subj,2s,-გ-ეზარ-ებ-ოდეს,n
0339dab0-fe9e-4ca4-bded-011b6f486ecb,pres-subj,3s,--ეზარ-ებ-ოდეს,n
0339dab0-fe9e-4ca4-bded-011b6f486ecb,pres-subj,1p,-გვ-ეზარ-ებ-ოდეს,n
0339dab0-fe9e-4ca4-bded-011b6f486ecb,pres-subj,2p,-გ-ეზარ-ებ-ოდეთ,n
0339dab0-fe9e-4ca4-bded-011b6f486ecb,pres-subj,3p,--ეზარ-ებ-ოდეთ,n
0339dab0-fe9e-4ca4-bded-011b6f486ecb,fut,1s,და-მ-ეზარ-ებ-ა,n
0339dab0-fe9e-4ca4-bded-011b6f486ecb,fut,2s,და-გ-ეზარ-ებ-ა,n
0339dab0-fe9e-4ca4-bded-011b6f486ecb,fut,3s,და--ეზარ-ებ-ა,n
0339dab0-fe9e-4ca4-bded-011b6f486ecb,fut,1p,და-გვ-ეზარ-ებ-ა,n
0339dab0-fe9e-4ca4-bded-011b6f486ecb,fut,2p,და-გ-ეზარ-ებ-ათ,n
0339dab0-fe9e-4ca4-bded-011b6f486ecb,fut,3p,და--ეზარ-ებ-ათ,n
0339dab0-fe9e-4ca4-bded-011b6f486ecb,cond,1s,და-მ-ეზარ-ებ-ოდი,n
0339dab0-fe9e-4ca4-bded-011b6f486ecb,cond,2s,და-გ-ეზარ-ებ-ოდი,n
0339dab0-fe9e-4ca4-bded-011b6f486ecb,cond,3s,და--ეზარ-ებ-ოდა,n
0339dab0-fe9e-4ca4-bded-011b6f486ecb,cond,1p,და-გვ-ეზარ-ებ-ოდით,n
0339dab0-fe9e-4ca4-bded-011b6f486ecb,cond,2p,და-გ-ეზარ-ებ-ოდით,n
0339dab0-fe9e-4ca4-bded-011b6f486ecb,cond,3p,და--ეზარ-ებ-ოდნენ,n
0339dab0-fe9e-4ca4-bded-011b6f486ecb,aor,1s,და-მ-ეზარ--ა,n
0339dab0-fe9e-4ca4-bded-011b6f486ecb,aor,2s,და-გ-ეზარ--ა,n
0339dab0-fe9e-4ca4-bded-011b6f486ecb,aor,3s,და--ეზარ--ა,n
0339dab0-fe9e-4ca4-bded-011b6f486ecb,aor,1p,და-გვ-ეზარ--ა,n
0339dab0-fe9e-4ca4-bded-011b6f486ecb,aor,2p,და-გ-ეზარ--ათ,n
0339dab0-fe9e-4ca4-bded-011b6f486ecb,aor,3p,და--ეზარ--ათ,n
0339dab0-fe9e-4ca4-bded-011b6f486ecb,opt,1s,და-მ-ეზარ--ეს,n
0339dab0-fe9e-4ca4-bded-011b6f486ecb,opt,2s,და-გ-ეზარ--ეს,n
0339dab0-fe9e-4ca4-bded-011b6f486ecb,opt,3s,და--ეზარ--ეს,n
0339dab0-fe9e-4ca4-bded-011b6f486ecb,opt,1p,და-გვ-ეზარ--ეს,n
0339dab0-fe9e-4ca4-bded-011b6f486ecb,opt,2p,და-გ-ეზარ--ეთ,n
0339dab0-fe9e-4ca4-bded-011b6f486ecb,opt,3p,და--ეზარ--ეთ,n
56165126-ee75-4c38-b0b7-8806f217a94a,pres,1s,-ვ-აერთიან-ებ-,n
56165126-ee75-4c38-b0b7-8806f217a94a,pres,2s,--აერთიან-ებ-,n
56165126-ee75-4c38-b0b7-8806f217a94a,pres,3s,--აერთიან-ებ-ს,n
56165126-ee75-4c38-b0b7-8806f217a94a,pres,1p,-ვ-აერთიან-ებ-თ,n
56165126-ee75-4c38-b0b7-8806f217a94a,pres,2p,--აერთიან-ებ-თ,n
56165126-ee75-4c38-b0b7-8806f217a94a,pres,3p,--აერთიან-ებ-ენ,n
56165126-ee75-4c38-b0b7-8806f217a94a,imp,1s,-ვ-აერთიან-ებ-დი,n
56165126-ee75-4c38-b0b7-8806f217a94a,imp,2s,--აერთიან-ებ-დი,n
56165126-ee75-4c38-b0b7-8806f217a94a,imp,3s,--აერთიან-ებ-და,n
56165126-ee75-4c38-b0b7-8806f217a94a,imp,1p,-ვ-აერთიან-ებ-დით,n
56165126-ee75-4c38-b0b7-8806f217a94a,imp,2p,--აერთიან-ებ-დით,n
56165126-ee75-4c38-b0b7-8806f217a94a,imp,3p,--აერთიან-ებ-დნენ,n
56165126-ee75-4c38-b0b7-8806f217a94a,pres-subj,1s,-ვ-აერთიან-ებ-დე,n
56165126-ee75-4c38-b0b7-8806f217a94a,pres-subj,2s,--აერთიან-ებ-დე,n
56165126-ee75-4c38-b0b7-8806f217a94a,pres-subj,3s,--აერთიან-ებ-დეს,n
56165126-ee75-4c38-b0b7-8806f217a94a,pres-subj,1p,-ვ-აერთიან-ებ-დეთ,n
56165126-ee75-4c38-b0b7-8806f217a94a,pres-subj,2p,--აერთიან-ებ-დეთ,n
56165126-ee75-4c38-b0b7-8806f217a94a,pres-subj,3p,--აერთიან-ებ-დნენ,n
56165126-ee75-4c38-b0b7-8806f217a94a,fut,1s,გა-ვ-აერთიან-ებ-,n
56165126-ee75-4c38-b0b7-8806f217a94a,fut,2s,გა--აერთიან-ებ-,n
56165126-ee75-4c38-b0b7-8806f217a94a,fut,3s,გა--აერთიან-ებ-ს,n
56165126-ee75-4c38-b0b7-8806f217a94a,fut,1p,გა-ვ-აერთიან-ებ-თ,n
56165126-ee75-4c38-b0b7-8806f217a94a,fut,2p,გა--აერთიან-ებ-თ,n
56165126-ee75-4c38-b0b7-8806f217a94a,fut,3p,გა--აერთიან-ებ-ენ,n
56165126-ee75-4c38-b0b7-8806f217a94a,cond,1s,გა-ვ-აერთიან-ებ-დი,n
56165126-ee75-4c38-b0b7-8806f217a94a,cond,2s,გა--აერთიან-ებ-დი,n
56165126-ee75-4c38-b0b7-8806f217a94a,cond,3s,გა--აერთიან-ებ-და,n
56165126-ee75-4c38-b0b7-8806f217a94a,cond,1p,გა-ვ-აერთიან-ებ-დით,n
56165126-ee75-4c38-b0b7-8806f217a94a,cond,2p,გა--აერთიან-ებ-დით,n
56165126-ee75-4c38-b0b7-8806f217a94a,cond,3p,გა--აერთიან-ებ-დნენ,n
56165126-ee75-4c38-b0b7-8806f217a94a,aor,1s,გა-ვ-აერთიან--ე,n
56165126-ee75-4c38-b0b7-8806f217a94a,aor,2s,გა--აერთიან--ე,n
56165126-ee75-4c38-b0b7-8806f217a94a,aor,3s,გა--აერთიან--ა,n
56165126-ee75-4c38-b0b7-8806f217a94a,aor,1p,გა-ვ-აერთიან--ეთ,n
56165126-ee75-4c38-b0b7-8806f217a94a,aor,2p,გა--აერთიან--ეთ,n
56165126-ee75-4c38-b0b7-8806f217a94a,aor,3p,გა--აერთიან--ეს,n
56165126-ee75-4c38-b0b7-8806f217a94a,opt,1s,გა-ვ-აერთიან--,n
56165126-ee75-4c38-b0b7-8806f217a94a,opt,2s,გა--აერთიან--,n
56165126-ee75-4c38-b0b7-8806f217a94a,opt,3s,გა--აერთიან--ოს,n
56165126-ee75-4c38-b0b7-8806f217a94a,opt,1p,გა-ვ-აერთიან--ოთ,n
56165126-ee75-4c38-b0b7-8806f217a94a,opt,2p,გა--აერთიან--ოთ,n
56165126-ee75-4c38-b0b7-8806f217a94a,opt,3p,გა--აერთიან--ონ,n
df3c06bd-0d55-4fa1-a10e-adbdb463dd8b,pres,1s,ვ--ხმარ-ობ-,y
df3c06bd-0d55-4fa1-a10e-adbdb463dd8b,pres,2s,--ხმარ-ობ-,y
df3c06bd-0d55-4fa1-a10e-adbdb463dd8b,pres,3s,--ხმარ-ობ-ს,y
df3c06bd-0d55-4fa1-a10e-adbdb463dd8b,pres,1p,ვ--ხმარ-ობ-თ,y
df3c06bd-0d55-4fa1-a10e-adbdb463dd8b,pres,2p,--ხმარ-ობ-თ,y
df3c06bd-0d55-4fa1-a10e-adbdb463dd8b,pres,3p,--ხმარ-ობ-ენ,y
df3c06bd-0d55-4fa1-a10e-adbdb463dd8b,imp,1s,ვ--ხმარ-ობ-დი,y
df3c06bd-0d55-4fa1-a10e-adbdb463dd8b,imp,2s,--ხმარ-ობ-დი,y
df3c06bd-0d55-4fa1-a10e-adbdb463dd8b,imp,3s,--ხმარ-ობ-და,y
df3c06bd-0d55-4fa1-a10e-adbdb463dd8b,imp,1p,ვ--ხმარ-ობ-დით,y
df3c06bd-0d55-4fa1-a10e-adbdb463dd8b,imp,2p,--ხმარ-ობ-დით,y
df3c06bd-0d55-4fa1-a10e-adbdb463dd8b,imp,3p,--ხმარ-ობ-დნენ,y
df3c06bd-0d55-4fa1-a10e-adbdb463dd8b,pres-subj,1s,ვ--ხმარ-ობ-დე,y
df3c06bd-0d55-4fa1-a10e-adbdb463dd8b,pres-subj,2s,--ხმარ-ობ-დე,y
df3c06bd-0d55-4fa1-a10e-adbdb463dd8b,pres-subj,3s,--ხმარ-ობ-დეს,y
df3c06bd-0d55-4fa1-a10e-adbdb463dd8b,pres-subj,1p,ვ--ხმარ-ობ-დეთ,y
df3c06bd-0d55-4fa1-a10e-adbdb463dd8b,pres-subj,2p,--ხმარ-ობ-დეთ,y
df3c06bd-0d55-4fa1-a10e-adbdb463dd8b,pres-subj,3p,--ხმარ-ობ-დნენ,y
df3c06bd-0d55-4fa1-a10e-adbdb463dd8b,fut,1s,ვ-ი-ხმარ-ებ-,y
df3c06bd-0d55-4fa1-a10e-adbdb463dd8b,fut,2s,-ი-ხმარ-ებ-,y
df3c06bd-0d55-4fa1-a10e-adbdb463dd8b,fut,3s,-ი-ხმარ-ებ-ს,y
df3c06bd-0d55-4fa1-a10e-adbdb463dd8b,fut,1p,ვ-ი-ხმარ-ებ-თ,y
df3c06bd-0d55-4fa1-a10e-adbdb463dd8b,fut,2p,-ი-ხმარ-ებ-თ,y
df3c06bd-0d55-4fa1-a10e-adbdb463dd8b,fut,3p,-ი-ხმარ-ებ-ენ,y
df3c06bd-0d55-4fa1-a10e-adbdb463dd8b,cond,1s,ვ-ი-ხმარ-ებ-დი,y
df3c06bd-0d55-4fa1-a10e-adbdb463dd8b,cond,2s,-ი-ხმარ-ებ-დი,y
df3c06bd-0d55-4fa1-a10e-adbdb463dd8b,cond,3s,-ი-ხმარ-ებ-და,y
df3c06bd-0d55-4fa1-a10e-adbdb463dd8b,cond,1p,ვ-ი-ხმარ-ებ-დით,y
df3c06bd-0d55-4fa1-a10e-adbdb463dd8b,cond,2p,-ი-ხმარ-ებ-დით,y
df3c06bd-0d55-4fa1-a10e-adbdb463dd8b,cond,3p,-ი-ხმარ-ებ-დნენ,y
df3c06bd-0d55-4fa1-a10e-adbdb463dd8b,aor,1s,ვ-ი-ხმარ--ე,y
df3c06bd-0d55-4fa1-a10e-adbdb463dd8b,aor,2s,-ი-ხმარ--ე,y
df3c06bd-0d55-4fa1-a10e-adbdb463dd8b,aor,3s,-ი-ხმარ--ა,y
df3c06bd-0d55-4fa1-a10e-adbdb463dd8b,aor,1p,ვ-ი-ხმარ--ეთ,y
df3c06bd-0d55-4fa1-a10e-adbdb463dd8b,aor,2p,-ი-ხმარ--ეთ,y
df3c06bd-0d55-4fa1-a10e-adbdb463dd8b,aor,3p,-ი-ხმარ--ეს,y
df3c06bd-0d55-4fa1-a10e-adbdb463dd8b,opt,1s,ვ-ი-ხმარ--,y
df3c06bd-0d55-4fa1-a10e-adbdb463dd8b,opt,2s,-ი-ხმარ--,y
df3c06bd-0d55-4fa1-a10e-adbdb463dd8b,opt,3s,-ი-ხმარ--ოს,y
df3c06bd-0d55-4fa1-a10e-adbdb463dd8b,opt,1p,ვ-ი-ხმარ--ოთ,y
df3c06bd-0d55-4fa1-a10e-adbdb463dd8b,opt,2p,-ი-ხმარ--ოთ,y
df3c06bd-0d55-4fa1-a10e-adbdb463dd8b,opt,3p,-ი-ხმარ--ონ,y
034b9607-d463-42dd-9468-32414cc26663,pres,1s,-ვ-იცდ-ი-,n
034b9607-d463-42dd-9468-32414cc26663,pres,2s,--იცდ-ი-,n
034b9607-d463-42dd-9468-32414cc26663,pres,3s,--იცდ-ი-ს,n
034b9607-d463-42dd-9468-32414cc26663,pres,1p,-ვ-იცდ-ი-თ,n
034b9607-d463-42dd-9468-32414cc26663,pres,2p,--იცდ-ი-თ,n
034b9607-d463-42dd-9468-32414cc26663,pres,3p,--იცდ-ი-ან,n
034b9607-d463-42dd-9468-32414cc26663,imp,1s,-ვ-იცდ-ი-დი,n
034b9607-d463-42dd-9468-32414cc26663,imp,2s,--იცდ-ი-დი,n
034b9607-d463-42dd-9468-32414cc26663,imp,3s,--იცდ-ი-და,n
034b9607-d463-42dd-9468-32414cc26663,imp,1p,-ვ-იცდ-ი-დით,n
034b9607-d463-42dd-9468-32414cc26663,imp,2p,--იცდ-ი-დით,n
034b9607-d463-42dd-9468-32414cc26663,imp,3p,--იცდ-ი-დნენ,n
034b9607-d463-42dd-9468-32414cc26663,pres-subj,1s,-ვ-იცდ-ი-დე,n
034b9607-d463-42dd-9468-32414cc26663,pres-subj,2s,--იცდ-ი-დე,n
034b9607-d463-42dd-9468-32414cc26663,pres-subj,3s,--იცდ-ი-დეს,n
034b9607-d463-42dd-9468-32414cc26663,pres-subj,1p,-ვ-იცდ-ი-დეთ,n
034b9607-d463-42dd-9468-32414cc26663,pres-subj,2p,--იცდ-ი-დეთ,n
034b9607-d463-42dd-9468-32414cc26663,pres-subj,3p,--იცდ-ი-დნენ,n
034b9607-d463-42dd-9468-32414cc26663,fut,1s,მო-ვ-იცდ-ი-,n
034b9607-d463-42dd-9468-32414cc26663,fut,2s,მო--იცდ-ი-,n
034b9607-d463-42dd-9468-32414cc26663,fut,3s,მო--იცდ-ი-ს,n
034b9607-d463-42dd-9468-32414cc26663,fut,1p,მო-ვ-იცდ-ი-თ,n
034b9607-d463-42dd-9468-32414cc26663,fut,2p,მო--იცდ-ი-თ,n
034b9607-d463-42dd-9468-32414cc26663,fut,3p,მო--იცდ-ი-ან,n
034b9607-d463-42dd-9468-32414cc26663,cond,1s,მო-ვ-იცდ-ი-დი,n
034b9607-d463-42dd-9468-32414cc26663,cond,2s,მო--იცდ-ი-დი,n
034b9607-d463-42dd-9468-32414cc26663,cond,3s,მო--იცდ-ი-და,n
034b9607-d463-42dd-9468-32414cc26663,cond,1p,მო-ვ-იცდ-ი-დით,n
034b9607-d463-42dd-9468-32414cc26663,cond,2p,მო--იცდ-ი-დით,n
034b9607-d463-42dd-9468-32414cc26663,cond,3p,მო--იცდ-ი-დნენ,n
034b9607-d463-42dd-9468-32414cc26663,aor,1s,მო-ვ-იცად--ე,n
034b9607-d463-42dd-9468-32414cc26663,aor,2s,მო--იცად--ე,n
034b9607-d463-42dd-9468-32414cc26663,aor,3s,მო--იცად--ა,n
034b9607-d463-42dd-9468-32414cc26663,aor,1p,მო-ვ-იცად--ეთ,n
034b9607-d463-42dd-9468-32414cc26663,aor,2p,მო--იცად--ეთ,n
034b9607-d463-42dd-9468-32414cc26663,aor,3p,მო--იცად--ეს,n
034b9607-d463-42dd-9468-32414cc26663,opt,1s,მო-ვ-იცად--,n
034b9607-d463-42dd-9468-32414cc26663,opt,2s,მო--იცად--,n
034b9607-d463-42dd-9468-32414cc26663,opt,3s,მო--იცად--ოს,n
034b9607-d463-42dd-9468-32414cc26663,opt,1p,მო-ვ-იცად--ოთ,n
034b9607-d463-42dd-9468-32414cc26663,opt,2p,მო--იცად--ოთ,n
034b9607-d463-42dd-9468-32414cc26663,opt,3p,მო--იცად--ონ,n
af85a69c-8a0f-4cce-8d85-0f943a3ccd2c,pres,1s,-ვ-ელოდ-ებ-ი,n
af85a69c-8a0f-4cce-8d85-0f943a3ccd2c,pres,2s,--ელოდ-ებ-ი,n
af85a69c-8a0f-4cce-8d85-0f943a3ccd2c,pres,3s,--ელოდ-ებ-ა,n
af85a69c-8a0f-4cce-8d85-0f943a3ccd2c,pres,1p,-ვ-ელოდ-ებ-ით,n
af85a69c-8a0f-4cce-8d85-0f943a3ccd2c,pres,2p,--ელოდ-ებ-ით,n
af85a69c-8a0f-4cce-8d85-0f943a3ccd2c,pres,3p,--ელოდ-ებ-იან,n
af85a69c-8a0f-4cce-8d85-0f943a3ccd2c,imp,1s,-ვ-ელოდ-ებ-ოდი,n
af85a69c-8a0f-4cce-8d85-0f943a3ccd2c,imp,2s,--ელოდ-ებ-ოდი,n
af85a69c-8a0f-4cce-8d85-0f943a3ccd2c,imp,3s,--ელოდ-ებ-ოდა,n
af85a69c-8a0f-4cce-8d85-0f943a3ccd2c,imp,1p,-ვ-ელოდ-ებ-ოდით,n
af85a69c-8a0f-4cce-8d85-0f943a3ccd2c,imp,2p,--ელოდ-ებ-ოდით,n
af85a69c-8a0f-4cce-8d85-0f943a3ccd2c,imp,3p,--ელოდ-ებ-ოდნენ,n
af85a69c-8a0f-4cce-8d85-0f943a3ccd2c,pres-subj,1s,-ვ-ელოდ-ებ-დე,n
af85a69c-8a0f-4cce-8d85-0f943a3ccd2c,pres-subj,2s,--ელოდ-ებ-დე,n
af85a69c-8a0f-4cce-8d85-0f943a3ccd2c,pres-subj,3s,--ელოდ-ებ-დეს,n
af85a69c-8a0f-4cce-8d85-0f943a3ccd2c,pres-subj,1p,-ვ-ელოდ-ებ-დეთ,n
af85a69c-8a0f-4cce-8d85-0f943a3ccd2c,pres-subj,2p,--ელოდ-ებ-დეთ,n
af85a69c-8a0f-4cce-8d85-0f943a3ccd2c,pres-subj,3p,--ელოდ-ებ-დნენ,n
af85a69c-8a0f-4cce-8d85-0f943a3ccd2c,fut,1s,და-ვ-ელოდ-ებ-ი,n
af85a69c-8a0f-4cce-8d85-0f943a3ccd2c,fut,2s,და--ელოდ-ებ-ი,n
af85a69c-8a0f-4cce-8d85-0f943a3ccd2c,fut,3s,და--ელოდ-ებ-ა,n
af85a69c-8a0f-4cce-8d85-0f943a3ccd2c,fut,1p,და-ვ-ელოდ-ებ-ით,n
af85a69c-8a0f-4cce-8d85-0f943a3ccd2c,fut,2p,და--ელოდ-ებ-ით,n
af85a69c-8a0f-4cce-8d85-0f943a3ccd2c,fut,3p,და--ელოდ-ებ-იან,n
af85a69c-8a0f-4cce-8d85-0f943a3ccd2c,cond,1s,და-ვ-ელოდ-ებ-ოდი,n
af85a69c-8a0f-4cce-8d85-0f943a3ccd2c,cond,2s,და--ელოდ-ებ-ოდი,n
af85a69c-8a0f-4cce-8d85-0f943a3ccd2c,cond,3s,და--ელოდ-ებ-ოდა,n
af85a69c-8a0f-4cce-8d85-0f943a3ccd2c,cond,1p,და-ვ-ელოდ-ებ-ოდით,n
af85a69c-8a0f-4cce-8d85-0f943a3ccd2c,cond,2p,და--ელოდ-ებ-ოდით,n
af85a69c-8a0f-4cce-8d85-0f943a3ccd2c,cond,3p,და--ელოდ-ებ-ოდნენ,n
af85a69c-8a0f-4cce-8d85-0f943a3ccd2c,aor,1s,და-ვ-ელოდ--ე,n
af85a69c-8a0f-4cce-8d85-0f943a3ccd2c,aor,2s,და--ელოდ--ე,n
af85a69c-8a0f-4cce-8d85-0f943a3ccd2c,aor,3s,და--ელოდ--ა,n
af85a69c-8a0f-4cce-8d85-0f943a3ccd2c,aor,1p,და-ვ-ელოდ--ეთ,n
af85a69c-8a0f-4cce-8d85-0f943a3ccd2c,aor,2p,და--ელოდ--ეთ,n
af85a69c-8a0f-4cce-8d85-0f943a3ccd2c,aor,3p,და--ელოდ--ნენ,n
af85a69c-8a0f-4cce-8d85-0f943a3ccd2c,opt,1s,და-ვ-ელოდ--,n
af85a69c-8a0f-4cce-8d85-0f943a3ccd2c,opt,2s,და--ელოდ--,n
af85a69c-8a0f-4cce-8d85-0f943a3ccd2c,opt,3s,და--ელოდ--ოს,n
af85a69c-8a0f-4cce-8d85-0f943a3ccd2c,opt,1p,და-ვ-ელოდ--ოთ,n
af85a69c-8a0f-4cce-8d85-0f943a3ccd2c,opt,2p,და--ელოდ--ოთ,n
af85a69c-8a0f-4cce-8d85-0f943a3ccd2c,opt,3p,და--ელოდ--ონ,n
bb18554e-4e0f-4698-aad3-b7882e47c4db,pres,1s,-ვ-იღვიძ-ებ-,n
bb18554e-4e0f-4698-aad3-b7882e47c4db,pres,2s,--იღვიძ-ებ-,n
bb18554e-4e0f-4698-aad3-b7882e47c4db,pres,3s,--იღვიძ-ებ-ს,n
bb18554e-4e0f-4698-aad3-b7882e47c4db,pres,1p,-ვ-იღვიძ-ებ-თ,n
bb18554e-4e0f-4698-aad3-b7882e47c4db,pres,2p,--იღვიძ-ებ-თ,n
bb18554e-4e0f-4698-aad3-b7882e47c4db,pres,3p,--იღვიძ-ებ-ენ,n
bb18554e-4e0f-4698-aad3-b7882e47c4db,imp,1s,-ვ-იღვიძ-ებ-დი,n
bb18554e-4e0f-4698-aad3-b7882e47c4db,imp,2s,--იღვიძ-ებ-დი,n
bb18554e-4e0f-4698-aad3-b7882e47c4db,imp,3s,--იღვიძ-ებ-და,n
bb18554e-4e0f-4698-aad3-b7882e47c4db,imp,1p,-ვ-იღვიძ-ებ-დით,n
bb18554e-4e0f-4698-aad3-b7882e47c4db,imp,2p,--იღვიძ-ებ-დით,n
bb18554e-4e0f-4698-aad3-b7882e47c4db,imp,3p,--იღვიძ-ებ-დნენ,n
bb18554e-4e0f-4698-aad3-b7882e47c4db,pres-subj,1s,-ვ-იღვიძ-ებ-დე,n
bb18554e-4e0f-4698-aad3-b7882e47c4db,pres-subj,2s,--იღვიძ-ებ-დე,n
bb18554e-4e0f-4698-aad3-b7882e47c4db,pres-subj,3s,--იღვიძ-ებ-დეს,n
bb18554e-4e0f-4698-aad3-b7882e47c4db,pres-subj,1p,-ვ-იღვიძ-ებ-დეთ,n
bb18554e-4e0f-4698-aad3-b7882e47c4db,pres-subj,2p,--იღვიძ-ებ-დეთ,n
bb18554e-4e0f-4698-aad3-b7882e47c4db,pres-subj,3p,--იღვიძ-ებ-დნენ,n
bb18554e-4e0f-4698-aad3-b7882e47c4db,fut,1s,გა-ვ-იღვიძ-ებ-,n
bb18554e-4e0f-4698-aad3-b7882e47c4db,fut,2s,გა--იღვიძ-ებ-,n
bb18554e-4e0f-4698-aad3-b7882e47c4db,fut,3s,გა--იღვიძ-ებ-ს,n
bb18554e-4e0f-4698-aad3-b7882e47c4db,fut,1p,გა-ვ-იღვიძ-ებ-თ,n
bb18554e-4e0f-4698-aad3-b7882e47c4db,fut,2p,გა--იღვიძ-ებ-თ,n
bb18554e-4e0f-4698-aad3-b7882e47c4db,fut,3p,გა--იღვიძ-ებ-ენ,n
bb18554e-4e0f-4698-aad3-b7882e47c4db,cond,1s,გა-ვ-იღვიძ-ებ-დი,n
bb18554e-4e0f-4698-aad3-b7882e47c4db,cond,2s,გა--იღვიძ-ებ-დი,n
bb18554e-4e0f-4698-aad3-b7882e47c4db,cond,3s,გა--იღვიძ-ებ-და,n
bb18554e-4e0f-4698-aad3-b7882e47c4db,cond,1p,გა-ვ-იღვიძ-ებ-დით,n
bb18554e-4e0f-4698-aad3-b7882e47c4db,cond,2p,გა--იღვიძ-ებ-დით,n
bb18554e-4e0f-4698-aad3-b7882e47c4db,cond,3p,გა--იღვიძ-ებ-დნენ,n
bb18554e-4e0f-4698-aad3-b7882e47c4db,aor,1s,გა-ვ-იღვიძ--ე,n
bb18554e-4e0f-4698-aad3-b7882e47c4db,aor,2s,გა--იღვიძ--ე,n
bb18554e-4e0f-4698-aad3-b7882e47c4db,aor,3s,გა--იღვიძ--ა,n
bb18554e-4e0f-4698-aad3-b7882e47c4db,aor,1p,გა-ვ-იღვიძ--ეთ,n
bb18554e-4e0f-4698-aad3-b7882e47c4db,aor,2p,გა--იღვიძ--ეთ,n
bb18554e-4e0f-4698-aad3-b7882e47c4db,aor,3p,გა--იღვიძ--ეს,n
bb18554e-4e0f-4698-aad3-b7882e47c4db,opt,1s,გა-ვ-იღვიძ--,n
bb18554e-4e0f-4698-aad3-b7882e47c4db,opt,2s,გა--იღვიძ--,n
bb18554e-4e0f-4698-aad3-b7882e47c4db,opt,3s,გა--იღვიძ--ოს,n
bb18554e-4e0f-4698-aad3-b7882e47c4db,opt,1p,გა-ვ-იღვიძ--ოთ,n
bb18554e-4e0f-4698-aad3-b7882e47c4db,opt,2p,გა--იღვიძ--ოთ,n
bb18554e-4e0f-4698-aad3-b7882e47c4db,opt,3p,გა--იღვიძ--ონ,n
b94c1355-956b-4637-9fd5-294e26e69ed1,pres,1s,ვ--სეირნ-ობ-,y
b94c1355-956b-4637-9fd5-294e26e69ed1,pres,2s,--სეირნ-ობ-,y
b94c1355-956b-4637-9fd5-294e26e69ed1,pres,3s,--სეირნ-ობ-ს,y
b94c1355-956b-4637-9fd5-294e26e69ed1,pres,1p,ვ--სეირნ-ობ-თ,y
b94c1355-956b-4637-9fd5-294e26e69ed1,pres,2p,--სეირნ-ობ-თ,y
b94c1355-956b-4637-9fd5-294e26e69ed1,pres,3p,--სეირნ-ობ-ენ,y
b94c1355-956b-4637-9fd5-294e26e69ed1,imp,1s,ვ--სეირნ-ობ-დი,y
b94c1355-956b-4637-9fd5-294e26e69ed1,imp,2s,--სეირნ-ობ-დი,y
b94c1355-956b-4637-9fd5-294e26e69ed1,imp,3s,--სეირნ-ობ-და,y
b94c1355-956b-4637-9fd5-294e26e69ed1,imp,1p,ვ--სეირნ-ობ-დით,y
b94c1355-956b-4637-9fd5-294e26e69ed1,imp,2p,--სეირნ-ობ-დით,y
b94c1355-956b-4637-9fd5-294e26e69ed1,imp,3p,--სეირნ-ობ-დნენ,y
b94c1355-956b-4637-9fd5-294e26e69ed1,pres-subj,1s,ვ--სეირნ-ობ-დე,y
b94c1355-956b-4637-9fd5-294e26e69ed1,pres-subj,2s,--სეირნ-ობ-დე,y
b94c1355-956b-4637-9fd5-294e26e69ed1,pres-subj,3s,--სეირნ-ობ-დეს,y
b94c1355-956b-4637-9fd5-294e26e69ed1,pres-subj,1p,ვ--სეირნ-ობ-დეთ,y
b94c1355-956b-4637-9fd5-294e26e69ed1,pres-subj,2p,--სეირნ-ობ-დეთ,y
b94c1355-956b-4637-9fd5-294e26e69ed1,pres-subj,3p,--სეირნ-ობ-დნენ,y
b94c1355-956b-4637-9fd5-294e26e69ed1,fut,1s,ვ-ი-სეირნ-ებ-,y
b94c1355-956b-4637-9fd5-294e26e69ed1,fut,2s,-ი-სეირნ-ებ-,y
b94c1355-956b-4637-9fd5-294e26e69ed1,fut,3s,-ი-სეირნ-ებ-ს,y
b94c1355-956b-4637-9fd5-294e26e69ed1,fut,1p,ვ-ი-სეირნ-ებ-თ,y
b94c1355-956b-4637-9fd5-294e26e69ed1,fut,2p,-ი-სეირნ-ებ-თ,y
b94c1355-956b-4637-9fd5-294e26e69ed1,fut,3p,-ი-სეირნ-ებ-ენ,y
b94c1355-956b-4637-9fd5-294e26e69ed1,cond,1s,ვ-ი-სეირნ-ებ-დი,y
b94c1355-956b-4637-9fd5-294e26e69ed1,cond,2s,-ი-სეირნ-ებ-დი,y
b94c1355-956b-4637-9fd5-294e26e69ed1,cond,3s,-ი-სეირნ-ებ-და,y
b94c1355-956b-4637-9fd5-294e26e69ed1,cond,1p,ვ-ი-სეირნ-ებ-დით,y
b94c1355-956b-4637-9fd5-294e26e69ed1,cond,2p,-ი-სეირნ-ებ-დით,y
b94c1355-956b-4637-9fd5-294e26e69ed1,cond,3p,-ი-სეირნ-ებ-დნენ,y
b94c1355-956b-4637-9fd5-294e26e69ed1,aor,1s,ვ-ი-სეირნ--ე,y
b94c1355-956b-4637-9fd5-294e26e69ed1,aor,2s,-ი-სეირნ--ე,y
b94c1355-956b-4637-9fd5-294e26e69ed1,aor,3s,-ი-სეირნ--ა,y
b94c1355-956b-4637-9fd5-294e26e69ed1,aor,1p,ვ-ი-სეირნ--ეთ,y
b94c1355-956b-4637-9fd5-294e26e69ed1,aor,2p,-ი-სეირნ--ეთ,y
b94c1355-956b-4637-9fd5-294e26e69ed1,aor,3p,-ი-სეირნ--ეს,y
b94c1355-956b-4637-9fd5-294e26e69ed1,opt,1s,ვ-ი-სეირნ--,y
b94c1355-956b-4637-9fd5-294e26e69ed1,opt,2s,-ი-სეირნ--,y
b94c1355-956b-4637-9fd5-294e26e69ed1,opt,3s,-ი-სეირნ--ოს,y
b94c1355-956b-4637-9fd5-294e26e69ed1,opt,1p,ვ-ი-სეირნ--ოთ,y
b94c1355-956b-4637-9fd5-294e26e69ed1,opt,2p,-ი-სეირნ--ოთ,y
b94c1355-956b-4637-9fd5-294e26e69ed1,opt,3p,-ი-სეირნ--ონ,y
f3be10a7-279c-4357-99c8-b605676ef975,pres,1s,-მი-ნდ--ა,n
f3be10a7-279c-4357-99c8-b605676ef975,pres,2s,-გი-ნდ--ა,n
f3be10a7-279c-4357-99c8-b605676ef975,pres,3s,-უ-ნდ--ა,n
f3be10a7-279c-4357-99c8-b605676ef975,pres,1p,-გვი-ნდ--ა,n
f3be10a7-279c-4357-99c8-b605676ef975,pres,2p,-გი-ნდ--ათ,n
f3be10a7-279c-4357-99c8-b605676ef975,pres,3p,-უ-ნდ--ათ,n
f3be10a7-279c-4357-99c8-b605676ef975,imp,1s,-მი-ნდ--ოდა,n
f3be10a7-279c-4357-99c8-b605676ef975,imp,2s,-გი-ნდ--ოდა,n
f3be10a7-279c-4357-99c8-b605676ef975,imp,3s,-უ-ნდ--ოდა,n
f3be10a7-279c-4357-99c8-b605676ef975,imp,1p,-გვი-ნდ--ოდა,n
f3be10a7-279c-4357-99c8-b605676ef975,imp,2p,-გი-ნდ--ოდათ,n
f3be10a7-279c-4357-99c8-b605676ef975,imp,3p,-უ-ნდ--ოდათ,n
f3be10a7-279c-4357-99c8-b605676ef975,pres-subj,1s,-მი-ნდ--ოდეს,n
f3be10a7-279c-4357-99c8-b605676ef975,pres-subj,2s,-გი-ნდ--ოდეს,n
f3be10a7-279c-4357-99c8-b605676ef975,pres-subj,3s,-უ-ნდ--ოდეს,n
f3be10a7-279c-4357-99c8-b605676ef975,pres-subj,1p,-გვი-ნდ--ოდეს,n
f3be10a7-279c-4357-99c8-b605676ef975,pres-subj,2p,-გი-ნდ--ოდეთ,n
f3be10a7-279c-4357-99c8-b605676ef975,pres-subj,3p,-უ-ნდ--ოდეთ,n
f3be10a7-279c-4357-99c8-b605676ef975,fut,1s,მო-მი-ნდ-ებ-ა,n
f3be10a7-279c-4357-99c8-b605676ef975,fut,2s,მო-გი-ნდ-ებ-ა,n
f3be10a7-279c-4357-99c8-b605676ef975,fut,3s,მო-უ-ნდ-ებ-ა,n
f3be10a7-279c-4357-99c8-b605676ef975,fut,1p,მო-გვი-ნდ-ებ-ა,n
f3be10a7-279c-4357-99c8-b605676ef975,fut,2p,მო-გი-ნდ-ებ-ათ,n
f3be10a7-279c-4357-99c8-b605676ef975,fut,3p,მო-უ-ნდ-ებ-ათ,n
f3be10a7-279c-4357-99c8-b605676ef975,cond,1s,მო-მი-ნდ-ებ-ოდა,n
f3be10a7-279c-4357-99c8-b605676ef975,cond,2s,მო-გი-ნდ-ებ-ოდა,n
f3be10a7-279c-4357-99c8-b605676ef975,cond,3s,მო-უ-ნდ-ებ-ოდა,n
f3be10a7-279c-4357-99c8-b605676ef975,cond,1p,მო-გვი-ნდ-ებ-ოდა,n
f3be10a7-279c-4357-99c8-b605676ef975,cond,2p,მო-გი-ნდ-ებ-ოდათ,n
f3be10a7-279c-4357-99c8-b605676ef975,cond,3p,მო-უ-ნდ-ებ-ოდათ,n
f3be10a7-279c-4357-99c8-b605676ef975,aor,1s,მო-მი-ნდ--ა,n
f3be10a7-279c-4357-99c8-b605676ef975,aor,2s,მო-გი-ნდ--ა,n
f3be10a7-279c-4357-99c8-b605676ef975,aor,3s,მო-უ-ნდ--ა,n
f3be10a7-279c-4357-99c8-b605676ef975,aor,1p,მო-გვი-ნდ--ა,n
f3be10a7-279c-4357-99c8-b605676ef975,aor,2p,მო-გი-ნდ--ათ,n
f3be10a7-279c-4357-99c8-b605676ef975,aor,3p,მო-უ-ნდ--ათ,n
f3be10a7-279c-4357-99c8-b605676ef975,opt,1s,მო-მი-ნდ--ეს,n
f3be10a7-279c-4357-99c8-b605676ef975,opt,2s,მო-გი-ნდ--ეს,n
f3be10a7-279c-4357-99c8-b605676ef975,opt,3s,მო-უ-ნდ--ეს,n
f3be10a7-279c-4357-99c8-b605676ef975,opt,1p,მო-გვი-ნდ--ეს,n
f3be10a7-279c-4357-99c8-b605676ef975,opt,2p,მო-გი-ნდ--ეთ,n
f3be10a7-279c-4357-99c8-b605676ef975,opt,3p,მო-უ-ნდ--ეთ,n
bf1f9401-2393-498e-a623-239c0296c961,pres,1s,-ვ-თბ-ებ-ი,n
bf1f9401-2393-498e-a623-239c0296c961,pres,2s,--თბ-ებ-ი,n
bf1f9401-2393-498e-a623-239c0296c961,pres,3s,--თბ-ებ-ა,n
bf1f9401-2393-498e-a623-239c0296c961,pres,1p,-ვ-თბ-ებ-ით,n
bf1f9401-2393-498e-a623-239c0296c961,pres,2p,--თბ-ებ-ით,n
bf1f9401-2393-498e-a623-239c0296c961,pres,3p,--თბ-ებ-იან,n
bf1f9401-2393-498e-a623-239c0296c961,imp,1s,-ვ-თბ-ებ-ოდი,n
bf1f9401-2393-498e-a623-239c0296c961,imp,2s,--თბ-ებ-ოდი,n
bf1f9401-2393-498e-a623-239c0296c961,imp,3s,--თბ-ებ-ოდა,n
bf1f9401-2393-498e-a623-239c0296c961,imp,1p,-ვ-თბ-ებ-ოდით,n
bf1f9401-2393-498e-a623-239c0296c961,imp,2p,--თბ-ებ-ოდით,n
bf1f9401-2393-498e-a623-239c0296c961,imp,3p,--თბ-ებ-ოდნენ,n
bf1f9401-2393-498e-a623-239c0296c961,pres-subj,1s,-ვ-თბ-ებ-დე,n
bf1f9401-2393-498e-a623-239c0296c961,pres-subj,2s,--თბ-ებ-დე,n
bf1f9401-2393-498e-a623-239c0296c961,pres-subj,3s,--თბ-ებ-დეს,n
bf1f9401-2393-498e-a623-239c0296c961,pres-subj,1p,-ვ-თბ-ებ-დეთ,n
bf1f9401-2393-498e-a623-239c0296c961,pres-subj,2p,--თბ-ებ-დეთ,n
bf1f9401-2393-498e-a623-239c0296c961,pres-subj,3p,--თბ-ებ-დნენ,n
bf1f9401-2393-498e-a623-239c0296c961,fut,1s,გა-ვ-თბ-ებ-ი,n
bf1f9401-2393-498e-a623-239c0296c961,fut,2s,გა--თბ-ებ-ი,n
bf1f9401-2393-498e-a623-239c0296c961,fut,3s,გა--თბ-ებ-ა,n
bf1f9401-2393-498e-a623-239c0296c961,fut,1p,გა-ვ-თბ-ებ-ით,n
bf1f9401-2393-498e-a623-239c0296c961,fut,2p,გა--თბ-ებ-ით,n
bf1f9401-2393-498e-a623-239c0296c961,fut,3p,გა--თბ-ებ-იან,n
bf1f9401-2393-498e-a623-239c0296c961,cond,1s,გა-ვ-თბ-ებ-ოდი,n
bf1f9401-2393-498e-a623-239c0296c961,cond,2s,გა--თბ-ებ-ოდი,n
bf1f9401-2393-498e-a623-239c0296c961,cond,3s,გა--თბ-ებ-ოდა,n
bf1f9401-2393-498e-a623-239c0296c961,cond,1p,გა-ვ-თბ-ებ-ოდით,n
bf1f9401-2393-498e-a623-239c0296c961,cond,2p,გა--თბ-ებ-ოდით,n
bf1f9401-2393-498e-a623-239c0296c961,cond,3p,გა--თბ-ებ-ოდნენ,n
bf1f9401-2393-498e-a623-239c0296c961,aor,1s,გა-ვ-თბ--ი,n
bf1f9401-2393-498e-a623-239c0296c961,aor,2s,გა--თბ--ი,n
bf1f9401-2393-498e-a623-239c0296c961,aor,3s,გა--თბ--ა,n
bf1f9401-2393-498e-a623-239c0296c961,aor,1p,გა-ვ-თბ--ით,n
bf1f9401-2393-498e-a623-239c0296c961,aor,2p,გა--თბ--ით,n
bf1f9401-2393-498e-a623-239c0296c961,aor,3p,გა--თბ--ნენ,n
bf1f9401-2393-498e-a623-239c0296c961,opt,1s,გა-ვ-თბ--ე,n
bf1f9401-2393-498e-a623-239c0296c961,opt,2s,გა--თბ--ე,n
bf1f9401-2393-498e-a623-239c0296c961,opt,3s,გა--თბ--ეს,n
bf1f9401-2393-498e-a623-239c0296c961,opt,1p,გა-ვ-თბ--ეთ,n
bf1f9401-2393-498e-a623-239c0296c961,opt,2p,გა--თბ--ეთ,n
bf1f9401-2393-498e-a623-239c0296c961,opt,3p,გა--თბ--ნენ,n
3224e438-17c1-4be4-9fbd-8027fb4ef941,pres,1s,-ვ-აფრთხილ-ებ-,n
3224e438-17c1-4be4-9fbd-8027fb4ef941,pres,2s,--აფრთხილ-ებ-,n
3224e438-17c1-4be4-9fbd-8027fb4ef941,pres,3s,--აფრთხილ-ებ-ს,n
3224e438-17c1-4be4-9fbd-8027fb4ef941,pres,1p,-ვ-აფრთხილ-ებ-თ,n
3224e438-17c1-4be4-9fbd-8027fb4ef941,pres,2p,--აფრთხილ-ებ-თ,n
3224e438-17c1-4be4-9fbd-8027fb4ef941,pres,3p,--აფრთხილ-ებ-ენ,n
3224e438-17c1-4be4-9fbd-8027fb4ef941,imp,1s,-ვ-აფრთხილ-ებ-დი,n
3224e438-17c1-4be4-9fbd-8027fb4ef941,imp,2s,--აფრთხილ-ებ-დი,n
3224e438-17c1-4be4-9fbd-8027fb4ef941,imp,3s,--აფრთხილ-ებ-და,n
3224e438-17c1-4be4-9fbd-8027fb4ef941,imp,1p,-ვ-აფრთხილ-ებ-დით,n
3224e438-17c1-4be4-9fbd-8027fb4ef941,imp,2p,--აფრთხილ-ებ-დით,n
3224e438-17c1-4be4-9fbd-8027fb4ef941,imp,3p,--აფრთხილ-ებ-დნენ,n
3224e438-17c1-4be4-9fbd-8027fb4ef941,pres-subj,1s,-ვ-აფრთხილ-ებ-დე,n
3224e438-17c1-4be4-9fbd-8027fb4ef941,pres-subj,2s,--აფრთხილ-ებ-დე,n
3224e438-17c1-4be4-9fbd-8027fb4ef941,pres-subj,3s,--აფრთხილ-ებ-დეს,n
3224e438-17c1-4be4-9fbd-8027fb4ef941,pres-subj,1p,-ვ-აფრთხილ-ებ-დეთ,n
3224e438-17c1-4be4-9fbd-8027fb4ef941,pres-subj,2p,--აფრთხილ-ებ-დეთ,n
3224e438-17c1-4be4-9fbd-8027fb4ef941,pres-subj,3p,--აფრთხილ-ებ-დნენ,n
3224e438-17c1-4be4-9fbd-8027fb4ef941,fut,1s,გა-ვ-აფრთხილ-ებ-,n
3224e438-17c1-4be4-9fbd-8027fb4ef941,fut,2s,გა--აფრთხილ-ებ-,n
3224e438-17c1-4be4-9fbd-8027fb4ef941,fut,3s,გა--აფრთხილ-ებ-ს,n
3224e438-17c1-4be4-9fbd-8027fb4ef941,fut,1p,გა-ვ-აფრთხილ-ებ-თ,n
3224e438-17c1-4be4-9fbd-8027fb4ef941,fut,2p,გა--აფრთხილ-ებ-თ,n
3224e438-17c1-4be4-9fbd-8027fb4ef941,fut,3p,გა--აფრთხილ-ებ-ენ,n
3224e438-17c1-4be4-9fbd-8027fb4ef941,cond,1s,გა-ვ-აფრთხილ-ებ-დი,n
3224e438-17c1-4be4-9fbd-8027fb4ef941,cond,2s,გა--აფრთხილ-ებ-დი,n
3224e438-17c1-4be4-9fbd-8027fb4ef941,cond,3s,გა--აფრთხილ-ებ-და,n
3224e438-17c1-4be4-9fbd-8027fb4ef941,cond,1p,გა-ვ-აფრთხილ-ებ-დით,n
3224e438-17c1-4be4-9fbd-8027fb4ef941,cond,2p,გა--აფრთხილ-ებ-დით,n
3224e438-17c1-4be4-9fbd-8027fb4ef941,cond,3p,გა--აფრთხილ-ებ-დნენ,n
3224e438-17c1-4be4-9fbd-8027fb4ef941,aor,1s,გა-ვ-აფრთხილ--ე,n
3224e438-17c1-4be4-9fbd-8027fb4ef941,aor,2s,გა--აფრთხილ--ე,n
3224e438-17c1-4be4-9fbd-8027fb4ef941,aor,3s,გა--აფრთხილ--ა,n
3224e438-17c1-4be4-9fbd-8027fb4ef941,aor,1p,გა-ვ-აფრთხილ--ეთ,n
3224e438-17c1-4be4-9fbd-8027fb4ef941,aor,2p,გა--აფრთხილ--ეთ,n
3224e438-17c1-4be4-9fbd-8027fb4ef941,aor,3p,გა--აფრთხილ--ეს,n
3224e438-17c1-4be4-9fbd-8027fb4ef941,opt,1s,გა-ვ-აფრთხილ--,n
3224e438-17c1-4be4-9fbd-8027fb4ef941,opt,2s,გა--აფრთხილ--,n
3224e438-17c1-4be4-9fbd-8027fb4ef941,opt,3s,გა--აფრთხილ--ოს,n
3224e438-17c1-4be4-9fbd-8027fb4ef941,opt,1p,გა-ვ-აფრთხილ--ოთ,n
3224e438-17c1-4be4-9fbd-8027fb4ef941,opt,2p,გა--აფრთხილ--ოთ,n
3224e438-17c1-4be4-9fbd-8027fb4ef941,opt,3p,გა--აფრთხილ--ონ,n
ef691ccf-68b0-4d2e-91f8-d02c8a15117c,pres,1s,-ვ-რეცხ-ავ-,n
ef691ccf-68b0-4d2e-91f8-d02c8a15117c,pres,2s,--რეცხ-ავ-,n
ef691ccf-68b0-4d2e-91f8-d02c8a15117c,pres,3s,--რეცხ-ავ-ს,n
ef691ccf-68b0-4d2e-91f8-d02c8a15117c,pres,1p,-ვ-რეცხ-ავ-თ,n
ef691ccf-68b0-4d2e-91f8-d02c8a15117c,pres,2p,--რეცხ-ავ-თ,n
ef691ccf-68b0-4d2e-91f8-d02c8a15117c,pres,3p,--რეცხ-ავ-ენ,n
ef691ccf-68b0-4d2e-91f8-d02c8a15117c,imp,1s,-ვ-რეცხ-ავ-დი,n
ef691ccf-68b0-4d2e-91f8-d02c8a15117c,imp,2s,--რეცხ-ავ-დი,n
ef691ccf-68b0-4d2e-91f8-d02c8a15117c,imp,3s,--რეცხ-ავ-და,n
ef691ccf-68b0-4d2e-91f8-d02c8a15117c,imp,1p,-ვ-რეცხ-ავ-დით,n
ef691ccf-68b0-4d2e-91f8-d02c8a15117c,imp,2p,--რეცხ-ავ-დით,n
ef691ccf-68b0-4d2e-91f8-d02c8a15117c,imp,3p,--რეცხ-ავ-დნენ,n
ef691ccf-68b0-4d2e-91f8-d02c8a15117c,pres-subj,1s,-ვ-რეცხ-ავ-დე,n
ef691ccf-68b0-4d2e-91f8-d02c8a15117c,pres-subj,2s,--რეცხ-ავ-დე,n
ef691ccf-68b0-4d2e-91f8-d02c8a15117c,pres-subj,3s,--რეცხ-ავ-დეს,n
ef691ccf-68b0-4d2e-91f8-d02c8a15117c,pres-subj,1p,-ვ-რეცხ-ავ-დეთ,n
ef691ccf-68b0-4d2e-91f8-d02c8a15117c,pres-subj,2p,--რეცხ-ავ-დეთ,n
ef691ccf-68b0-4d2e-91f8-d02c8a15117c,pres-subj,3p,--რეცხ-ავ-დნენ,n
ef691ccf-68b0-4d2e-91f8-d02c8a15117c,fut,1s,გა-ვ-რეცხ-ავ-,n
ef691ccf-68b0-4d2e-91f8-d02c8a15117c,fut,2s,გა--რეცხ-ავ-,n
ef691ccf-68b0-4d2e-91f8-d02c8a15117c,fut,3s,გა--რეცხ-ავ-ს,n
ef691ccf-68b0-4d2e-91f8-d02c8a15117c,fut,1p,გა-ვ-რეცხ-ავ-თ,n
ef691ccf-68b0-4d2e-91f8-d02c8a15117c,fut,2p,გა--რეცხ-ავ-თ,n
ef691ccf-68b0-4d2e-91f8-d02c8a15117c,fut,3p,გა--რეცხ-ავ-ენ,n
ef691ccf-68b0-4d2e-91f8-d02c8a15117c,cond,1s,გა-ვ-რეცხ-ავ-დი,n
ef691ccf-68b0-4d2e-91f8-d02c8a15117c,cond,2s,გა--რეცხ-ავ-დი,n
ef691ccf-68b0-4d2e-91f8-d02c8a15117c,cond,3s,გა--რეცხ-ავ-და,n
ef691ccf-68b0-4d2e-91f8-d02c8a15117c,cond,1p,გა-ვ-რეცხ-ავ-დით,n
ef691ccf-68b0-4d2e-91f8-d02c8a15117c,cond,2p,გა--რეცხ-ავ-დით,n
ef691ccf-68b0-4d2e-91f8-d02c8a15117c,cond,3p,გა--რეცხ-ავ-დნენ,n
ef691ccf-68b0-4d2e-91f8-d02c8a15117c,aor,1s,გა-ვ-რეცხ--ე,n
ef691ccf-68b0-4d2e-91f8-d02c8a15117c,aor,2s,გა--რეცხ--ე,n
ef691ccf-68b0-4d2e-91f8-d02c8a15117c,aor,3s,გა--რეცხ--ა,n
ef691ccf-68b0-4d2e-91f8-d02c8a15117c,aor,1p,გა-ვ-რეცხ--ეთ,n
ef691ccf-68b0-4d2e-91f8-d02c8a15117c,aor,2p,გა--რეცხ--ეთ,n
ef691ccf-68b0-4d2e-91f8-d02c8a15117c,aor,3p,გა--რეცხ--ეს,n
ef691ccf-68b0-4d2e-91f8-d02c8a15117c,opt,1s,გა-ვ-რეცხ--,n
ef691ccf-68b0-4d2e-91f8-d02c8a15117c,opt,2s,გა--რეცხ--,n
ef691ccf-68b0-4d2e-91f8-d02c8a15117c,opt,3s,გა--რეცხ--ოს,n
ef691ccf-68b0-4d2e-91f8-d02c8a15117c,opt,1p,გა-ვ-რეცხ--ოთ,n
ef691ccf-68b0-4d2e-91f8-d02c8a15117c,opt,2p,გა--რეცხ--ოთ,n
ef691ccf-68b0-4d2e-91f8-d02c8a15117c,opt,3p,გა--რეცხ--ონ,n
2e681f46-4880-46b7-b7e6-98d74176e4ae,pres,1s,-ვ-უყურ-ებ-,n
2e681f46-4880-46b7-b7e6-98d74176e4ae,pres,2s,--უყურ-ებ-,n
2e681f46-4880-46b7-b7e6-98d74176e4ae,pres,3s,--უყურ-ებ-ს,n
2e681f46-4880-46b7-b7e6-98d74176e4ae,pres,1p,-ვ-უყურ-ებ-თ,n
2e681f46-4880-46b7-b7e6-98d74176e4ae,pres,2p,--უყურ-ებ-თ,n
2e681f46-4880-46b7-b7e6-98d74176e4ae,pres,3p,--უყურ-ებ-ენ,n
2e681f46-4880-46b7-b7e6-98d74176e4ae,imp,1s,-ვ-უყურ-ებ-დი,n
2e681f46-4880-46b7-b7e6-98d74176e4ae,imp,2s,--უყურ-ებ-დი,n
2e681f46-4880-46b7-b7e6-98d74176e4ae,imp,3s,--უყურ-ებ-და,n
2e681f46-4880-46b7-b7e6-98d74176e4ae,imp,1p,-ვ-უყურ-ებ-დით,n
2e681f46-4880-46b7-b7e6-98d74176e4ae,imp,2p,--უყურ-ებ-დით,n
2e681f46-4880-46b7-b7e6-98d74176e4ae,imp,3p,--უყურ-ებ-დნენ,n
2e681f46-4880-46b7-b7e6-98d74176e4ae,pres-subj,1s,-ვ-უყურ-ებ-დე,n
2e681f46-4880-46b7-b7e6-98d74176e4ae,pres-subj,2s,--უყურ-ებ-დე,n
2e681f46-4880-46b7-b7e6-98d74176e4ae,pres-subj,3s,--უყურ-ებ-დეს,n
2e681f46-4880-46b7-b7e6-98d74176e4ae,pres-subj,1p,-ვ-უყურ-ებ-დეთ,n
2e681f46-4880-46b7-b7e6-98d74176e4ae,pres-subj,2p,--უყურ-ებ-დეთ,n
2e681f46-4880-46b7-b7e6-98d74176e4ae,pres-subj,3p,--უყურ-ებ-დნენ,n
2e681f46-4880-46b7-b7e6-98d74176e4ae,fut,1s,-ვ-უყურ-ებ-,n
2e681f46-4880-46b7-b7e6-98d74176e4ae,fut,2s,--უყურ-ებ-,n
2e681f46-4880-46b7-b7e6-98d74176e4ae,fut,3s,--უყურ-ებ-ს,n
2e681f46-4880-46b7-b7e6-98d74176e4ae,fut,1p,-ვ-უყურ-ებ-თ,n
2e681f46-4880-46b7-b7e6-98d74176e4ae,fut,2p,--უყურ-ებ-თ,n
2e681f46-4880-46b7-b7e6-98d74176e4ae,fut,3p,--უყურ-ებ-ენ,n
2e681f46-4880-46b7-b7e6-98d74176e4ae,cond,1s,-ვ-უყურ-ებ-დი,n
2e681f46-4880-46b7-b7e6-98d74176e4ae,cond,2s,--უყურ-ებ-დი,n
2e681f46-4880-46b7-b7e6-98d74176e4ae,cond,3s,--უყურ-ებ-და,n
2e681f46-4880-46b7-b7e6-98d74176e4ae,cond,1p,-ვ-უყურ-ებ-დით,n
2e681f46-4880-46b7-b7e6-98d74176e4ae,cond,2p,--უყურ-ებ-დით,n
2e681f46-4880-46b7-b7e6-98d74176e4ae,cond,3p,--უყურ-ებ-დნენ,n
2e681f46-4880-46b7-b7e6-98d74176e4ae,aor,1s,-ვ-უყურ--ე,n
2e681f46-4880-46b7-b7e6-98d74176e4ae,aor,2s,--უყურ--ე,n
2e681f46-4880-46b7-b7e6-98d74176e4ae,aor,3s,--უყურ--ა,n
2e681f46-4880-46b7-b7e6-98d74176e4ae,aor,1p,-ვ-უყურ--ეთ,n
2e681f46-4880-46b7-b7e6-98d74176e4ae,aor,2p,--უყურ--ეთ,n
2e681f46-4880-46b7-b7e6-98d74176e4ae,aor,3p,--უყურ--ეს,n
2e681f46-4880-46b7-b7e6-98d74176e4ae,opt,1s,-ვ-უყურ--,n
2e681f46-4880-46b7-b7e6-98d74176e4ae,opt,2s,--უყურ--,n
2e681f46-4880-46b7-b7e6-98d74176e4ae,opt,3s,--უყურ--ოს,n
2e681f46-4880-46b7-b7e6-98d74176e4ae,opt,1p,-ვ-უყურ--ოთ,n
2e681f46-4880-46b7-b7e6-98d74176e4ae,opt,2p,--უყურ--ოთ,n
2e681f46-4880-46b7-b7e6-98d74176e4ae,opt,3p,--უყურ--ონ,n
10bb17c0-a6b0-4bed-98b2-5228c44aaf53,pres,1s,-ვ-ატარ-ებ-,n
10bb17c0-a6b0-4bed-98b2-5228c44aaf53,pres,2s,--ატარ-ებ-,n
10bb17c0-a6b0-4bed-98b2-5228c44aaf53,pres,3s,--ატარ-ებ-ს,n
10bb17c0-a6b0-4bed-98b2-5228c44aaf53,pres,1p,-ვ-ატარ-ებ-თ,n
10bb17c0-a6b0-4bed-98b2-5228c44aaf53,pres,2p,--ატარ-ებ-თ,n
10bb17c0-a6b0-4bed-98b2-5228c44aaf53,pres,3p,--ატარ-ებ-ენ,n
10bb17c0-a6b0-4bed-98b2-5228c44aaf53,imp,1s,-ვ-ატარ-ებ-დი,n
10bb17c0-a6b0-4bed-98b2-5228c44aaf53,imp,2s,--ატარ-ებ-დი,n
10bb17c0-a6b0-4bed-98b2-5228c44aaf53,imp,3s,--ატარ-ებ-და,n
10bb17c0-a6b0-4bed-98b2-5228c44aaf53,imp,1p,-ვ-ატარ-ებ-დით,n
10bb17c0-a6b0-4bed-98b2-5228c44aaf53,imp,2p,--ატარ-ებ-დით,n
10bb17c0-a6b0-4bed-98b2-5228c44aaf53,imp,3p,--ატარ-ებ-დნენ,n
10bb17c0-a6b0-4bed-98b2-5228c44aaf53,pres-subj,1s,-ვ-ატარ-ებ-დე,n
10bb17c0-a6b0-4bed-98b2-5228c44aaf53,pres-subj,2s,--ატარ-ებ-დე,n
10bb17c0-a6b0-4bed-98b2-5228c44aaf53,pres-subj,3s,--ატარ-ებ-დეს,n
10bb17c0-a6b0-4bed-98b2-5228c44aaf53,pres-subj,1p,-ვ-ატარ-ებ-დეთ,n
10bb17c0-a6b0-4bed-98b2-5228c44aaf53,pres-subj,2p,--ატარ-ებ-დეთ,n
10bb17c0-a6b0-4bed-98b2-5228c44aaf53,pres-subj,3p,--ატარ-ებ-დნენ,n
10bb17c0-a6b0-4bed-98b2-5228c44aaf53,fut,1s,გა-ვ-ატარ-ებ-,n
10bb17c0-a6b0-4bed-98b2-5228c44aaf53,fut,2s,გა--ატარ-ებ-,n
10bb17c0-a6b0-4bed-98b2-5228c44aaf53,fut,3s,გა--ატარ-ებ-ს,n
10bb17c0-a6b0-4bed-98b2-5228c44aaf53,fut,1p,გა-ვ-ატარ-ებ-თ,n
10bb17c0-a6b0-4bed-98b2-5228c44aaf53,fut,2p,გა--ატარ-ებ-თ,n
10bb17c0-a6b0-4bed-98b2-5228c44aaf53,fut,3p,გა--ატარ-ებ-ენ,n
10bb17c0-a6b0-4bed-98b2-5228c44aaf53,cond,1s,გა-ვ-ატარ-ებ-დი,n
10bb17c0-a6b0-4bed-98b2-5228c44aaf53,cond,2s,გა--ატარ-ებ-დი,n
10bb17c0-a6b0-4bed-98b2-5228c44aaf53,cond,3s,გა--ატარ-ებ-და,n
10bb17c0-a6b0-4bed-98b2-5228c44aaf53,cond,1p,გა-ვ-ატარ-ებ-დით,n
10bb17c0-a6b0-4bed-98b2-5228c44aaf53,cond,2p,გა--ატარ-ებ-დით,n
10bb17c0-a6b0-4bed-98b2-5228c44aaf53,cond,3p,გა--ატარ-ებ-დნენ,n
10bb17c0-a6b0-4bed-98b2-5228c44aaf53,aor,1s,-ვ-ატარ-ებ-დი,n
10bb17c0-a6b0-4bed-98b2-5228c44aaf53,aor,2s,--ატარ-ებ-დი,n
10bb17c0-a6b0-4bed-98b2-5228c44aaf53,aor,3s,--ატარ-ებ-და,n
10bb17c0-a6b0-4bed-98b2-5228c44aaf53,aor,1p,-ვ-ატარ-ებ-დით,n
10bb17c0-a6b0-4bed-98b2-5228c44aaf53,aor,2p,--ატარ-ებ-დით,n
10bb17c0-a6b0-4bed-98b2-5228c44aaf53,aor,3p,--ატარ-ებ-დნენ,n
10bb17c0-a6b0-4bed-98b2-5228c44aaf53,opt,1s,-ვ-ატარ-ებ-,n
10bb17c0-a6b0-4bed-98b2-5228c44aaf53,opt,2s,--ატარ-ებ-,n
10bb17c0-a6b0-4bed-98b2-5228c44aaf53,opt,3s,--ატარ-ებ-ოს,n
10bb17c0-a6b0-4bed-98b2-5228c44aaf53,opt,1p,-ვ-ატარ-ებ-ოთ,n
10bb17c0-a6b0-4bed-98b2-5228c44aaf53,opt,2p,--ატარ-ებ-ოთ,n
10bb17c0-a6b0-4bed-98b2-5228c44aaf53,opt,3p,--ატარ-ებ-ონ,n
374dd548-015e-428c-8a36-baf7f28c980c,pres,1s,-ვ-წონ-ი-,n
374dd548-015e-428c-8a36-baf7f28c980c,pres,2s,--წონ-ი-,n
374dd548-015e-428c-8a36-baf7f28c980c,pres,3s,--წონ-ი-ს,n
374dd548-015e-428c-8a36-baf7f28c980c,pres,1p,-ვ-წონ-ი-თ,n
374dd548-015e-428c-8a36-baf7f28c980c,pres,2p,--წონ-ი-თ,n
374dd548-015e-428c-8a36-baf7f28c980c,pres,3p,--წონ-ი-ან,n
374dd548-015e-428c-8a36-baf7f28c980c,imp,1s,-ვ-წონ-ი-დი,n
374dd548-015e-428c-8a36-baf7f28c980c,imp,2s,--წონ-ი-დი,n
374dd548-015e-428c-8a36-baf7f28c980c,imp,3s,--წონ-ი-და,n
374dd548-015e-428c-8a36-baf7f28c980c,imp,1p,-ვ-წონ-ი-დით,n
374dd548-015e-428c-8a36-baf7f28c980c,imp,2p,--წონ-ი-დით,n
374dd548-015e-428c-8a36-baf7f28c980c,imp,3p,--წონ-ი-დნენ,n
374dd548-015e-428c-8a36-baf7f28c980c,pres-subj,1s,-ვ-წონ-ი-დე,n
374dd548-015e-428c-8a36-baf7f28c980c,pres-subj,2s,--წონ-ი-დე,n
374dd548-015e-428c-8a36-baf7f28c980c,pres-subj,3s,--წონ-ი-დეს,n
374dd548-015e-428c-8a36-baf7f28c980c,pres-subj,1p,-ვ-წონ-ი-დეთ,n
374dd548-015e-428c-8a36-baf7f28c980c,pres-subj,2p,--წონ-ი-დეთ,n
374dd548-015e-428c-8a36-baf7f28c980c,pres-subj,3p,--წონ-ი-დნენ,n
374dd548-015e-428c-8a36-baf7f28c980c,fut,1s,ა-ვ-წონ-ი-,n
374dd548-015e-428c-8a36-baf7f28c980c,fut,2s,ა--წონ-ი-,n
374dd548-015e-428c-8a36-baf7f28c980c,fut,3s,ა--წონ-ი-ს,n
374dd548-015e-428c-8a36-baf7f28c980c,fut,1p,ა-ვ-წონ-ი-თ,n
374dd548-015e-428c-8a36-baf7f28c980c,fut,2p,ა--წონ-ი-თ,n
374dd548-015e-428c-8a36-baf7f28c980c,fut,3p,ა--წონ-ი-ან,n
374dd548-015e-428c-8a36-baf7f28c980c,cond,1s,ა-ვ-წონ-ი-დი,n
374dd548-015e-428c-8a36-baf7f28c980c,cond,2s,ა--წონ-ი-დი,n
374dd548-015e-428c-8a36-baf7f28c980c,cond,3s,ა--წონ-ი-და,n
374dd548-015e-428c-8a36-baf7f28c980c,cond,1p,ა-ვ-წონ-ი-დით,n
374dd548-015e-428c-8a36-baf7f28c980c,cond,2p,ა--წონ-ი-დით,n
374dd548-015e-428c-8a36-baf7f28c980c,cond,3p,ა--წონ-ი-დნენ,n
374dd548-015e-428c-8a36-baf7f28c980c,aor,1s,ა-ვ-წონ--ე,n
374dd548-015e-428c-8a36-baf7f28c980c,aor,2s,ა--წონ--ე,n
374dd548-015e-428c-8a36-baf7f28c980c,aor,3s,ა--წონ--ა,n
374dd548-015e-428c-8a36-baf7f28c980c,aor,1p,ა-ვ-წონ--ეთ,n
374dd548-015e-428c-8a36-baf7f28c980c,aor,2p,ა--წონ--ეთ,n
374dd548-015e-428c-8a36-baf7f28c980c,aor,3p,ა--წონ--ეს,n
374dd548-015e-428c-8a36-baf7f28c980c,opt,1s,ა-ვ-წონ--,n
374dd548-015e-428c-8a36-baf7f28c980c,opt,2s,ა--წონ--,n
374dd548-015e-428c-8a36-baf7f28c980c,opt,3s,ა--წონ--ოს,n
374dd548-015e-428c-8a36-baf7f28c980c,opt,1p,ა-ვ-წონ--ოთ,n
374dd548-015e-428c-8a36-baf7f28c980c,opt,2p,ა--წონ--ოთ,n
374dd548-015e-428c-8a36-baf7f28c980c,opt,3p,ა--წონ--ონ,n
0376108a-8b1e-4e99-ad6e-06670289f437,pres,1s,-ვ-იწონ-ებ-ი,n
0376108a-8b1e-4e99-ad6e-06670289f437,pres,2s,--იწონ-ებ-ი,n
0376108a-8b1e-4e99-ad6e-06670289f437,pres,3s,--იწონ-ებ-ა,n
0376108a-8b1e-4e99-ad6e-06670289f437,pres,1p,-ვ-იწონ-ებ-ით,n
0376108a-8b1e-4e99-ad6e-06670289f437,pres,2p,--იწონ-ებ-ით,n
0376108a-8b1e-4e99-ad6e-06670289f437,pres,3p,--იწონ-ებ-იან,n
0376108a-8b1e-4e99-ad6e-06670289f437,imp,1s,-ვ-იწონ-ებ-ოდი,n
0376108a-8b1e-4e99-ad6e-06670289f437,imp,2s,--იწონ-ებ-ოდი,n
0376108a-8b1e-4e99-ad6e-06670289f437,imp,3s,--იწონ-ებ-ოდა,n
0376108a-8b1e-4e99-ad6e-06670289f437,imp,1p,-ვ-იწონ-ებ-ოდით,n
0376108a-8b1e-4e99-ad6e-06670289f437,imp,2p,--იწონ-ებ-ოდით,n
0376108a-8b1e-4e99-ad6e-06670289f437,imp,3p,--იწონ-ებ-ოდნენ,n
0376108a-8b1e-4e99-ad6e-06670289f437,pres-subj,1s,-ვ-იწონ-ებ-დე,n
0376108a-8b1e-4e99-ad6e-06670289f437,pres-subj,2s,--იწონ-ებ-დე,n
0376108a-8b1e-4e99-ad6e-06670289f437,pres-subj,3s,--იწონ-ებ-დეს,n
0376108a-8b1e-4e99-ad6e-06670289f437,pres-subj,1p,-ვ-იწონ-ებ-დეთ,n
0376108a-8b1e-4e99-ad6e-06670289f437,pres-subj,2p,--იწონ-ებ-დეთ,n
0376108a-8b1e-4e99-ad6e-06670289f437,pres-subj,3p,--იწონ-ებ-დნენ,n
0376108a-8b1e-4e99-ad6e-06670289f437,fut,1s,ა-ვ-იწონ-ებ-ი,n
0376108a-8b1e-4e99-ad6e-06670289f437,fut,2s,ა--იწონ-ებ-ი,n
0376108a-8b1e-4e99-ad6e-06670289f437,fut,3s,ა--იწონ-ებ-ა,n
0376108a-8b1e-4e99-ad6e-06670289f437,fut,1p,ა-ვ-იწონ-ებ-ით,n
0376108a-8b1e-4e99-ad6e-06670289f437,fut,2p,ა--იწონ-ებ-ით,n
0376108a-8b1e-4e99-ad6e-06670289f437,fut,3p,ა--იწონ-ებ-იან,n
0376108a-8b1e-4e99-ad6e-06670289f437,cond,1s,ა-ვ-იწონ-ებ-ოდი,n
0376108a-8b1e-4e99-ad6e-06670289f437,cond,2s,ა--იწონ-ებ-ოდი,n
0376108a-8b1e-4e99-ad6e-06670289f437,cond,3s,ა--იწონ-ებ-ოდა,n
0376108a-8b1e-4e99-ad6e-06670289f437,cond,1p,ა-ვ-იწონ-ებ-ოდით,n
0376108a-8b1e-4e99-ad6e-06670289f437,cond,2p,ა--იწონ-ებ-ოდით,n
0376108a-8b1e-4e99-ad6e-06670289f437,cond,3p,ა--იწონ-ებ-ოდნენ,n
0376108a-8b1e-4e99-ad6e-06670289f437,aor,1s,ა-ვ-იწონ--ე,n
0376108a-8b1e-4e99-ad6e-06670289f437,aor,2s,ა--იწონ--ე,n
0376108a-8b1e-4e99-ad6e-06670289f437,aor,3s,ა--იწონ--ა,n
0376108a-8b1e-4e99-ad6e-06670289f437,aor,1p,ა-ვ-იწონ--ეთ,n
0376108a-8b1e-4e99-ad6e-06670289f437,aor,2p,ა--იწონ--ეთ,n
0376108a-8b1e-4e99-ad6e-06670289f437,aor,3p,ა--იწონ--ეს,n
0376108a-8b1e-4e99-ad6e-06670289f437,opt,1s,ა-ვ-იწონ--,n
0376108a-8b1e-4e99-ad6e-06670289f437,opt,2s,ა--იწონ--,n
0376108a-8b1e-4e99-ad6e-06670289f437,opt,3s,ა--იწონ--ოს,n
0376108a-8b1e-4e99-ad6e-06670289f437,opt,1p,ა-ვ-იწონ--ოთ,n
0376108a-8b1e-4e99-ad6e-06670289f437,opt,2p,ა--იწონ--ოთ,n
0376108a-8b1e-4e99-ad6e-06670289f437,opt,3p,ა--იწონ--ონ,n
54012abd-859c-4a4d-ad39-2fbee791e2b3,pres,1s,-ვ-იგ-ებ-,n
54012abd-859c-4a4d-ad39-2fbee791e2b3,pres,2s,--იგ-ებ-,n
54012abd-859c-4a4d-ad39-2fbee791e2b3,pres,3s,--იგ-ებ-ს,n
54012abd-859c-4a4d-ad39-2fbee791e2b3,pres,1p,-ვ-იგ-ებ-თ,n
54012abd-859c-4a4d-ad39-2fbee791e2b3,pres,2p,--იგ-ებ-თ,n
54012abd-859c-4a4d-ad39-2fbee791e2b3,pres,3p,--იგ-ებ-ენ,n
54012abd-859c-4a4d-ad39-2fbee791e2b3,imp,1s,-ვ-იგ-ებ-დი,n
54012abd-859c-4a4d-ad39-2fbee791e2b3,imp,2s,--იგ-ებ-დი,n
54012abd-859c-4a4d-ad39-2fbee791e2b3,imp,3s,--იგ-ებ-და,n
54012abd-859c-4a4d-ad39-2fbee791e2b3,imp,1p,-ვ-იგ-ებ-დით,n
54012abd-859c-4a4d-ad39-2fbee791e2b3,imp,2p,--იგ-ებ-დით,n
54012abd-859c-4a4d-ad39-2fbee791e2b3,imp,3p,--იგ-ებ-დნენ,n
54012abd-859c-4a4d-ad39-2fbee791e2b3,pres-subj,1s,-ვ-იგ-ებ-დე,n
54012abd-859c-4a4d-ad39-2fbee791e2b3,pres-subj,2s,--იგ-ებ-დე,n
54012abd-859c-4a4d-ad39-2fbee791e2b3,pres-subj,3s,--იგ-ებ-დეს,n
54012abd-859c-4a4d-ad39-2fbee791e2b3,pres-subj,1p,-ვ-იგ-ებ-დეთ,n
54012abd-859c-4a4d-ad39-2fbee791e2b3,pres-subj,2p,--იგ-ებ-დეთ,n
54012abd-859c-4a4d-ad39-2fbee791e2b3,pres-subj,3p,--იგ-ებ-დნენ,n
54012abd-859c-4a4d-ad39-2fbee791e2b3,fut,1s,მო-ვ-იგ-ებ-,n
54012abd-859c-4a4d-ad39-2fbee791e2b3,fut,2s,მო--იგ-ებ-,n
54012abd-859c-4a4d-ad39-2fbee791e2b3,fut,3s,მო--იგ-ებ-ს,n
54012abd-859c-4a4d-ad39-2fbee791e2b3,fut,1p,მო-ვ-იგ-ებ-თ,n
54012abd-859c-4a4d-ad39-2fbee791e2b3,fut,2p,მო--იგ-ებ-თ,n
54012abd-859c-4a4d-ad39-2fbee791e2b3,fut,3p,მო--იგ-ებ-ენ,n
54012abd-859c-4a4d-ad39-2fbee791e2b3,cond,1s,მო-ვ-იგ-ებ-დი,n
54012abd-859c-4a4d-ad39-2fbee791e2b3,cond,2s,მო--იგ-ებ-დი,n
54012abd-859c-4a4d-ad39-2fbee791e2b3,cond,3s,მო--იგ-ებ-და,n
54012abd-859c-4a4d-ad39-2fbee791e2b3,cond,1p,მო-ვ-იგ-ებ-დით,n
54012abd-859c-4a4d-ad39-2fbee791e2b3,cond,2p,მო--იგ-ებ-დით,n
54012abd-859c-4a4d-ad39-2fbee791e2b3,cond,3p,მო--იგ-ებ-დნენ,n
54012abd-859c-4a4d-ad39-2fbee791e2b3,aor,1s,მო-ვ-იგ--ე,n
54012abd-859c-4a4d-ad39-2fbee791e2b3,aor,2s,მო--იგ--ე,n
54012abd-859c-4a4d-ad39-2fbee791e2b3,aor,3s,მო--იგ--ო,n
54012abd-859c-4a4d-ad39-2fbee791e2b3,aor,1p,მო-ვ-იგ--ეთ,n
54012abd-859c-4a4d-ad39-2fbee791e2b3,aor,2p,მო--იგ--ეთ,n
54012abd-859c-4a4d-ad39-2fbee791e2b3,aor,3p,მო--იგ--ეს,n
54012abd-859c-4a4d-ad39-2fbee791e2b3,opt,1s,მო-ვ-იგ--,n
54012abd-859c-4a4d-ad39-2fbee791e2b3,opt,2s,მო--იგ--,n
54012abd-859c-4a4d-ad39-2fbee791e2b3,opt,3s,მო--იგ--ოს,n
54012abd-859c-4a4d-ad39-2fbee791e2b3,opt,1p,მო-ვ-იგ--ოთ,n
54012abd-859c-4a4d-ad39-2fbee791e2b3,opt,2p,მო--იგ--ოთ,n
54012abd-859c-4a4d-ad39-2fbee791e2b3,opt,3p,მო--იგ--ონ,n
9a062e04-8f1d-45f3-b493-68e78d5acf6c,pres,1s,ვ--მუშა-ობ-,y
9a062e04-8f1d-45f3-b493-68e78d5acf6c,pres,2s,--მუშა-ობ-,y
9a062e04-8f1d-45f3-b493-68e78d5acf6c,pres,3s,--მუშა-ობ-ს,y
9a062e04-8f1d-45f3-b493-68e78d5acf6c,pres,1p,ვ--მუშა-ობ-თ,y
9a062e04-8f1d-45f3-b493-68e78d5acf6c,pres,2p,--მუშა-ობ-თ,y
9a062e04-8f1d-45f3-b493-68e78d5acf6c,pres,3p,--მუშა-ობ-ენ,y
9a062e04-8f1d-45f3-b493-68e78d5acf6c,imp,1s,ვ--მუშა-ობ-დი,y
9a062e04-8f1d-45f3-b493-68e78d5acf6c,imp,2s,--მუშა-ობ-დი,y
9a062e04-8f1d-45f3-b493-68e78d5acf6c,imp,3s,--მუშა-ობ-და,y
9a062e04-8f1d-45f3-b493-68e78d5acf6c,imp,1p,ვ--მუშა-ობ-დით,y
9a062e04-8f1d-45f3-b493-68e78d5acf6c,imp,2p,--მუშა-ობ-დით,y
9a062e04-8f1d-45f3-b493-68e78d5acf6c,imp,3p,--მუშა-ობ-დნენ,y
9a062e04-8f1d-45f3-b493-68e78d5acf6c,pres-subj,1s,ვ--მუშა-ობ-დე,y
9a062e04-8f1d-45f3-b493-68e78d5acf6c,pres-subj,2s,--მუშა-ობ-დე,y
9a062e04-8f1d-45f3-b493-68e78d5acf6c,pres-subj,3s,--მუშა-ობ-დეს,y
9a062e04-8f1d-45f3-b493-68e78d5acf6c,pres-subj,1p,ვ--მუშა-ობ-დეთ,y
9a062e04-8f1d-45f3-b493-68e78d5acf6c,pres-subj,2p,--მუშა-ობ-დეთ,y
9a062e04-8f1d-45f3-b493-68e78d5acf6c,pres-subj,3p,--მუშა-ობ-დნენ,y
9a062e04-8f1d-45f3-b493-68e78d5acf6c,fut,1s,ვ-ი-მუშა-ვებ-,y
9a062e04-8f1d-45f3-b493-68e78d5acf6c,fut,2s,-ი-მუშა-ვებ-,y
9a062e04-8f1d-45f3-b493-68e78d5acf6c,fut,3s,-ი-მუშა-ვებ-ს,y
9a062e04-8f1d-45f3-b493-68e78d5acf6c,fut,1p,ვ-ი-მუშა-ვებ-თ,y
9a062e04-8f1d-45f3-b493-68e78d5acf6c,fut,2p,-ი-მუშა-ვებ-თ,y
9a062e04-8f1d-45f3-b493-68e78d5acf6c,fut,3p,-ი-მუშა-ვებ-ენ,y
9a062e04-8f1d-45f3-b493-68e78d5acf6c,cond,1s,ვ-ი-მუშა-ვებ-დი,y
9a062e04-8f1d-45f3-b493-68e78d5acf6c,cond,2s,-ი-მუშა-ვებ-დი,y
9a062e04-8f1d-45f3-b493-68e78d5acf6c,cond,3s,-ი-მუშა-ვებ-და,y
9a062e04-8f1d-45f3-b493-68e78d5acf6c,cond,1p,ვ-ი-მუშა-ვებ-დით,y
9a062e04-8f1d-45f3-b493-68e78d5acf6c,cond,2p,-ი-მუშა-ვებ-დით,y
9a062e04-8f1d-45f3-b493-68e78d5acf6c,cond,3p,-ი-მუშა-ვებ-დნენ,y
9a062e04-8f1d-45f3-b493-68e78d5acf6c,aor,1s,ვ-ი-მუშავ--ე,y
9a062e04-8f1d-45f3-b493-68e78d5acf6c,aor,2s,-ი-მუშავ--ე,y
9a062e04-8f1d-45f3-b493-68e78d5acf6c,aor,3s,-ი-მუშავ--ა,y
9a062e04-8f1d-45f3-b493-68e78d5acf6c,aor,1p,ვ-ი-მუშავ--ეთ,y
9a062e04-8f1d-45f3-b493-68e78d5acf6c,aor,2p,-ი-მუშავ--ეთ,y
9a062e04-8f1d-45f3-b493-68e78d5acf6c,aor,3p,-ი-მუშავ--ეს,y
9a062e04-8f1d-45f3-b493-68e78d5acf6c,opt,1s,ვ-ი-მუშავ--,y
9a062e04-8f1d-45f3-b493-68e78d5acf6c,opt,2s,-ი-მუშავ--,y
9a062e04-8f1d-45f3-b493-68e78d5acf6c,opt,3s,-ი-მუშავ--ოს,y
9a062e04-8f1d-45f3-b493-68e78d5acf6c,opt,1p,ვ-ი-მუშავ--ოთ,y
9a062e04-8f1d-45f3-b493-68e78d5acf6c,opt,2p,-ი-მუშავ--ოთ,y
9a062e04-8f1d-45f3-b493-68e78d5acf6c,opt,3p,-ი-მუშავ--ონ,y
3f446482-e67b-4f30-b074-6eaf1d097076,pres,1s,-ვ-ღელ-ავ-,n
3f446482-e67b-4f30-b074-6eaf1d097076,pres,2s,--ღელ-ავ-,n
3f446482-e67b-4f30-b074-6eaf1d097076,pres,3s,--ღელ-ავ-ს,n
3f446482-e67b-4f30-b074-6eaf1d097076,pres,1p,-ვ-ღელ-ავ-თ,n
3f446482-e67b-4f30-b074-6eaf1d097076,pres,2p,--ღელ-ავ-თ,n
3f446482-e67b-4f30-b074-6eaf1d097076,pres,3p,--ღელ-ავ-ენ,n
3f446482-e67b-4f30-b074-6eaf1d097076,imp,1s,-ვ-ღელ-ავ-დი,n
3f446482-e67b-4f30-b074-6eaf1d097076,imp,2s,--ღელ-ავ-დი,n
3f446482-e67b-4f30-b074-6eaf1d097076,imp,3s,--ღელ-ავ-და,n
3f446482-e67b-4f30-b074-6eaf1d097076,imp,1p,-ვ-ღელ-ავ-დით,n
3f446482-e67b-4f30-b074-6eaf1d097076,imp,2p,--ღელ-ავ-დით,n
3f446482-e67b-4f30-b074-6eaf1d097076,imp,3p,--ღელ-ავ-დნენ,n
3f446482-e67b-4f30-b074-6eaf1d097076,pres-subj,1s,-ვ-ღელ-ავ-დე,n
3f446482-e67b-4f30-b074-6eaf1d097076,pres-subj,2s,--ღელ-ავ-დე,n
3f446482-e67b-4f30-b074-6eaf1d097076,pres-subj,3s,--ღელ-ავ-დეს,n
3f446482-e67b-4f30-b074-6eaf1d097076,pres-subj,1p,-ვ-ღელ-ავ-დეთ,n
3f446482-e67b-4f30-b074-6eaf1d097076,pres-subj,2p,--ღელ-ავ-დეთ,n
3f446482-e67b-4f30-b074-6eaf1d097076,pres-subj,3p,--ღელ-ავ-დნენ,n
3f446482-e67b-4f30-b074-6eaf1d097076,fut,1s,ა-ვ-ღელდ-ებ-ი,n
3f446482-e67b-4f30-b074-6eaf1d097076,fut,2s,ა--ღელდ-ებ-ი,n
3f446482-e67b-4f30-b074-6eaf1d097076,fut,3s,ა--ღელდ-ებ-ა,n
3f446482-e67b-4f30-b074-6eaf1d097076,fut,1p,ა-ვ-ღელდ-ებ-ით,n
3f446482-e67b-4f30-b074-6eaf1d097076,fut,2p,ა--ღელდ-ებ-ით,n
3f446482-e67b-4f30-b074-6eaf1d097076,fut,3p,ა--ღელდ-ებ-იან,n
3f446482-e67b-4f30-b074-6eaf1d097076,cond,1s,ა-ვ-ღელდ-ებ-დი,n
3f446482-e67b-4f30-b074-6eaf1d097076,cond,2s,ა--ღელდ-ებ-დი,n
3f446482-e67b-4f30-b074-6eaf1d097076,cond,3s,ა--ღელდ-ებ-და,n
3f446482-e67b-4f30-b074-6eaf1d097076,cond,1p,ა-ვ-ღელდ-ებ-დით,n
3f446482-e67b-4f30-b074-6eaf1d097076,cond,2p,ა--ღელდ-ებ-დით,n
3f446482-e67b-4f30-b074-6eaf1d097076,cond,3p,ა--ღელდ-ებ-დნენ,n
3f446482-e67b-4f30-b074-6eaf1d097076,aor,1s,ა-ვ-ღელ--დი,n
3f446482-e67b-4f30-b074-6eaf1d097076,aor,2s,ა--ღელ--დი,n
3f446482-e67b-4f30-b074-6eaf1d097076,aor,3s,ა--ღელ--და,n
3f446482-e67b-4f30-b074-6eaf1d097076,aor,1p,ა-ვ-ღელ--დით,n
3f446482-e67b-4f30-b074-6eaf1d097076,aor,2p,ა--ღელ--დით,n
3f446482-e67b-4f30-b074-6eaf1d097076,aor,3p,ა--ღელ--დნენ,n
3f446482-e67b-4f30-b074-6eaf1d097076,opt,1s,ა-ვ-ღელ--ე,n
3f446482-e67b-4f30-b074-6eaf1d097076,opt,2s,ა--ღელ--ე,n
3f446482-e67b-4f30-b074-6eaf1d097076,opt,3s,ა--ღელ--ეს,n
3f446482-e67b-4f30-b074-6eaf1d097076,opt,1p,ა-ვ-ღელ--ეთ,n
3f446482-e67b-4f30-b074-6eaf1d097076,opt,2p,ა--ღელ--ეთ,n
3f446482-e67b-4f30-b074-6eaf1d097076,opt,3p,ა--ღელ--ენ,n
c107194a-ae45-4df1-b2f7-dffa60360215,pres,1s,-ვ-წერ--,n
c107194a-ae45-4df1-b2f7-dffa60360215,pres,2s,--წერ--,n
c107194a-ae45-4df1-b2f7-dffa60360215,pres,3s,--წერ--ს,n
c107194a-ae45-4df1-b2f7-dffa60360215,pres,1p,-ვ-წერ--თ,n
c107194a-ae45-4df1-b2f7-dffa60360215,pres,2p,--წერ--თ,n
c107194a-ae45-4df1-b2f7-dffa60360215,pres,3p,--წერ--ენ,n
c107194a-ae45-4df1-b2f7-dffa60360215,imp,1s,-ვ-წერ--დი,n
c107194a-ae45-4df1-b2f7-dffa60360215,imp,2s,--წერ--დი,n
c107194a-ae45-4df1-b2f7-dffa60360215,imp,3s,--წერ--და,n
c107194a-ae45-4df1-b2f7-dffa60360215,imp,1p,-ვ-წერ--დით,n
c107194a-ae45-4df1-b2f7-dffa60360215,imp,2p,--წერ--დით,n
c107194a-ae45-4df1-b2f7-dffa60360215,imp,3p,--წერ--დნენ,n
c107194a-ae45-4df1-b2f7-dffa60360215,pres-subj,1s,-ვ-წერ--დე,n
c107194a-ae45-4df1-b2f7-dffa60360215,pres-subj,2s,--წერ--დე,n
c107194a-ae45-4df1-b2f7-dffa60360215,pres-subj,3s,--წერ--დეს,n
c107194a-ae45-4df1-b2f7-dffa60360215,pres-subj,1p,-ვ-წერ--დეთ,n
c107194a-ae45-4df1-b2f7-dffa60360215,pres-subj,2p,--წერ--დეთ,n
c107194a-ae45-4df1-b2f7-dffa60360215,pres-subj,3p,--წერ--დნენ,n
c107194a-ae45-4df1-b2f7-dffa60360215,fut,1s,და-ვ-წერ--,n
c107194a-ae45-4df1-b2f7-dffa60360215,fut,2s,და--წერ--,n
c107194a-ae45-4df1-b2f7-dffa60360215,fut,3s,და--წერ--ს,n
c107194a-ae45-4df1-b2f7-dffa60360215,fut,1p,და-ვ-წერ--თ,n
c107194a-ae45-4df1-b2f7-dffa60360215,fut,2p,და--წერ--თ,n
c107194a-ae45-4df1-b2f7-dffa60360215,fut,3p,და--წერ--ენ,n
c107194a-ae45-4df1-b2f7-dffa60360215,cond,1s,და-ვ-წერ--დი,n
c107194a-ae45-4df1-b2f7-dffa60360215,cond,2s,და--წერ--დი,n
c107194a-ae45-4df1-b2f7-dffa60360215,cond,3s,და--წერ--და,n
c107194a-ae45-4df1-b2f7-dffa60360215,cond,1p,და-ვ-წერ--დით,n
c107194a-ae45-4df1-b2f7-dffa60360215,cond,2p,და--წერ--დით,n
c107194a-ae45-4df1-b2f7-dffa60360215,cond,3p,და--წერ--დნენ,n
c107194a-ae45-4df1-b2f7-dffa60360215,aor,1s,და-ვ-წერ--ე,n
c107194a-ae45-4df1-b2f7-dffa60360215,aor,2s,და--წერ--ე,n
c107194a-ae45-4df1-b2f7-dffa60360215,aor,3s,და--წერ--ა,n
c107194a-ae45-4df1-b2f7-dffa60360215,aor,1p,და-ვ-წერ--ეთ,n
c107194a-ae45-4df1-b2f7-dffa60360215,aor,2p,და--წერ--ეთ,n
c107194a-ae45-4df1-b2f7-dffa60360215,aor,3p,და--წერ--ეს,n
c107194a-ae45-4df1-b2f7-dffa60360215,opt,1s,და-ვ-წერ--,n
c107194a-ae45-4df1-b2f7-dffa60360215,opt,2s,და--წერ--,n
c107194a-ae45-4df1-b2f7-dffa60360215,opt,3s,და--წერ--ოს,n
c107194a-ae45-4df1-b2f7-dffa60360215,opt,1p,და-ვ-წერ--ოთ,n
c107194a-ae45-4df1-b2f7-dffa60360215,opt,2p,და--წერ--ოთ,n
c107194a-ae45-4df1-b2f7-dffa60360215,opt,3p,და--წერ--ონ,n
